VN_wind_2.out
2016 - DRY SEASON - LOW LOAD
NORMAL OPERATION
                     1              2              3              4              5       
        Time(s) SPD 919013[SON SPD 923012[HOA SPD 938011[VUN SPD 978022[PHU SPD 983042[OMO
                LA_H3 18.000]1 BINH_H2 15.750 GANG1_S1 26.00 MY1_G2 15.000] N1_S2 16.000]1
                                           ]1            0]1              1               
         -0.005              0              0              0              0              0
           0.02   -1.07756E-09   -1.40083E-09   -2.47665E-09    -1.2537E-09   -3.33085E-09
          0.045   -2.10381E-09   -2.73496E-09   -4.95329E-09   -2.44771E-09     -6.837E-09
           0.07   -3.13006E-09   -4.06908E-09   -7.42994E-09   -3.64171E-09   -1.03432E-08
          0.095   -4.15631E-09   -5.40321E-09   -9.90659E-09   -4.83571E-09   -1.38493E-08
           0.12   -5.18256E-09   -6.73733E-09   -1.23832E-08   -6.02972E-09   -1.73555E-08
          0.145   -6.20881E-09   -8.16382E-09   -1.48599E-08   -7.22372E-09   -2.08616E-08
           0.17   -7.23506E-09   -9.70319E-09   -1.73365E-08   -8.41773E-09   -2.43678E-08
          0.195   -8.39473E-09   -1.03189E-08   -1.98132E-08   -9.61173E-09   -2.78739E-08
           0.22   -9.62623E-09   -9.79555E-09   -2.22898E-08   -1.08057E-08   -3.12815E-08
          0.245   -1.08577E-08   -8.33828E-09   -2.47665E-08   -1.19997E-08   -3.45685E-08
           0.27   -1.20892E-08    -6.7989E-09   -2.72431E-08   -1.31937E-08   -3.78555E-08
          0.295   -1.33207E-08   -5.34676E-09   -2.97198E-08   -1.45848E-08   -3.90826E-08
           0.32   -1.45522E-08   -3.95619E-09   -3.20004E-08    -1.6137E-08   -3.62558E-08
          0.345   -1.57837E-08   -2.62206E-09   -3.42706E-08   -1.76892E-08   -3.17197E-08
           0.37   -1.70152E-08   -1.34438E-09   -3.65409E-08   -1.92414E-08   -2.76767E-08
          0.395   -1.82467E-08   -1.38535E-10   -3.88111E-08   -2.10204E-08    -2.4039E-08
           0.42   -1.96219E-08    9.23634E-10   -4.11433E-08   -2.28114E-08   -2.10807E-08
          0.445   -2.12639E-08    1.94988E-09   -4.38263E-08   -2.47696E-08   -1.84511E-08
           0.47   -2.29059E-08    2.97613E-09   -4.65094E-08   -2.70382E-08   -1.58215E-08
          0.495   -2.45479E-08    3.89463E-09   -4.91924E-08   -2.93068E-08   -1.33891E-08
           0.52   -2.63849E-08    4.73102E-09   -5.20199E-08   -3.17127E-08   -1.11978E-08
          0.545   -2.83245E-08    5.42374E-09   -5.51157E-08   -3.42918E-08   -9.29128E-09
           0.57   -3.03257E-08    5.90095E-09   -5.82115E-08   -3.73186E-08    -7.6916E-09
          0.595    -3.2173E-08    6.26527E-09   -6.13074E-08   -4.05424E-08   -6.37679E-09
           0.62   -3.43383E-08    6.22422E-09   -6.46715E-08   -4.42497E-08   -5.45643E-09
          0.645   -3.72529E-08    5.74701E-09   -6.88302E-08   -4.89302E-08   -6.03714E-09
       0.669999   -3.90591E-08    4.86957E-09   -7.33707E-08   -5.49361E-08   -8.19561E-09
       0.694999   -3.73658E-08     3.2327E-09   -7.76016E-08   -6.16882E-08   -1.15484E-08
       0.719999   -3.61445E-08    9.28765E-10   -7.76223E-08   -6.93716E-08    -1.6698E-08
       0.744999   -3.58469E-08   -2.06276E-09   -7.30095E-08   -7.84042E-08   -2.47403E-08
       0.769999   -3.61035E-08    -5.5674E-09   -6.87064E-08   -8.47384E-08   -3.55546E-08
       0.794999   -3.73248E-08   -9.63649E-09   -6.57137E-08   -8.67682E-08   -4.73002E-08
       0.819999   -3.86897E-08   -1.40083E-08   -6.37118E-08   -8.43205E-08   -5.77968E-08
       0.844999   -3.73248E-08    -1.8647E-08   -6.34022E-08   -7.81833E-08   -6.68689E-08
       0.869999   -3.60522E-08    -2.3691E-08   -6.41865E-08   -6.98611E-08   -7.46702E-08
       0.894999   -3.69861E-08   -2.93405E-08   -6.68695E-08   -6.40821E-08   -8.14852E-08
       0.919999   -3.97364E-08   -3.56571E-08   -7.20086E-08   -6.10195E-08   -8.76429E-08
       0.944999   -4.22097E-08   -4.28921E-08   -7.88916E-08   -6.08285E-08   -9.28693E-08
       0.969999   -4.37901E-08   -5.10354E-08     -8.304E-08   -6.33418E-08   -9.68465E-08
       0.994999   -4.50114E-08    -5.9543E-08   -8.38965E-08   -6.82253E-08   -9.96953E-08
       0.999999   -4.52063E-08   -6.13441E-08   -8.35456E-08   -6.95686E-08   -1.00166E-07
       0.999999   -4.52063E-08   -6.13441E-08   -8.35456E-08   -6.95686E-08   -1.00166E-07
          1.025    2.15886E-06   -3.95863E-06    1.36498E-05    1.96033E-05    2.83678E-05
           1.05    4.93169E-06   -6.32478E-06     2.8629E-05    4.11386E-05    5.43413E-05
          1.075    8.15077E-06   -6.95233E-06    4.45738E-05    6.36143E-05    7.42065E-05
            1.1    1.18646E-05   -5.65465E-06      6.111E-05    8.63292E-05    8.72361E-05
          1.125    1.61994E-05    -2.2959E-06    7.78688E-05    0.000108755    9.39197E-05
           1.15    2.13093E-05    3.20298E-06    9.45309E-05    0.000130525    9.54434E-05
          1.175    2.73535E-05    1.08612E-05    0.000110839    0.000151411    9.34222E-05
            1.2     3.4481E-05    2.06338E-05    0.000126601    0.000171302    8.97095E-05
          1.225    4.28136E-05    3.24247E-05    0.000141695    0.000190179    8.62228E-05
           1.25    5.24559E-05    4.60931E-05    0.000156055    0.000208087    8.47943E-05
        1.27501    6.34834E-05    6.14623E-05    0.000169675    0.000225115    8.70424E-05
        1.30001    7.59423E-05    7.83308E-05    0.000182598    0.000241371    9.42692E-05
        1.32501    8.98448E-05    9.64825E-05    0.000194908    0.000256971    0.000107388
        1.35001    0.000105181    0.000115698    0.000206717    0.000272025    0.000126877
        1.37501    0.000121911    0.000135763    0.000218164     0.00028663    0.000152769
        1.40001    0.000139973    0.000156477      0.0002294    0.000300861    0.000184662
        1.42501    0.000159287    0.000177661     0.00024058    0.000314767    0.000221756
        1.45001    0.000179755    0.000199158    0.000251856    0.000328368    0.000262914
        1.47501     0.00020126    0.000220838    0.000263364    0.000341656    0.000306731
        1.50001    0.000223679    0.000242598    0.000275222    0.000354592     0.00035163
        1.52501    0.000246878     0.00026436    0.000287525    0.000367108    0.000395951
        1.55001    0.000270717    0.000286075    0.000300339    0.000379113    0.000438049
        1.57501    0.000295053    0.000307714    0.000313703    0.000390501    0.000476385
        1.60001    0.000319745    0.000329264    0.000327625    0.000401155    0.000509611
        1.62501    0.000344651    0.000350732    0.000342092    0.000410953    0.000536636
        1.65001    0.000369637    0.000372129    0.000357064    0.000419778    0.000556681
        1.67501     0.00039457    0.000393472     0.00037248    0.000427523    0.000569308
        1.70002    0.000419328    0.000414779    0.000388267    0.000434093    0.000574436
        1.72502    0.000443794    0.000436058    0.000404336    0.000439418    0.000572326
        1.75002    0.000467859    0.000457311    0.000420592    0.000443452     0.00056357
        1.77502    0.000491426    0.000478524    0.000436936    0.000446177    0.000549038
        1.80002    0.000514401    0.000499672    0.000453268    0.000447612     0.00052984
        1.82502    0.000536701    0.000520708    0.000469492    0.000447806    0.000507244
        1.85002    0.000558249    0.000541568    0.000485516    0.000446845    0.000482622
        1.87502    0.000578974    0.000562172    0.000501254    0.000444846     0.00045737
        1.90002     0.00059881    0.000582422    0.000516628    0.000441961     0.00043284
        1.92502    0.000617698    0.000602203    0.000531565    0.000438367    0.000410278
        1.95002    0.000635579    0.000621391    0.000546001    0.000434266    0.000390762
        1.97502    0.000652401    0.000639851    0.000559879     0.00042988    0.000375163
        2.00002    0.000668112    0.000657447    0.000573146    0.000425443    0.000364113
        2.02502    0.000682667    0.000674038    0.000585756    0.000421198     0.00035799
        2.05002    0.000696021    0.000689488    0.000597666    0.000417388    0.000356909
        2.07502    0.000708133     0.00070367    0.000608837    0.000414253    0.000360738
        2.10002    0.000718965    0.000716464    0.000619233    0.000412018    0.000369119
        2.12502    0.000728486     0.00072777    0.000628819    0.000410891    0.000381504
        2.15003     0.00073667    0.000737501    0.000637562    0.000411053    0.000397194
        2.17503     0.00074349     0.00074559     0.00064543    0.000412656     0.00041539
        2.20003    0.000748932    0.000751995    0.000652399    0.000415819    0.000435242
        2.22503    0.000752986    0.000756694    0.000658443     0.00042062    0.000455899
        2.25003    0.000755653    0.000759691    0.000663545    0.000427101    0.000476557
        2.27503    0.000756942    0.000761009    0.000667694    0.000435262      0.0004965
        2.30003     0.00075687    0.000760697    0.000670888    0.000445061    0.000515136
        2.32503    0.000755467    0.000758825    0.000673135    0.000456422    0.000532018
        2.35003    0.000752774    0.000755484     0.00067445    0.000469229    0.000546862
        2.37503    0.000748841    0.000750777    0.000674865    0.000483337     0.00055955
        2.40003    0.000743733    0.000744825    0.000674422    0.000498572    0.000570132
        2.42503    0.000737531    0.000737762     0.00067318    0.000514742    0.000578807
        2.45003    0.000730323     0.00072973    0.000671206     0.00053164    0.000585904
        2.47503    0.000722208    0.000720877    0.000668581    0.000549051    0.000591851
        2.50003    0.000713295    0.000711355      0.0006654    0.000566756    0.000597144
        2.52503    0.000703704    0.000701318    0.000661763    0.000584544    0.000602316
        2.55003    0.000693559    0.000690916    0.000657779    0.000602214    0.000607895
        2.57504    0.000682994    0.000680297    0.000653562    0.000619583    0.000614375
        2.60004    0.000672143      0.0006696    0.000649228    0.000636488    0.000622184
        2.62504    0.000661149     0.00065896    0.000644888    0.000652793    0.000631659
        2.65004     0.00065015      0.0006485    0.000640654    0.000668387    0.000643026
        2.67504    0.000639278    0.000638335    0.000636628    0.000683186     0.00065639
        2.70004    0.000628666    0.000628569    0.000632907     0.00069714    0.000671727
        2.72504    0.000618442    0.000619293     0.00062957    0.000710225     0.00068889
        2.75004    0.000608726     0.00061059    0.000626691    0.000722444    0.000707613
        2.77504    0.000599633    0.000602533    0.000624328    0.000733823    0.000727531
        2.80004    0.000591266    0.000595183    0.000622524    0.000744408    0.000748198
        2.82504    0.000583718    0.000588595    0.000621311     0.00075426    0.000769113
        2.85004     0.00057707    0.000582814    0.000620709    0.000763453    0.000789743
        2.87504    0.000571395    0.000577879     0.00062072    0.000772064    0.000809557
        2.90004    0.000566751    0.000573823    0.000621343    0.000780171    0.000828045
        2.92504    0.000563187    0.000570675    0.000622562    0.000787851    0.000844744
        2.95004    0.000560738    0.000568456    0.000624359    0.000795169    0.000859259
        2.97504    0.000559429    0.000567187    0.000626709    0.000802182    0.000871285
        3.00004    0.000559272    0.000566881    0.000629584    0.000808928    0.000880614
        3.02505    0.000560273    0.000567549    0.000632957    0.000815429     0.00088714
        3.05005    0.000562424    0.000569199    0.000636799     0.00082169    0.000890862
        3.07505    0.000565712    0.000571836    0.000641083    0.000827694    0.000891879
        3.10005    0.000570113    0.000575462    0.000645783    0.000833407    0.000890385
        3.12505    0.000575597    0.000580072    0.000650878    0.000838779     0.00088665
        3.15005    0.000582128     0.00058566     0.00065635    0.000843741    0.000881002
        3.17505    0.000589664    0.000592213    0.000662183    0.000848214    0.000873817
        3.20005    0.000598156    0.000599713    0.000668362    0.000852112    0.000865494
        3.22505    0.000607553    0.000608135    0.000674877    0.000855342    0.000856436
        3.25005    0.000617797    0.000617449    0.000681716    0.000857815    0.000847027
        3.27505    0.000628828    0.000627616    0.000688868     0.00085944    0.000837623
        3.30005    0.000640585    0.000638592    0.000696318    0.000860138    0.000828533
        3.32505    0.000653002    0.000650324     0.00070405    0.000859841    0.000820005
        3.35005     0.00066601    0.000662753    0.000712043      0.0008585    0.000812225
        3.37505    0.000679531     0.00067581    0.000720271    0.000856082     0.00080531
        3.40005    0.000693487    0.000689421    0.000728703    0.000852577    0.000799307
        3.42505    0.000707802    0.000703504    0.000737302    0.000847996      0.0007942
        3.45006    0.000722392     0.00071797    0.000746023    0.000842375    0.000789914
        3.47506    0.000737173    0.000732724    0.000754817    0.000835773     0.00078633
        3.50006    0.000752062    0.000747666    0.000763631    0.000828275    0.000783294
        3.52506    0.000766966    0.000762696    0.000772405    0.000819986    0.000780628
        3.55006    0.000781794    0.000777706    0.000781075    0.000811027    0.000778148
        3.57506    0.000796456    0.000792587    0.000789578    0.000801541    0.000775674
        3.60006    0.000810859     0.00080723    0.000797848    0.000791678    0.000773044
        3.62506    0.000824908    0.000821528    0.000805821    0.000781601    0.000770124
        3.65006    0.000838515    0.000835373    0.000813438    0.000771478    0.000766815
        3.67506    0.000851586    0.000848663    0.000820642    0.000761478    0.000763063
        3.70006    0.000864033    0.000861299    0.000827381    0.000751769    0.000758858
        3.72506    0.000875771    0.000873191    0.000833611    0.000742513    0.000754235
        3.75006    0.000886719    0.000884254    0.000839294    0.000733862    0.000749275
        3.77506    0.000896799    0.000894407    0.000844402    0.000725955    0.000744097
        3.80006    0.000905942    0.000903582    0.000848914    0.000718915     0.00073885
        3.82506    0.000914083     0.00091172     0.00085282    0.000712849     0.00073371
        3.85006    0.000921167    0.000918772    0.000856118    0.000707844    0.000728866
        3.87506    0.000927144    0.000924698    0.000858817    0.000703967    0.000724512
        3.90007    0.000931977    0.000929468     0.00086093    0.000701268    0.000720835
        3.92507     0.00093564    0.000933068    0.000862477    0.000699773    0.000718007
        3.95007    0.000938117    0.000935492    0.000863487    0.000699492    0.000716176
        3.97507    0.000939403    0.000936746    0.000863993    0.000700413    0.000715464
        4.00007    0.000939504    0.000936849     0.00086403    0.000702508    0.000715954
        4.02507    0.000938442    0.000935827    0.000863636    0.000705736    0.000717692
        4.05007    0.000936245    0.000933721    0.000862854     0.00071004    0.000720685
        4.07507    0.000932954    0.000930578    0.000861724    0.000715354    0.000724902
        4.10007    0.000928624    0.000926457    0.000860288    0.000721601    0.000730276
        4.12507    0.000923321    0.000921422    0.000858584    0.000728699    0.000736708
        4.15007    0.000917122     0.00091555    0.000856651    0.000736559    0.000744072
        4.17507    0.000910109     0.00090892    0.000854526    0.000745091    0.000752224
        4.20007    0.000902373     0.00090162    0.000852243    0.000754202    0.000761009
        4.22507    0.000894011    0.000893742    0.000849832    0.000763798    0.000770263
        4.25007    0.000885127    0.000885381    0.000847322    0.000773791    0.000779828
        4.27507    0.000875826    0.000876635    0.000844742    0.000784093    0.000789553
        4.30007    0.000866222    0.000867604    0.000842114    0.000794618    0.000799303
        4.32508    0.000856428    0.000858391    0.000839464    0.000805287     0.00080896
        4.35008    0.000846561    0.000849093    0.000836814    0.000816021    0.000818426
        4.37508    0.000836736     0.00083981    0.000834186    0.000826749     0.00082763
        4.40008    0.000827058    0.000830642    0.000831602      0.0008374     0.00083652
        4.42508    0.000817637    0.000821683    0.000829083    0.000847913    0.000845072
        4.45008    0.000808568    0.000813023    0.000826653    0.000858227    0.000853278
        4.47508    0.000799947    0.000804747    0.000824336    0.000868285    0.000861151
        4.50008    0.000791866    0.000796935    0.000822156    0.000878037    0.000868711
        4.52508    0.000784404    0.000789665     0.00082014    0.000887433    0.000875994
        4.55008    0.000777636    0.000783006    0.000818315    0.000896429    0.000883036
        4.57508    0.000771624    0.000777019    0.000816707    0.000904983    0.000889874
        4.60008    0.000766425     0.00077176    0.000815344    0.000913058    0.000896538
        4.62508    0.000762084    0.000767277    0.000814253    0.000920618     0.00090305
        4.65008    0.000758638    0.000763611    0.000813462    0.000927631    0.000909421
        4.67508    0.000756114    0.000760795    0.000812999    0.000934069    0.000915649
        4.70008    0.000754529    0.000758856    0.000812889    0.000939907    0.000921717
        4.72508    0.000753893    0.000757813    0.000813154    0.000945126    0.000927592
        4.75008     0.00075421    0.000757678    0.000813819    0.000949709    0.000933233
        4.77509     0.00075547    0.000758453      0.0008149    0.000953643    0.000938581
        4.80009    0.000757659    0.000760135    0.000816417     0.00095692    0.000943574
        4.82509    0.000760754    0.000762714    0.000818378    0.000959537    0.000948141
        4.85009    0.000764729     0.00076617    0.000820794    0.000961496    0.000952207
        4.87509    0.000769547    0.000770482    0.000823667    0.000962803    0.000955701
        4.90009    0.000775172    0.000775618    0.000826998    0.000963473    0.000958557
        4.92509    0.000781559    0.000781545    0.000830779    0.000963522    0.000960717
        4.95009    0.000788661     0.00078822       0.000835    0.000962972    0.000962134
        4.97509    0.000796423    0.000795597    0.000839644    0.000961852    0.000962776
        5.00009    0.000804791    0.000803623    0.000844692    0.000960192    0.000962628
        5.02509    0.000813705    0.000812243    0.000850118    0.000958028    0.000961691
        5.05009    0.000823106    0.000821396    0.000855894      0.0009554    0.000959981
        5.07509     0.00083293    0.000831021    0.000861986    0.000952353    0.000957534
        5.10009    0.000843117    0.000841051    0.000868355    0.000948932    0.000954402
        5.12509    0.000853603    0.000851416     0.00087496    0.000945189    0.000950649
        5.15009    0.000864316    0.000862045    0.000881756    0.000941175    0.000946354
        5.17509    0.000875191    0.000872867    0.000888696    0.000936943    0.000941605
         5.2001    0.000886155    0.000883804    0.000895731    0.000932547    0.000936496
         5.2251    0.000897142    0.000894783     0.00090281    0.000928044    0.000931128
         5.2501    0.000908083    0.000905727    0.000909882    0.000923488    0.000925598
         5.2751    0.000918913    0.000916564    0.000916894    0.000918932    0.000920005
         5.3001    0.000929562    0.000927219    0.000923793    0.000914429    0.000914442
         5.3251    0.000939964     0.00093762    0.000930529    0.000910033    0.000908997
         5.3501    0.000950048      0.0009477    0.000937054    0.000905793    0.000903748
         5.3751     0.00095975    0.000957395    0.000943321    0.000901756    0.000898765
         5.4001    0.000969009    0.000966644     0.00094929    0.000897967    0.000894108
         5.4251     0.00097777    0.000975385    0.000954921    0.000894467    0.000889827
         5.4501    0.000985974    0.000983568    0.000960175    0.000891295    0.000885964
         5.4751    0.000993574    0.000991142     0.00096502    0.000888486    0.000882553
         5.5001     0.00100052    0.000998065    0.000969431    0.000886069    0.000879616
         5.5251     0.00100678      0.0010043    0.000973388    0.000884069     0.00087717
         5.5501     0.00101231     0.00100981    0.000976873     0.00088251    0.000875227
         5.5751     0.00101708     0.00101458    0.000979878    0.000881407    0.000873795
         5.6001     0.00102108     0.00101859    0.000982398    0.000880775    0.000872878
         5.6251     0.00102427     0.00102182    0.000984433    0.000880621    0.000872478
        5.65011     0.00102667     0.00102427    0.000985991    0.000880952    0.000872596
        5.67511     0.00102825     0.00102594    0.000987082    0.000881768    0.000873231
        5.70011     0.00102904     0.00102683    0.000987724    0.000883063    0.000874381
        5.72511     0.00102904     0.00102697    0.000987936    0.000884831    0.000876047
        5.75011     0.00102828     0.00102637    0.000987747    0.000887058    0.000878227
        5.77511     0.00102677     0.00102506     0.00098718    0.000889728     0.00088092
        5.80011     0.00102456     0.00102307    0.000986262    0.000892822    0.000884122
        5.82511     0.00102167     0.00102044    0.000985027    0.000896319    0.000887826
        5.85011     0.00101817      0.0010172    0.000983506    0.000900192    0.000892022
        5.87511     0.00101408     0.00101341    0.000981736    0.000904417    0.000896696
        5.90011     0.00100946     0.00100912     0.00097975    0.000908963    0.000901828
        5.92511     0.00100438     0.00100438     0.00097758      0.0009138    0.000907394
        5.95011    0.000998901    0.000999247    0.000975262    0.000918893    0.000913364
        5.97511    0.000993083    0.000993784    0.000972827    0.000924212    0.000919697
        6.00011    0.000986991     0.00098805    0.000970309    0.000929721    0.000926352
        6.02511    0.000980695    0.000982105    0.000967738    0.000935389     0.00093328
        6.05011     0.00097427    0.000976016    0.000965145    0.000941183    0.000940427
        6.07512    0.000967779    0.000969847    0.000962559    0.000947069    0.000947732
        6.10012    0.000961294    0.000963659    0.000960009    0.000953014     0.00095513
        6.12512    0.000954884     0.00095752    0.000957521    0.000958988    0.000962555
        6.15012    0.000948618    0.000951487     0.00095512    0.000964961    0.000969937
        6.17512     0.00094256    0.000945625    0.000952832    0.000970899    0.000977212
        6.20012    0.000936772    0.000939996    0.000950678    0.000976776    0.000984311
        6.22512    0.000931308    0.000934658    0.000948684    0.000982561    0.000991169
        6.25012    0.000926226    0.000929664    0.000946873    0.000988227    0.000997727
        6.27512    0.000921577    0.000925064    0.000945267    0.000993746     0.00100393
        6.30012    0.000917413    0.000920904    0.000943886    0.000999093     0.00100973
        6.32512    0.000913773    0.000917231    0.000942749     0.00100424     0.00101509
        6.35012    0.000910698    0.000914084    0.000941876     0.00100917     0.00101997
        6.37512     0.00090822    0.000911502    0.000941287     0.00101385     0.00102435
        6.40012    0.000906369    0.000909512    0.000940998     0.00101826     0.00102821
        6.42512    0.000905163    0.000908141    0.000941025     0.00102238     0.00103153
        6.45012     0.00090462    0.000907407    0.000941383     0.00102618     0.00103432
        6.47512    0.000904752    0.000907324    0.000942084     0.00102965     0.00103658
        6.50012    0.000905566    0.000907901    0.000943138     0.00103277     0.00103832
        6.52513     0.00090706    0.000909143    0.000944553     0.00103551     0.00103956
        6.55013    0.000909231    0.000911048     0.00094633     0.00103786     0.00104031
        6.57513    0.000912067    0.000913609    0.000948474     0.00103982      0.0010406
        6.60013    0.000915551    0.000916813    0.000950981     0.00104136     0.00104045
        6.62513    0.000919659    0.000920641    0.000953844     0.00104247      0.0010399
        6.65013    0.000924363    0.000925065    0.000957056     0.00104316     0.00103898
        6.67513    0.000929634    0.000930055    0.000960599     0.00104343     0.00103771
        6.70013    0.000935432    0.000935578    0.000964455     0.00104326     0.00103614
        6.72513    0.000941718    0.000941594    0.000968601     0.00104268      0.0010343
        6.75013    0.000948445     0.00094806    0.000973012     0.00104168     0.00103221
        6.77513     0.00095556    0.000954925    0.000977657     0.00104029      0.0010299
        6.80013    0.000963013     0.00096214    0.000982503     0.00103853     0.00102742
        6.82513    0.000970744    0.000969651    0.000987512     0.00103641     0.00102479
        6.85013    0.000978695    0.000977398    0.000992648     0.00103397     0.00102205
        6.87513    0.000986807    0.000985322     0.00099787     0.00103123     0.00101922
        6.90013    0.000995017    0.000993364     0.00100314     0.00102824     0.00101634
        6.92513     0.00100326     0.00100146      0.0010084     0.00102504     0.00101343
        6.95014     0.00101149     0.00100954     0.00101363     0.00102167     0.00101054
        6.97514     0.00101962     0.00101756     0.00101878     0.00101817     0.00100769
        7.00014     0.00102762     0.00102544     0.00102381     0.00101459     0.00100492
        7.02514      0.0010354     0.00103312     0.00102868     0.00101099     0.00100225
        7.05014     0.00104292     0.00104056     0.00103335     0.00100741    0.000999714
        7.07514     0.00105011     0.00104769     0.00103779     0.00100391    0.000997347
        7.10014     0.00105693     0.00105446     0.00104198     0.00100053    0.000995174
        7.12514     0.00106334     0.00106082     0.00104588     0.00099733    0.000993222
        7.15014     0.00106927     0.00106674     0.00104947    0.000994351    0.000991518
        7.17514      0.0010747     0.00107216     0.00105274    0.000991637    0.000990084
        7.20014     0.00107959     0.00107706     0.00105565     0.00098923    0.000988939
        7.22514      0.0010839      0.0010814     0.00105822    0.000987164    0.000988102
        7.25014     0.00108761     0.00108515     0.00106042    0.000985474    0.000987585
        7.27514     0.00109069      0.0010883     0.00106225    0.000984188    0.000987399
        7.30014     0.00109314     0.00109082     0.00106372    0.000983326    0.000987545
        7.32514     0.00109494     0.00109272     0.00106483    0.000982904    0.000988029
        7.35014     0.00109609     0.00109398     0.00106558    0.000982931    0.000988851
        7.37514     0.00109658      0.0010946     0.00106598    0.000983413    0.000990007
        7.40015     0.00109644      0.0010946     0.00106606    0.000984348    0.000991487
        7.42515     0.00109565     0.00109398      0.0010658    0.000985732    0.000993276
        7.45015     0.00109425     0.00109276     0.00106525     0.00098755    0.000995361
        7.47515     0.00109225     0.00109097     0.00106441    0.000989788    0.000997728
        7.50015     0.00108969     0.00108862      0.0010633    0.000992422     0.00100035
        7.52515     0.00108659     0.00108576     0.00106195    0.000995429     0.00100322
        7.55015     0.00108299     0.00108241     0.00106037    0.000998781     0.00100629
        7.57515     0.00107894     0.00107862     0.00105859     0.00100244     0.00100956
        7.60015     0.00107448     0.00107443     0.00105664     0.00100638       0.001013
        7.62515     0.00106966     0.00106988     0.00105453     0.00101055     0.00101658
        7.65015     0.00106453     0.00106503     0.00105229     0.00101493     0.00102028
        7.67515     0.00105915     0.00105991     0.00104994     0.00101946     0.00102407
        7.70015     0.00105357     0.00105459      0.0010475     0.00102412     0.00102794
        7.72515     0.00104785     0.00104911       0.001045     0.00102885     0.00103185
        7.75015     0.00104204     0.00104353     0.00104246     0.00103363     0.00103579
        7.77515      0.0010362     0.00103792      0.0010399      0.0010384     0.00103972
        7.80015      0.0010304     0.00103231     0.00103735     0.00104314     0.00104364
        7.82516     0.00102468     0.00102677     0.00103483      0.0010478     0.00104752
        7.85016     0.00101911     0.00102135     0.00103235     0.00105235     0.00105132
        7.87516     0.00101372      0.0010161     0.00102994     0.00105675     0.00105504
        7.90016     0.00100858     0.00101106     0.00102763     0.00106098     0.00105865
        7.92516     0.00100373      0.0010063     0.00102542     0.00106501     0.00106213
        7.95016    0.000999212     0.00100184     0.00102335      0.0010688     0.00106545
        7.97516    0.000995076     0.00099774     0.00102142     0.00107233     0.00106859
        8.00016    0.000991357     0.00099403     0.00101967     0.00107559     0.00107154
        8.02516    0.000988091    0.000990748      0.0010181     0.00107854     0.00107428
        8.05015    0.000985307    0.000987924     0.00101674     0.00108117     0.00107677
        8.07515     0.00098303    0.000985584      0.0010156     0.00108346       0.001079
        8.10014    0.000981282    0.000983752      0.0010147      0.0010854     0.00108096
        8.12514    0.000980079    0.000982448     0.00101404     0.00108698     0.00108262
        8.15013    0.000979432    0.000981683     0.00101363      0.0010882     0.00108398
        8.17513    0.000979349    0.000981467      0.0010135     0.00108904     0.00108501
        8.20013    0.000979838    0.000981805     0.00101363      0.0010895     0.00108571
        8.22512    0.000980891    0.000982693     0.00101404     0.00108958     0.00108606
        8.25012      0.0009825    0.000984122     0.00101473     0.00108929     0.00108607
        8.27511    0.000984653    0.000986084     0.00101571     0.00108863     0.00108573
        8.30011    0.000987335    0.000988562     0.00101696     0.00108761     0.00108505
         8.3251    0.000990519    0.000991536     0.00101849     0.00108624     0.00108402
         8.3501    0.000994184    0.000994985     0.00102028     0.00108454     0.00108267
         8.3751    0.000998297    0.000998881     0.00102232     0.00108252     0.00108101
        8.40009     0.00100283     0.00100319     0.00102461     0.00108021     0.00107904
        8.42509     0.00100774     0.00100787     0.00102713     0.00107762     0.00107679
        8.45008     0.00101299     0.00101289     0.00102985     0.00107478     0.00107429
        8.47508     0.00101854     0.00101821     0.00103277     0.00107172     0.00107155
        8.50008     0.00102433     0.00102378     0.00103585     0.00106847     0.00106861
        8.52507     0.00103032     0.00102956     0.00103908     0.00106506      0.0010655
        8.55007     0.00103647      0.0010355     0.00104242     0.00106153     0.00106224
        8.57506     0.00104271     0.00104156     0.00104585     0.00105791     0.00105888
        8.60006     0.00104899     0.00104768     0.00104935     0.00105424     0.00105543
        8.62505     0.00105527     0.00105382     0.00105287     0.00105056     0.00105195
        8.65005      0.0010615     0.00105992     0.00105641     0.00104691     0.00104846
        8.67505     0.00106762     0.00106592     0.00105991     0.00104332       0.001045
        8.70004     0.00107358     0.00107179     0.00106336     0.00103983      0.0010416
        8.72504     0.00107935     0.00107747     0.00106673     0.00103649      0.0010383
        8.75003     0.00108487     0.00108291     0.00106998     0.00103332     0.00103513
        8.77503      0.0010901     0.00108807      0.0010731     0.00103035     0.00103213
        8.80002       0.001095     0.00109292     0.00107606     0.00102763     0.00102932
        8.82502     0.00109952     0.00109741     0.00107883     0.00102517     0.00102673
        8.85002     0.00110364      0.0011015      0.0010814       0.001023     0.00102439
        8.87501     0.00110732     0.00110517     0.00108374     0.00102115     0.00102233
        8.90001     0.00111053     0.00110838     0.00108584     0.00101963     0.00102056
          8.925     0.00111326     0.00111112     0.00108769     0.00101846     0.00101911
           8.95     0.00111547     0.00111336     0.00108926     0.00101764     0.00101799
          8.975     0.00111716     0.00111509     0.00109055     0.00101719     0.00101722
        8.99999      0.0011183     0.00111629     0.00109156     0.00101711     0.00101681
        9.02499      0.0011189     0.00111696     0.00109228     0.00101739     0.00101676
        9.04998     0.00111895      0.0011171      0.0010927     0.00101804     0.00101708
        9.07498     0.00111845      0.0011167     0.00109283     0.00101905     0.00101778
        9.09997      0.0011174     0.00111579     0.00109266      0.0010204     0.00101885
        9.12497     0.00111583     0.00111436     0.00109221     0.00102208     0.00102028
        9.14997     0.00111375     0.00111244     0.00109148     0.00102408     0.00102207
        9.17496     0.00111117     0.00111003     0.00109047     0.00102637     0.00102419
        9.19996     0.00110812     0.00110718      0.0010892     0.00102893     0.00102665
        9.22495     0.00110463      0.0011039     0.00108769     0.00103174     0.00102941
        9.24995     0.00110073     0.00110022     0.00108594     0.00103477     0.00103246
        9.27495     0.00109646     0.00109617     0.00108398       0.001038     0.00103577
        9.29994     0.00109186     0.00109179     0.00108182     0.00104139     0.00103932
        9.32494     0.00108696     0.00108712     0.00107949     0.00104492     0.00104307
        9.34993     0.00108182      0.0010822     0.00107699     0.00104856     0.00104698
        9.37493     0.00107647     0.00107707     0.00107436     0.00105227     0.00105104
        9.39992     0.00107096     0.00107177     0.00107162     0.00105604     0.00105518
        9.42492     0.00106535     0.00106635     0.00106878     0.00105982      0.0010594
        9.44992     0.00105967     0.00106086     0.00106588     0.00106359     0.00106363
        9.47491     0.00105398     0.00105534     0.00106294     0.00106733     0.00106784
        9.49991     0.00104832     0.00104985     0.00105999       0.001071       0.001072
         9.5249     0.00104275     0.00104442     0.00105703     0.00107458     0.00107606
         9.5499     0.00103731     0.00103911     0.00105411     0.00107804     0.00107999
        9.57489     0.00103206     0.00103395     0.00105125     0.00108136     0.00108375
        9.59989     0.00102702       0.001029     0.00104846     0.00108451     0.00108731
        9.62489     0.00102224     0.00102429     0.00104578     0.00108748     0.00109063
        9.64988     0.00101776     0.00101985     0.00104322     0.00109023     0.00109367
        9.67488     0.00101362     0.00101574     0.00104082     0.00109276     0.00109641
        9.69987     0.00100985     0.00101197     0.00103858     0.00109503     0.00109883
        9.72487     0.00100647     0.00100859     0.00103652     0.00109705      0.0011009
        9.74987     0.00100352     0.00100561     0.00103468     0.00109878     0.00110261
        9.77486     0.00100102     0.00100307     0.00103305     0.00110023     0.00110394
        9.79986    0.000998986     0.00100098     0.00103164     0.00110136     0.00110489
        9.82485    0.000997431    0.000999354     0.00103049     0.00110218     0.00110543
        9.84985    0.000996368    0.000998207     0.00102959     0.00110268     0.00110557
        9.87484    0.000995804     0.00099755     0.00102895     0.00110285     0.00110531
        9.89984    0.000995748    0.000997386     0.00102857     0.00110268     0.00110465
        9.92484      0.0009962    0.000997711     0.00102846     0.00110217     0.00110359
        9.94983    0.000997155     0.00099853     0.00102862     0.00110133     0.00110216
        9.97483    0.000998604    0.000999836     0.00102905     0.00110015     0.00110036
        9.99982     0.00100053     0.00100161     0.00102973     0.00109864     0.00109821
        10.0248     0.00100293     0.00100385     0.00103067      0.0010968     0.00109573
        10.0498     0.00100576     0.00100652     0.00103185     0.00109465     0.00109295
        10.0748     0.00100902     0.00100961     0.00103325      0.0010922     0.00108988
        10.0998     0.00101267     0.00101309     0.00103488     0.00108946     0.00108656
        10.1248     0.00101669     0.00101692      0.0010367     0.00108645     0.00108301
        10.1498     0.00102104     0.00102109     0.00103871     0.00108319     0.00107925
        10.1748     0.00102568     0.00102554     0.00104088      0.0010797     0.00107532
        10.1998     0.00103057     0.00103025     0.00104319     0.00107601     0.00107126
        10.2248     0.00103567     0.00103517     0.00104562     0.00107213     0.00106708
        10.2498     0.00104092     0.00104027     0.00104815     0.00106811     0.00106284
        10.2748     0.00104629     0.00104548     0.00105075     0.00106397     0.00105855
        10.2998     0.00105174     0.00105078     0.00105339     0.00105974     0.00105427
        10.3248      0.0010572     0.00105612     0.00105606     0.00105546     0.00105001
        10.3498     0.00106265     0.00106144     0.00105872     0.00105116     0.00104581
        10.3748     0.00106804      0.0010667     0.00106135     0.00104688     0.00104171
        10.3998     0.00107331     0.00107186     0.00106393     0.00104265     0.00103773
        10.4248     0.00107843     0.00107687     0.00106644      0.0010385     0.00103391
        10.4497     0.00108334     0.00108169     0.00106884     0.00103447     0.00103028
        10.4747       0.001088     0.00108628     0.00107112      0.0010306     0.00102686
        10.4997     0.00109238      0.0010906     0.00107326     0.00102691     0.00102368
        10.5247     0.00109643     0.00109461     0.00107524     0.00102344     0.00102076
        10.5497     0.00110012     0.00109826     0.00107704     0.00102022     0.00101812
        10.5747     0.00110342     0.00110154     0.00107865     0.00101726     0.00101577
        10.5997      0.0011063      0.0011044     0.00108005     0.00101461     0.00101374
        10.6247     0.00110872     0.00110683     0.00108123     0.00101228     0.00101204
        10.6497     0.00111068      0.0011088     0.00108218     0.00101029     0.00101067
        10.6747     0.00111214     0.00111029     0.00108289     0.00100866     0.00100964
        10.6997     0.00111311     0.00111129     0.00108336      0.0010074     0.00100896
        10.7247     0.00111356     0.00111179     0.00108358     0.00100652     0.00100863
        10.7497     0.00111349     0.00111179     0.00108355     0.00100604     0.00100865
        10.7747      0.0011129     0.00111128     0.00108327     0.00100594       0.001009
        10.7997      0.0011118     0.00111027     0.00108274     0.00100624      0.0010097
        10.8247     0.00111017     0.00110876     0.00108197     0.00100693     0.00101074
        10.8497     0.00110805     0.00110676     0.00108095     0.00100799     0.00101209
        10.8747     0.00110544      0.0011043     0.00107971     0.00100943     0.00101375
        10.8997     0.00110238     0.00110138     0.00107824     0.00101122     0.00101571
        10.9247     0.00109886     0.00109803     0.00107656     0.00101334     0.00101794
        10.9497     0.00109493     0.00109429     0.00107469     0.00101579     0.00102042
        10.9747     0.00109062     0.00109017     0.00107262     0.00101853     0.00102314
        10.9997     0.00108597      0.0010857     0.00107038     0.00102153     0.00102607
        11.0247       0.001081     0.00108093     0.00106799     0.00102478     0.00102919
        11.0496     0.00107576     0.00107589     0.00106546     0.00102823     0.00103246
        11.0746      0.0010703     0.00107061      0.0010628     0.00103186     0.00103586
        11.0996     0.00106464     0.00106514     0.00106004     0.00103563     0.00103936
        11.1246     0.00105885     0.00105952      0.0010572      0.0010395     0.00104293
        11.1496     0.00105295      0.0010538     0.00105429     0.00104344     0.00104654
        11.1746       0.001047     0.00104801     0.00105133     0.00104742     0.00105015
        11.1996     0.00104105     0.00104221     0.00104834      0.0010514     0.00105373
        11.2246     0.00103513     0.00103643     0.00104535     0.00105533     0.00105726
        11.2496      0.0010293     0.00103072     0.00104237     0.00105919     0.00106071
        11.2746     0.00102359     0.00102512     0.00103943     0.00106294     0.00106403
        11.2996     0.00101805     0.00101968     0.00103654     0.00106654     0.00106722
        11.3246     0.00101273     0.00101443     0.00103372     0.00106996     0.00107023
        11.3496     0.00100765     0.00100942     0.00103099     0.00107316     0.00107304
        11.3746     0.00100286     0.00100468     0.00102837     0.00107613     0.00107563
        11.3996    0.000998384     0.00100024     0.00102588     0.00107882     0.00107797
        11.4246    0.000994261    0.000996142     0.00102352     0.00108122     0.00108004
        11.4496    0.000990518    0.000992404     0.00102133     0.00108331     0.00108182
        11.4746     0.00098718    0.000989056     0.00101929     0.00108505      0.0010833
        11.4996     0.00098427    0.000986121     0.00101744     0.00108644     0.00108446
        11.5246    0.000981804    0.000983617     0.00101578     0.00108746     0.00108529
        11.5496    0.000979795    0.000981557     0.00101431      0.0010881     0.00108578
        11.5746    0.000978258    0.000979951     0.00101306     0.00108835      0.0010859
        11.5996    0.000977198    0.000978806     0.00101202      0.0010882     0.00108568
        11.6246    0.000976619    0.000978129     0.00101119     0.00108765     0.00108508
        11.6495    0.000976517    0.000977916     0.00101059      0.0010867     0.00108413
        11.6745    0.000976887    0.000978165      0.0010102     0.00108537     0.00108281
        11.6995    0.000977724    0.000978868     0.00101003     0.00108365     0.00108113
        11.7245    0.000979011    0.000980015     0.00101007     0.00108155      0.0010791
        11.7495    0.000980736    0.000981591     0.00101031     0.00107909     0.00107673
        11.7745    0.000982878    0.000983577     0.00101076     0.00107629     0.00107403
        11.7995    0.000985412    0.000985949      0.0010114     0.00107316     0.00107102
        11.8245     0.00098831    0.000988685     0.00101222     0.00106973     0.00106772
        11.8495     0.00099154    0.000991756     0.00101322       0.001066     0.00106414
        11.8745    0.000995073    0.000995132     0.00101437     0.00106202      0.0010603
        11.8995    0.000998878    0.000998782     0.00101567     0.00105781     0.00105624
        11.9245     0.00100292     0.00100267     0.00101709      0.0010534     0.00105198
        11.9495     0.00100715     0.00100675     0.00101862     0.00104882     0.00104754
        11.9745     0.00101154       0.001011     0.00102024     0.00104409     0.00104297
        11.9995     0.00101605     0.00101536     0.00102193     0.00103926     0.00103828
        12.0245     0.00102062     0.00101981     0.00102367     0.00103435     0.00103351
        12.0495     0.00102522     0.00102429     0.00102544     0.00102941     0.00102869
        12.0745     0.00102981     0.00102877     0.00102722     0.00102447     0.00102386
        12.0995     0.00103434      0.0010332     0.00102898     0.00101955     0.00101905
        12.1245     0.00103878     0.00103754     0.00103071      0.0010147     0.00101429
        12.1495     0.00104308     0.00104175     0.00103238     0.00100994     0.00100962
        12.1745      0.0010472     0.00104579     0.00103398      0.0010053     0.00100506
        12.1995     0.00105111     0.00104963     0.00103549     0.00100083     0.00100065
        12.2245     0.00105477     0.00105323     0.00103688    0.000996537     0.00099642
        12.2494     0.00105814     0.00105655     0.00103814    0.000992462    0.000992389
        12.2744     0.00106119     0.00105957     0.00103927    0.000988625    0.000988585
        12.2994     0.00106388     0.00106224     0.00104023     0.00098505    0.000985036
        12.3244     0.00106621     0.00106455     0.00104102    0.000981759    0.000981766
        12.3494     0.00106813     0.00106647     0.00104163    0.000978765    0.000978789
        12.3744     0.00106963     0.00106798     0.00104205    0.000976088    0.000976128
        12.3994     0.00107069     0.00106907     0.00104228    0.000973745    0.000973798
        12.4244      0.0010713     0.00106972     0.00104228    0.000971746    0.000971812
        12.4494     0.00107145     0.00106992     0.00104207    0.000970099    0.000970181
        12.4744     0.00107113     0.00106968     0.00104165    0.000968808    0.000968911
        12.4994     0.00107035     0.00106897     0.00104101    0.000967875    0.000968007
        12.5244      0.0010691     0.00106782     0.00104016      0.0009673    0.000967468
        12.5494     0.00106739     0.00106621     0.00103908    0.000967082    0.000967292
        12.5744     0.00106523     0.00106416      0.0010378    0.000967212    0.000967484
        12.5994     0.00106263     0.00106168     0.00103631    0.000967681    0.000968026
        12.6244      0.0010596     0.00105878     0.00103462    0.000968479    0.000968906
        12.6494     0.00105617     0.00105549     0.00103274    0.000969591     0.00097011
        12.6744     0.00105237     0.00105183     0.00103067       0.000971    0.000971619
        12.6994     0.00104821     0.00104781     0.00102842    0.000972689    0.000973417
        12.7244     0.00104372     0.00104347     0.00102601    0.000974636    0.000975481
        12.7494     0.00103893     0.00103885     0.00102345    0.000976819    0.000977786
        12.7744     0.00103389     0.00103396     0.00102075    0.000979215    0.000980304
        12.7994     0.00102861     0.00102884     0.00101793    0.000981797    0.000983009
        12.8243     0.00102314     0.00102352       0.001015    0.000984539    0.000985871
        12.8493     0.00101751     0.00101805     0.00101199    0.000987409    0.000988865
        12.8743     0.00101177     0.00101245     0.00100891    0.000990382    0.000991956
        12.8993     0.00100594     0.00100678     0.00100577    0.000993427    0.000995116
        12.9243     0.00100008     0.00100106      0.0010026    0.000996513    0.000998307
        12.9493    0.000994225    0.000995331    0.000999413    0.000999612      0.0010015
        12.9743    0.000988412    0.000989638     0.00099623      0.0010027     0.00100465
        12.9993     0.00098268    0.000984012    0.000993069     0.00100573     0.00100774
        13.0243    0.000977068    0.000978492    0.000989947     0.00100868     0.00101073
        13.0493    0.000971614    0.000973112     0.00098688     0.00101152      0.0010136
        13.0743    0.000966352    0.000967911    0.000983892     0.00101423     0.00101631
        13.0993    0.000961317    0.000962922    0.000980994     0.00101677     0.00101882
        13.1243     0.00095654    0.000958174    0.000978206     0.00101913     0.00102113
        13.1493    0.000952048    0.000953702    0.000975544     0.00102127     0.00102319
        13.1743    0.000947872     0.00094953     0.00097302     0.00102319       0.001025
        13.1993    0.000944036    0.000945682     0.00097065     0.00102485     0.00102652
        13.2243    0.000940562    0.000942181    0.000968443     0.00102623     0.00102774
        13.2493    0.000937469    0.000939044    0.000966412     0.00102732     0.00102864
        13.2743    0.000934774    0.000936294    0.000964565     0.00102811     0.00102922
        13.2993     0.00093249    0.000933936    0.000962909     0.00102858     0.00102946
        13.3243    0.000930621    0.000931984    0.000961447     0.00102873     0.00102934
        13.3493    0.000929174    0.000930444    0.000960183     0.00102856     0.00102887
        13.3743     0.00092815     0.00092932     0.00095912     0.00102805     0.00102805
        13.3993     0.00092755    0.000928612    0.000958261      0.0010272     0.00102688
        13.4242    0.000927362    0.000928317    0.000957605     0.00102601     0.00102536
        13.4492    0.000927591     0.00092843    0.000957148     0.00102448     0.00102351
        13.4742    0.000928219    0.000928939    0.000956885     0.00102261     0.00102132
        13.4992    0.000929233    0.000929829     0.00095681     0.00102043     0.00101882
        13.5242    0.000930614    0.000931085    0.000956912     0.00101792       0.001016
        13.5492    0.000932344    0.000932688    0.000957186     0.00101512     0.00101291
        13.5742    0.000934404    0.000934615    0.000957615     0.00101203     0.00100955
        13.5992    0.000936766    0.000936842    0.000958188     0.00100867     0.00100594
        13.6242    0.000939401    0.000939342     0.00095889     0.00100506     0.00100211
        13.6492    0.000942278    0.000942086    0.000959705     0.00100121    0.000998065
        13.6742    0.000945361    0.000945046    0.000960617    0.000997157    0.000993845
        13.6992    0.000948621    0.000948192    0.000961609     0.00099292    0.000989475
        13.7242    0.000952024    0.000951486    0.000962661    0.000988524    0.000984985
        13.7492    0.000955534    0.000954893    0.000963758    0.000983996      0.0009804
        13.7742    0.000959111    0.000958376     0.00096488    0.000979366    0.000975749
        13.7992     0.00096272    0.000961896     0.00096601    0.000974658    0.000971064
        13.8242    0.000966322    0.000965418    0.000967129    0.000969903     0.00096637
        13.8492    0.000969888    0.000968905     0.00096822    0.000965128    0.000961698
        13.8742    0.000973382    0.000972324    0.000969262    0.000960365    0.000957077
        13.8992    0.000976764    0.000975639    0.000970244    0.000955641    0.000952534
        13.9242    0.000980002    0.000978815    0.000971147    0.000950987    0.000948097
        13.9492    0.000983058    0.000981827    0.000971956    0.000946431     0.00094379
        13.9742    0.000985901     0.00098464    0.000972655    0.000942001    0.000939636
        13.9992    0.000988505    0.000987218    0.000973234    0.000937722    0.000935661
        14.0241    0.000990837    0.000989534    0.000973681     0.00093362    0.000931884
        14.0491    0.000992877    0.000991559    0.000973987     0.00092972    0.000928321
        14.0741    0.000994598    0.000993275    0.000974147    0.000926041    0.000924991
        14.0991     0.00099598    0.000994658    0.000974145    0.000922605    0.000921908
        14.1241    0.000997009    0.000995693    0.000973977    0.000919427    0.000919087
        14.1491    0.000997667    0.000996367    0.000973644    0.000916529    0.000916538
        14.1741    0.000997943    0.000996667    0.000973135    0.000913919     0.00091427
        14.1991    0.000997819    0.000996587    0.000972451     0.00091161    0.000912289
        14.2241    0.000997295    0.000996124     0.00097159     0.00090961    0.000910601
        14.2491    0.000996375    0.000995271    0.000970554    0.000907926    0.000909208
        14.2741    0.000995055    0.000994029    0.000969341    0.000906564    0.000908112
        14.2991    0.000993341    0.000992399    0.000967955    0.000905523    0.000907312
        14.3241    0.000991241    0.000990392    0.000966396    0.000904802    0.000906802
        14.3491    0.000988765    0.000988019    0.000964672    0.000904397    0.000906577
        14.3741    0.000985929    0.000985291    0.000962787    0.000904294    0.000906636
        14.3991    0.000982752    0.000982229    0.000960751    0.000904491    0.000906969
        14.4241    0.000979252     0.00097885    0.000958573    0.000904973    0.000907556
        14.4491    0.000975448    0.000975171    0.000956261    0.000905729     0.00090838
        14.4741    0.000971367    0.000971215    0.000953824    0.000906742    0.000909426
        14.4991     0.00096703    0.000967005    0.000951273    0.000907997    0.000910678
        14.5241    0.000962465    0.000962571    0.000948618    0.000909473    0.000912117
        14.5491    0.000957701    0.000957941    0.000945874    0.000911147    0.000913723
        14.5741     0.00095277    0.000953144    0.000943054    0.000912996    0.000915476
        14.5991    0.000947704    0.000948206    0.000940173    0.000914997    0.000917355
         14.624    0.000942538    0.000943165     0.00093724    0.000917123    0.000919336
         14.649    0.000937304    0.000938056    0.000934275    0.000919347    0.000921393
         14.674    0.000932032    0.000932905    0.000931294    0.000921641    0.000923504
         14.699    0.000926759    0.000927749    0.000928317    0.000923977    0.000925646
         14.724     0.00092152    0.000922617    0.000925351    0.000926331    0.000927795
         14.749    0.000916351    0.000917544    0.000922412    0.000928672    0.000929927
         14.774    0.000911286    0.000912561    0.000919518    0.000930975    0.000932017
         14.799    0.000906354    0.000907695    0.000916681     0.00093321    0.000934046
         14.824    0.000901589    0.000902978    0.000913917    0.000935353     0.00093599
         14.849    0.000897017    0.000898434    0.000911237    0.000937379    0.000937821
         14.874    0.000892665    0.000894091    0.000908657    0.000939263    0.000939518
         14.899    0.000888556    0.000889978    0.000906189    0.000940984    0.000941057
         14.924    0.000884709    0.000886112    0.000903843    0.000942521    0.000942421
         14.949    0.000881148    0.000882518    0.000901628    0.000943855    0.000943591
         14.974    0.000877888    0.000879216    0.000899552    0.000944968    0.000944551
         14.999    0.000874948    0.000876219    0.000897623    0.000945847    0.000945284
         15.024    0.000872337     0.00087354     0.00089585    0.000946474    0.000945776
         15.049    0.000870066    0.000871192    0.000894233    0.000946839    0.000946013
         15.074    0.000868144    0.000869182     0.00089278    0.000946933    0.000945994
         15.099     0.00086657    0.000867516    0.000891491    0.000946739     0.00094571
         15.124    0.000865347    0.000866199    0.000890366    0.000946265    0.000945152
         15.149    0.000864478    0.000865228    0.000889402    0.000945505    0.000944319
         15.174    0.000863949      0.0008646      0.0008886     0.00094446    0.000943207
         15.199    0.000863759    0.000864307    0.000887955    0.000943131    0.000941823
        15.2239    0.000863888    0.000864329    0.000887465    0.000941522    0.000940167
        15.2489    0.000864332    0.000864659    0.000887122    0.000939643     0.00093825
        15.2739    0.000865078    0.000865299    0.000886924      0.0009375    0.000936081
        15.2989    0.000866105    0.000866227    0.000886855    0.000935102    0.000933668
        15.3239      0.0008674    0.000867425      0.0008869    0.000932463    0.000931023
        15.3489    0.000868944     0.00086887    0.000887053    0.000929598     0.00092816
        15.3739    0.000870712    0.000870544    0.000887308    0.000926519    0.000925093
        15.3989    0.000872684    0.000872422    0.000887654    0.000923247     0.00092184
        15.4239    0.000874828    0.000874474    0.000888077    0.000919801     0.00091842
        15.4489    0.000877113    0.000876677    0.000888562    0.000916203    0.000914852
        15.4739     0.00087951    0.000879001    0.000889097    0.000912473    0.000911158
        15.4989    0.000881992    0.000881417    0.000889668    0.000908633    0.000907357
        15.5239    0.000884533    0.000883891    0.000890259    0.000904705     0.00090347
        15.5489    0.000887105    0.000886395    0.000890858    0.000900713    0.000899521
        15.5739    0.000889678      0.0008889    0.000891449    0.000896679    0.000895531
        15.5989    0.000892219    0.000891375     0.00089202    0.000892626    0.000891524
        15.6239    0.000894699    0.000893793    0.000892554    0.000888577    0.000887529
        15.6489    0.000897093    0.000896125    0.000893041    0.000884556    0.000883561
        15.6739    0.000899369    0.000898347    0.000893465    0.000880585    0.000879644
        15.6989      0.0009015    0.000900429    0.000893817    0.000876688    0.000875798
        15.7239    0.000903457    0.000902352    0.000894088    0.000872886    0.000872045
        15.7489    0.000905225    0.000904091    0.000894259    0.000869198    0.000868404
        15.7739    0.000906775    0.000905622    0.000894322    0.000865645    0.000864896
        15.7989    0.000908089    0.000906928     0.00089427    0.000862241    0.000861539
        15.8238    0.000909149    0.000907988    0.000894096    0.000859002    0.000858349
        15.8488    0.000909943    0.000908787    0.000893787    0.000855945    0.000855343
        15.8738    0.000910452    0.000909311    0.000893344    0.000853081    0.000852535
        15.8988    0.000910663    0.000909548     0.00089276    0.000850419    0.000849935
        15.9238    0.000910568    0.000909499    0.000892032    0.000847969    0.000847549
        15.9488    0.000910157    0.000909155    0.000891158    0.000845737    0.000845386
        15.9738     0.00090944    0.000908505    0.000890134    0.000843731    0.000843457
        15.9988    0.000908412     0.00090755    0.000888964    0.000841951    0.000841763
        16.0238    0.000907074    0.000906294    0.000887647      0.0008404    0.000840305
        16.0488    0.000905431    0.000904738    0.000886185     0.00083908    0.000839084
        16.0738    0.000903493     0.00090289    0.000884581    0.000837988    0.000838097
        16.0988    0.000901271    0.000900761    0.000882841     0.00083712    0.000837339
        16.1238    0.000898777    0.000898358    0.000880968    0.000836475    0.000836806
        16.1488    0.000896014    0.000895689    0.000878971    0.000836042    0.000836493
        16.1739    0.000892998    0.000892774    0.000876858    0.000835816    0.000836383
        16.1989    0.000889747    0.000889633    0.000874634    0.000835782     0.00083646
        16.2239    0.000886281    0.000886276    0.000872311    0.000835926    0.000836721
        16.2489    0.000882623    0.000882722    0.000869896    0.000836243    0.000837162
        16.2739    0.000878791    0.000878987    0.000867401    0.000836725    0.000837766
        16.2989    0.000874806    0.000875094    0.000864835    0.000837358    0.000838521
        16.3239    0.000870691    0.000871069    0.000862213    0.000838127    0.000839406
        16.3489    0.000866475    0.000866939    0.000859545    0.000839017    0.000840406
        16.3739    0.000862179    0.000862726    0.000856843    0.000840011      0.0008415
        16.3989    0.000857828    0.000858457     0.00085412    0.000841091     0.00084267
        16.4239    0.000853451    0.000854155     0.00085139    0.000842239    0.000843893
        16.4489    0.000849076    0.000849847    0.000848665    0.000843436    0.000845149
        16.4739    0.000844723     0.00084556    0.000845959    0.000844663    0.000846418
        16.4989    0.000840425    0.000841316    0.000843286    0.000845901    0.000847677
        16.5239    0.000836206    0.000837142    0.000840657    0.000847132    0.000848907
        16.5489    0.000832086    0.000833063    0.000838083    0.000848334    0.000850089
        16.5739    0.000828089    0.000829104    0.000835575    0.000849488    0.000851202
        16.5989     0.00082424    0.000825282    0.000833146    0.000850578    0.000852229
        16.6239    0.000820562    0.000821624    0.000830809    0.000851585    0.000853151
         16.649    0.000817071    0.000818148     0.00082857    0.000852494    0.000853951
         16.674    0.000813785    0.000814871    0.000826437    0.000853287    0.000854616
         16.699    0.000810723    0.000811804    0.000824415    0.000853947     0.00085513
         16.724    0.000807901     0.00080896    0.000822512    0.000854464    0.000855485
         16.749    0.000805324    0.000806356    0.000820734    0.000854822    0.000855668
         16.774    0.000803006    0.000803998    0.000819084    0.000855011    0.000855682
         16.799    0.000800949    0.000801893    0.000817567    0.000855027    0.000855521
         16.824    0.000799157    0.000800052    0.000816184    0.000854863    0.000855172
         16.849    0.000797636    0.000798474    0.000814937    0.000854505    0.000854622
         16.874    0.000796384     0.00079716    0.000813826    0.000853948    0.000853872
         16.899    0.000795401    0.000796108    0.000812849    0.000853189    0.000852919
         16.924    0.000794686    0.000795314    0.000812001    0.000852228    0.000851767
         16.949    0.000794232    0.000794769    0.000811279    0.000851063    0.000850419
         16.974    0.000794029    0.000794472    0.000810679    0.000849698     0.00084888
         16.999    0.000794057    0.000794405    0.000810193    0.000848136    0.000847155
         17.024    0.000794309    0.000794568    0.000809816    0.000846382    0.000845251
         17.049    0.000794781    0.000794933    0.000809536    0.000844444    0.000843176
         17.074    0.000795449    0.000795497    0.000809349     0.00084233    0.000840943
        17.0991    0.000796302    0.000796244    0.000809248    0.000840049    0.000838562
        17.1241    0.000797322    0.000797158    0.000809219    0.000837616    0.000836045
        17.1491    0.000798486    0.000798216    0.000809248     0.00083504    0.000833403
        17.1741    0.000799771    0.000799401    0.000809327    0.000832334    0.000830653
        17.1991    0.000801153    0.000800692    0.000809446    0.000829513    0.000827805
        17.2241    0.000802612    0.000802069    0.000809603    0.000826592    0.000824875
        17.2491    0.000804123    0.000803508    0.000809779    0.000823586    0.000821874
        17.2741    0.000805668    0.000804989    0.000809958    0.000820507    0.000818821
        17.2991    0.000807219    0.000806488    0.000810135    0.000817378     0.00081573
        17.3241    0.000808758     0.00080798    0.000810301    0.000814215    0.000812614
        17.3491    0.000810266    0.000809443    0.000810435     0.00081103    0.000809498
        17.3741    0.000811722    0.000810858     0.00081053    0.000807844    0.000806396
        17.3991    0.000813104    0.000812205    0.000810574    0.000804669     0.00080332
        17.4241    0.000814386    0.000813461     0.00081056    0.000801527    0.000800283
        17.4491     0.00081555     0.00081461     0.00081048    0.000798429    0.000797298
        17.4741    0.000816581    0.000815632    0.000810324    0.000795388    0.000794383
        17.4991    0.000817459    0.000816511    0.000810079     0.00079242    0.000791553
        17.5241    0.000818167    0.000817231    0.000809752    0.000789539    0.000788818
        17.5491    0.000818694    0.000817777    0.000809327    0.000786762    0.000786187
        17.5742     0.00081903    0.000818135    0.000808805    0.000784097     0.00078367
        17.5992     0.00081916     0.00081829    0.000808176    0.000781557    0.000781278
        17.6242    0.000819079    0.000818227    0.000807441     0.00077915    0.000779018
        17.6492    0.000818778    0.000817944    0.000806592    0.000776884      0.0007769
        17.6742    0.000818245    0.000817449     0.00080563    0.000774767    0.000774927
        17.6992    0.000817481    0.000816727    0.000804553    0.000772807    0.000773104
        17.7242    0.000816487    0.000815785     0.00080336    0.000771005    0.000771431
        17.7492    0.000815259    0.000814617    0.000802051    0.000769366    0.000769913
        17.7742      0.0008138    0.000813224    0.000800627    0.000767891    0.000768549
        17.7992    0.000812119    0.000811613    0.000799094    0.000766581    0.000767339
        17.8242    0.000810217    0.000809786    0.000797454    0.000765434    0.000766281
        17.8492    0.000808102    0.000807756    0.000795711    0.000764447    0.000765371
        17.8742    0.000805787    0.000805529    0.000793871    0.000763617    0.000764604
        17.8992    0.000803286    0.000803113    0.000791936    0.000762935    0.000763978
        17.9242    0.000800605    0.000800518    0.000789917      0.0007624    0.000763489
        17.9492    0.000797761    0.000797759    0.000787821    0.000762001    0.000763127
        17.9742    0.000794764    0.000794848    0.000785655    0.000761734    0.000762888
        17.9992    0.000791631    0.000791802    0.000783429    0.000761585    0.000762756
        18.0242    0.000788387    0.000788636    0.000781151    0.000761553    0.000762734
        18.0493    0.000785047    0.000785375     0.00077883    0.000761629    0.000762811
        18.0743    0.000781628    0.000782034    0.000776476    0.000761797    0.000762971
        18.0993    0.000778148    0.000778631    0.000774101    0.000762035    0.000763186
        18.1243     0.00077463    0.000775186    0.000771712    0.000762338    0.000763447
        18.1493    0.000771096    0.000771719    0.000769322    0.000762688    0.000763746
        18.1743     0.00076757    0.000768247    0.000766938    0.000763075    0.000764065
        18.1993    0.000764069    0.000764791    0.000764573     0.00076348    0.000764399
        18.2243    0.000760612     0.00076137    0.000762236    0.000763893    0.000764729
        18.2493    0.000757221    0.000758007    0.000759935    0.000764299    0.000765043
        18.2743     0.00075391    0.000754717     0.00075768    0.000764685    0.000765336
        18.2993     0.00075069    0.000751517    0.000755478    0.000765035    0.000765589
        18.3243    0.000747581    0.000748428    0.000753338    0.000765341     0.00076579
        18.3493    0.000744603    0.000745459    0.000751267    0.000765587     0.00076594
        18.3743    0.000741767    0.000742626    0.000749275    0.000765761    0.000766018
        18.3993    0.000739081    0.000739939    0.000747368    0.000765863    0.000766009
        18.4243    0.000736562    0.000737411    0.000745552    0.000765882    0.000765904
        18.4493    0.000734222     0.00073505    0.000743827    0.000765811    0.000765702
        18.4743    0.000732065    0.000732863    0.000742199    0.000765636    0.000765411
        18.4993    0.000730098    0.000730863    0.000740671    0.000765346    0.000765013
        18.5244    0.000728324    0.000729053    0.000739247    0.000764929    0.000764509
        18.5494    0.000726745    0.000727436    0.000737924    0.000764381    0.000763891
        18.5744    0.000725363    0.000726014    0.000736705    0.000763701    0.000763155
        18.5994    0.000724184    0.000724789    0.000735589    0.000762884    0.000762297
        18.6244    0.000723207    0.000723759    0.000734578    0.000761929    0.000761316
        18.6494    0.000722425    0.000722919    0.000733666    0.000760838    0.000760212
        18.6744    0.000721834    0.000722267    0.000732853    0.000759612    0.000758983
        18.6994    0.000721431    0.000721796    0.000732136    0.000758252    0.000757629
        18.7244    0.000721211    0.000721499     0.00073151    0.000756764    0.000756153
        18.7494    0.000721158    0.000721376    0.000730972    0.000755155     0.00075456
        18.7744    0.000721261    0.000721413    0.000730515    0.000753427    0.000752851
        18.7994    0.000721514      0.0007216    0.000730133     0.00075159    0.000751034
        18.8244    0.000721908    0.000721913    0.000729818     0.00074965    0.000749116
        18.8494    0.000722422    0.000722341    0.000729566    0.000747619      0.0007471
        18.8744    0.000723044    0.000722872    0.000729362    0.000745504    0.000744995
        18.8994    0.000723751    0.000723488    0.000729207    0.000743316    0.000742817
        18.9244    0.000724528    0.000724177    0.000729089    0.000741065    0.000740573
        18.9494     0.00072535     0.00072492    0.000728997    0.000738762    0.000738274
        18.9745      0.0007262    0.000725702    0.000728918    0.000736418    0.000735933
        18.9995    0.000727063     0.00072651    0.000728839    0.000734042    0.000733559
        19.0245    0.000727923    0.000727326    0.000728762    0.000731649    0.000731167
        19.0495    0.000728762    0.000728133    0.000728686    0.000729249    0.000728769
        19.0745    0.000729568    0.000728912    0.000728598    0.000726851    0.000726374
        19.0995    0.000730326     0.00072965    0.000728485     0.00072447    0.000723996
        19.1245    0.000731022    0.000730331    0.000728333    0.000722114    0.000721647
        19.1495    0.000731644    0.000730939    0.000728131    0.000719795    0.000719337
        19.1745    0.000732167     0.00073146    0.000727882    0.000717523    0.000717076
        19.1995     0.00073258    0.000731876    0.000727574    0.000715306    0.000714874
        19.2245     0.00073287    0.000732179    0.000727201    0.000713152    0.000712741
        19.2495    0.000733032    0.000732355    0.000726754     0.00071107    0.000710682
        19.2745    0.000733069    0.000732404    0.000726231    0.000709065    0.000708704
        19.2995    0.000732975    0.000732315    0.000725623    0.000707144    0.000706815
        19.3245    0.000732731    0.000732074    0.000724929    0.000705315    0.000705023
        19.3495    0.000732318    0.000731668    0.000724145    0.000703582    0.000703329
        19.3745    0.000731733    0.000731099     0.00072327    0.000701949    0.000701739
        19.3995    0.000730972     0.00073036    0.000722302    0.000700419    0.000700254
        19.4245    0.000730033    0.000729451    0.000721241    0.000698996    0.000698878
        19.4496    0.000728921     0.00072837    0.000720088    0.000697678    0.000697612
        19.4746    0.000727638    0.000727118    0.000718845    0.000696467    0.000696457
        19.4996    0.000726184    0.000725703    0.000717514    0.000695363    0.000695412
        19.5246    0.000724558    0.000724121    0.000716096    0.000694364    0.000694474
        19.5496    0.000722766     0.00072238    0.000714595    0.000693468    0.000693638
        19.5746    0.000720813    0.000720488    0.000713015    0.000692675    0.000692902
        19.5996     0.00071871    0.000718458     0.00071136    0.000691978    0.000692259
        19.6246    0.000716473    0.000716299    0.000709634    0.000691374    0.000691706
        19.6496    0.000714112     0.00071402    0.000707843    0.000690859     0.00069124
        19.6746    0.000711635    0.000711631    0.000705996    0.000690424    0.000690853
        19.6996     0.00070906     0.00070914    0.000704097    0.000690067    0.000690535
        19.7246    0.000706404    0.000706564    0.000702154    0.000689775    0.000690286
        19.7496     0.00070368    0.000703918    0.000700175    0.000689547    0.000690099
        19.7746    0.000700905    0.000701214    0.000698164    0.000689367    0.000689951
        19.7996    0.000698092    0.000698461    0.000696129    0.000689233    0.000689851
        19.8246    0.000695255    0.000695678    0.000694077     0.00068914     0.00068979
        19.8496    0.000692412    0.000692879    0.000692018    0.000689073    0.000689753
        19.8746    0.000689578     0.00069008    0.000689964    0.000689023    0.000689728
        19.8996    0.000686765    0.000687296    0.000687925    0.000688978    0.000689704
        19.9247    0.000683991    0.000684541    0.000685908    0.000688924    0.000689667
        19.9497    0.000681264    0.000681828     0.00068392    0.000688854    0.000689608
        19.9747    0.000678596    0.000679173    0.000681969    0.000688757    0.000689514
        19.9997    0.000676002    0.000676588    0.000680056    0.000688635    0.000689369
        20.0247    0.000673487    0.000674083    0.000678192     0.00068848    0.000689178
        20.0497    0.000671068    0.000671674    0.000676383     0.00068828    0.000688939
        20.0747     0.00066876    0.000669374    0.000674635    0.000688022    0.000688633
        20.0997    0.000666573    0.000667189     0.00067295    0.000687706    0.000688259
        20.1247    0.000664512    0.000665128    0.000671333     0.00068732    0.000687808
        20.1497     0.00066258    0.000663195    0.000669789    0.000686862    0.000687281
        20.1747    0.000660791    0.000661404    0.000668323    0.000686326     0.00068667
        20.1997    0.000659154     0.00065976    0.000666937    0.000685707    0.000685972
        20.2247    0.000657676    0.000658269    0.000665629       0.000685    0.000685185
        20.2497    0.000656356    0.000656932    0.000664404    0.000684201    0.000684308
        20.2747    0.000655192    0.000655747    0.000663261     0.00068331    0.000683337
        20.2997    0.000654188    0.000654714    0.000662204    0.000682326     0.00068227
        20.3247    0.000653342     0.00065383     0.00066123    0.000681248    0.000681111
        20.3497     0.00065265      0.0006531     0.00066034    0.000680075    0.000679862
        20.3748     0.00065211    0.000652515    0.000659531    0.000678809    0.000678526
        20.3998    0.000651716    0.000652073    0.000658802    0.000677455    0.000677104
        20.4248     0.00065147    0.000651767    0.000658153    0.000676012    0.000675601
        20.4498    0.000651358    0.000651585    0.000657576    0.000674487    0.000674018
        20.4748    0.000651364    0.000651534    0.000657072    0.000672886    0.000672362
        20.4998    0.000651476    0.000651599    0.000656635    0.000671211    0.000670637
        20.5248    0.000651688    0.000651774    0.000656257    0.000669468    0.000668852
        20.5498    0.000651997    0.000652034    0.000655935    0.000667664     0.00066701
        20.5748    0.000652383    0.000652369    0.000655664    0.000665805    0.000665123
        20.5998    0.000652836    0.000652767    0.000655432      0.0006639    0.000663194
        20.6248    0.000653341    0.000653214     0.00065523    0.000661955    0.000661236
        20.6498    0.000653889    0.000653701     0.00065506    0.000659978    0.000659259
        20.6748    0.000654463    0.000654212     0.00065491     0.00065798    0.000657267
        20.6998    0.000655052    0.000654739    0.000654765    0.000655972    0.000655269
        20.7248    0.000655636    0.000655265    0.000654624    0.000653962    0.000653274
        20.7498    0.000656208    0.000655778    0.000654482    0.000651961    0.000651293
        20.7748    0.000656751    0.000656269    0.000654324    0.000649973     0.00064934
        20.7998    0.000657254     0.00065672    0.000654139    0.000648007    0.000647419
        20.8248    0.000657704    0.000657121    0.000653929    0.000646073     0.00064554
        20.8499    0.000658087    0.000657462    0.000653686     0.00064418     0.00064371
        20.8749    0.000658388    0.000657724    0.000653397    0.000642337    0.000641938
        20.8999    0.000658599     0.00065791    0.000653065    0.000640552    0.000640229
        20.9249    0.000658699    0.000657989     0.00065268    0.000638831    0.000638589
        20.9499     0.00065868    0.000657957    0.000652239    0.000637183     0.00063702
        20.9749    0.000658538    0.000657807    0.000651738     0.00063561    0.000635531
        20.9999    0.000658269    0.000657543    0.000651171    0.000634119    0.000634123
        21.0249    0.000657875     0.00065716    0.000650536    0.000632715    0.000632801
        21.0499    0.000657345    0.000656652    0.000649832      0.0006314    0.000631568
        21.0749    0.000656675    0.000656011    0.000649055    0.000630177    0.000630427
        21.0999    0.000655861    0.000655234    0.000648203    0.000629048    0.000629376
        21.1249    0.000654899     0.00065432    0.000647275    0.000628013    0.000628416
        21.1499    0.000653789    0.000653267    0.000646271    0.000627073    0.000627545
        21.1749    0.000652535    0.000652075    0.000645192    0.000626229    0.000626761
        21.1999    0.000651145    0.000650747    0.000644039    0.000625478    0.000626063
        21.2249    0.000649626    0.000649284    0.000642813    0.000624819    0.000625449
        21.2499     0.00064798    0.000647696    0.000641517    0.000624248    0.000624913
        21.2749    0.000646215    0.000645986    0.000640154    0.000623761    0.000624455
        21.2999    0.000644338    0.000644161    0.000638726    0.000623354    0.000624067
         21.325    0.000642352    0.000642231    0.000637239    0.000623021    0.000623745
          21.35    0.000640267    0.000640202    0.000635697    0.000622761    0.000623487
         21.375    0.000638093    0.000638086    0.000634106    0.000622557    0.000623289
           21.4    0.000635838    0.000635887    0.000632472    0.000622413     0.00062313
         21.425    0.000633511    0.000633614    0.000630801    0.000622321    0.000623023
          21.45    0.000631125     0.00063128      0.0006291     0.00062227    0.000622959
         21.475    0.000628691    0.000628897    0.000627374    0.000622251    0.000622924
           21.5    0.000626218    0.000626479     0.00062563    0.000622254    0.000622911
         21.525    0.000623724     0.00062404    0.000623875    0.000622273    0.000622908
          21.55    0.000621221    0.000621593    0.000622113    0.000622299    0.000622908
         21.575    0.000618722    0.000619147    0.000620354    0.000622321      0.0006229
           21.6    0.000616241    0.000616717    0.000618603     0.00062233    0.000622871
         21.625    0.000613799    0.000614313    0.000616868    0.000622319    0.000622813
          21.65    0.000611407    0.000611951    0.000615153     0.00062228    0.000622717
         21.675    0.000609076    0.000609644    0.000613466    0.000622205     0.00062257
           21.7    0.000606817      0.0006074     0.00061181     0.00062208    0.000622381
         21.725    0.000604641    0.000605234     0.00061019    0.000621899    0.000622145
          21.75    0.000602556    0.000603155    0.000608609    0.000621664    0.000621848
         21.775    0.000600578    0.000601179    0.000607074    0.000621365    0.000621489
        21.8001    0.000598713    0.000599307     0.00060559    0.000620994    0.000621059
        21.8251    0.000596969    0.000597549    0.000604161     0.00062055    0.000620556
        21.8501    0.000595348    0.000595908    0.000602789    0.000620026    0.000619975
        21.8751    0.000593855    0.000594391    0.000601479    0.000619417    0.000619314
        21.9001    0.000592496    0.000593004    0.000600234    0.000618722    0.000618569
        21.9251    0.000591273     0.00059175    0.000599058    0.000617939    0.000617738
        21.9501    0.000590192    0.000590634    0.000597952    0.000617062    0.000616821
        21.9751    0.000589252    0.000589659    0.000596916    0.000616092    0.000615817
        22.0001    0.000588451     0.00058882    0.000595951    0.000615031    0.000614726
        22.0251    0.000587788    0.000588114    0.000595058    0.000613878    0.000613545
        22.0501    0.000587254    0.000587543    0.000594237    0.000612634    0.000612274
        22.0751    0.000586846    0.000587098    0.000593487    0.000611304    0.000610917
        22.1001    0.000586561    0.000586778    0.000592806    0.000609891     0.00060948
        22.1251      0.0005864    0.000586579    0.000592193    0.000608398    0.000607966
        22.1501     0.00058635    0.000586501    0.000591648     0.00060683    0.000606382
        22.1751    0.000586398    0.000586527    0.000591165     0.00060519    0.000604731
        22.2001    0.000586546    0.000586652     0.00059074    0.000603485     0.00060302
        22.2251     0.00058679    0.000586876    0.000590371    0.000601723    0.000601255
        22.2502    0.000587118    0.000587171    0.000590052     0.00059991    0.000599444
        22.2752    0.000587515    0.000587534    0.000589775    0.000598053    0.000597593
        22.3002    0.000587977     0.00058795    0.000589539    0.000596162    0.000595712
        22.3252    0.000588491    0.000588414    0.000589337    0.000594244    0.000593808
        22.3502    0.000589045    0.000588913    0.000589155    0.000592309    0.000591893
        22.3752    0.000589626    0.000589436    0.000588999    0.000590365    0.000589973
        22.4002    0.000590213    0.000589965    0.000588861    0.000588423     0.00058806
        22.4252    0.000590794    0.000590495    0.000588728     0.00058649     0.00058616
        22.4502    0.000591354     0.00059101     0.00058859    0.000584575    0.000584283
        22.4752    0.000591881    0.000591499    0.000588449    0.000582689    0.000582435
        22.5002    0.000592366    0.000591955    0.000588302    0.000580838    0.000580625
        22.5252    0.000592797    0.000592361    0.000588138    0.000579032    0.000578861
        22.5502    0.000593169    0.000592709    0.000587941    0.000577278     0.00057715
        22.5752    0.000593465    0.000592993    0.000587715    0.000575581    0.000575498
        22.6002    0.000593681    0.000593192     0.00058745    0.000573952    0.000573911
        22.6252    0.000593801    0.000593301     0.00058714    0.000572396    0.000572393
        22.6502    0.000593821    0.000593322    0.000586783    0.000570916    0.000570949
        22.6752     0.00059374    0.000593248    0.000586371    0.000569519    0.000569587
        22.7002    0.000593544    0.000593067    0.000585901    0.000568208    0.000568311
        22.7253    0.000593229    0.000592764    0.000585374    0.000566987    0.000567125
        22.7503    0.000592799    0.000592345    0.000584784     0.00056586    0.000566033
        22.7753    0.000592246    0.000591799    0.000584132    0.000564827    0.000565037
        22.8003    0.000591564    0.000591127    0.000583415    0.000563891    0.000564135
        22.8253     0.00059075    0.000590321    0.000582634    0.000563054    0.000563329
        22.8503    0.000589802    0.000589388    0.000581785    0.000562312    0.000562619
        22.8753    0.000588722    0.000588331    0.000580872    0.000561664    0.000562007
        22.9003    0.000587512    0.000587151    0.000579894    0.000561111    0.000561489
        22.9253    0.000586175    0.000585851    0.000578856     0.00056065    0.000561063
        22.9503    0.000584712    0.000584432    0.000577758    0.000560276    0.000560724
        22.9753    0.000583129    0.000582901    0.000576603    0.000559987    0.000560463
        23.0003    0.000581435    0.000581264    0.000575394    0.000559781    0.000560287
        23.0253    0.000579634    0.000579526    0.000574133     0.00055965    0.000560179
        23.0503    0.000577735    0.000577694    0.000572827    0.000559587    0.000560128
        23.0753    0.000575748    0.000575777    0.000571476    0.000559583    0.000560128
        23.1003    0.000573695    0.000573785    0.000570086    0.000559631    0.000560171
        23.1253    0.000571587    0.000571731    0.000568662    0.000559727    0.000560257
        23.1503    0.000569436    0.000569624    0.000567209    0.000559867    0.000560385
        23.1753     0.00056725    0.000567467    0.000565732    0.000560049    0.000560551
        23.2004    0.000565041    0.000565276    0.000564233    0.000560265    0.000560761
        23.2254    0.000562817    0.000563061    0.000562722    0.000560498    0.000560991
        23.2504    0.000560587    0.000560833    0.000561204    0.000560745    0.000561236
        23.2754    0.000558356    0.000558604    0.000559682    0.000560994    0.000561491
        23.3004    0.000556132     0.00055639    0.000558163    0.000561238    0.000561733
        23.3254    0.000553922    0.000554198    0.000556651    0.000561469    0.000561965
        23.3504    0.000551739    0.000552038    0.000555152     0.00056167    0.000562167
        23.3754      0.0005496     0.00054992    0.000553672     0.00056184    0.000562328
        23.4004    0.000547512    0.000547858    0.000552218    0.000561975    0.000562451
        23.4254    0.000545493    0.000545863    0.000550791    0.000562054    0.000562531
        23.4504    0.000543551    0.000543946    0.000549399    0.000562071    0.000562535
        23.4754     0.00054169    0.000542114    0.000548046    0.000562017    0.000562451
        23.5004    0.000539924    0.000540373    0.000546736    0.000561884    0.000562295
        23.5254    0.000538267    0.000538737     0.00054547    0.000561675    0.000562056
        23.5504    0.000536724    0.000537208    0.000544256     0.00056139    0.000561718
        23.5754    0.000535297    0.000535792    0.000543096    0.000561018    0.000561287
        23.6004    0.000533992    0.000534492    0.000541994    0.000560559    0.000560758
        23.6254    0.000532808    0.000533312     0.00054095    0.000560008    0.000560128
        23.6504    0.000531751    0.000532256    0.000539966    0.000559367    0.000559399
        23.6755    0.000530828    0.000531329    0.000539044    0.000558632    0.000558573
        23.7005    0.000530051    0.000530534    0.000538188    0.000557802    0.000557651
        23.7255    0.000529418    0.000529869    0.000537395    0.000556878    0.000556633
        23.7505    0.000528919    0.000529331    0.000536668    0.000555862    0.000555524
        23.7755    0.000528553    0.000528915    0.000536006    0.000554755    0.000554329
        23.8005    0.000528312    0.000528627    0.000535408    0.000553559    0.000553054
        23.8255    0.000528196    0.000528449    0.000534871    0.000552278    0.000551705
        23.8505    0.000528195    0.000528393    0.000534394    0.000550914    0.000550289
        23.8755    0.000528302    0.000528457    0.000533972    0.000549474    0.000548809
        23.9005    0.000528512    0.000528624    0.000533604    0.000547961    0.000547272
        23.9255    0.000528814    0.000528864    0.000533286    0.000546381     0.00054568
        23.9505    0.000529195    0.000529183    0.000533018    0.000544741    0.000544038
        23.9755    0.000529642    0.000529568     0.00053279    0.000543047    0.000542353
        24.0005    0.000530144    0.000530019    0.000532599    0.000541308    0.000540631
        24.0255    0.000530688     0.00053052    0.000532447    0.000539531    0.000538879
        24.0505     0.00053127    0.000531066    0.000532322    0.000537723    0.000537102
        24.0755    0.000531876    0.000531643    0.000532213    0.000535894    0.000535308
        24.1005    0.000532497    0.000532243    0.000532111    0.000534053    0.000533502
        24.1256    0.000533123    0.000532853    0.000532026    0.000532205    0.000531694
        24.1506    0.000533749    0.000533464    0.000531955     0.00053036    0.000529889
        24.1756    0.000534366    0.000534063    0.000531889    0.000528529    0.000528098
        24.2006    0.000534968    0.000534639    0.000531817    0.000526719    0.000526328
        24.2256    0.000535533    0.000535182    0.000531728    0.000524939    0.000524589
        24.2506    0.000536054    0.000535685    0.000531616    0.000523198    0.000522889
        24.2756    0.000536519    0.000536143    0.000531473    0.000521506    0.000521235
        24.3006    0.000536922    0.000536538    0.000531308    0.000519867    0.000519636
        24.3256    0.000537256     0.00053686    0.000531114    0.000518289    0.000518099
        24.3506    0.000537506    0.000537111    0.000530879    0.000516779    0.000516631
        24.3756    0.000537674    0.000537267    0.000530604    0.000515344    0.000515241
        24.4006     0.00053774    0.000537324    0.000530284    0.000513988    0.000513933
        24.4256    0.000537696    0.000537282    0.000529917    0.000512716    0.000512715
        24.4506    0.000537538    0.000537138    0.000529504    0.000511533    0.000511591
        24.4756    0.000537276    0.000536876    0.000529039    0.000510443    0.000510563
        24.5006    0.000536903    0.000536507    0.000528521    0.000509449    0.000509636
        24.5256    0.000536415    0.000536019    0.000527948    0.000508553    0.000508807
        24.5506    0.000535804    0.000535417     0.00052732    0.000507759     0.00050808
        24.5756    0.000535067    0.000534694    0.000526636    0.000507065    0.000507451
        24.6007    0.000534212    0.000533854    0.000525897    0.000506472    0.000506917
        24.6257    0.000533241    0.000532899    0.000525104    0.000505978    0.000506481
        24.6507    0.000532157     0.00053183    0.000524259    0.000505583     0.00050614
        24.6757    0.000530956    0.000530649     0.00052336    0.000505282    0.000505885
        24.7007     0.00052964    0.000529362    0.000522413    0.000505075     0.00050572
        24.7257    0.000528211    0.000527973    0.000521418    0.000504954    0.000505639
        24.7507    0.000526676    0.000526487     0.00052038     0.00050491    0.000505631
        24.7757    0.000525047    0.000524915      0.0005193    0.000504938    0.000505692
        24.8007    0.000523338    0.000523262     0.00051818    0.000505034    0.000505818
        24.8257     0.00052156    0.000521537    0.000517025    0.000505195    0.000506007
        24.8507    0.000519725    0.000519748    0.000515838    0.000505421    0.000506253
        24.8757     0.00051784    0.000517904    0.000514624    0.000505701    0.000506536
        24.9007    0.000515913    0.000516013    0.000513386    0.000506024     0.00050686
        24.9257    0.000513956    0.000514084    0.000512129    0.000506386    0.000507207
        24.9507    0.000511975    0.000512132    0.000510856    0.000506779    0.000507575
        24.9757    0.000509978    0.000510163    0.000509575     0.00050719    0.000507955
        25.0007    0.000507976    0.000508184    0.000508292    0.000507613    0.000508336
        25.0257     0.00050598    0.000506212    0.000507009    0.000508041    0.000508713
        25.0507    0.000504002    0.000504259    0.000505733     0.00050846    0.000509077
        25.0758    0.000502053     0.00050233    0.000504467    0.000508866    0.000509422
        25.1008    0.000500136    0.000500438    0.000503217    0.000509251    0.000509738
        25.1258    0.000498264     0.00049859    0.000501989    0.000509602     0.00051002
        25.1508    0.000496446    0.000496801    0.000500787    0.000509915    0.000510263
        25.1758     0.00049469    0.000495077    0.000499617    0.000510179    0.000510464
        25.2008    0.000493008    0.000493424    0.000498482    0.000510393    0.000510603
        25.2258    0.000491408    0.000491852    0.000497386    0.000510541    0.000510681
        25.2508    0.000489898    0.000490369    0.000496333    0.000510619      0.0005107
        25.2758    0.000488491     0.00048898    0.000495322    0.000510626    0.000510656
        25.3008    0.000487195    0.000487691    0.000494354    0.000510556    0.000510541
        25.3258    0.000486014    0.000486511    0.000493436    0.000510402    0.000510343
        25.3508    0.000484946    0.000485441    0.000492571    0.000510159    0.000510058
        25.3758    0.000483999    0.000484483     0.00049176    0.000509831    0.000509688
        25.4008    0.000483175     0.00048364    0.000491003    0.000509411    0.000509227
        25.4258    0.000482471    0.000482913    0.000490302      0.0005089    0.000508677
        25.4508     0.00048189      0.0004823    0.000489658    0.000508296    0.000508035
        25.4758    0.000481433    0.000481809     0.00048907      0.0005076    0.000507304
        25.5008      0.0004811    0.000481429    0.000488538    0.000506812    0.000506481
        25.5259    0.000480885    0.000481163    0.000488061    0.000505935    0.000505568
        25.5509    0.000480783    0.000481002    0.000487636    0.000504971    0.000504571
        25.5759    0.000480781    0.000480957    0.000487264    0.000503922    0.000503494
        25.6009    0.000480875    0.000481019    0.000486941    0.000502791    0.000502341
        25.6259    0.000481066    0.000481182    0.000486667    0.000501584    0.000501114
        25.6509    0.000481352    0.000481427    0.000486434    0.000500304    0.000499819
        25.6759    0.000481713    0.000481744    0.000486246     0.00049896    0.000498462
        25.7009    0.000482151    0.000482136    0.000486096    0.000497555    0.000497049
        25.7259    0.000482652     0.00048259    0.000485974    0.000496095    0.000495589
        25.7509    0.000483202    0.000483091    0.000485886     0.00049459    0.000494086
        25.7759    0.000483794    0.000483634     0.00048583    0.000493046    0.000492546
        25.8009    0.000484416    0.000484212    0.000485799    0.000491469    0.000490976
        25.8259    0.000485059    0.000484815    0.000485787    0.000489869     0.00048939
        25.8509    0.000485714    0.000485436    0.000485786    0.000488254    0.000487793
        25.8759     0.00048637    0.000486063    0.000485791    0.000486631    0.000486195
        25.9009    0.000487012     0.00048669    0.000485796    0.000485009    0.000484602
        25.9259    0.000487637    0.000487306    0.000485797    0.000483396    0.000483022
        25.9509    0.000488235      0.0004879    0.000485791    0.000481801    0.000481461
        25.9759    0.000488804    0.000488464    0.000485774    0.000480229    0.000479926
         26.001    0.000489335    0.000488995     0.00048574    0.000478692    0.000478429
         26.026    0.000489822    0.000489479     0.00048568    0.000477197    0.000476972
         26.051    0.000490254    0.000489914    0.000485587    0.000475748    0.000475561
         26.076    0.000490628    0.000490285    0.000485454    0.000474352    0.000474203
         26.101    0.000490938     0.00049059    0.000485277    0.000473014    0.000472904
         26.126    0.000491163     0.00049082    0.000485067     0.00047174    0.000471667
         26.151    0.000491296    0.000490977    0.000484819    0.000470535    0.000470502
         26.176    0.000491341    0.000491031    0.000484524    0.000469404    0.000469411
         26.201    0.000491305    0.000490984    0.000484187    0.000468351    0.000468399
         26.226    0.000491183    0.000490832      0.0004838    0.000467378    0.000467469
         26.251    0.000490963    0.000490588    0.000483367    0.000466488    0.000466622
         26.276    0.000490634    0.000490245    0.000482887    0.000465684     0.00046586
         26.301    0.000490198      0.0004898    0.000482359    0.000464968    0.000465185
         26.326    0.000489653    0.000489253    0.000481785    0.000464339    0.000464597
         26.351    0.000488992    0.000488601    0.000481166    0.000463798    0.000464097
         26.376     0.00048822     0.00048785    0.000480502    0.000463342    0.000463685
         26.401    0.000487337    0.000486999    0.000479795    0.000462975    0.000463352
         26.426    0.000486348    0.000486053    0.000479045    0.000462692    0.000463107
         26.451    0.000485255    0.000485013    0.000478257    0.000462493    0.000462937
        26.4761    0.000484069    0.000483884    0.000477432     0.00046237    0.000462844
        26.5011    0.000482792     0.00048267    0.000476572    0.000462315    0.000462842
        26.5261    0.000481432    0.000481375    0.000475681    0.000462338     0.00046292
        26.5511    0.000479996    0.000480006    0.000474763    0.000462428    0.000463067
        26.5761    0.000478498    0.000478574    0.000473819    0.000462575    0.000463265
        26.6011    0.000476949    0.000477085    0.000472853     0.00046278    0.000463512
        26.6261    0.000475362    0.000475546     0.00047187    0.000463045    0.000463809
        26.6511    0.000473749    0.000473965    0.000470871    0.000463353    0.000464138
        26.6761    0.000472112    0.000472356    0.000469859    0.000463704    0.000464501
        26.7011    0.000470459    0.000470723    0.000468836    0.000464089    0.000464883
        26.7261    0.000468801    0.000469072    0.000467809    0.000464501    0.000465278
        26.7511    0.000467145    0.000467417    0.000466779     0.00046493    0.000465686
        26.7761    0.000465497    0.000465763    0.000465752    0.000465372    0.000466091
        26.8011    0.000463865    0.000464123    0.000464734    0.000465815    0.000466492
        26.8261    0.000462258    0.000462506    0.000463728    0.000466254    0.000466882
        26.8511    0.000460678     0.00046092    0.000462738    0.000466681    0.000467252
        26.8761    0.000459131    0.000459378    0.000461766    0.000467085    0.000467595
        26.9011    0.000457628    0.000457887    0.000460815    0.000467462    0.000467912
        26.9261    0.000456179    0.000456454    0.000459889    0.000467803    0.000468189
        26.9512    0.000454791     0.00045508    0.000458992    0.000468103    0.000468426
        26.9762    0.000453472    0.000453775    0.000458125    0.000468354    0.000468613
        27.0012    0.000452229    0.000452545    0.000457293    0.000468556    0.000468743
        27.0262    0.000451068    0.000451393    0.000456497    0.000468694    0.000468818
        27.0512    0.000449993     0.00045033    0.000455737     0.00046877    0.000468844
        27.0762    0.000449009    0.000449356    0.000455016    0.000468782    0.000468813
        27.1012    0.000448119    0.000448475    0.000454336    0.000468726    0.000468718
        27.1262    0.000447329    0.000447687    0.000453701    0.000468595    0.000468554
        27.1512    0.000446644    0.000446993    0.000453114    0.000468385     0.00046831
        27.1762    0.000446064    0.000446398    0.000452573    0.000468097    0.000467993
        27.2012     0.00044559    0.000445902    0.000452077    0.000467733    0.000467598
        27.2262    0.000445217    0.000445505     0.00045163    0.000467289    0.000467124
        27.2512     0.00044495    0.000445199     0.00045123    0.000466766    0.000466575
        27.2762    0.000444779    0.000444993     0.00045088    0.000466168     0.00046595
        27.3012    0.000444692    0.000444883    0.000450575    0.000465493    0.000465252
        27.3262    0.000444703    0.000444849    0.000450318    0.000464747    0.000464481
        27.3512    0.000444803    0.000444889    0.000450101    0.000463932    0.000463641
        27.3762     0.00044497    0.000445006    0.000449929    0.000463052    0.000462731
        27.4013    0.000445203    0.000445199    0.000449799    0.000462109     0.00046176
        27.4263     0.00044551    0.000445471    0.000449705    0.000461111     0.00046073
        27.4513    0.000445877    0.000445807    0.000449637    0.000460062    0.000459646
        27.4763    0.000446304    0.000446207    0.000449589    0.000458964    0.000458519
        27.5013    0.000446777    0.000446658    0.000449558    0.000457823    0.000457353
        27.5263     0.00044729    0.000447152    0.000449559    0.000456644    0.000456151
        27.5513    0.000447835    0.000447682    0.000449592     0.00045543    0.000454921
        27.5763    0.000448408    0.000448243    0.000449635    0.000454188    0.000453669
        27.6013    0.000449002    0.000448826    0.000449679    0.000452926    0.000452408
        27.6263    0.000449605    0.000449418     0.00044972    0.000451651    0.000451142
        27.6513    0.000450208    0.000450008    0.000449755     0.00045037    0.000449878
        27.6763    0.000450804    0.000450589    0.000449782     0.00044909    0.000448622
        27.7013    0.000451385    0.000451157    0.000449798    0.000447816    0.000447378
        27.7263    0.000451945    0.000451695    0.000449801    0.000446554    0.000446156
        27.7513    0.000452477    0.000452205    0.000449786     0.00044531     0.00044496
        27.7763    0.000452965    0.000452672     0.00044975    0.000444094    0.000443793
        27.8013    0.000453401    0.000453088    0.000449688     0.00044291    0.000442659
        27.8263    0.000453773    0.000453456    0.000449597    0.000441761    0.000441564
        27.8513    0.000454078    0.000453758    0.000449479    0.000440653    0.000440513
        27.8764    0.000454304    0.000453996    0.000449343     0.00043959    0.000439506
        27.9014    0.000454466    0.000454154    0.000449181    0.000438576    0.000438549
        27.9264    0.000454543     0.00045424    0.000448984    0.000437619    0.000437646
        27.9514    0.000454527    0.000454255    0.000448755    0.000436722      0.0004368
        27.9764    0.000454418    0.000454195    0.000448498    0.000435889    0.000436012
        28.0014    0.000454238    0.000454054    0.000448203    0.000435121    0.000435285
        28.0264    0.000453983    0.000453821    0.000447873     0.00043442    0.000434622
        28.0514     0.00045364    0.000453504    0.000447501    0.000433786    0.000434022
        28.0764     0.00045322    0.000453102    0.000447093    0.000433222    0.000433491
        28.1014     0.00045272    0.000452614    0.000446647     0.00043273    0.000433024
        28.1264    0.000452138    0.000452039    0.000446159    0.000432309    0.000432629
        28.1514    0.000451474    0.000451383    0.000445634    0.000431959      0.0004323
        28.1764    0.000450725    0.000450649     0.00044507    0.000431678    0.000432041
        28.2014    0.000449901    0.000449843    0.000444471    0.000431467    0.000431841
        28.2264    0.000449013    0.000448972    0.000443837    0.000431317    0.000431712
        28.2514    0.000448061    0.000448036    0.000443169    0.000431233    0.000431646
        28.2764    0.000447053    0.000447046    0.000442469    0.000431214    0.000431635
        28.3014     0.00044599    0.000446007    0.000441743    0.000431255    0.000431681
        28.3264    0.000444879    0.000444921    0.000440992    0.000431357     0.00043178
        28.3515    0.000443726    0.000443792    0.000440221    0.000431508    0.000431936
        28.3765    0.000442534    0.000442625    0.000439433    0.000431697    0.000432139
        28.4015    0.000441312    0.000441426    0.000438628    0.000431925    0.000432374
        28.4265    0.000440064    0.000440201    0.000437815     0.00043219    0.000432646
        28.4515    0.000438799    0.000438956    0.000436996    0.000432479    0.000432941
        28.4765    0.000437528    0.000437696    0.000436172    0.000432792    0.000433255
        28.5015    0.000436258    0.000436428    0.000435348    0.000433121    0.000433581
        28.5265    0.000434989     0.00043516     0.00043453    0.000433462     0.00043392
        28.5515    0.000433729    0.000433901    0.000433718    0.000433807    0.000434255
        28.5765    0.000432485    0.000432656    0.000432917    0.000434152    0.000434588
        28.6015    0.000431262    0.000431435    0.000432132    0.000434492     0.00043491
        28.6265    0.000430065    0.000430244    0.000431365     0.00043482    0.000435222
        28.6515    0.000428903    0.000429088    0.000430619    0.000435132    0.000435506
        28.6765    0.000427785    0.000427972    0.000429897    0.000435418    0.000435768
        28.7015    0.000426713    0.000426905    0.000429205    0.000435681    0.000435994
        28.7265    0.000425691    0.000425894    0.000428545    0.000435911    0.000436189
        28.7515    0.000424726    0.000424943    0.000427917    0.000436103    0.000436348
        28.7765    0.000423819    0.000424054    0.000427328    0.000436262    0.000436454
        28.8015    0.000422981    0.000423234    0.000426779    0.000436378    0.000436517
        28.8266    0.000422219    0.000422485    0.000426272    0.000436445    0.000436533
        28.8516    0.000421539    0.000421809    0.000425807    0.000436462    0.000436504
        28.8766    0.000420942     0.00042121    0.000425388    0.000436429    0.000436431
        28.9016    0.000420428    0.000420689    0.000425009    0.000436342    0.000436307
        28.9266    0.000419998    0.000420251    0.000424671    0.000436194    0.000436122
        28.9516    0.000419646    0.000419892    0.000424372     0.00043599    0.000435884
        28.9766    0.000419378    0.000419606    0.000424114    0.000435731    0.000435586
        29.0016    0.000419185    0.000419404     0.00042389    0.000435411    0.000435234
        29.0266    0.000419072    0.000419268    0.000423706    0.000435041    0.000434836
        29.0516    0.000419041    0.000419191    0.000423552    0.000434613    0.000434386
        29.0766    0.000419086    0.000419201    0.000423421    0.000434132    0.000433887
        29.1016    0.000419208    0.000419289    0.000423305      0.0004336    0.000433344
        29.1266    0.000419398    0.000419425    0.000423201    0.000433017    0.000432751
        29.1516    0.000419637    0.000419615    0.000423108    0.000432386    0.000432116
        29.1766    0.000419923    0.000419859    0.000423059    0.000431708    0.000431437
        29.2016    0.000420245    0.000420146    0.000423053    0.000430989    0.000430713
        29.2266    0.000420604    0.000420473    0.000423086     0.00043023    0.000429953
        29.2516    0.000420988    0.000420831    0.000423158    0.000429436     0.00042916
        29.2767    0.000421395    0.000421222    0.000423253     0.00042861     0.00042834
        29.3017    0.000421825    0.000421639    0.000423331    0.000427758    0.000427492
        29.3267    0.000422268    0.000422076    0.000423393    0.000426884    0.000426623
        29.3517    0.000422719    0.000422525    0.000423441    0.000425994    0.000425738
        29.3767    0.000423178    0.000422981    0.000423472    0.000425089    0.000424844
        29.4017    0.000423633    0.000423436    0.000423487     0.00042418    0.000423944
        29.4267     0.00042408    0.000423886    0.000423489    0.000423269    0.000423043
        29.4517    0.000424513    0.000424326    0.000423476    0.000422363    0.000422149
        29.4767    0.000424929    0.000424745    0.000423447    0.000421466    0.000421267
        29.5017    0.000425323    0.000425137      0.0004234    0.000420584    0.000420399
        29.5267    0.000425692    0.000425506    0.000423333    0.000419721     0.00041955
        29.5517    0.000426025    0.000425834    0.000423234    0.000418884    0.000418727
        29.5767     0.00042631    0.000426125    0.000423102    0.000418074    0.000417931
        29.6017    0.000426553    0.000426364    0.000422979    0.000417293    0.000417164
        29.6267    0.000426739    0.000426562     0.00042287    0.000416547    0.000416432
        29.6517    0.000426865    0.000426701     0.00042277    0.000415836    0.000415736
        29.6767    0.000426941    0.000426776    0.000422671    0.000415162    0.000415079
        29.7017    0.000426968    0.000426791    0.000422567     0.00041453    0.000414466
        29.7267    0.000426944    0.000426744    0.000422449    0.000413941    0.000413898
        29.7518    0.000426865    0.000426633    0.000422308    0.000413395    0.000413376
        29.7768    0.000426729    0.000426455    0.000422138    0.000412895    0.000412904
        29.8018    0.000426528    0.000426227    0.000421928    0.000412442     0.00041248
        29.8268    0.000426258    0.000425941    0.000421703    0.000412037    0.000412107
        29.8518    0.000425925    0.000425593    0.000421473    0.000411678    0.000411778
        29.8768    0.000425524    0.000425193    0.000421228    0.000411371    0.000411498
        29.9018     0.00042506    0.000424737    0.000420951    0.000411108    0.000411261
        29.9268    0.000424525    0.000424223    0.000420621    0.000410893    0.000411079
        29.9518    0.000423922    0.000423656    0.000420265    0.000410718    0.000410948
        29.9768    0.000423256    0.000423036    0.000419876    0.000410584    0.000410851
        30.0018    0.000422537    0.000422374    0.000419431      0.0004105    0.000410782
