  0
SECTION
  2
HEADER
  9
$ACADVER
  1
AC1024
  9
$ACADMAINTVER
 70
   109
  9
$DWGCODEPAGE
  3
ANSI_1252
  9
$LASTSAVEDBY
  1
tranh
  9
$INSBASE
 10
0.0
 20
0.0
 30
0.0
  9
$EXTMIN
 10
159.7199782897015
 20
28.56360381555368
 30
0.0
  9
$EXTMAX
 10
456.7199782897015
 20
238.5850323869822
 30
0.0
  9
$LIMMIN
 10
0.0
 20
0.0
  9
$LIMMAX
 10
12.0
 20
9.0
  9
$ORTHOMODE
 70
     1
  9
$REGENMODE
 70
     1
  9
$FILLMODE
 70
     1
  9
$QTEXTMODE
 70
     0
  9
$MIRRTEXT
 70
     1
  9
$LTSCALE
 40
1.0
  9
$ATTMODE
 70
     1
  9
$TEXTSIZE
 40
0.2
  9
$TRACEWID
 40
0.05
  9
$TEXTSTYLE
  7
Standard
  9
$CLAYER
  8
0
  9
$CELTYPE
  6
ByLayer
  9
$CECOLOR
 62
   256
  9
$CELTSCALE
 40
1.0
  9
$DISPSILH
 70
     0
  9
$DIMSCALE
 40
1.0
  9
$DIMASZ
 40
0.18
  9
$DIMEXO
 40
0.0625
  9
$DIMDLI
 40
0.38
  9
$DIMRND
 40
0.0
  9
$DIMDLE
 40
0.0
  9
$DIMEXE
 40
0.18
  9
$DIMTP
 40
0.0
  9
$DIMTM
 40
0.0
  9
$DIMTXT
 40
0.18
  9
$DIMCEN
 40
0.09
  9
$DIMTSZ
 40
0.0
  9
$DIMTOL
 70
     0
  9
$DIMLIM
 70
     0
  9
$DIMTIH
 70
     1
  9
$DIMTOH
 70
     1
  9
$DIMSE1
 70
     0
  9
$DIMSE2
 70
     0
  9
$DIMTAD
 70
     0
  9
$DIMZIN
 70
     0
  9
$DIMBLK
  1

  9
$DIMASO
 70
     1
  9
$DIMSHO
 70
     1
  9
$DIMPOST
  1

  9
$DIMAPOST
  1

  9
$DIMALT
 70
     0
  9
$DIMALTD
 70
     2
  9
$DIMALTF
 40
25.4
  9
$DIMLFAC
 40
1.0
  9
$DIMTOFL
 70
     0
  9
$DIMTVP
 40
0.0
  9
$DIMTIX
 70
     0
  9
$DIMSOXD
 70
     0
  9
$DIMSAH
 70
     0
  9
$DIMBLK1
  1

  9
$DIMBLK2
  1

  9
$DIMSTYLE
  2
Standard
  9
$DIMCLRD
 70
     0
  9
$DIMCLRE
 70
     0
  9
$DIMCLRT
 70
     0
  9
$DIMTFAC
 40
1.0
  9
$DIMGAP
 40
0.09
  9
$DIMJUST
 70
     0
  9
$DIMSD1
 70
     0
  9
$DIMSD2
 70
     0
  9
$DIMTOLJ
 70
     1
  9
$DIMTZIN
 70
     0
  9
$DIMALTZ
 70
     0
  9
$DIMALTTZ
 70
     0
  9
$DIMUPT
 70
     0
  9
$DIMDEC
 70
     4
  9
$DIMTDEC
 70
     4
  9
$DIMALTU
 70
     2
  9
$DIMALTTD
 70
     2
  9
$DIMTXSTY
  7
Standard
  9
$DIMAUNIT
 70
     0
  9
$DIMADEC
 70
     0
  9
$DIMALTRND
 40
0.0
  9
$DIMAZIN
 70
     0
  9
$DIMDSEP
 70
    46
  9
$DIMATFIT
 70
     3
  9
$DIMFRAC
 70
     0
  9
$DIMLDRBLK
  1

  9
$DIMLUNIT
 70
     2
  9
$DIMLWD
 70
    -2
  9
$DIMLWE
 70
    -2
  9
$DIMTMOVE
 70
     0
  9
$DIMFXL
 40
1.0
  9
$DIMFXLON
 70
     0
  9
$DIMJOGANG
 40
0.7853981633974483
  9
$DIMTFILL
 70
     0
  9
$DIMTFILLCLR
 70
     0
  9
$DIMARCSYM
 70
     0
  9
$DIMLTYPE
  6

  9
$DIMLTEX1
  6

  9
$DIMLTEX2
  6

  9
$DIMTXTDIRECTION
 70
     0
  9
$LUNITS
 70
     2
  9
$LUPREC
 70
     4
  9
$SKETCHINC
 40
0.1
  9
$FILLETRAD
 40
0.5
  9
$AUNITS
 70
     0
  9
$AUPREC
 70
     0
  9
$MENU
  1
.
  9
$ELEVATION
 40
0.0
  9
$PELEVATION
 40
0.0
  9
$THICKNESS
 40
0.0
  9
$LIMCHECK
 70
     0
  9
$CHAMFERA
 40
0.0
  9
$CHAMFERB
 40
0.0
  9
$CHAMFERC
 40
0.0
  9
$CHAMFERD
 40
0.0
  9
$SKPOLY
 70
     0
  9
$TDCREATE
 40
2459445.479281933
  9
$TDUCREATE
 40
2459445.187615266
  9
$TDUPDATE
 40
2459445.536020891
  9
$TDUUPDATE
 40
2459445.244354225
  9
$TDINDWG
 40
0.0352742245
  9
$TDUSRTIMER
 40
0.0352690046
  9
$USRTIMER
 70
     1
  9
$ANGBASE
 50
0.0
  9
$ANGDIR
 70
     0
  9
$PDMODE
 70
     0
  9
$PDSIZE
 40
0.0
  9
$PLINEWID
 40
0.0
  9
$SPLFRAME
 70
     0
  9
$SPLINETYPE
 70
     6
  9
$SPLINESEGS
 70
     8
  9
$HANDSEED
  5
F4A
  9
$SURFTAB1
 70
     6
  9
$SURFTAB2
 70
     6
  9
$SURFTYPE
 70
     6
  9
$SURFU
 70
     6
  9
$SURFV
 70
     6
  9
$UCSBASE
  2

  9
$UCSNAME
  2

  9
$UCSORG
 10
0.0
 20
0.0
 30
0.0
  9
$UCSXDIR
 10
1.0
 20
0.0
 30
0.0
  9
$UCSYDIR
 10
0.0
 20
1.0
 30
0.0
  9
$UCSORTHOREF
  2

  9
$UCSORTHOVIEW
 70
     0
  9
$UCSORGTOP
 10
0.0
 20
0.0
 30
0.0
  9
$UCSORGBOTTOM
 10
0.0
 20
0.0
 30
0.0
  9
$UCSORGLEFT
 10
0.0
 20
0.0
 30
0.0
  9
$UCSORGRIGHT
 10
0.0
 20
0.0
 30
0.0
  9
$UCSORGFRONT
 10
0.0
 20
0.0
 30
0.0
  9
$UCSORGBACK
 10
0.0
 20
0.0
 30
0.0
  9
$PUCSBASE
  2

  9
$PUCSNAME
  2

  9
$PUCSORG
 10
0.0
 20
0.0
 30
0.0
  9
$PUCSXDIR
 10
1.0
 20
0.0
 30
0.0
  9
$PUCSYDIR
 10
0.0
 20
1.0
 30
0.0
  9
$PUCSORTHOREF
  2

  9
$PUCSORTHOVIEW
 70
     0
  9
$PUCSORGTOP
 10
0.0
 20
0.0
 30
0.0
  9
$PUCSORGBOTTOM
 10
0.0
 20
0.0
 30
0.0
  9
$PUCSORGLEFT
 10
0.0
 20
0.0
 30
0.0
  9
$PUCSORGRIGHT
 10
0.0
 20
0.0
 30
0.0
  9
$PUCSORGFRONT
 10
0.0
 20
0.0
 30
0.0
  9
$PUCSORGBACK
 10
0.0
 20
0.0
 30
0.0
  9
$USERI1
 70
     0
  9
$USERI2
 70
     0
  9
$USERI3
 70
     0
  9
$USERI4
 70
     0
  9
$USERI5
 70
     0
  9
$USERR1
 40
0.0
  9
$USERR2
 40
0.0
  9
$USERR3
 40
0.0
  9
$USERR4
 40
0.0
  9
$USERR5
 40
0.0
  9
$WORLDVIEW
 70
     1
  9
$SHADEDGE
 70
     3
  9
$SHADEDIF
 70
    70
  9
$TILEMODE
 70
     1
  9
$MAXACTVP
 70
    64
  9
$PINSBASE
 10
0.0
 20
0.0
 30
0.0
  9
$PLIMCHECK
 70
     0
  9
$PEXTMIN
 10
1.000000000000000E+20
 20
1.000000000000000E+20
 30
1.000000000000000E+20
  9
$PEXTMAX
 10
-1.000000000000000E+20
 20
-1.000000000000000E+20
 30
-1.000000000000000E+20
  9
$PLIMMIN
 10
0.0
 20
0.0
  9
$PLIMMAX
 10
12.0
 20
9.0
  9
$UNITMODE
 70
     0
  9
$VISRETAIN
 70
     1
  9
$PLINEGEN
 70
     0
  9
$PSLTSCALE
 70
     1
  9
$TREEDEPTH
 70
  3020
  9
$CMLSTYLE
  2
Standard
  9
$CMLJUST
 70
     0
  9
$CMLSCALE
 40
1.0
  9
$PROXYGRAPHICS
 70
     1
  9
$MEASUREMENT
 70
     0
  9
$CELWEIGHT
370
    -1
  9
$ENDCAPS
280
     0
  9
$JOINSTYLE
280
     0
  9
$LWDISPLAY
290
     0
  9
$INSUNITS
 70
     1
  9
$HYPERLINKBASE
  1

  9
$STYLESHEET
  1

  9
$XEDIT
290
     1
  9
$CEPSNTYPE
380
     0
  9
$PSTYLEMODE
290
     1
  9
$FINGERPRINTGUID
  2
{3C9DF5DA-8F4A-4EBF-AE09-B9D7A693CCBD}
  9
$VERSIONGUID
  2
{19B98746-3001-4DD3-B8E9-EBF70E598E66}
  9
$EXTNAMES
290
     1
  9
$PSVPSCALE
 40
0.0
  9
$OLESTARTUP
290
     0
  9
$SORTENTS
280
   127
  9
$INDEXCTL
280
     0
  9
$HIDETEXT
280
     1
  9
$XCLIPFRAME
280
     0
  9
$HALOGAP
280
     0
  9
$OBSCOLOR
 70
   257
  9
$OBSLTYPE
280
     0
  9
$INTERSECTIONDISPLAY
280
     0
  9
$INTERSECTIONCOLOR
 70
   257
  9
$DIMASSOC
280
     2
  9
$PROJECTNAME
  1

  9
$CAMERADISPLAY
290
     0
  9
$LENSLENGTH
 40
50.0
  9
$CAMERAHEIGHT
 40
0.0
  9
$STEPSPERSEC
 40
2.0
  9
$STEPSIZE
 40
6.0
  9
$3DDWFPREC
 40
2.0
  9
$PSOLWIDTH
 40
0.25
  9
$PSOLHEIGHT
 40
4.0
  9
$LOFTANG1
 40
1.570796326794896
  9
$LOFTANG2
 40
1.570796326794896
  9
$LOFTMAG1
 40
0.0
  9
$LOFTMAG2
 40
0.0
  9
$LOFTPARAM
 70
     7
  9
$LOFTNORMALS
280
     1
  9
$LATITUDE
 40
0.0
  9
$LONGITUDE
 40
0.0
  9
$NORTHDIRECTION
 40
0.0
  9
$TIMEZONE
 70
 -8000
  9
$LIGHTGLYPHDISPLAY
280
     1
  9
$TILEMODELIGHTSYNCH
280
     1
  9
$SOLIDHIST
280
     1
  9
$SHOWHIST
280
     1
  9
$DWFFRAME
280
     2
  9
$DGNFRAME
280
     0
  9
$REALWORLDSCALE
290
     0
  9
$INTERFERECOLOR
 62
     1
  9
$CSHADOW
280
     0
  9
$SHADOWPLANELOCATION
 40
0.0
  0
ENDSEC
  0
SECTION
  2
CLASSES
  0
CLASS
  1
ACDBDICTIONARYWDFLT
  2
AcDbDictionaryWithDefault
  3
ObjectDBX Classes
 90
        0
 91
        1
280
     0
281
     0
  0
CLASS
  1
VISUALSTYLE
  2
AcDbVisualStyle
  3
ObjectDBX Classes
 90
     4095
 91
       24
280
     0
281
     0
  0
CLASS
  1
MATERIAL
  2
AcDbMaterial
  3
ObjectDBX Classes
 90
     1153
 91
        3
280
     0
281
     0
  0
CLASS
  1
SCALE
  2
AcDbScale
  3
ObjectDBX Classes
 90
     1153
 91
       33
280
     0
281
     0
  0
CLASS
  1
TABLESTYLE
  2
AcDbTableStyle
  3
ObjectDBX Classes
 90
     4095
 91
        1
280
     0
281
     0
  0
CLASS
  1
MLEADERSTYLE
  2
AcDbMLeaderStyle
  3
ACDB_MLEADERSTYLE_CLASS
 90
     4095
 91
        1
280
     0
281
     0
  0
CLASS
  1
SUN
  2
AcDbSun
  3
NULL
 90
     1024
 91
        1
280
     0
281
     0
  0
CLASS
  1
DICTIONARYVAR
  2
AcDbDictionaryVar
  3
ObjectDBX Classes
 90
        0
 91
        5
280
     0
281
     0
  0
CLASS
  1
CELLSTYLEMAP
  2
AcDbCellStyleMap
  3
NULL
 90
     1152
 91
        2
280
     0
281
     0
  0
CLASS
  1
SORTENTSTABLE
  2
AcDbSortentsTable
  3
ObjectDBX Classes
 90
        0
 91
        2
280
     0
281
     0
  0
CLASS
  1
ACAD_EVALUATION_GRAPH
  2
AcDbEvalGraph
  3
ObjectDBX Classes
 90
     1153
 91
        2
280
     0
281
     0
  0
CLASS
  1
BLOCKROTATIONPARAMETER
  2
AcDbBlockRotationParameter
  3
ObjectDBX Classes
 90
     1153
 91
        2
280
     0
281
     0
  0
CLASS
  1
BLOCKROTATIONGRIP
  2
AcDbBlockRotationGrip
  3
ObjectDBX Classes
 90
     1153
 91
        2
280
     0
281
     0
  0
CLASS
  1
BLOCKGRIPLOCATIONCOMPONENT
  2
AcDbBlockGripExpr
  3
ObjectDBX Classes
 90
     1153
 91
        4
280
     0
281
     0
  0
CLASS
  1
BLOCKROTATEACTION
  2
AcDbBlockRotateAction
  3
ObjectDBX Classes
 90
     1153
 91
        2
280
     0
281
     0
  0
CLASS
  1
ACDB_DYNAMICBLOCKPURGEPREVENTER_VERSION
  2
AcDbDynamicBlockPurgePreventer
  3
ObjectDBX Classes
 90
     1153
 91
        2
280
     0
281
     0
  0
CLASS
  1
ACDB_BLOCKREPRESENTATION_DATA
  2
AcDbBlockRepresentationData
  3
ObjectDBX Classes
 90
     1153
 91
       34
280
     0
281
     0
  0
ENDSEC
  0
SECTION
  2
TABLES
  0
TABLE
  2
VPORT
  5
8
102
{ACAD_XDICTIONARY
360
1ED
102
}
330
0
100
AcDbSymbolTable
 70
     1
  0
VPORT
  5
29
330
8
100
AcDbSymbolTableRecord
100
AcDbViewportTableRecord
  2
*Active
 70
     0
 10
0.0
 20
0.0
 11
1.0
 21
1.0
 12
305.9049786364185
 22
111.4165788986062
 13
0.0
 23
0.0
 14
0.5
 24
0.5
 15
0.5
 25
0.5
 16
0.0
 26
0.0
 36
1.0
 17
0.0
 27
0.0
 37
0.0
 40
234.3560124310432
 41
1.980125523012551
 42
50.0
 43
0.0
 44
0.0
 50
0.0
 51
0.0
 71
     0
 72
   100
 73
     1
 74
     3
 75
     0
 76
     0
 77
     0
 78
     0
281
     0
 65
     1
110
0.0
120
0.0
130
0.0
111
1.0
121
0.0
131
0.0
112
0.0
122
1.0
132
0.0
 79
     0
146
0.0
 60
     3
 61
     5
292
     1
282
     0
141
0.0
142
0.0
 63
   256
  0
ENDTAB
  0
TABLE
  2
LTYPE
  5
5
330
0
100
AcDbSymbolTable
 70
     6
  0
LTYPE
  5
14
330
5
100
AcDbSymbolTableRecord
100
AcDbLinetypeTableRecord
  2
ByBlock
 70
     0
  3

 72
    65
 73
     0
 40
0.0
  0
LTYPE
  5
15
330
5
100
AcDbSymbolTableRecord
100
AcDbLinetypeTableRecord
  2
ByLayer
 70
     0
  3

 72
    65
 73
     0
 40
0.0
  0
LTYPE
  5
16
330
5
100
AcDbSymbolTableRecord
100
AcDbLinetypeTableRecord
  2
Continuous
 70
     0
  3
Solid line
 72
    65
 73
     0
 40
0.0
  0
LTYPE
  5
6E
330
5
100
AcDbSymbolTableRecord
100
AcDbLinetypeTableRecord
  2
DOT
 70
     0
  3

 72
    65
 73
     2
 40
0.25
 49
0.0
 74
     0
 49
-0.25
 74
     0
  0
LTYPE
  5
6F
330
5
100
AcDbSymbolTableRecord
100
AcDbLinetypeTableRecord
  2
DASH
 70
     0
  3

 72
    65
 73
     2
 40
0.75
 49
0.5
 74
     0
 49
-0.25
 74
     0
  0
LTYPE
  5
70
330
5
100
AcDbSymbolTableRecord
100
AcDbLinetypeTableRecord
  2
SMALLDASH
 70
     0
  3

 72
    65
 73
     2
 40
0.5
 49
0.1
 74
     0
 49
-0.4
 74
     0
  0
LTYPE
  5
71
330
5
100
AcDbSymbolTableRecord
100
AcDbLinetypeTableRecord
  2
DASHDOT
 70
     0
  3

 72
    65
 73
     4
 40
1.0
 49
0.5
 74
     0
 49
-0.25
 74
     0
 49
0.0
 74
     0
 49
-0.25
 74
     0
  0
LTYPE
  5
72
330
5
100
AcDbSymbolTableRecord
100
AcDbLinetypeTableRecord
  2
DASHDOTDOT
 70
     0
  3

 72
    65
 73
     6
 40
1.25
 49
0.5
 74
     0
 49
-0.25
 74
     0
 49
0.0
 74
     0
 49
-0.25
 74
     0
 49
0.0
 74
     0
 49
-0.25
 74
     0
  0
ENDTAB
  0
TABLE
  2
LAYER
  5
2
102
{ACAD_XDICTIONARY
360
244
102
}
330
0
100
AcDbSymbolTable
 70
    15
  0
LAYER
  5
10
330
2
100
AcDbSymbolTableRecord
100
AcDbLayerTableRecord
  2
0
 70
     0
 62
     7
  6
Continuous
370
    -3
390
F
347
0
  0
LAYER
  5
74
330
2
100
AcDbSymbolTableRecord
100
AcDbLayerTableRecord
  2
Color-7-Line_Weight-0
 70
     0
 62
     7
  6
Continuous
370
     0
390
F
347
46
  0
LAYER
  5
76
330
2
100
AcDbSymbolTableRecord
100
AcDbLayerTableRecord
  2
Color-7-Line_Weight-25
 70
     0
 62
     7
  6
Continuous
370
    25
390
F
347
46
  0
LAYER
  5
7E
330
2
100
AcDbSymbolTableRecord
100
AcDbLayerTableRecord
  2
Color-7-Line_Weight-53
 70
     0
 62
     7
  6
Continuous
370
    53
390
F
347
46
  0
LAYER
  5
94
330
2
100
AcDbSymbolTableRecord
100
AcDbLayerTableRecord
  2
Color-7-Line_Weight-106
 70
     0
 62
     7
  6
Continuous
370
   106
390
F
347
46
  0
LAYER
  5
23A
330
2
100
AcDbSymbolTableRecord
100
AcDbLayerTableRecord
  2
Defpoints
 70
     0
 62
   251
  6
Continuous
290
     0
370
    -3
390
F
347
46
1001
AcAecLayerStandard
1000

1000

  0
LAYER
  5
23B
102
{ACAD_XDICTIONARY
360
23C
102
}
330
2
100
AcDbSymbolTableRecord
100
AcDbLayerTableRecord
  2
PSSE Flow
 70
     0
 62
     2
  6
Continuous
370
    -3
390
F
347
46
1001
AcAecLayerStandard
1000

1000

  0
LAYER
  5
263
102
{ACAD_XDICTIONARY
360
264
102
}
330
2
100
AcDbSymbolTableRecord
100
AcDbLayerTableRecord
  2
220kV_Line
 70
     0
 62
     4
  6
Continuous
370
    25
390
F
347
46
  0
LAYER
  5
26D
102
{ACAD_XDICTIONARY
360
26E
102
}
330
2
100
AcDbSymbolTableRecord
100
AcDbLayerTableRecord
  2
220_LINE
 70
     0
 62
   161
  6
Continuous
370
    35
390
F
347
46
  0
LAYER
  5
27F
330
2
100
AcDbSymbolTableRecord
100
AcDbLayerTableRecord
  2
220kV_Bushh
 70
     0
 62
     4
  6
Continuous
370
    53
390
F
347
46
1001
AcAecLayerStandard
1000

1000

  0
LAYER
  5
2A8
102
{ACAD_XDICTIONARY
360
2A9
102
}
330
2
100
AcDbSymbolTableRecord
100
AcDbLayerTableRecord
  2
PSSE Flow 20
 70
     0
 62
     2
  6
Continuous
370
    -3
390
F
347
46
1001
AcAecLayerStandard
1000

1000

  0
LAYER
  5
2AA
102
{ACAD_XDICTIONARY
360
2AB
102
}
330
2
100
AcDbSymbolTableRecord
100
AcDbLayerTableRecord
  2
220kV_Linehh
 70
     0
 62
     4
  6
Continuous
370
    25
390
F
347
46
  0
LAYER
  5
325
330
2
100
AcDbSymbolTableRecord
100
AcDbLayerTableRecord
  2
110kV_Line20
 70
     0
 62
     5
  6
Continuous
370
    13
390
F
347
46
1001
AcAecLayerStandard
1000

1000

  0
LAYER
  5
43C
330
2
100
AcDbSymbolTableRecord
100
AcDbLayerTableRecord
  2
Khung
 70
     0
 62
     7
  6
Continuous
370
    25
390
F
347
46
1001
AcAecLayerStandard
1000

1000

  0
LAYER
  5
448
330
2
100
AcDbSymbolTableRecord
100
AcDbLayerTableRecord
  2
Legend
 70
     0
 62
     7
  6
Continuous
370
    -3
390
F
347
46
1001
AcAecLayerStandard
1000

1000

  0
ENDTAB
  0
TABLE
  2
STYLE
  5
3
330
0
100
AcDbSymbolTable
 70
     6
  0
STYLE
  5
11
330
3
100
AcDbSymbolTableRecord
100
AcDbTextStyleTableRecord
  2
Standard
 70
     0
 40
0.0
 41
1.0
 50
0.0
 71
     0
 42
0.2
  3
isocp.shx
  4

  0
STYLE
  5
73
330
3
100
AcDbSymbolTableRecord
100
AcDbTextStyleTableRecord
  2
Arial
 70
     0
 40
0.0
 41
1.0
 50
0.0
 71
     0
 42
0.2
  3
arial.ttf
  4

1001
ACAD
1000
arial
1071
        0
  0
STYLE
  5
77
330
3
100
AcDbSymbolTableRecord
100
AcDbTextStyleTableRecord
  2
p2c-2
 70
     0
 40
0.0
 41
1.0
 50
0.0
 71
     0
 42
0.2
  3
arial.ttf
  4

1001
ACAD
1000
arial
1071
        0
  0
STYLE
  5
23D
330
3
100
AcDbSymbolTableRecord
100
AcDbTextStyleTableRecord
  2
Legend
 70
     0
 40
2.5
 41
1.0
 50
0.0
 71
     0
 42
2.5
  3
arial.ttf
  4

1001
ACAD
1000
Arial
1071
       34
  0
STYLE
  5
23E
330
3
100
AcDbSymbolTableRecord
100
AcDbTextStyleTableRecord
  2
PSSE Flow
 70
     0
 40
0.0
 41
1.0
 50
0.0
 71
     0
 42
0.2
  3
arial.ttf
  4

1001
ACAD
1000
Arial
1071
       34
  0
STYLE
  5
43D
330
3
100
AcDbSymbolTableRecord
100
AcDbTextStyleTableRecord
  2
ISO Proportional
 70
     0
 40
0.0
 41
1.0
 50
0.0
 71
     0
 42
2.5
  3
isocp.shx
  4

  0
ENDTAB
  0
TABLE
  2
VIEW
  5
6
330
0
100
AcDbSymbolTable
 70
     0
  0
ENDTAB
  0
TABLE
  2
UCS
  5
7
330
0
100
AcDbSymbolTable
 70
     0
  0
ENDTAB
  0
TABLE
  2
APPID
  5
9
330
0
100
AcDbSymbolTable
 70
    12
  0
APPID
  5
12
330
9
100
AcDbSymbolTableRecord
100
AcDbRegAppTableRecord
  2
ACAD
 70
     0
  0
APPID
  5
22C
330
9
100
AcDbSymbolTableRecord
100
AcDbRegAppTableRecord
  2
ACAD_MLEADERVER
 70
     0
  0
APPID
  5
23F
330
9
100
AcDbSymbolTableRecord
100
AcDbRegAppTableRecord
  2
AcadAnnotative
 70
     0
  0
APPID
  5
240
330
9
100
AcDbSymbolTableRecord
100
AcDbRegAppTableRecord
  2
AcAecLayerStandard
 70
     0
  0
APPID
  5
241
330
9
100
AcDbSymbolTableRecord
100
AcDbRegAppTableRecord
  2
ACAD_PSEXT
 70
     0
  0
APPID
  5
242
330
9
100
AcDbSymbolTableRecord
100
AcDbRegAppTableRecord
  2
ACAD_NAV_VCDISPLAY
 70
     0
  0
APPID
  5
243
330
9
100
AcDbSymbolTableRecord
100
AcDbRegAppTableRecord
  2
AcLayerTools
 70
     0
  0
APPID
  5
2AC
330
9
100
AcDbSymbolTableRecord
100
AcDbRegAppTableRecord
  2
AcDbDynamicBlockGUID
 70
     0
  0
APPID
  5
2AD
330
9
100
AcDbSymbolTableRecord
100
AcDbRegAppTableRecord
  2
ACAUTHENVIRON
 70
     0
  0
APPID
  5
2AE
330
9
100
AcDbSymbolTableRecord
100
AcDbRegAppTableRecord
  2
AcDbDynamicBlockTrueName
 70
     0
  0
APPID
  5
2AF
330
9
100
AcDbSymbolTableRecord
100
AcDbRegAppTableRecord
  2
AcDbBlockRepETag
 70
     0
  0
APPID
  5
2B0
330
9
100
AcDbSymbolTableRecord
100
AcDbRegAppTableRecord
  2
AcDbBlockRepBTag
 70
     0
  0
ENDTAB
  0
TABLE
  2
DIMSTYLE
  5
A
330
0
100
AcDbSymbolTable
 70
     1
100
AcDbDimStyleTable
 71
     0
  0
DIMSTYLE
105
27
330
A
100
AcDbSymbolTableRecord
100
AcDbDimStyleTableRecord
  2
Standard
 70
     0
340
11
  0
ENDTAB
  0
TABLE
  2
BLOCK_RECORD
  5
1
330
0
100
AcDbSymbolTable
 70
    77
  0
BLOCK_RECORD
  5
1F
330
1
100
AcDbSymbolTableRecord
100
AcDbBlockTableRecord
  2
*Model_Space
340
22
 70
     0
280
     1
281
     0
  0
BLOCK_RECORD
  5
1B
330
1
100
AcDbSymbolTableRecord
100
AcDbBlockTableRecord
  2
*Paper_Space
340
1E
 70
     0
280
     1
281
     0
  0
BLOCK_RECORD
  5
23
330
1
100
AcDbSymbolTableRecord
100
AcDbBlockTableRecord
  2
*Paper_Space0
340
26
 70
     0
280
     1
281
     0
  0
BLOCK_RECORD
  5
298
102
{ACAD_XDICTIONARY
360
299
102
}
330
1
100
AcDbSymbolTableRecord
100
AcDbBlockTableRecord
  2
*U1
340
0
310
2800000020000000200000000100080000000000000400000000000000000000000000000000000000000000000080000080000000808000800000008000800080800000C0C0C000C0DCC000F0CAA6000020400000206000002080000020A0000020C0000020E00000400000004020000040400000406000004080000040A0
310
000040C0000040E00000600000006020000060400000606000006080000060A0000060C0000060E00000800000008020000080400000806000008080000080A0000080C0000080E00000A0000000A0200000A0400000A0600000A0800000A0A00000A0C00000A0E00000C0000000C0200000C0400000C0600000C0800000C0
310
A00000C0C00000C0E00000E0000000E0200000E0400000E0600000E0800000E0A00000E0C00000E0E00040000000400020004000400040006000400080004000A0004000C0004000E00040200000402020004020400040206000402080004020A0004020C0004020E000404000004040200040404000404060004040800040
310
40A0004040C0004040E00040600000406020004060400040606000406080004060A0004060C0004060E00040800000408020004080400040806000408080004080A0004080C0004080E00040A0000040A0200040A0400040A0600040A0800040A0A00040A0C00040A0E00040C0000040C0200040C0400040C0600040C08000
310
40C0A00040C0C00040C0E00040E0000040E0200040E0400040E0600040E0800040E0A00040E0C00040E0E00080000000800020008000400080006000800080008000A0008000C0008000E00080200000802020008020400080206000802080008020A0008020C0008020E00080400000804020008040400080406000804080
310
008040A0008040C0008040E00080600000806020008060400080606000806080008060A0008060C0008060E00080800000808020008080400080806000808080008080A0008080C0008080E00080A0000080A0200080A0400080A0600080A0800080A0A00080A0C00080A0E00080C0000080C0200080C0400080C0600080C0
310
800080C0A00080C0C00080C0E00080E0000080E0200080E0400080E0600080E0800080E0A00080E0C00080E0E000C0000000C0002000C0004000C0006000C0008000C000A000C000C000C000E000C0200000C0202000C0204000C0206000C0208000C020A000C020C000C020E000C0400000C0402000C0404000C0406000C0
310
408000C040A000C040C000C040E000C0600000C0602000C0604000C0606000C0608000C060A000C060C000C060E000C0800000C0802000C0804000C0806000C0808000C080A000C080C000C080E000C0A00000C0A02000C0A04000C0A06000C0A08000C0A0A000C0A0C000C0A0E000C0C00000C0C02000C0C04000C0C06000
310
C0C08000C0C0A000F0FBFF00A4A0A000808080000000FF0000FF000000FFFF00FF000000FF00FF00FFFF0000FFFFFF0000000000000000000000000000000000000000000000000000000000000000000000000000000000000000000000000000000000000000000000000000000000000000000000000000000000000000
310
00000000000000000000000000000000000000000000000000000000000000000000000000000000000000000000000000000000000000000000000000000000000000000000000000000000000000000000000000000000000000000000000000000000000000000000000000000000000000000000000000000000000000
310
00000000000000000000000000000000000000000000000000000000000000000000000000000000000000000000000000000000000000000000000000000000000000000000000000000000000000000000000000000000000000000000000000000000000000000000000000000000000000FBFBFB000000000000000000
310
0000000000000000000000000000000000000000000000FBFBFBFBFBFB0000000000000000000000000000000000000000000000000000000000000000FBFBFBFBFBFB0000000000000000000000000000000000000000000000000000000000000000FBFBFBFBFBFB00000000000000000000000000000000000000000000
310
00000000000000000000FBFBFBFBFBFB0000000000000000000000000000000000000000000000000000000000000000FBFBFB000000000000000000000000000000000000000000000000FBFBFBFBFB00000000000000000000000000000000000000000000FBFBFBFBFB0000000000000000000000000000000000000000
310
000000FBFBFBFB0000000000000000000000000000000000000000000000FBFBFBFBFB00000000000000000000000000000000000000000000FBFBFBFBFB000000000000000000000000000000000000000000000000FBFBFB0000000000000000000000000000000000000000000000000000000000000000000000000000
310
00000000000000000000000000000000000000000000000000000000000000000000000000000000000000000000000000000000000000000000000000000000000000000000000000000000000000000000000000000000000000000000000000000000000000000000000000000000000000000000000000000000000000
310
00000000000000000000000000000000000000000000000000000000000000000000000000000000000000000000000000000000000000000000000000000000000000000000000000000000000000000000000000000000000000000000000000000000000000000000000000000000000000000000000000000000000000
310
0000000000000000000000000000000000000000000000000000000000000000000000000000000000000000000000000000000000000000
 70
     4
280
     1
281
     1
1001
AcDbDynamicBlockTrueName
1000
Direction
1001
AcDbDynamicBlockGUID
1000
{60CFF4B2-A6BB-4C31-8952-4B984D204596}
1001
AcDbBlockRepETag
1070
     1
1071
        1
  0
BLOCK_RECORD
  5
2A4
330
1
100
AcDbSymbolTableRecord
100
AcDbBlockTableRecord
  2
*U2
340
0
102
{BLKREFS
331
2B3
331
2FB
331
571
331
591
331
5B1
331
E5D
331
E70
102
}
 70
     0
280
     1
281
     1
1001
AcDbBlockRepBTag
1070
     1
1005
298
  0
BLOCK_RECORD
  5
2B1
102
{ACAD_XDICTIONARY
360
2BB
102
}
330
1
100
AcDbSymbolTableRecord
100
AcDbBlockTableRecord
  2
Z$W@#61F66090
340
0
 70
     1
280
     1
281
     0
  0
BLOCK_RECORD
  5
346
330
1
100
AcDbSymbolTableRecord
100
AcDbBlockTableRecord
  2
Z$W@#41134227
340
0
 70
     1
280
     1
281
     0
  0
BLOCK_RECORD
  5
3CE
102
{ACAD_XDICTIONARY
360
3CF
102
}
330
1
100
AcDbSymbolTableRecord
100
AcDbBlockTableRecord
  2
Khung A3
340
0
102
{BLKREFS
331
446
102
}
 70
     4
280
     1
281
     0
1001
AcDbDynamicBlockGUID
1000
{38381076-71FF-43BB-919F-57E3FCA8E97B}
  0
BLOCK_RECORD
  5
615
330
1
100
AcDbSymbolTableRecord
100
AcDbBlockTableRecord
  2
*U18
340
0
102
{BLKREFS
331
60D
102
}
 70
     0
280
     1
281
     1
1001
AcDbBlockRepBTag
1070
     1
1005
298
  0
BLOCK_RECORD
  5
6B7
102
{ACAD_XDICTIONARY
360
6B8
102
}
330
1
100
AcDbSymbolTableRecord
100
AcDbBlockTableRecord
  2
*U19
340
0
310
2800000020000000200000000100080000000000000400000000000000000000000000000000000000000000000080000080000000808000800000008000800080800000C0C0C000C0DCC000F0CAA6000020400000206000002080000020A0000020C0000020E00000400000004020000040400000406000004080000040A0
310
000040C0000040E00000600000006020000060400000606000006080000060A0000060C0000060E00000800000008020000080400000806000008080000080A0000080C0000080E00000A0000000A0200000A0400000A0600000A0800000A0A00000A0C00000A0E00000C0000000C0200000C0400000C0600000C0800000C0
310
A00000C0C00000C0E00000E0000000E0200000E0400000E0600000E0800000E0A00000E0C00000E0E00040000000400020004000400040006000400080004000A0004000C0004000E00040200000402020004020400040206000402080004020A0004020C0004020E000404000004040200040404000404060004040800040
310
40A0004040C0004040E00040600000406020004060400040606000406080004060A0004060C0004060E00040800000408020004080400040806000408080004080A0004080C0004080E00040A0000040A0200040A0400040A0600040A0800040A0A00040A0C00040A0E00040C0000040C0200040C0400040C0600040C08000
310
40C0A00040C0C00040C0E00040E0000040E0200040E0400040E0600040E0800040E0A00040E0C00040E0E00080000000800020008000400080006000800080008000A0008000C0008000E00080200000802020008020400080206000802080008020A0008020C0008020E00080400000804020008040400080406000804080
310
008040A0008040C0008040E00080600000806020008060400080606000806080008060A0008060C0008060E00080800000808020008080400080806000808080008080A0008080C0008080E00080A0000080A0200080A0400080A0600080A0800080A0A00080A0C00080A0E00080C0000080C0200080C0400080C0600080C0
310
800080C0A00080C0C00080C0E00080E0000080E0200080E0400080E0600080E0800080E0A00080E0C00080E0E000C0000000C0002000C0004000C0006000C0008000C000A000C000C000C000E000C0200000C0202000C0204000C0206000C0208000C020A000C020C000C020E000C0400000C0402000C0404000C0406000C0
310
408000C040A000C040C000C040E000C0600000C0602000C0604000C0606000C0608000C060A000C060C000C060E000C0800000C0802000C0804000C0806000C0808000C080A000C080C000C080E000C0A00000C0A02000C0A04000C0A06000C0A08000C0A0A000C0A0C000C0A0E000C0C00000C0C02000C0C04000C0C06000
310
C0C08000C0C0A000F0FBFF00A4A0A000808080000000FF0000FF000000FFFF00FF000000FF00FF00FFFF0000FFFFFF0000000000000000000000000000000000000000000000000000000000000000000000000000000000000000000000000000000000000000000000000000000000000000000000000000000000000000
310
00000000000000000000000000000000000000000000000000000000000000000000000000000000000000000000000000000000000000000000000000000000000000000000000000000000000000000000000000000000000000000000000000000000000000000000000000000000000000000000000000000000000000
310
00000000000000000000000000000000000000000000000000000000000000000000000000000000000000000000000000000000000000000000000000000000000000000000000000000000000000000000000000000000000000000000000000000000000000000000000000000000000000FBFBFB000000000000000000
310
0000000000000000000000000000000000000000000000FBFBFBFBFBFB0000000000000000000000000000000000000000000000000000000000000000FBFBFBFBFBFB0000000000000000000000000000000000000000000000000000000000000000FBFBFBFBFBFB00000000000000000000000000000000000000000000
310
00000000000000000000FBFBFBFBFBFB0000000000000000000000000000000000000000000000000000000000000000FBFBFB000000000000000000000000000000000000000000000000FBFBFBFBFB00000000000000000000000000000000000000000000FBFBFBFBFB0000000000000000000000000000000000000000
310
000000FBFBFBFB0000000000000000000000000000000000000000000000FBFBFBFBFB00000000000000000000000000000000000000000000FBFBFBFBFB000000000000000000000000000000000000000000000000FBFBFB0000000000000000000000000000000000000000000000000000000000000000000000000000
310
00000000000000000000000000000000000000000000000000000000000000000000000000000000000000000000000000000000000000000000000000000000000000000000000000000000000000000000000000000000000000000000000000000000000000000000000000000000000000000000000000000000000000
310
00000000000000000000000000000000000000000000000000000000000000000000000000000000000000000000000000000000000000000000000000000000000000000000000000000000000000000000000000000000000000000000000000000000000000000000000000000000000000000000000000000000000000
310
0000000000000000000000000000000000000000000000000000000000000000000000000000000000000000000000000000000000000000
 70
     4
280
     1
281
     1
1001
AcDbDynamicBlockTrueName
1000
Direction
1001
AcDbDynamicBlockGUID
1000
{47DEB09C-3597-45FB-A2BC-4D4064924548}
1001
AcDbBlockRepETag
1070
     1
1071
        1
  0
BLOCK_RECORD
  5
6C3
330
1
100
AcDbSymbolTableRecord
100
AcDbBlockTableRecord
  2
*U20
340
0
102
{BLKREFS
331
6D3
331
6F9
331
71F
331
745
331
76B
331
C35
102
}
 70
     0
280
     1
281
     1
1001
AcDbBlockRepBTag
1070
     1
1005
6B7
  0
BLOCK_RECORD
  5
782
330
1
100
AcDbSymbolTableRecord
100
AcDbBlockTableRecord
  2
*U30
340
0
102
{BLKREFS
331
78B
331
7B8
331
7DF
331
806
331
827
331
86C
331
899
331
8C5
331
983
331
9AA
331
A02
331
A29
331
A50
331
A73
331
A9A
331
AC1
331
AE7
331
B0E
331
B35
331
C5F
102
}
 70
     0
280
     1
281
     1
1001
AcDbBlockRepBTag
1070
     1
1005
6B7
  0
BLOCK_RECORD
  5
C3D
330
1
100
AcDbSymbolTableRecord
100
AcDbBlockTableRecord
  2
Z$W@#61301CF4
340
0
 70
     1
280
     1
281
     0
  0
BLOCK_RECORD
  5
E58
330
1
100
AcDbSymbolTableRecord
100
AcDbBlockTableRecord
  2
*U73
340
0
 70
     0
280
     1
281
     1
1001
AcDbBlockRepBTag
1070
     1
1005
298
  0
BLOCK_RECORD
  5
E67
102
{ACAD_XDICTIONARY
360
E6B
102
}
330
1
100
AcDbSymbolTableRecord
100
AcDbBlockTableRecord
  2
*U75
340
0
 70
     0
280
     1
281
     1
1001
AcDbBlockRepBTag
1070
     1
1005
298
  0
ENDTAB
  0
ENDSEC
  0
SECTION
  2
BLOCKS
  0
BLOCK
  5
20
330
1F
100
AcDbEntity
  8
0
100
AcDbBlockBegin
  2
*Model_Space
 70
     0
 10
0.0
 20
0.0
 30
0.0
  3
*Model_Space
  1

  0
ENDBLK
  5
21
330
1F
100
AcDbEntity
  8
0
100
AcDbBlockEnd
  0
BLOCK
  5
1C
330
1B
100
AcDbEntity
 67
     1
  8
0
100
AcDbBlockBegin
  2
*Paper_Space
 70
     0
 10
0.0
 20
0.0
 30
0.0
  3
*Paper_Space
  1

  0
ENDBLK
  5
1D
330
1B
100
AcDbEntity
 67
     1
  8
0
100
AcDbBlockEnd
  0
BLOCK
  5
24
330
23
100
AcDbEntity
  8
0
100
AcDbBlockBegin
  2
*Paper_Space0
 70
     0
 10
0.0
 20
0.0
 30
0.0
  3
*Paper_Space0
  1

  0
ENDBLK
  5
25
330
23
100
AcDbEntity
  8
0
100
AcDbBlockEnd
  0
BLOCK
  5
2A1
330
298
100
AcDbEntity
  8
0
100
AcDbBlockBegin
  2
*U1
 70
     1
 10
0.0
 20
0.0
 30
0.0
  3
*U1
  1

  0
LWPOLYLINE
  5
2A2
330
298
100
AcDbEntity
  8
PSSE Flow 20
100
AcDbPolyline
 90
        3
 70
     0
 43
0.0
 10
-1.582140940024146
 20
-0.3368175743034953
 10
0.0
 20
0.0
 10
-1.582140940024146
 20
0.3368175743037227
1001
AcDbBlockRepETag
1070
     1
1071
        0
1005
2A2
  0
ENDBLK
  5
2A3
330
298
100
AcDbEntity
  8
0
100
AcDbBlockEnd
  0
BLOCK
  5
2A5
330
2A4
100
AcDbEntity
  8
0
100
AcDbBlockBegin
  2
*U2
 70
     1
 10
0.0
 20
0.0
 30
0.0
  3
*U2
  1

  0
LWPOLYLINE
  5
2A6
330
2A4
100
AcDbEntity
  8
PSSE Flow 20
100
AcDbPolyline
 90
        3
 70
     0
 43
0.0
 10
1.582140940024167
 20
0.3368175743033966
 10
0.0
 20
0.0
 10
1.582140940024125
 20
-0.3368175743038215
1001
AcDbBlockRepETag
1070
     1
1071
        0
1005
2A6
  0
ENDBLK
  5
2A7
330
2A4
100
AcDbEntity
  8
0
100
AcDbBlockEnd
  0
BLOCK
  5
2BD
330
2B1
100
AcDbEntity
  8
0
100
AcDbBlockBegin
  2
Z$W@#61F66090
 70
     0
 10
0.0
 20
0.0
 30
0.0
  3
Z$W@#61F66090
  1

  0
LINE
  5
2B2
330
2B1
100
AcDbEntity
  8
220kV_Bushh
100
AcDbLine
 10
0.000005109216545
 20
35.3465086442659
 30
0.0
 11
12.22515859923624
 21
35.3465086442659
 31
0.0
  0
INSERT
  5
2B3
102
{ACAD_XDICTIONARY
360
2B4
102
}
330
2B1
100
AcDbEntity
  8
220kV_Linehh
100
AcDbBlockReference
  2
*U2
 10
39.48796105471411
 20
1.884239322056258
 30
0.0
 41
-1.190944881889491
 42
1.190944881889491
 43
1.190944881889491
 50
90.0
  0
ENDBLK
  5
2BE
330
2B1
100
AcDbEntity
  8
0
100
AcDbBlockEnd
  0
BLOCK
  5
348
330
346
100
AcDbEntity
  8
0
100
AcDbBlockBegin
  2
Z$W@#41134227
 70
     0
 10
0.0
 20
0.0
 30
0.0
  3
Z$W@#41134227
  1

  0
LWPOLYLINE
  5
347
330
346
100
AcDbEntity
  8
220_LINE
 62
     3
100
AcDbPolyline
 90
        2
 70
     0
 43
0.2244
 10
-0.0000001388770379
 20
0.1121998086576497
 10
21.57368077690126
 20
0.1121998086576497
  0
ENDBLK
  5
349
330
346
100
AcDbEntity
  8
0
100
AcDbBlockEnd
  0
BLOCK
  5
3D1
330
3CE
100
AcDbEntity
  8
0
100
AcDbBlockBegin
  2
Khung A3
 70
     0
 10
0.0
 20
0.0
 30
0.0
  3
Khung A3
  1

  0
LWPOLYLINE
  5
3D2
330
3CE
100
AcDbEntity
  8
Defpoints
  6
Continuous
 48
1.6
100
AcDbPolyline
 90
        4
 70
     1
 43
0.0
 10
-420.0
 20
297.0
 10
0.0
 20
297.0
 10
0.0
 20
0.0
 10
-420.0
 20
0.0
  0
LWPOLYLINE
  5
3D3
330
3CE
100
AcDbEntity
  8
0
  6
Continuous
 48
1.6
100
AcDbPolyline
 90
        4
 70
     1
 43
0.0
 10
-395.0
 20
287.0
 10
-8.0
 20
287.0
 10
-8.0
 20
9.0
 10
-395.0
 20
9.0
  0
LWPOLYLINE
  5
3D4
330
3CE
100
AcDbEntity
  8
0
  6
Continuous
 48
1.6
100
AcDbPolyline
 90
        2
 70
     0
 43
0.0
 10
-370.8125
 20
287.0
 10
-370.8125
 20
290.0
  0
LWPOLYLINE
  5
3D5
330
3CE
100
AcDbEntity
  8
0
  6
Continuous
 48
1.6
100
AcDbPolyline
 90
        2
 70
     0
 43
0.0
 10
-346.625
 20
287.0
 10
-346.625
 20
290.0
  0
LWPOLYLINE
  5
3D6
330
3CE
100
AcDbEntity
  8
0
  6
Continuous
 48
1.6
100
AcDbPolyline
 90
        2
 70
     0
 43
0.0
 10
-322.4375
 20
287.0
 10
-322.4375
 20
290.0
  0
LWPOLYLINE
  5
3D7
330
3CE
100
AcDbEntity
  8
0
  6
Continuous
 48
1.6
100
AcDbPolyline
 90
        2
 70
     0
 43
0.0
 10
-298.25
 20
287.0
 10
-298.25
 20
290.0
  0
LWPOLYLINE
  5
3D8
330
3CE
100
AcDbEntity
  8
0
  6
Continuous
 48
1.6
100
AcDbPolyline
 90
        2
 70
     0
 43
0.0
 10
-398.0
 20
75.25
 10
-395.0
 20
75.25
  0
LWPOLYLINE
  5
3D9
330
3CE
100
AcDbEntity
  8
0
  6
Continuous
 48
1.6
100
AcDbPolyline
 90
        2
 70
     0
 43
0.0
 10
-398.0
 20
40.625
 10
-395.0
 20
40.625
  0
TEXT
  5
3DA
330
3CE
100
AcDbEntity
  8
0
  6
Continuous
 48
1.6
100
AcDbText
 10
-7.597309495598893
 20
268.3518039143891
 30
0.0
 40
2.5
  1
A
  7
ISO Proportional
100
AcDbText
  0
TEXT
  5
3DB
330
3CE
100
AcDbEntity
  8
0
  6
Continuous
 48
1.6
100
AcDbText
 10
-397.5863387299178
 20
92.56249999999999
 30
0.0
 40
2.5
  1
F
  7
ISO Proportional
100
AcDbText
  0
TEXT
  5
3DC
330
3CE
100
AcDbEntity
  8
0
  6
Continuous
 48
1.6
100
AcDbText
 10
-397.5863387299178
 20
57.9375
 30
0.0
 40
2.5
  1
G
  7
ISO Proportional
100
AcDbText
  0
TEXT
  5
3DD
330
3CE
100
AcDbEntity
  8
0
  6
Continuous
 48
1.6
100
AcDbText
 10
-397.5863387299178
 20
23.31250000000002
 30
0.0
 40
2.5
  1
H
  7
ISO Proportional
100
AcDbText
  0
TEXT
  5
3DE
330
3CE
100
AcDbEntity
  8
0
  6
Continuous
 48
1.6
100
AcDbText
 10
-383.16492709468
 20
287.2889165921515
 30
0.0
 40
2.5
  1
1
  7
ISO Proportional
100
AcDbText
  0
TEXT
  5
3DF
330
3CE
100
AcDbEntity
  8
0
  6
Continuous
 48
1.6
100
AcDbText
 10
-21.84678039382561
 20
6.209646538816741
 30
0.0
 40
2.5
  1
16
  7
ISO Proportional
100
AcDbText
  0
LWPOLYLINE
  5
3E0
330
3CE
100
AcDbEntity
  8
0
  6
Continuous
 48
1.6
100
AcDbPolyline
 90
        2
 70
     0
 43
0.0
 10
-8.0
 20
251.875
 10
-5.0
 20
251.875
  0
LWPOLYLINE
  5
3E1
330
3CE
100
AcDbEntity
  8
0
  6
Continuous
 48
1.6
100
AcDbPolyline
 90
        2
 70
     0
 43
0.0
 10
-8.0
 20
216.75
 10
-5.0
 20
216.75
  0
LWPOLYLINE
  5
3E2
330
3CE
100
AcDbEntity
  8
0
  6
Continuous
 48
1.6
100
AcDbPolyline
 90
        2
 70
     0
 43
0.0
 10
-8.0
 20
181.625
 10
-5.0
 20
181.625
  0
LWPOLYLINE
  5
3E3
330
3CE
100
AcDbEntity
  8
0
  6
Continuous
 48
1.6
100
AcDbPolyline
 90
        2
 70
     0
 43
0.0
 10
-8.0
 20
146.5
 10
-5.0
 20
146.5
  0
LWPOLYLINE
  5
3E4
330
3CE
100
AcDbEntity
  8
0
  6
Continuous
 48
1.6
100
AcDbPolyline
 90
        2
 70
     0
 43
0.0
 10
-8.0
 20
111.375
 10
-5.0
 20
111.375
  0
LWPOLYLINE
  5
3E5
330
3CE
100
AcDbEntity
  8
0
  6
Continuous
 48
1.6
100
AcDbPolyline
 90
        2
 70
     0
 43
0.0
 10
-8.0
 20
76.25
 10
-5.0
 20
76.25
  0
LWPOLYLINE
  5
3E6
330
3CE
100
AcDbEntity
  8
0
  6
Continuous
 48
1.6
100
AcDbPolyline
 90
        2
 70
     0
 43
0.0
 10
-8.0
 20
41.12499999999999
 10
-5.0
 20
41.12499999999999
  0
TEXT
  5
3E7
330
3CE
100
AcDbEntity
  8
0
  6
Continuous
 48
1.6
100
AcDbText
 10
-7.597309495598893
 20
233.2268039143892
 30
0.0
 40
2.5
  1
B
  7
ISO Proportional
100
AcDbText
  0
TEXT
  5
3E8
330
3CE
100
AcDbEntity
  8
0
  6
Continuous
 48
1.6
100
AcDbText
 10
-7.597309495598893
 20
198.1018039143892
 30
0.0
 40
2.5
  1
C
  7
ISO Proportional
100
AcDbText
  0
TEXT
  5
3E9
330
3CE
100
AcDbEntity
  8
0
  6
Continuous
 48
1.6
100
AcDbText
 10
-7.597309495598893
 20
162.9768039143891
 30
0.0
 40
2.5
  1
D
  7
ISO Proportional
100
AcDbText
  0
TEXT
  5
3EA
330
3CE
100
AcDbEntity
  8
0
  6
Continuous
 48
1.6
100
AcDbText
 10
-7.597309495598893
 20
127.8518039143891
 30
0.0
 40
2.5
  1
E
  7
ISO Proportional
100
AcDbText
  0
TEXT
  5
3EB
330
3CE
100
AcDbEntity
  8
0
  6
Continuous
 48
1.6
100
AcDbText
 10
-7.597309495598893
 20
92.72680391438916
 30
0.0
 40
2.5
  1
F
  7
ISO Proportional
100
AcDbText
  0
TEXT
  5
3EC
330
3CE
100
AcDbEntity
  8
0
  6
Continuous
 48
1.6
100
AcDbText
 10
-7.597309495598893
 20
57.60180391438917
 30
0.0
 40
2.5
  1
G
  7
ISO Proportional
100
AcDbText
  0
TEXT
  5
3ED
330
3CE
100
AcDbEntity
  8
0
  6
Continuous
 48
1.6
100
AcDbText
 10
-7.597309495598893
 20
22.47680391438917
 30
0.0
 40
2.5
  1
H
  7
ISO Proportional
100
AcDbText
  0
TEXT
  5
3EE
330
3CE
100
AcDbEntity
  8
0
  6
Continuous
 48
1.6
100
AcDbText
 10
-397.5973094955989
 20
268.3518039143891
 30
0.0
 40
2.5
  1
A
  7
ISO Proportional
100
AcDbText
  0
LWPOLYLINE
  5
3EF
330
3CE
100
AcDbEntity
  8
0
  6
Continuous
 48
1.6
100
AcDbPolyline
 90
        2
 70
     0
 43
0.0
 10
-398.0
 20
251.875
 10
-395.0
 20
251.875
  0
LWPOLYLINE
  5
3F0
330
3CE
100
AcDbEntity
  8
0
  6
Continuous
 48
1.6
100
AcDbPolyline
 90
        2
 70
     0
 43
0.0
 10
-398.0
 20
216.75
 10
-395.0
 20
216.75
  0
LWPOLYLINE
  5
3F1
330
3CE
100
AcDbEntity
  8
0
  6
Continuous
 48
1.6
100
AcDbPolyline
 90
        2
 70
     0
 43
0.0
 10
-398.0
 20
181.625
 10
-395.0
 20
181.625
  0
LWPOLYLINE
  5
3F2
330
3CE
100
AcDbEntity
  8
0
  6
Continuous
 48
1.6
100
AcDbPolyline
 90
        2
 70
     0
 43
0.0
 10
-398.0
 20
146.5
 10
-395.0
 20
146.5
  0
TEXT
  5
3F3
330
3CE
100
AcDbEntity
  8
0
  6
Continuous
 48
1.6
100
AcDbText
 10
-397.5973094955989
 20
233.2268039143892
 30
0.0
 40
2.5
  1
B
  7
ISO Proportional
100
AcDbText
  0
TEXT
  5
3F4
330
3CE
100
AcDbEntity
  8
0
  6
Continuous
 48
1.6
100
AcDbText
 10
-397.5973094955989
 20
198.1018039143892
 30
0.0
 40
2.5
  1
C
  7
ISO Proportional
100
AcDbText
  0
TEXT
  5
3F5
330
3CE
100
AcDbEntity
  8
0
  6
Continuous
 48
1.6
100
AcDbText
 10
-397.5973094955989
 20
162.9768039143891
 30
0.0
 40
2.5
  1
D
  7
ISO Proportional
100
AcDbText
  0
TEXT
  5
3F6
330
3CE
100
AcDbEntity
  8
0
  6
Continuous
 48
1.6
100
AcDbText
 10
-397.5973094955989
 20
127.8518039143891
 30
0.0
 40
2.5
  1
E
  7
ISO Proportional
100
AcDbText
  0
LWPOLYLINE
  5
3F7
330
3CE
100
AcDbEntity
  8
0
  6
Continuous
 48
1.6
100
AcDbPolyline
 90
        2
 70
     0
 43
0.0
 10
-398.0
 20
111.875
 10
-395.0
 20
111.875
  0
TEXT
  5
3F8
330
3CE
100
AcDbEntity
  8
0
  6
Continuous
 48
1.6
100
AcDbText
 10
-358.97742709468
 20
287.2889165921515
 30
0.0
 40
2.5
  1
2
  7
ISO Proportional
100
AcDbText
  0
TEXT
  5
3F9
330
3CE
100
AcDbEntity
  8
0
  6
Continuous
 48
1.6
100
AcDbText
 10
-334.78992709468
 20
287.2889165921515
 30
0.0
 40
2.5
  1
3
  7
ISO Proportional
100
AcDbText
  0
TEXT
  5
3FA
330
3CE
100
AcDbEntity
  8
0
  6
Continuous
 48
1.6
100
AcDbText
 10
-310.60242709468
 20
287.2889165921515
 30
0.0
 40
2.5
  1
4
  7
ISO Proportional
100
AcDbText
  0
LWPOLYLINE
  5
3FB
330
3CE
100
AcDbEntity
  8
0
  6
Continuous
 48
1.6
100
AcDbPolyline
 90
        2
 70
     0
 43
0.0
 10
-274.0625
 20
287.0
 10
-274.0625
 20
290.0
  0
LWPOLYLINE
  5
3FC
330
3CE
100
AcDbEntity
  8
0
  6
Continuous
 48
1.6
100
AcDbPolyline
 90
        2
 70
     0
 43
0.0
 10
-249.875
 20
287.0
 10
-249.875
 20
290.0
  0
LWPOLYLINE
  5
3FD
330
3CE
100
AcDbEntity
  8
0
  6
Continuous
 48
1.6
100
AcDbPolyline
 90
        2
 70
     0
 43
0.0
 10
-225.6875
 20
287.0
 10
-225.6875
 20
290.0
  0
LWPOLYLINE
  5
3FE
330
3CE
100
AcDbEntity
  8
0
  6
Continuous
 48
1.6
100
AcDbPolyline
 90
        2
 70
     0
 43
0.0
 10
-201.5
 20
287.0
 10
-201.5
 20
290.0
  0
TEXT
  5
3FF
330
3CE
100
AcDbEntity
  8
0
  6
Continuous
 48
1.6
100
AcDbText
 10
-286.41492709468
 20
287.2889165921515
 30
0.0
 40
2.5
  1
5
  7
ISO Proportional
100
AcDbText
  0
TEXT
  5
400
330
3CE
100
AcDbEntity
  8
0
  6
Continuous
 48
1.6
100
AcDbText
 10
-262.22742709468
 20
287.2889165921515
 30
0.0
 40
2.5
  1
6
  7
ISO Proportional
100
AcDbText
  0
TEXT
  5
401
330
3CE
100
AcDbEntity
  8
0
  6
Continuous
 48
1.6
100
AcDbText
 10
-238.03992709468
 20
287.2889165921515
 30
0.0
 40
2.5
  1
7
  7
ISO Proportional
100
AcDbText
  0
TEXT
  5
402
330
3CE
100
AcDbEntity
  8
0
  6
Continuous
 48
1.6
100
AcDbText
 10
-213.85242709468
 20
287.2889165921515
 30
0.0
 40
2.5
  1
8
  7
ISO Proportional
100
AcDbText
  0
LWPOLYLINE
  5
403
330
3CE
100
AcDbEntity
  8
0
  6
Continuous
 48
1.6
100
AcDbPolyline
 90
        2
 70
     0
 43
0.0
 10
-177.3125
 20
287.0
 10
-177.3125
 20
290.0
  0
LWPOLYLINE
  5
404
330
3CE
100
AcDbEntity
  8
0
  6
Continuous
 48
1.6
100
AcDbPolyline
 90
        2
 70
     0
 43
0.0
 10
-153.125
 20
287.0
 10
-153.125
 20
290.0
  0
LWPOLYLINE
  5
405
330
3CE
100
AcDbEntity
  8
0
  6
Continuous
 48
1.6
100
AcDbPolyline
 90
        2
 70
     0
 43
0.0
 10
-128.9375
 20
287.0
 10
-128.9375
 20
290.0
  0
LWPOLYLINE
  5
406
330
3CE
100
AcDbEntity
  8
0
  6
Continuous
 48
1.6
100
AcDbPolyline
 90
        2
 70
     0
 43
0.0
 10
-104.75
 20
287.0
 10
-104.75
 20
290.0
  0
TEXT
  5
407
330
3CE
100
AcDbEntity
  8
0
  6
Continuous
 48
1.6
100
AcDbText
 10
-189.66492709468
 20
287.2889165921515
 30
0.0
 40
2.5
  1
9
  7
ISO Proportional
100
AcDbText
  0
TEXT
  5
408
330
3CE
100
AcDbEntity
  8
0
  6
Continuous
 48
1.6
100
AcDbText
 10
-165.47742709468
 20
287.2889165921515
 30
0.0
 40
2.5
  1
10
  7
ISO Proportional
100
AcDbText
  0
TEXT
  5
409
330
3CE
100
AcDbEntity
  8
0
  6
Continuous
 48
1.6
100
AcDbText
 10
-141.28992709468
 20
287.2889165921515
 30
0.0
 40
2.5
  1
11
  7
ISO Proportional
100
AcDbText
  0
TEXT
  5
40A
330
3CE
100
AcDbEntity
  8
0
  6
Continuous
 48
1.6
100
AcDbText
 10
-117.10242709468
 20
287.2889165921515
 30
0.0
 40
2.5
  1
12
  7
ISO Proportional
100
AcDbText
  0
LWPOLYLINE
  5
40B
330
3CE
100
AcDbEntity
  8
0
  6
Continuous
 48
1.6
100
AcDbPolyline
 90
        2
 70
     0
 43
0.0
 10
-80.5625
 20
287.0
 10
-80.5625
 20
290.0
  0
LWPOLYLINE
  5
40C
330
3CE
100
AcDbEntity
  8
0
  6
Continuous
 48
1.6
100
AcDbPolyline
 90
        2
 70
     0
 43
0.0
 10
-56.375
 20
287.0
 10
-56.375
 20
290.0
  0
LWPOLYLINE
  5
40D
330
3CE
100
AcDbEntity
  8
0
  6
Continuous
 48
1.6
100
AcDbPolyline
 90
        2
 70
     0
 43
0.0
 10
-32.1875
 20
287.0
 10
-32.1875
 20
290.0
  0
TEXT
  5
40E
330
3CE
100
AcDbEntity
  8
0
  6
Continuous
 48
1.6
100
AcDbText
 10
-92.91492709468002
 20
287.2889165921515
 30
0.0
 40
2.5
  1
13
  7
ISO Proportional
100
AcDbText
  0
TEXT
  5
40F
330
3CE
100
AcDbEntity
  8
0
  6
Continuous
 48
1.6
100
AcDbText
 10
-68.72742709468004
 20
287.2889165921515
 30
0.0
 40
2.5
  1
14
  7
ISO Proportional
100
AcDbText
  0
TEXT
  5
410
330
3CE
100
AcDbEntity
  8
0
  6
Continuous
 48
1.6
100
AcDbText
 10
-44.53992709468002
 20
287.2889165921515
 30
0.0
 40
2.5
  1
15
  7
ISO Proportional
100
AcDbText
  0
TEXT
  5
411
330
3CE
100
AcDbEntity
  8
0
  6
Continuous
 48
1.6
100
AcDbText
 10
-20.35242709468002
 20
287.2889165921515
 30
0.0
 40
2.5
  1
16
  7
ISO Proportional
100
AcDbText
  0
LWPOLYLINE
  5
412
330
3CE
100
AcDbEntity
  8
0
  6
Continuous
 48
1.6
100
AcDbPolyline
 90
        2
 70
     0
 43
0.0
 10
-370.8125
 20
6.0
 10
-370.8125
 20
9.0
  0
LWPOLYLINE
  5
413
330
3CE
100
AcDbEntity
  8
0
  6
Continuous
 48
1.6
100
AcDbPolyline
 90
        2
 70
     0
 43
0.0
 10
-346.625
 20
6.0
 10
-346.625
 20
9.0
  0
LWPOLYLINE
  5
414
330
3CE
100
AcDbEntity
  8
0
  6
Continuous
 48
1.6
100
AcDbPolyline
 90
        2
 70
     0
 43
0.0
 10
-322.4375
 20
6.0
 10
-322.4375
 20
9.0
  0
LWPOLYLINE
  5
415
330
3CE
100
AcDbEntity
  8
0
  6
Continuous
 48
1.6
100
AcDbPolyline
 90
        2
 70
     0
 43
0.0
 10
-298.25
 20
6.0
 10
-298.25
 20
9.0
  0
TEXT
  5
416
330
3CE
100
AcDbEntity
  8
0
  6
Continuous
 48
1.6
100
AcDbText
 10
-383.16492709468
 20
6.288916592151505
 30
0.0
 40
2.5
  1
1
  7
ISO Proportional
100
AcDbText
  0
TEXT
  5
417
330
3CE
100
AcDbEntity
  8
0
  6
Continuous
 48
1.6
100
AcDbText
 10
-358.97742709468
 20
6.288916592151505
 30
0.0
 40
2.5
  1
2
  7
ISO Proportional
100
AcDbText
  0
TEXT
  5
418
330
3CE
100
AcDbEntity
  8
0
  6
Continuous
 48
1.6
100
AcDbText
 10
-334.78992709468
 20
6.288916592151505
 30
0.0
 40
2.5
  1
3
  7
ISO Proportional
100
AcDbText
  0
TEXT
  5
419
330
3CE
100
AcDbEntity
  8
0
  6
Continuous
 48
1.6
100
AcDbText
 10
-310.60242709468
 20
6.288916592151505
 30
0.0
 40
2.5
  1
4
  7
ISO Proportional
100
AcDbText
  0
LWPOLYLINE
  5
41A
330
3CE
100
AcDbEntity
  8
0
  6
Continuous
 48
1.6
100
AcDbPolyline
 90
        2
 70
     0
 43
0.0
 10
-274.0625
 20
6.0
 10
-274.0625
 20
9.0
  0
LWPOLYLINE
  5
41B
330
3CE
100
AcDbEntity
  8
0
  6
Continuous
 48
1.6
100
AcDbPolyline
 90
        2
 70
     0
 43
0.0
 10
-249.875
 20
6.0
 10
-249.875
 20
9.0
  0
LWPOLYLINE
  5
41C
330
3CE
100
AcDbEntity
  8
0
  6
Continuous
 48
1.6
100
AcDbPolyline
 90
        2
 70
     0
 43
0.0
 10
-225.6875
 20
6.0
 10
-225.6875
 20
9.0
  0
TEXT
  5
41D
330
3CE
100
AcDbEntity
  8
0
  6
Continuous
 48
1.6
100
AcDbText
 10
-286.41492709468
 20
6.288916592151505
 30
0.0
 40
2.5
  1
5
  7
ISO Proportional
100
AcDbText
  0
TEXT
  5
41E
330
3CE
100
AcDbEntity
  8
0
  6
Continuous
 48
1.6
100
AcDbText
 10
-262.22742709468
 20
6.288916592151505
 30
0.0
 40
2.5
  1
6
  7
ISO Proportional
100
AcDbText
  0
TEXT
  5
41F
330
3CE
100
AcDbEntity
  8
0
  6
Continuous
 48
1.6
100
AcDbText
 10
-238.03992709468
 20
6.288916592151505
 30
0.0
 40
2.5
  1
7
  7
ISO Proportional
100
AcDbText
  0
LWPOLYLINE
  5
420
330
3CE
100
AcDbEntity
  8
0
  6
Continuous
 48
1.6
100
AcDbPolyline
 90
        2
 70
     0
 43
0.0
 10
-177.3125
 20
6.0
 10
-177.3125
 20
9.0
  0
LWPOLYLINE
  5
421
330
3CE
100
AcDbEntity
  8
0
  6
Continuous
 48
1.6
100
AcDbPolyline
 90
        2
 70
     0
 43
0.0
 10
-153.125
 20
6.0
 10
-153.125
 20
9.0
  0
LWPOLYLINE
  5
422
330
3CE
100
AcDbEntity
  8
0
  6
Continuous
 48
1.6
100
AcDbPolyline
 90
        2
 70
     0
 43
0.0
 10
-128.9375
 20
6.0
 10
-128.9375
 20
9.0
  0
LWPOLYLINE
  5
423
330
3CE
100
AcDbEntity
  8
0
  6
Continuous
 48
1.6
100
AcDbPolyline
 90
        2
 70
     0
 43
0.0
 10
-104.75
 20
6.0
 10
-104.75
 20
9.0
  0
TEXT
  5
424
330
3CE
100
AcDbEntity
  8
0
  6
Continuous
 48
1.6
100
AcDbText
 10
-165.47742709468
 20
6.288916592151505
 30
0.0
 40
2.5
  1
10
  7
ISO Proportional
100
AcDbText
  0
TEXT
  5
425
330
3CE
100
AcDbEntity
  8
0
  6
Continuous
 48
1.6
100
AcDbText
 10
-141.28992709468
 20
6.288916592151505
 30
0.0
 40
2.5
  1
11
  7
ISO Proportional
100
AcDbText
  0
TEXT
  5
426
330
3CE
100
AcDbEntity
  8
0
  6
Continuous
 48
1.6
100
AcDbText
 10
-117.10242709468
 20
6.288916592151505
 30
0.0
 40
2.5
  1
12
  7
ISO Proportional
100
AcDbText
  0
LWPOLYLINE
  5
427
330
3CE
100
AcDbEntity
  8
0
  6
Continuous
 48
1.6
100
AcDbPolyline
 90
        2
 70
     0
 43
0.0
 10
-80.5625
 20
6.0
 10
-80.5625
 20
9.0
  0
LWPOLYLINE
  5
428
330
3CE
100
AcDbEntity
  8
0
  6
Continuous
 48
1.6
100
AcDbPolyline
 90
        2
 70
     0
 43
0.0
 10
-56.375
 20
6.0
 10
-56.375
 20
9.0
  0
LWPOLYLINE
  5
429
330
3CE
100
AcDbEntity
  8
0
  6
Continuous
 48
1.6
100
AcDbPolyline
 90
        2
 70
     0
 43
0.0
 10
-32.1875
 20
6.0
 10
-32.1875
 20
9.0
  0
TEXT
  5
42A
330
3CE
100
AcDbEntity
  8
0
  6
Continuous
 48
1.6
100
AcDbText
 10
-92.91492709468002
 20
6.288916592151505
 30
0.0
 40
2.5
  1
13
  7
ISO Proportional
100
AcDbText
  0
TEXT
  5
42B
330
3CE
100
AcDbEntity
  8
0
  6
Continuous
 48
1.6
100
AcDbText
 10
-68.72742709468004
 20
6.288916592151505
 30
0.0
 40
2.5
  1
14
  7
ISO Proportional
100
AcDbText
  0
TEXT
  5
42C
330
3CE
100
AcDbEntity
  8
0
  6
Continuous
 48
1.6
100
AcDbText
 10
-44.53992709468002
 20
6.288916592151505
 30
0.0
 40
2.5
  1
15
  7
ISO Proportional
100
AcDbText
  0
LWPOLYLINE
  5
42D
330
3CE
100
AcDbEntity
  8
Khung
 48
1.6
100
AcDbPolyline
 90
        2
 70
     0
 43
0.0
 10
-220.8499999999999
 20
6.0
 10
-220.8499999999999
 20
9.0
  0
LWPOLYLINE
  5
42E
330
3CE
100
AcDbEntity
  8
Khung
 48
1.6
100
AcDbPolyline
 90
        2
 70
     0
 43
0.0
 10
-216.0125
 20
6.0
 10
-216.0125
 20
9.0
  0
LWPOLYLINE
  5
42F
330
3CE
100
AcDbEntity
  8
Khung
 48
1.6
100
AcDbPolyline
 90
        2
 70
     0
 43
0.0
 10
-211.175
 20
6.0
 10
-211.175
 20
9.0
  0
LWPOLYLINE
  5
430
330
3CE
100
AcDbEntity
  8
Khung
 48
1.6
100
AcDbPolyline
 90
        2
 70
     0
 43
0.0
 10
-206.3375000000001
 20
6.0
 10
-206.3375000000001
 20
9.0
  0
LWPOLYLINE
  5
431
330
3CE
100
AcDbEntity
  8
Khung
 48
1.6
100
AcDbPolyline
 90
        2
 70
     0
 43
0.0
 10
-201.5
 20
6.0
 10
-201.5
 20
9.0
  0
LWPOLYLINE
  5
432
330
3CE
100
AcDbEntity
  8
Khung
 48
1.6
100
AcDbPolyline
 90
        2
 70
     0
 43
0.0
 10
-196.6624999999999
 20
6.0
 10
-196.6624999999999
 20
9.0
  0
LWPOLYLINE
  5
433
330
3CE
100
AcDbEntity
  8
Khung
 48
1.6
100
AcDbPolyline
 90
        2
 70
     0
 43
0.0
 10
-191.825
 20
6.0
 10
-191.825
 20
9.0
  0
LWPOLYLINE
  5
434
330
3CE
100
AcDbEntity
  8
Khung
 48
1.6
100
AcDbPolyline
 90
        2
 70
     0
 43
0.0
 10
-186.9874999999999
 20
6.0
 10
-186.9874999999999
 20
9.0
  0
LWPOLYLINE
  5
435
330
3CE
100
AcDbEntity
  8
Khung
 48
1.6
100
AcDbPolyline
 90
        2
 70
     0
 43
0.0
 10
-182.15
 20
6.0
 10
-182.15
 20
9.0
  0
LINE
  5
436
330
3CE
100
AcDbEntity
  8
Khung
100
AcDbLine
 10
-199.9983114541928
 20
10.50168862815838
 30
0.0
 11
-201.5
 21
7.498311371841056
 31
0.0
  0
LINE
  5
437
330
3CE
100
AcDbEntity
  8
Khung
100
AcDbLine
 10
-203.0016885458072
 20
10.50168862815838
 30
0.0
 11
-199.9983114541928
 21
10.50168862815838
 31
0.0
  0
LINE
  5
438
330
3CE
100
AcDbEntity
  8
Khung
100
AcDbLine
 10
-201.5
 20
7.498311371841056
 30
0.0
 11
-203.0016885458072
 21
10.50168862815838
 31
0.0
  0
LINE
  5
439
330
3CE
100
AcDbEntity
  8
Khung
100
AcDbLine
 10
-201.5
 20
9.0
 30
0.0
 11
-201.5
 21
12.00337725631743
 31
0.0
  0
LINE
  5
43A
330
3CE
100
AcDbEntity
  8
Khung
 48
1.6
100
AcDbLine
 10
-225.6875
 20
6.0
 30
0.0
 11
-177.3125
 21
6.0
 31
0.0
  0
ENDBLK
  5
43B
330
3CE
100
AcDbEntity
  8
0
100
AcDbBlockEnd
  0
BLOCK
  5
616
330
615
100
AcDbEntity
  8
0
100
AcDbBlockBegin
  2
*U18
 70
     1
 10
0.0
 20
0.0
 30
0.0
  3
*U18
  1

  0
LWPOLYLINE
  5
618
330
615
100
AcDbEntity
  8
PSSE Flow 20
100
AcDbPolyline
 90
        3
 70
     0
 43
0.0
 10
-0.4055051096792836
 20
1.565944328028353
 10
0.0
 20
0.0
 10
0.2674889608496457
 20
1.595326201215259
1001
AcDbBlockRepETag
1070
     1
1071
        0
1005
618
  0
ENDBLK
  5
617
330
615
100
AcDbEntity
  8
0
100
AcDbBlockEnd
  0
BLOCK
  5
6C0
330
6B7
100
AcDbEntity
  8
0
100
AcDbBlockBegin
  2
*U19
 70
     1
 10
0.0
 20
0.0
 30
0.0
  3
*U19
  1

  0
LWPOLYLINE
  5
6C1
330
6B7
100
AcDbEntity
  8
PSSE Flow 20
100
AcDbPolyline
 90
        3
 70
     0
 43
0.0
 10
-1.582140940024146
 20
-0.3368175743034953
 10
0.0
 20
0.0
 10
-1.582140940024146
 20
0.3368175743037227
1001
AcDbBlockRepETag
1070
     1
1071
        0
1005
6C1
  0
ENDBLK
  5
6C2
330
6B7
100
AcDbEntity
  8
0
100
AcDbBlockEnd
  0
BLOCK
  5
6C4
330
6C3
100
AcDbEntity
  8
0
100
AcDbBlockBegin
  2
*U20
 70
     1
 10
0.0
 20
0.0
 30
0.0
  3
*U20
  1

  0
LWPOLYLINE
  5
6C5
330
6C3
100
AcDbEntity
  8
PSSE Flow 20
100
AcDbPolyline
 90
        3
 70
     0
 43
0.0
 10
-0.4055051096792836
 20
1.565944328028353
 10
0.0
 20
0.0
 10
0.2674889608496457
 20
1.595326201215259
1001
AcDbBlockRepETag
1070
     1
1071
        0
1005
6C5
  0
ENDBLK
  5
6C6
330
6C3
100
AcDbEntity
  8
0
100
AcDbBlockEnd
  0
BLOCK
  5
783
330
782
100
AcDbEntity
  8
0
100
AcDbBlockBegin
  2
*U30
 70
     1
 10
0.0
 20
0.0
 30
0.0
  3
*U30
  1

  0
LWPOLYLINE
  5
785
330
782
100
AcDbEntity
  8
PSSE Flow 20
100
AcDbPolyline
 90
        3
 70
     0
 43
0.0
 10
1.582140940024146
 20
0.3368175743034954
 10
0.0
 20
0.0
 10
1.582140940024146
 20
-0.3368175743037225
1001
AcDbBlockRepETag
1070
     1
1071
        0
1005
785
  0
ENDBLK
  5
784
330
782
100
AcDbEntity
  8
0
100
AcDbBlockEnd
  0
BLOCK
  5
C3F
330
C3D
100
AcDbEntity
  8
0
100
AcDbBlockBegin
  2
Z$W@#61301CF4
 70
     0
 10
0.0
 20
0.0
 30
0.0
  3
Z$W@#61301CF4
  1

  0
TEXT
  5
C3E
330
C3D
100
AcDbEntity
  8
PSSE Flow
100
AcDbText
 10
0.2702422338025591
 20
0.7167291059546988
 30
0.0
 40
1.96004592576463
  1
21to22-1
  7
PSSE Flow
 72
     1
 11
5.675075559111918
 21
1.696752068837014
 31
0.0
100
AcDbText
 73
     2
  0
ENDBLK
  5
C40
330
C3D
100
AcDbEntity
  8
0
100
AcDbBlockEnd
  0
BLOCK
  5
E59
330
E58
100
AcDbEntity
  8
0
100
AcDbBlockBegin
  2
*U73
 70
     1
 10
0.0
 20
0.0
 30
0.0
  3
*U73
  1

  0
LWPOLYLINE
  5
E5A
330
E58
100
AcDbEntity
  8
PSSE Flow 20
100
AcDbPolyline
 90
        3
 70
     0
 43
0.0
 10
1.582140940024146
 20
0.3368175743034954
 10
0.0
 20
0.0
 10
1.582140940024146
 20
-0.3368175743037225
1001
AcDbBlockRepETag
1070
     1
1071
        0
1005
E5A
  0
ENDBLK
  5
E5B
330
E58
100
AcDbEntity
  8
0
100
AcDbBlockEnd
  0
BLOCK
  5
E68
330
E67
100
AcDbEntity
  8
0
100
AcDbBlockBegin
  2
*U75
 70
     1
 10
0.0
 20
0.0
 30
0.0
  3
*U75
  1

  0
LWPOLYLINE
  5
E6A
330
E67
100
AcDbEntity
  8
PSSE Flow 20
100
AcDbPolyline
 90
        3
 70
     0
 43
0.0
 10
1.582140940024146
 20
0.3368175743034954
 10
0.0
 20
0.0
 10
1.582140940024146
 20
-0.3368175743037225
1001
AcDbBlockRepETag
1070
     1
1071
        0
1005
E6A
  0
ENDBLK
  5
E69
330
E67
100
AcDbEntity
  8
0
100
AcDbBlockEnd
  0
ENDSEC
  0
SECTION
  2
ENTITIES
  0
CIRCLE
  5
75
330
1F
100
AcDbEntity
  8
Color-7-Line_Weight-25
  6
Continuous
 62
     1
100
AcDbCircle
 10
408.5755770599123
 20
164.2169249118494
 30
0.0
 40
4.233333333333333
  0
MTEXT
  5
78
330
1F
100
AcDbEntity
  8
Color-7-Line_Weight-25
  6
Continuous
 62
     1
100
AcDbMText
 10
405.9934564612253
 20
162.5870933010638
 30
0.0
 40
3.047999999999986
 41
0.0
 46
0.0
 71
     7
 72
     1
  1
G6
  7
p2c-2
 73
     1
 44
1.0
1001
ACAD
1000
MTEXTBEGIN
1070
    73
1070
     1
1070
    44
1040
1.0
1070
    74
1070
     0
1000
MTEXTEND
  0
CIRCLE
  5
79
330
1F
100
AcDbEntity
  8
Color-7-Line_Weight-25
  6
Continuous
 62
     1
100
AcDbCircle
 10
397.992243726579
 20
77.43359157851608
 30
0.0
 40
4.233333333333333
  0
MTEXT
  5
7A
330
1F
100
AcDbEntity
  8
Color-7-Line_Weight-25
  6
Continuous
 62
     1
100
AcDbMText
 10
395.6852570661515
 20
75.84609157851608
 30
0.0
 40
3.048000000000001
 41
0.0
 46
0.0
 71
     7
 72
     1
  1
G7
  7
p2c-2
 73
     1
 44
1.0
1001
ACAD
1000
MTEXTBEGIN
1070
    73
1070
     1
1070
    44
1040
1.0
1070
    74
1070
     0
1000
MTEXTEND
  0
CIRCLE
  5
7B
330
1F
100
AcDbEntity
  8
Color-7-Line_Weight-25
  6
Continuous
 62
     1
100
AcDbCircle
 10
408.5755770599123
 20
182.8224214667539
 30
0.0
 40
4.233333333333333
  0
MTEXT
  5
7C
330
1F
100
AcDbEntity
  8
Color-7-Line_Weight-25
  6
Continuous
 62
     1
100
AcDbMText
 10
405.9934564612253
 20
181.1925898559683
 30
0.0
 40
3.047999999999993
 41
0.0
 46
0.0
 71
     7
 72
     1
  1
G9
  7
p2c-2
 73
     1
 44
1.0
1001
ACAD
1000
MTEXTBEGIN
1070
    73
1070
     1
1070
    44
1040
1.0
1070
    74
1070
     0
1000
MTEXTEND
  0
HATCH
  5
97
330
1F
100
AcDbEntity
  8
Color-7-Line_Weight-25
440
 33554636
100
AcDbHatch
 10
0.0
 20
0.0
 30
0.0
210
0.0
220
0.0
230
1.0
  2
SOLID
 70
     1
 71
     0
 91
        1
 92
        3
 72
     0
 73
     1
 93
        3
 10
333.7729293209258
 20
97.92292555780484
 10
332.375921569461
 20
100.6957591064566
 10
331.0000903893123
 20
97.92292555780484
 97
        0
 75
     0
 76
     1
 98
        0
450
        0
451
        0
460
0.0
461
0.0
452
        1
462
0.0
453
        0
470

  0
HATCH
  5
9D
330
1F
100
AcDbEntity
  8
Color-7-Line_Weight-25
440
 33554636
100
AcDbHatch
 10
0.0
 20
0.0
 30
0.0
210
0.0
220
0.0
230
1.0
  2
SOLID
 70
     1
 71
     0
 91
        1
 92
        3
 72
     0
 73
     1
 93
        3
 10
304.1395959875925
 20
112.2950941623377
 10
302.7425882361276
 20
115.0890935163823
 10
301.366757055979
 20
112.2950941623377
 97
        0
 75
     0
 76
     1
 98
        0
450
        0
451
        0
460
0.0
461
0.0
452
        1
462
0.0
453
        0
470

  0
HATCH
  5
A8
330
1F
100
AcDbEntity
  8
Color-7-Line_Weight-25
440
 33554636
100
AcDbHatch
 10
0.0
 20
0.0
 30
0.0
210
0.0
220
0.0
230
1.0
  2
SOLID
 70
     1
 71
     0
 91
        1
 92
        3
 72
     0
 73
     1
 93
        3
 10
326.766757055979
 20
131.0064251271679
 10
328.1425882361276
 20
128.2124257731233
 10
329.5395959875925
 20
131.0064251271679
 97
        0
 75
     0
 76
     1
 98
        0
450
        0
451
        0
460
0.0
461
0.0
452
        1
462
0.0
453
        0
470

  0
HATCH
  5
AD
330
1F
100
AcDbEntity
  8
Color-7-Line_Weight-25
440
 33554636
100
AcDbHatch
 10
0.0
 20
0.0
 30
0.0
210
0.0
220
0.0
230
1.0
  2
SOLID
 70
     1
 71
     0
 91
        1
 92
        3
 72
     0
 73
     1
 93
        3
 10
341.5834237226456
 20
143.7064305101295
 10
342.9589103932457
 20
140.9124257731233
 10
344.3562626542591
 20
143.7064305101295
 97
        0
 75
     0
 76
     1
 98
        0
450
        0
451
        0
460
0.0
461
0.0
452
        1
462
0.0
453
        0
470

  0
HATCH
  5
B0
330
1F
100
AcDbEntity
  8
Color-7-Line_Weight-25
440
 33554636
100
AcDbHatch
 10
0.0
 20
0.0
 30
0.0
210
0.0
220
0.0
230
1.0
  2
SOLID
 70
     1
 71
     0
 91
        1
 92
        3
 72
     0
 73
     1
 93
        3
 10
399.3895959875925
 20
106.3895922244715
 10
397.992243726579
 20
109.1624257731233
 10
396.616401780507
 20
106.3895922244715
 97
        0
 75
     0
 76
     1
 98
        0
450
        0
451
        0
460
0.0
461
0.0
452
        1
462
0.0
453
        0
470

  0
HATCH
  5
B3
330
1F
100
AcDbEntity
  8
Color-7-Line_Weight-25
440
 33554636
100
AcDbHatch
 10
0.0
 20
0.0
 30
0.0
210
0.0
220
0.0
230
1.0
  2
SOLID
 70
     1
 71
     0
 91
        1
 92
        3
 72
     0
 73
     1
 93
        3
 10
369.1590514189827
 20
130.8526827321009
 10
370.5348933650547
 20
128.0586833780563
 10
371.9322456260682
 20
130.8526827321009
 97
        0
 75
     0
 76
     1
 98
        0
450
        0
451
        0
460
0.0
461
0.0
452
        1
462
0.0
453
        0
470

  0
HATCH
  5
BA
330
1F
100
AcDbEntity
  8
Color-7-Line_Weight-25
440
 33554636
100
AcDbHatch
 10
0.0
 20
0.0
 30
0.0
210
0.0
220
0.0
230
1.0
  2
SOLID
 70
     1
 71
     0
 91
        1
 92
        3
 72
     0
 73
     1
 93
        3
 10
375.4497351138403
 20
170.7785937317007
 10
376.8255770599123
 20
168.0057548000871
 10
378.2229293209258
 20
170.7785937317007
 97
        0
 75
     0
 76
     1
 98
        0
450
        0
451
        0
460
0.0
461
0.0
452
        1
462
0.0
453
        0
470

  0
HATCH
  5
BE
330
1F
100
AcDbEntity
  8
Color-7-Line_Weight-25
440
 33554636
100
AcDbHatch
 10
0.0
 20
0.0
 30
0.0
210
0.0
220
0.0
230
1.0
  2
SOLID
 70
     1
 71
     0
 91
        1
 92
        3
 72
     0
 73
     1
 93
        3
 10
263.266757055979
 20
151.7285937317007
 10
264.6425936190893
 20
148.9557548000872
 10
266.0395906046308
 20
151.7285937317007
 97
        0
 75
     0
 76
     1
 98
        0
450
        0
451
        0
460
0.0
461
0.0
452
        1
462
0.0
453
        0
470

  0
HATCH
  5
C1
330
1F
100
AcDbEntity
  8
Color-7-Line_Weight-25
440
 33554636
100
AcDbHatch
 10
0.0
 20
0.0
 30
0.0
210
0.0
220
0.0
230
1.0
  2
SOLID
 70
     1
 71
     0
 91
        1
 92
        3
 72
     0
 73
     1
 93
        3
 10
278.0834237226457
 20
170.7785937317007
 10
279.4592549027943
 20
168.0057548000871
 10
280.8562626542591
 20
170.7785937317007
 97
        0
 75
     0
 76
     1
 98
        0
450
        0
451
        0
460
0.0
461
0.0
452
        1
462
0.0
453
        0
470

  0
HATCH
  5
C5
330
1F
100
AcDbEntity
  8
Color-7-Line_Weight-25
440
 33554636
100
AcDbHatch
 10
0.0
 20
0.0
 30
0.0
210
0.0
220
0.0
230
1.0
  2
SOLID
 70
     1
 71
     0
 91
        1
 92
        3
 72
     0
 73
     1
 93
        3
 10
331.0000903893123
 20
183.4785937317007
 10
332.375921569461
 20
180.7057548000873
 10
333.7729293209258
 20
183.4785937317007
 97
        0
 75
     0
 76
     1
 98
        0
450
        0
451
        0
460
0.0
461
0.0
452
        1
462
0.0
453
        0
470

  0
MTEXT
  5
C7
330
1F
100
AcDbEntity
  8
Color-7-Line_Weight-25
  6
Continuous
100
AcDbMText
 10
287.0790525034345
 20
82.95815746596728
 30
0.0
 40
2.545080116271975
 41
0.0
 46
0.0
 71
     7
 72
     1
  1
<11>
  7
p2c-2
 73
     1
 44
1.0
1001
ACAD
1000
MTEXTBEGIN
1070
    73
1070
     1
1070
    44
1040
1.0
1070
    74
1070
     0
1000
MTEXTEND
  0
MTEXT
  5
C8
330
1F
100
AcDbEntity
  8
Color-7-Line_Weight-25
  6
Continuous
100
AcDbMText
 10
308.2456761064076
 20
89.30812516819708
 30
0.0
 40
2.545080116271975
 41
0.0
 46
0.0
 71
     7
 72
     1
  1
<13>
  7
p2c-2
 73
     1
 44
1.0
1001
ACAD
1000
MTEXTBEGIN
1070
    73
1070
     1
1070
    44
1040
1.0
1070
    74
1070
     0
1000
MTEXTEND
  0
MTEXT
  5
C9
330
1F
100
AcDbEntity
  8
Color-7-Line_Weight-25
  6
Continuous
100
AcDbMText
 10
295.704911015366
 20
126.3426678088089
 30
0.0
 40
2.545080116271975
 41
0.0
 46
0.0
 71
     7
 72
     1
  1
<14>
  7
p2c-2
 73
     1
 44
1.0
1001
ACAD
1000
MTEXTBEGIN
1070
    73
1070
     1
1070
    44
1040
1.0
1070
    74
1070
     0
1000
MTEXTEND
  0
MTEXT
  5
CA
330
1F
100
AcDbEntity
  8
Color-7-Line_Weight-25
  6
Continuous
100
AcDbMText
 10
323.0622351138403
 20
142.2246195800894
 30
0.0
 40
2.545080116271975
 41
0.0
 46
0.0
 71
     7
 72
     1
  1
<15>
  7
p2c-2
 73
     1
 44
1.0
1001
ACAD
1000
MTEXTBEGIN
1070
    73
1070
     1
1070
    44
1040
1.0
1070
    74
1070
     0
1000
MTEXTEND
  0
MTEXT
  5
CB
330
1F
100
AcDbEntity
  8
Color-7-Line_Weight-25
  6
Continuous
100
AcDbMText
 10
333.6455361494035
 20
87.19107092828821
 30
0.0
 40
2.545080116272004
 41
0.0
 46
0.0
 71
     7
 72
     1
  1
<20>
  7
p2c-2
 73
     1
 44
1.0
1001
ACAD
1000
MTEXTBEGIN
1070
    73
1070
     1
1070
    44
1040
1.0
1070
    74
1070
     0
1000
MTEXTEND
  0
MTEXT
  5
CC
330
1F
100
AcDbEntity
  8
Color-7-Line_Weight-25
  6
Continuous
100
AcDbMText
 10
399.2607924801055
 20
142.2245442186257
 30
0.0
 40
2.545080116271975
 41
0.0
 46
0.0
 71
     7
 72
     1
  1
<22>
  7
p2c-2
 73
     1
 44
1.0
1001
ACAD
1000
MTEXTBEGIN
1070
    73
1070
     1
1070
    44
1040
1.0
1070
    74
1070
     0
1000
MTEXTEND
  0
MTEXT
  5
CD
330
1F
100
AcDbEntity
  8
Color-7-Line_Weight-25
  6
Continuous
100
AcDbMText
 10
388.6786218664987
 20
102.0076729994145
 30
0.0
 40
2.545080116271975
 41
0.0
 46
0.0
 71
     7
 72
     1
  1
<23>
  7
p2c-2
 73
     1
 44
1.0
1001
ACAD
1000
MTEXTBEGIN
1070
    73
1070
     1
1070
    44
1040
1.0
1070
    74
1070
     0
1000
MTEXTEND
  0
MTEXT
  5
CE
330
1F
100
AcDbEntity
  8
Color-7-Line_Weight-25
  6
Continuous
100
AcDbMText
 10
371.7453531287058
 20
180.3244042616215
 30
0.0
 40
2.545080116271968
 41
0.0
 46
0.0
 71
     7
 72
     1
  1
<24>
  7
p2c-2
 73
     1
 44
1.0
1001
ACAD
1000
MTEXTBEGIN
1070
    73
1070
     1
1070
    44
1040
1.0
1070
    74
1070
     0
1000
MTEXTEND
  0
MTEXT
  5
CF
330
1F
100
AcDbEntity
  8
Color-7-Line_Weight-25
  6
Continuous
100
AcDbMText
 10
395.0292247582088
 20
154.9244742401236
 30
0.0
 40
2.545080116271975
 41
0.0
 46
0.0
 71
     7
 72
     1
  1
<35>
  7
p2c-2
 73
     1
 44
1.0
1001
ACAD
1000
MTEXTBEGIN
1070
    73
1070
     1
1070
    44
1040
1.0
1070
    74
1070
     0
1000
MTEXTEND
  0
CIRCLE
  5
D0
330
1F
100
AcDbEntity
  8
Color-7-Line_Weight-25
  6
Continuous
 62
     1
100
AcDbCircle
 10
209.609260285756
 20
140.4890881334206
 30
0.0
 40
4.233333333333333
  0
MTEXT
  5
D1
330
1F
100
AcDbEntity
  8
Color-7-Line_Weight-25
  6
Continuous
 62
     1
100
AcDbMText
 10
207.3019519933671
 20
138.859256522635
 30
0.0
 40
3.048000000000001
 41
0.0
 46
0.0
 71
     7
 72
     1
  1
G1
  7
p2c-2
 73
     1
 44
1.0
1001
ACAD
1000
MTEXTBEGIN
1070
    73
1070
     1
1070
    44
1040
1.0
1070
    74
1070
     0
1000
MTEXTEND
  0
CIRCLE
  5
D3
330
1F
100
AcDbEntity
  8
Color-7-Line_Weight-25
  6
Continuous
 62
     1
100
AcDbCircle
 10
230.7759269524227
 20
210.3390881334206
 30
0.0
 40
4.233333333333333
  0
MTEXT
  5
D4
330
1F
100
AcDbEntity
  8
Color-7-Line_Weight-25
  6
Continuous
 62
     1
100
AcDbMText
 10
226.7752506065975
 20
208.7092592141158
 30
0.0
 40
3.048000000000001
 41
0.0
 46
0.0
 71
     7
 72
     1
  1
G10
  7
p2c-2
 73
     1
 44
1.0
1001
ACAD
1000
MTEXTBEGIN
1070
    73
1070
     1
1070
    44
1040
1.0
1070
    74
1070
     0
1000
MTEXTEND
  0
HATCH
  5
D7
330
1F
100
AcDbEntity
  8
Color-7-Line_Weight-25
440
 33554636
100
AcDbHatch
 10
0.0
 20
0.0
 30
0.0
210
0.0
220
0.0
230
1.0
  2
SOLID
 70
     1
 71
     0
 91
        1
 92
        3
 72
     0
 73
     1
 93
        3
 10
250.566757055979
 20
82.32309179383454
 10
251.9425936190893
 20
79.52909243978997
 10
253.3395906046308
 20
82.32309179383454
 97
        0
 75
     0
 76
     1
 98
        0
450
        0
451
        0
460
0.0
461
0.0
452
        1
462
0.0
453
        0
470

  0
HATCH
  5
E0
330
1F
100
AcDbEntity
  8
Color-7-Line_Weight-25
440
 33554636
100
AcDbHatch
 10
0.0
 20
0.0
 30
0.0
210
0.0
220
0.0
230
1.0
  2
SOLID
 70
     1
 71
     0
 91
        1
 92
        3
 72
     0
 73
     1
 93
        3
 10
244.8729239379641
 20
137.6950941623377
 10
243.4759269524227
 20
140.4890881334206
 10
242.1000903893124
 20
137.6950941623377
 97
        0
 75
     0
 76
     1
 98
        0
450
        0
451
        0
460
0.0
461
0.0
452
        1
462
0.0
453
        0
470

  0
HATCH
  5
E3
330
1F
100
AcDbEntity
  8
Color-7-Line_Weight-25
440
 33554636
100
AcDbHatch
 10
0.0
 20
0.0
 30
0.0
210
0.0
220
0.0
230
1.0
  2
SOLID
 70
     1
 71
     0
 91
        1
 92
        3
 72
     0
 73
     1
 93
        3
 10
208.2334264141265
 20
122.0952603983674
 10
209.609260285756
 20
119.3224268497156
 10
211.0062599627783
 20
122.0952603983674
 97
        0
 75
     0
 76
     1
 98
        0
450
        0
451
        0
460
0.0
461
0.0
452
        1
462
0.0
453
        0
470

  0
MTEXT
  5
E8
330
1F
100
AcDbEntity
  8
Color-7-Line_Weight-25
  6
Continuous
100
AcDbMText
 10
245.698180412777
 20
161.2748994940977
 30
0.0
 40
2.545080116271975
 41
0.0
 46
0.0
 71
     7
 72
     1
  1
<3>
  7
p2c-2
 73
     1
 44
1.0
1001
ACAD
1000
MTEXTBEGIN
1070
    73
1070
     1
1070
    44
1040
1.0
1070
    74
1070
     0
1000
MTEXTEND
  0
MTEXT
  5
E9
330
1F
100
AcDbEntity
  8
Color-7-Line_Weight-25
  6
Continuous
100
AcDbMText
 10
237.2315460438805
 20
131.6416738199983
 30
0.0
 40
2.545080116271975
 41
0.0
 46
0.0
 71
     7
 72
     1
  1
<4>
  7
p2c-2
 73
     1
 44
1.0
1001
ACAD
1000
MTEXTBEGIN
1070
    73
1070
     1
1070
    44
1040
1.0
1070
    74
1070
     0
1000
MTEXTEND
  0
MTEXT
  5
EA
330
1F
100
AcDbEntity
  8
Color-7-Line_Weight-25
  6
Continuous
100
AcDbMText
 10
226.648250391279
 20
116.8250394511018
 30
0.0
 40
2.545080116271989
 41
0.0
 46
0.0
 71
     7
 72
     1
  1
<5>
  7
p2c-2
 73
     1
 44
1.0
1001
ACAD
1000
MTEXTBEGIN
1070
    73
1070
     1
1070
    44
1040
1.0
1070
    74
1070
     0
1000
MTEXTEND
  0
MTEXT
  5
EB
330
1F
100
AcDbEntity
  8
Color-7-Line_Weight-25
  6
Continuous
100
AcDbMText
 10
237.2315460438805
 20
93.54178147923224
 30
0.0
 40
2.545080116271975
 41
0.0
 46
0.0
 71
     7
 72
     1
  1
<7>
  7
p2c-2
 73
     1
 44
1.0
1001
ACAD
1000
MTEXTBEGIN
1070
    73
1070
     1
1070
    44
1040
1.0
1070
    74
1070
     0
1000
MTEXTEND
  0
MTEXT
  5
EC
330
1F
100
AcDbEntity
  8
Color-7-Line_Weight-25
  6
Continuous
100
AcDbMText
 10
224.5315837246124
 20
81.26493609823723
 30
0.0
 40
2.545080116271975
 41
0.0
 46
0.0
 71
     7
 72
     1
  1
<8>
  7
p2c-2
 73
     1
 44
1.0
1001
ACAD
1000
MTEXTBEGIN
1070
    73
1070
     1
1070
    44
1040
1.0
1070
    74
1070
     0
1000
MTEXTEND
  0
MTEXT
  5
ED
330
1F
100
AcDbEntity
  8
Color-7-Line_Weight-25
  6
Continuous
100
AcDbMText
 10
213.9482853805301
 20
68.14149079930057
 30
0.0
 40
2.545080116272004
 41
0.0
 46
0.0
 71
     7
 72
     1
  1
<9>
  7
p2c-2
 73
     1
 44
1.0
1001
ACAD
1000
MTEXTBEGIN
1070
    73
1070
     1
1070
    44
1040
1.0
1070
    74
1070
     0
1000
MTEXTEND
  0
MTEXT
  5
EE
330
1F
100
AcDbEntity
  8
Color-7-Line_Weight-25
  6
Continuous
100
AcDbMText
 10
219.3455038516333
 20
201.4909659605351
 30
0.0
 40
2.545080116271975
 41
0.0
 46
0.0
 71
     7
 72
     1
  1
<30>
  7
p2c-2
 73
     1
 44
1.0
1001
ACAD
1000
MTEXTBEGIN
1070
    73
1070
     1
1070
    44
1040
1.0
1070
    74
1070
     0
1000
MTEXTEND
  0
CIRCLE
  5
EF
330
1F
100
AcDbEntity
  8
Color-7-Line_Weight-25
  6
Continuous
 62
     1
100
AcDbCircle
 10
266.759260285756
 20
225.1557548000873
 30
0.0
 40
4.233336024814182
  0
MTEXT
  5
F0
330
1F
100
AcDbEntity
  8
Color-7-Line_Weight-25
  6
Continuous
 62
     1
100
AcDbMText
 10
264.4519183498565
 20
223.5259258807825
 30
0.0
 40
3.048
 41
0.0
 46
0.0
 71
     7
 72
     1
  1
G8
  7
p2c-2
 73
     1
 44
1.0
1001
ACAD
1000
MTEXTBEGIN
1070
    73
1070
     1
1070
    44
1040
1.0
1070
    74
1070
     0
1000
MTEXTEND
  0
MTEXT
  5
F1
330
1F
100
AcDbEntity
  8
Color-7-Line_Weight-25
  6
Continuous
100
AcDbMText
 10
272.2626280700442
 20
216.3075976379507
 30
0.0
 40
2.545080116271971
 41
0.0
 46
0.0
 71
     7
 72
     1
  1
<37>
  7
p2c-2
 73
     1
 44
1.0
1001
ACAD
1000
MTEXTBEGIN
1070
    73
1070
     1
1070
    44
1040
1.0
1070
    74
1070
     0
1000
MTEXTEND
  0
HATCH
  5
F2
330
1F
100
AcDbEntity
  8
Color-7-Line_Weight-25
440
 33554636
100
AcDbHatch
 10
0.0
 20
0.0
 30
0.0
210
0.0
220
0.0
230
1.0
  2
SOLID
 70
     1
 71
     0
 91
        1
 92
        3
 72
     0
 73
     1
 93
        3
 10
308.3729316888004
 20
211.7784343534676
 10
306.9759292026456
 20
214.5724258414576
 10
305.6000970983682
 20
211.7784343534676
 97
        0
 75
     0
 76
     1
 98
        0
450
        0
451
        0
460
0.0
461
0.0
452
        1
462
0.0
453
        0
470

  0
HATCH
  5
F3
330
1F
100
AcDbEntity
  8
Color-7-Line_Weight-25
440
 33554636
100
AcDbHatch
 10
0.0
 20
0.0
 30
0.0
210
0.0
220
0.0
230
1.0
  2
SOLID
 70
     1
 71
     0
 91
        1
 92
        3
 72
     0
 73
     1
 93
        3
 10
409.9729384297511
 20
211.7784343534676
 10
408.5755853512851
 20
214.5724258414576
 10
407.199739762688
 20
211.7784343534676
 97
        0
 75
     0
 76
     1
 98
        0
450
        0
451
        0
460
0.0
461
0.0
452
        1
462
0.0
453
        0
470

  0
MTEXT
  5
FB
330
1F
100
AcDbEntity
  8
Color-7-Line_Weight-25
  6
Continuous
100
AcDbMText
 10
352.6953961923994
 20
205.7242992938685
 30
0.0
 40
2.545080116271975
 41
0.0
 46
0.0
 71
     7
 72
     1
  1
<28>
  7
p2c-2
 73
     1
 44
1.0
1001
ACAD
1000
MTEXTBEGIN
1070
    73
1070
     1
1070
    44
1040
1.0
1070
    74
1070
     0
1000
MTEXTEND
  0
CIRCLE
  5
FD
330
1F
100
AcDbEntity
  8
Color-7-Line_Weight-25
  6
Continuous
 62
     1
100
AcDbCircle
 10
309.0925882361276
 20
54.15025891805297
 30
0.0
 40
4.233333249224553
  0
MTEXT
  5
FE
330
1F
100
AcDbEntity
  8
Color-7-Line_Weight-25
  6
Continuous
 62
     1
100
AcDbMText
 10
306.7852463002281
 20
52.52041586847377
 30
0.0
 40
3.048000000000001
 41
0.0
 46
0.0
 71
     7
 72
     1
  1
G3
  7
p2c-2
 73
     1
 44
1.0
1001
ACAD
1000
MTEXTBEGIN
1070
    73
1070
     1
1070
    44
1040
1.0
1070
    74
1070
     0
1000
MTEXTEND
  0
CIRCLE
  5
FF
330
1F
100
AcDbEntity
  8
Color-7-Line_Weight-25
  6
Continuous
 62
     1
100
AcDbCircle
 10
268.8759269524227
 20
64.7335915785161
 30
0.0
 40
4.233333333333329
  0
MTEXT
  5
100
330
1F
100
AcDbEntity
  8
Color-7-Line_Weight-25
  6
Continuous
 62
     1
100
AcDbMText
 10
266.5685850165232
 20
62.82859373170079
 30
0.0
 40
3.048000000000001
 41
0.0
 46
0.0
 71
     7
 72
     1
  1
G2
  7
p2c-2
 73
     1
 44
1.0
1001
ACAD
1000
MTEXTBEGIN
1070
    73
1070
     1
1070
    44
1040
1.0
1070
    74
1070
     0
1000
MTEXTEND
  0
MTEXT
  5
101
330
1F
100
AcDbEntity
  8
Color-7-Line_Weight-25
  6
Continuous
100
AcDbMText
 10
216.0649170579457
 20
173.9747595370935
 30
0.0
 40
2.545080116271968
 41
0.0
 46
0.0
 71
     7
 72
     1
  1
<1>
  7
p2c-2
 73
     1
 44
1.0
1001
ACAD
1000
MTEXTBEGIN
1070
    73
1070
     1
1070
    44
1040
1.0
1070
    74
1070
     0
1000
MTEXTEND
  0
CIRCLE
  5
102
330
1F
100
AcDbEntity
  8
Color-7-Line_Weight-25
  6
Continuous
 62
     1
100
AcDbCircle
 10
342.9589103932457
 20
64.28909217064187
 30
0.0
 40
4.233246869511069
  0
MTEXT
  5
103
330
1F
100
AcDbEntity
  8
Color-7-Line_Weight-25
  6
Continuous
 62
     1
100
AcDbMText
 10
340.6519129668948
 20
62.34179097358985
 30
0.0
 40
3.048000000000001
 41
0.0
 46
0.0
 71
     7
 72
     1
  1
G5
  7
p2c-2
 73
     1
 44
1.0
1001
ACAD
1000
MTEXTBEGIN
1070
    73
1070
     1
1070
    44
1040
1.0
1070
    74
1070
     0
1000
MTEXTEND
  0
CIRCLE
  5
104
330
1F
100
AcDbEntity
  8
Color-7-Line_Weight-25
  6
Continuous
 62
     1
100
AcDbCircle
 10
364.1255770599124
 20
64.28909217064187
 30
0.0
 40
4.233332996898226
  0
MTEXT
  5
105
330
1F
100
AcDbEntity
  8
Color-7-Line_Weight-25
  6
Continuous
 62
     1
100
AcDbMText
 10
361.8185796335615
 20
62.34179097358985
 30
0.0
 40
3.048000000000001
 41
0.0
 46
0.0
 71
     7
 72
     1
  1
G4
  7
p2c-2
 73
     1
 44
1.0
1001
ACAD
1000
MTEXTBEGIN
1070
    73
1070
     1
1070
    44
1040
1.0
1070
    74
1070
     0
1000
MTEXTEND
  0
HATCH
  5
108
330
1F
100
AcDbEntity
  8
Color-7-Line_Weight-25
440
 33554636
100
AcDbHatch
 10
0.0
 20
0.0
 30
0.0
210
0.0
220
0.0
230
1.0
  2
SOLID
 70
     1
 71
     0
 91
        1
 92
        3
 72
     0
 73
     1
 93
        3
 10
278.0834237226457
 20
63.27309179383457
 10
279.4592549027943
 20
60.47909243978995
 10
280.8562626542591
 20
63.27309179383457
 97
        0
 75
     0
 76
     1
 98
        0
450
        0
451
        0
460
0.0
461
0.0
452
        1
462
0.0
453
        0
470

  0
HATCH
  5
109
330
1F
100
AcDbEntity
  8
Color-7-Line_Weight-25
440
 33554636
100
AcDbHatch
 10
0.0
 20
0.0
 30
0.0
210
0.0
220
0.0
230
1.0
  2
SOLID
 70
     1
 71
     0
 91
        1
 92
        3
 72
     0
 73
     1
 93
        3
 10
239.9834237226457
 20
68.97385921721016
 10
241.359260285756
 20
66.17985986316554
 10
242.7562572712975
 20
68.97385921721016
 97
        0
 75
     0
 76
     1
 98
        0
450
        0
451
        0
460
0.0
461
0.0
452
        1
462
0.0
453
        0
470

  0
HATCH
  5
10C
330
1F
100
AcDbEntity
  8
Color-7-Line_Weight-25
440
 33554636
100
AcDbHatch
 10
0.0
 20
0.0
 30
0.0
210
0.0
220
0.0
230
1.0
  2
SOLID
 70
     1
 71
     0
 91
        1
 92
        3
 72
     0
 73
     1
 93
        3
 10
356.3997351138403
 20
195.7340902866052
 10
357.7755770599123
 20
192.9400963155224
 10
359.1729293209259
 20
195.7340902866052
 97
        0
 75
     0
 76
     1
 98
        0
450
        0
451
        0
460
0.0
461
0.0
452
        1
462
0.0
453
        0
470

  0
MTEXT
  5
10E
330
1F
100
AcDbEntity
  8
Color-7-Line_Weight-106
  6
Continuous
100
AcDbMText
 10
248.9787672064646
 20
205.7242992938685
 30
0.0
 40
2.545080116271975
 41
0.0
 46
0.0
 71
     7
 72
     1
  1
<25>
  7
p2c-2
 73
     1
 44
1.0
1001
ACAD
1000
MTEXTBEGIN
1070
    73
1070
     1
1070
    44
1040
1.0
1070
    74
1070
     0
1000
MTEXTEND
  0
MTEXT
  5
10F
330
1F
100
AcDbEntity
  8
Color-7-Line_Weight-106
  6
Continuous
100
AcDbMText
 10
297.6605771616377
 20
205.7242992938685
 30
0.0
 40
2.545080116271975
 41
0.0
 46
0.0
 71
     7
 72
     1
  1
<26>
  7
p2c-2
 73
     1
 44
1.0
1001
ACAD
1000
MTEXTBEGIN
1070
    73
1070
     1
1070
    44
1040
1.0
1070
    74
1070
     0
1000
MTEXTEND
  0
MTEXT
  5
110
330
1F
100
AcDbEntity
  8
Color-7-Line_Weight-106
  6
Continuous
100
AcDbMText
 10
411.9610508622669
 20
205.7242992938685
 30
0.0
 40
2.545080116271975
 41
0.0
 46
0.0
 71
     7
 72
     1
  1
<29>
  7
p2c-2
 73
     1
 44
1.0
1001
ACAD
1000
MTEXTBEGIN
1070
    73
1070
     1
1070
    44
1040
1.0
1070
    74
1070
     0
1000
MTEXTEND
  0
MTEXT
  5
113
330
1F
100
AcDbEntity
  8
Color-7-Line_Weight-25
  6
Continuous
100
AcDbMText
 10
335.5307864096852
 20
186.9770359840662
 30
0.0
 40
2.545080116271975
 41
0.0
 46
0.0
 71
     7
 72
     1
  1
<27>
  7
p2c-2
 73
     1
 44
1.0
1001
ACAD
1000
MTEXTBEGIN
1070
    73
1070
     1
1070
    44
1040
1.0
1070
    74
1070
     0
1000
MTEXTEND
  0
HATCH
  5
114
330
1F
100
AcDbEntity
  8
Color-7-Line_Weight-25
440
 33554636
100
AcDbHatch
 10
0.0
 20
0.0
 30
0.0
210
0.0
220
0.0
230
1.0
  2
SOLID
 70
     1
 71
     0
 91
        1
 92
        3
 72
     0
 73
     1
 93
        3
 10
265.3834305726416
 20
195.7341031132039
 10
266.7592626769192
 20
192.9400981408943
 10
268.1562584209141
 20
195.7341031132039
 97
        0
 75
     0
 76
     1
 98
        0
450
        0
451
        0
460
0.0
461
0.0
452
        1
462
0.0
453
        0
470

  0
MTEXT
  5
115
330
1F
100
AcDbEntity
  8
Color-7-Line_Weight-25
  6
Continuous
100
AcDbMText
 10
222.4149170579457
 20
190.9080928704269
 30
0.0
 40
2.545080116271968
 41
0.0
 46
0.0
 71
     7
 72
     1
  1
<2>
  7
p2c-2
 73
     1
 44
1.0
1001
ACAD
1000
MTEXTBEGIN
1070
    73
1070
     1
1070
    44
1040
1.0
1070
    74
1070
     0
1000
MTEXTEND
  0
MTEXT
  5
116
330
1F
100
AcDbEntity
  8
Color-7-Line_Weight-25
  6
Continuous
100
AcDbMText
 10
414.0795046722169
 20
190.9077052971847
 30
0.0
 40
2.545080116271975
 41
0.0
 46
0.0
 71
     7
 72
     1
  1
<38>
  7
p2c-2
 73
     1
 44
1.0
1001
ACAD
1000
MTEXTBEGIN
1070
    73
1070
     1
1070
    44
1040
1.0
1070
    74
1070
     0
1000
MTEXTEND
  0
MTEXT
  5
117
330
1F
100
AcDbEntity
  8
Color-7-Line_Weight-25
  6
Continuous
100
AcDbMText
 10
259.562062859066
 20
180.3244742401236
 30
0.0
 40
2.545080116271968
 41
0.0
 46
0.0
 71
     7
 72
     1
  1
<18>
  7
p2c-2
 73
     1
 44
1.0
1001
ACAD
1000
MTEXTBEGIN
1070
    73
1070
     1
1070
    44
1040
1.0
1070
    74
1070
     0
1000
MTEXTEND
  0
MTEXT
  5
118
330
1F
100
AcDbEntity
  8
Color-7-Line_Weight-25
  6
Continuous
100
AcDbMText
 10
308.2456115108672
 20
180.3244742401236
 30
0.0
 40
2.545080116271968
 41
0.0
 46
0.0
 71
     7
 72
     1
  1
<17>
  7
p2c-2
 73
     1
 44
1.0
1001
ACAD
1000
MTEXTBEGIN
1070
    73
1070
     1
1070
    44
1040
1.0
1070
    74
1070
     0
1000
MTEXTEND
  0
MTEXT
  5
119
330
1F
100
AcDbEntity
  8
Color-7-Line_Weight-25
  6
Continuous
100
AcDbMText
 10
323.0622351138403
 20
154.9245818993576
 30
0.0
 40
2.54508011627196
 41
0.0
 46
0.0
 71
     7
 72
     1
  1
<16>
  7
p2c-2
 73
     1
 44
1.0
1001
ACAD
1000
MTEXTBEGIN
1070
    73
1070
     1
1070
    44
1040
1.0
1070
    74
1070
     0
1000
MTEXTEND
  0
MTEXT
  5
11A
330
1F
100
AcDbEntity
  8
Color-7-Line_Weight-25
  6
Continuous
100
AcDbMText
 10
377.3426773027217
 20
131.0540163753795
 30
0.0
 40
2.545080116271975
 41
0.0
 46
0.0
 71
     7
 72
     1
  1
<21>
  7
p2c-2
 73
     1
 44
1.0
1001
ACAD
1000
MTEXTBEGIN
1070
    73
1070
     1
1070
    44
1040
1.0
1070
    74
1070
     0
1000
MTEXTEND
  0
MTEXT
  5
11B
330
1F
100
AcDbEntity
  8
Color-7-Line_Weight-25
  6
Continuous
100
AcDbMText
 10
200.2962090196156
 20
131.6409309712841
 30
0.0
 40
2.545080116271989
 41
0.0
 46
0.0
 71
     7
 72
     1
  1
<39>
  7
p2c-2
 73
     1
 44
1.0
1001
ACAD
1000
MTEXTBEGIN
1070
    73
1070
     1
1070
    44
1040
1.0
1070
    74
1070
     0
1000
MTEXTEND
  0
MTEXT
  5
11C
330
1F
100
AcDbEntity
  8
Color-7-Line_Weight-25
  6
Continuous
100
AcDbMText
 10
266.8647394202097
 20
106.2417384155386
 30
0.0
 40
2.545080116271975
 41
0.0
 46
0.0
 71
     7
 72
     1
  1
<6>
  7
p2c-2
 73
     1
 44
1.0
1001
ACAD
1000
MTEXTBEGIN
1070
    73
1070
     1
1070
    44
1040
1.0
1070
    74
1070
     0
1000
MTEXTEND
  0
MTEXT
  5
11D
330
1F
100
AcDbEntity
  8
Color-7-Line_Weight-25
  6
Continuous
100
AcDbMText
 10
291.3123858367678
 20
106.2414262037602
 30
0.0
 40
2.545080116271975
 41
0.0
 46
0.0
 71
     7
 72
     1
  1
<12>
  7
p2c-2
 73
     1
 44
1.0
1001
ACAD
1000
MTEXTBEGIN
1070
    73
1070
     1
1070
    44
1040
1.0
1070
    74
1070
     0
1000
MTEXTEND
  0
MTEXT
  5
11E
330
1F
100
AcDbEntity
  8
Color-7-Line_Weight-25
  6
Continuous
100
AcDbMText
 10
359.0454284901695
 20
102.0077052971847
 30
0.0
 40
2.545080116271975
 41
0.0
 46
0.0
 71
     7
 72
     1
  1
<19>
  7
p2c-2
 73
     1
 44
1.0
1001
ACAD
1000
MTEXTBEGIN
1070
    73
1070
     1
1070
    44
1040
1.0
1070
    74
1070
     0
1000
MTEXTEND
  0
MTEXT
  5
11F
330
1F
100
AcDbEntity
  8
Color-7-Line_Weight-25
  6
Continuous
100
AcDbMText
 10
403.4958483611817
 20
85.07437196385138
 30
0.0
 40
2.545080116271975
 41
0.0
 46
0.0
 71
     7
 72
     1
  1
<36>
  7
p2c-2
 73
     1
 44
1.0
1001
ACAD
1000
MTEXTBEGIN
1070
    73
1070
     1
1070
    44
1040
1.0
1070
    74
1070
     0
1000
MTEXTEND
  0
MTEXT
  5
120
330
1F
100
AcDbEntity
  8
Color-7-Line_Weight-25
  6
Continuous
100
AcDbMText
 10
304.0123427730742
 20
74.49149079930061
 30
0.0
 40
2.545080116271975
 41
0.0
 46
0.0
 71
     7
 72
     1
  1
<10>
  7
p2c-2
 73
     1
 44
1.0
1001
ACAD
1000
MTEXTBEGIN
1070
    73
1070
     1
1070
    44
1040
1.0
1070
    74
1070
     0
1000
MTEXTEND
  0
MTEXT
  5
121
330
1F
100
AcDbEntity
  8
Color-7-Line_Weight-25
  6
Continuous
100
AcDbMText
 10
276.4956438086374
 20
74.49107092828822
 30
0.0
 40
2.545080116271975
 41
0.0
 46
0.0
 71
     7
 72
     1
  1
<31>
  7
p2c-2
 73
     1
 44
1.0
1001
ACAD
1000
MTEXTBEGIN
1070
    73
1070
     1
1070
    44
1040
1.0
1070
    74
1070
     0
1000
MTEXTEND
  0
MTEXT
  5
122
330
1F
100
AcDbEntity
  8
Color-7-Line_Weight-25
  6
Continuous
100
AcDbMText
 10
348.4623427730743
 20
72.37440426162155
 30
0.0
 40
2.545080116272004
 41
0.0
 46
0.0
 71
     7
 72
     1
  1
<34>
  7
p2c-2
 73
     1
 44
1.0
1001
ACAD
1000
MTEXTBEGIN
1070
    73
1070
     1
1070
    44
1040
1.0
1070
    74
1070
     0
1000
MTEXTEND
  0
MTEXT
  5
123
330
1F
100
AcDbEntity
  8
Color-7-Line_Weight-25
  6
Continuous
100
AcDbMText
 10
369.6289448442005
 20
72.37440426162155
 30
0.0
 40
2.545080116272004
 41
0.0
 46
0.0
 71
     7
 72
     1
  1
<33>
  7
p2c-2
 73
     1
 44
1.0
1001
ACAD
1000
MTEXTBEGIN
1070
    73
1070
     1
1070
    44
1040
1.0
1070
    74
1070
     0
1000
MTEXTEND
  0
MTEXT
  5
124
330
1F
100
AcDbEntity
  8
Color-7-Line_Weight-25
  6
Continuous
100
AcDbMText
 10
314.5955038516333
 20
61.7911032260584
 30
0.0
 40
2.545080116272004
 41
0.0
 46
0.0
 71
     7
 72
     1
  1
<32>
  7
p2c-2
 73
     1
 44
1.0
1001
ACAD
1000
MTEXTBEGIN
1070
    73
1070
     1
1070
    44
1040
1.0
1070
    74
1070
     0
1000
MTEXTEND
  0
LINE
  5
173
330
1F
100
AcDbEntity
  8
Color-7-Line_Weight-25
  6
Continuous
100
AcDbLine
 10
313.325921569461
 20
62.61692491184942
 30
0.0
 11
304.8592549027943
 21
62.61692491184942
 31
0.0
  0
LINE
  5
174
330
1F
100
AcDbEntity
  8
Color-7-Line_Weight-53
  6
Continuous
100
AcDbLine
 10
235.009260285756
 20
201.8724214667539
 30
0.0
 11
226.5425936190894
 21
201.8724214667539
 31
0.0
  0
LINE
  5
175
330
1F
100
AcDbEntity
  8
Color-7-Line_Weight-53
  6
Continuous
100
AcDbLine
 10
270.9925936190893
 20
216.6890881334206
 30
0.0
 11
262.5259269524227
 21
216.6890881334206
 31
0.0
  0
LINE
  5
176
330
1F
100
AcDbEntity
  8
Color-7-Line_Weight-53
  6
Continuous
100
AcDbLine
 10
283.6925882361277
 20
73.20025824518276
 30
0.0
 11
264.6425936190893
 21
73.20025824518276
 31
0.0
  0
LINE
  5
177
330
1F
100
AcDbEntity
  8
Color-7-Line_Weight-53
  6
Continuous
100
AcDbLine
 10
347.1922437265789
 20
72.75575749156813
 30
0.0
 11
338.725921569461
 21
72.75575749156813
 31
0.0
  0
LINE
  5
178
330
1F
100
AcDbEntity
  8
Color-7-Line_Weight-53
  6
Continuous
100
AcDbLine
 10
368.3589103932457
 20
72.75575749156813
 30
0.0
 11
359.8922437265791
 21
72.75575749156813
 31
0.0
  0
LINE
  5
179
330
1F
100
AcDbEntity
  8
Color-7-Line_Weight-53
  6
Continuous
100
AcDbLine
 10
402.2255770599123
 20
85.90025824518276
 30
0.0
 11
393.7589103932457
 21
85.90025824518276
 31
0.0
  0
LINE
  5
17A
330
1F
100
AcDbEntity
  8
Color-7-Line_Weight-53
  6
Continuous
100
AcDbLine
 10
412.8089103932457
 20
155.7502582451827
 30
0.0
 11
404.342243726579
 21
155.7502582451827
 31
0.0
  0
LINE
  5
17B
330
1F
100
AcDbEntity
  8
Color-7-Line_Weight-53
  6
Continuous
100
AcDbLine
 10
412.8089103932457
 20
191.2890881334206
 30
0.0
 11
404.342243726579
 21
191.2890881334206
 31
0.0
  0
LINE
  5
17C
330
1F
100
AcDbEntity
  8
Color-7-Line_Weight-25
  6
Continuous
100
AcDbLine
 10
368.3589103932457
 20
100.7169249118494
 30
0.0
 11
338.725921569461
 21
100.7169249118494
 31
0.0
  0
LINE
  5
17D
330
1F
100
AcDbEntity
  8
Color-7-Line_Weight-106
  6
Continuous
100
AcDbLine
 10
347.1922437265789
 20
85.45575749156808
 30
0.0
 11
328.1425882361276
 21
85.45575749156808
 31
0.0
  0
LINE
  5
17E
330
1F
100
AcDbEntity
  8
220kV_Line
100
AcDbLine
 10
332.375921569461
 20
85.45575749156808
 30
0.0
 11
332.375921569461
 21
97.98642297398323
 31
0.0
  0
LINE
  5
17F
330
1F
100
AcDbEntity
  8
220kV_Line
100
AcDbLine
 10
342.9589103932457
 20
68.5224241582348
 30
0.0
 11
342.9589103932457
 21
100.7169249118494
 31
0.0
  0
LINE
  5
180
330
1F
100
AcDbEntity
  8
220kV_Line
100
AcDbLine
 10
364.1255770599124
 20
68.5224241582348
 30
0.0
 11
364.1255770599124
 21
100.7169249118494
 31
0.0
  0
LINE
  5
181
330
1F
100
AcDbEntity
  8
Color-7-Line_Weight-25
  6
Continuous
100
AcDbLine
 10
321.7925882361277
 20
73.20025824518276
 30
0.0
 11
292.1592549027943
 21
73.20025824518276
 31
0.0
  0
LINE
  5
182
330
1F
100
AcDbEntity
  8
Color-7-Line_Weight-106
  6
Continuous
100
AcDbLine
 10
311.2092549027943
 20
104.9502582451827
 30
0.0
 11
292.1592549027943
 21
104.9502582451827
 31
0.0
  0
LINE
  5
183
330
1F
100
AcDbEntity
  8
220kV_Line
100
AcDbLine
 10
302.7425882361276
 20
104.9502582451827
 30
0.0
 11
302.7425882361276
 21
112.3585915785161
 31
0.0
  0
LINE
  5
184
330
1F
100
AcDbEntity
  8
220kV_Line
100
AcDbLine
 10
296.3925882361277
 20
73.20025824518276
 30
0.0
 11
296.3925882361277
 21
104.9502582451827
 31
0.0
  0
LINE
  5
185
330
1F
100
AcDbEntity
  8
220kV_Line
100
AcDbLine
 10
306.975921569461
 20
88.01692491184942
 30
0.0
 11
306.975921569461
 21
104.9502582451827
 31
0.0
  0
LINE
  5
186
330
1F
100
AcDbEntity
  8
Color-7-Line_Weight-25
  6
Continuous
100
AcDbLine
 10
321.7925882361277
 20
88.01692491184942
 30
0.0
 11
302.7425882361276
 21
88.01692491184942
 31
0.0
  0
LINE
  5
187
330
1F
100
AcDbEntity
  8
220kV_Line
100
AcDbLine
 10
317.5592549027943
 20
73.20025824518276
 30
0.0
 11
317.5592549027943
 21
203.9890881334206
 31
0.0
  0
LINE
  5
188
330
1F
100
AcDbEntity
  8
Color-7-Line_Weight-25
  6
Continuous
100
AcDbLine
 10
300.625921569461
 20
81.66692491184944
 30
0.0
 11
279.4592549027943
 21
81.66692491184944
 31
0.0
  0
LINE
  5
189
330
1F
100
AcDbEntity
  8
Color-7-Line_Weight-106
  6
Continuous
100
AcDbLine
 10
287.9259215694609
 20
104.9502582451827
 30
0.0
 11
247.709260285756
 21
104.9502582451827
 31
0.0
  0
LINE
  5
18A
330
1F
100
AcDbEntity
  8
220kV_Line
100
AcDbLine
 10
283.6925882361277
 20
81.66692491184944
 30
0.0
 11
283.6925882361277
 21
104.9502582451827
 31
0.0
  0
LINE
  5
18B
330
1F
100
AcDbEntity
  8
Color-7-Line_Weight-25
  6
Continuous
100
AcDbLine
 10
321.9809595112557
 20
123.4103126003693
 30
0.0
 11
298.6976261779223
 21
123.4103126003693
 31
0.0
  0
LINE
  5
18C
330
1F
100
AcDbEntity
  8
Color-7-Line_Weight-106
  6
Continuous
100
AcDbLine
 10
332.0446998366041
 20
138.6162334596485
 30
0.0
 11
312.9946998366041
 21
138.6162334596485
 31
0.0
  0
LINE
  5
18D
330
1F
100
AcDbEntity
  8
220kV_Line
100
AcDbLine
 10
328.1425882361276
 20
138.7284336452228
 30
0.0
 11
328.1425882361276
 21
130.9640935163823
 31
0.0
  0
LINE
  5
18E
330
1F
100
AcDbEntity
  8
Color-7-Line_Weight-25
  6
Continuous
100
AcDbLine
 10
264.6425936190893
 20
129.905760183049
 30
0.0
 11
237.1259269524227
 21
129.905760183049
 31
0.0
  0
LINE
  5
18F
330
1F
100
AcDbEntity
  8
Color-7-Line_Weight-106
  6
Continuous
100
AcDbLine
 10
376.8255770599123
 20
153.1890881334206
 30
0.0
 11
313.325921569461
 21
153.1890881334206
 31
0.0
  0
LINE
  5
190
330
1F
100
AcDbEntity
  8
220kV_Line
100
AcDbLine
 10
353.542243726579
 20
100.7169249118494
 30
0.0
 11
353.542243726579
 21
153.633591578516
 31
0.0
  0
LINE
  5
191
330
1F
100
AcDbEntity
  8
220kV_Line
100
AcDbLine
 10
342.9589103932457
 20
153.633591578516
 30
0.0
 11
342.9589103932457
 21
143.6640881334206
 31
0.0
  0
LINE
  5
192
330
1F
100
AcDbEntity
  8
Color-7-Line_Weight-25
  6
Continuous
100
AcDbLine
 10
425.5089103932457
 20
100.2724268497156
 30
0.0
 11
389.5255770599123
 21
100.2724268497156
 31
0.0
  0
LINE
  5
193
330
1F
100
AcDbEntity
  8
220kV_Line
100
AcDbLine
 10
397.992243726579
 20
81.66692491184944
 30
0.0
 11
397.992243726579
 21
106.4530896406498
 31
0.0
  0
LINE
  5
194
330
1F
100
AcDbEntity
  8
Color-7-Line_Weight-25
  6
Continuous
100
AcDbLine
 10
381.1182266983881
 20
136.1020124050202
 30
0.0
 11
362.0682266983881
 21
136.1020124050202
 31
0.0
  0
LINE
  5
195
330
1F
100
AcDbEntity
  8
220kV_Line
100
AcDbLine
 10
370.4755770599123
 20
153.1890881334206
 30
0.0
 11
370.4755770599123
 21
131.0115616957063
 31
0.0
  0
LINE
  5
196
330
1F
100
AcDbEntity
  8
Color-7-Line_Weight-25
  6
Continuous
100
AcDbLine
 10
412.8089103932457
 20
140.9335915785161
 30
0.0
 11
393.7589103932457
 21
140.9335915785161
 31
0.0
  0
LINE
  5
197
330
1F
100
AcDbEntity
  8
220kV_Line
100
AcDbLine
 10
408.5755770599123
 20
100.7169249118494
 30
0.0
 11
408.5755770599123
 21
159.9835915785161
 31
0.0
  0
LINE
  5
198
330
1F
100
AcDbEntity
  8
Color-7-Line_Weight-25
  6
Continuous
100
AcDbLine
 10
391.6422437265791
 20
179.0335915785161
 30
0.0
 11
362.0089103932457
 21
179.0335915785161
 31
0.0
  0
LINE
  5
199
330
1F
100
AcDbEntity
  8
Color-7-Line_Weight-25
  6
Continuous
100
AcDbLine
 10
376.8255770599123
 20
179.0335915785161
 30
0.0
 11
376.8255770599123
 21
170.7362621209151
 31
0.0
  0
LINE
  5
19A
330
1F
100
AcDbEntity
  8
220kV_Line
100
AcDbLine
 10
366.242243726579
 20
153.1890881334206
 30
0.0
 11
366.242243726579
 21
178.5890881334206
 31
0.0
  0
LINE
  5
19B
330
1F
100
AcDbEntity
  8
220kV_Line
100
AcDbLine
 10
264.6425936190893
 20
178.5890881334206
 30
0.0
 11
264.6425936190893
 21
151.686262120915
 31
0.0
  0
LINE
  5
19C
330
1F
100
AcDbEntity
  8
Color-7-Line_Weight-25
  6
Continuous
100
AcDbLine
 10
283.6925882361277
 20
178.5890881334206
 30
0.0
 11
260.409260285756
 21
178.5890881334206
 31
0.0
  0
LINE
  5
19D
330
1F
100
AcDbEntity
  8
220kV_Line
100
AcDbLine
 10
279.4592549027943
 20
178.5890881334206
 30
0.0
 11
279.4592549027943
 21
170.7362621209151
 31
0.0
  0
LINE
  5
19E
330
1F
100
AcDbEntity
  8
Color-7-Line_Weight-25
  6
Continuous
100
AcDbLine
 10
321.7925882361277
 20
178.5890881334206
 30
0.0
 11
302.7425882361276
 21
178.5890881334206
 31
0.0
  0
LINE
  5
19F
330
1F
100
AcDbEntity
  8
Color-7-Line_Weight-106
  6
Continuous
100
AcDbLine
 10
336.6092549027943
 20
191.2890881334206
 30
0.0
 11
313.325921569461
 21
191.2890881334206
 31
0.0
  0
LINE
  5
1A0
330
1F
100
AcDbEntity
  8
220kV_Line
100
AcDbLine
 10
332.375921569461
 20
191.2890881334206
 30
0.0
 11
332.375921569461
 21
183.4362621209151
 31
0.0
  0
LINE
  5
1A1
330
1F
100
AcDbEntity
  8
220kV_Line
100
AcDbLine
 10
230.7759269524227
 20
206.1057548000873
 30
0.0
 11
230.7759269524227
 21
189.1724214667539
 31
0.0
  0
LINE
  5
1A2
330
1F
100
AcDbEntity
  8
Color-7-Line_Weight-25
  6
Continuous
100
AcDbLine
 10
256.1759269524227
 20
92.25025824518274
 30
0.0
 11
237.1259269524227
 21
92.25025824518274
 31
0.0
  0
LINE
  5
1A3
330
1F
100
AcDbEntity
  8
220kV_Line
100
AcDbLine
 10
251.9425936190893
 20
203.9890881334206
 30
0.0
 11
251.9425936190893
 21
82.28075749156813
 31
0.0
  0
LINE
  5
1A4
330
1F
100
AcDbEntity
  8
Color-7-Line_Weight-25
  6
Continuous
100
AcDbLine
 10
245.5925936190894
 20
79.55025824518276
 30
0.0
 11
224.4259269524227
 21
79.55025824518276
 31
0.0
  0
LINE
  5
1A5
330
1F
100
AcDbEntity
  8
220kV_Line
100
AcDbLine
 10
241.359260285756
 20
92.25025824518274
 30
0.0
 11
241.359260285756
 21
69.00792906912369
 31
0.0
  0
LINE
  5
1A6
330
1F
100
AcDbEntity
  8
Color-7-Line_Weight-25
  6
Continuous
100
AcDbLine
 10
234.5090111102241
 20
57.57260739282083
 30
0.0
 11
213.3423444435575
 21
57.57260739282083
 31
0.0
  0
LINE
  5
1A7
330
1F
100
AcDbEntity
  8
Color-7-Line_Weight-106
  6
Continuous
100
AcDbLine
 10
256.1759269524227
 20
115.5335915785161
 30
0.0
 11
226.5425936190894
 21
115.5335915785161
 31
0.0
  0
LINE
  5
1A8
330
1F
100
AcDbEntity
  8
220kV_Line
100
AcDbLine
 10
268.8759269524227
 20
68.96692491184942
 30
0.0
 11
268.8759269524227
 21
104.9502582451827
 31
0.0
  0
LINE
  5
1A9
330
1F
100
AcDbEntity
  8
220kV_Line
100
AcDbLine
 10
230.7759269524227
 20
57.6848074191901
 30
0.0
 11
230.7759269524227
 21
115.5335915785161
 31
0.0
  0
LINE
  5
1AA
330
1F
100
AcDbEntity
  8
220kV_Line
100
AcDbLine
 10
220.1925936190894
 20
57.6848074191901
 30
0.0
 11
220.1925936190894
 21
172.2390881334206
 31
0.0
  0
LINE
  5
1AB
330
1F
100
AcDbEntity
  8
220kV_Line
100
AcDbLine
 10
243.4759269524227
 20
130.3502582451828
 30
0.0
 11
243.4759269524227
 21
137.7585915785161
 31
0.0
  0
LINE
  5
1AC
330
1F
100
AcDbEntity
  8
Color-7-Line_Weight-25
  6
Continuous
100
AcDbLine
 10
224.4259269524227
 20
129.905760183049
 30
0.0
 11
201.1425936190894
 21
129.905760183049
 31
0.0
  0
LINE
  5
1AD
330
1F
100
AcDbEntity
  8
220kV_Line
100
AcDbLine
 10
209.609260285756
 20
136.2557548000872
 30
0.0
 11
209.609260285756
 21
122.0529234046201
 31
0.0
  0
LINE
  5
1AE
330
1F
100
AcDbEntity
  8
Color-7-Line_Weight-25
  6
Continuous
100
AcDbLine
 10
256.1759269524227
 20
189.1724214667539
 30
0.0
 11
222.309260285756
 21
189.1724214667539
 31
0.0
  0
LINE
  5
1AF
330
1F
100
AcDbEntity
  8
Color-7-Line_Weight-106
  6
Continuous
100
AcDbLine
 10
235.009260285756
 20
172.2390881334206
 30
0.0
 11
215.959260285756
 21
172.2390881334206
 31
0.0
  0
LINE
  5
1B0
330
1F
100
AcDbEntity
  8
220kV_Line
100
AcDbLine
 10
230.7759269524227
 20
189.1724214667539
 30
0.0
 11
230.7759269524227
 21
172.2390881334206
 31
0.0
  0
LINE
  5
1B1
330
1F
100
AcDbEntity
  8
220kV_Line
100
AcDbLine
 10
266.759260285756
 20
220.9224214667539
 30
0.0
 11
266.759260285756
 21
203.9890881334206
 31
0.0
  0
LINE
  5
1B2
330
1F
100
AcDbEntity
  8
Color-7-Line_Weight-25
  6
Continuous
100
AcDbLine
 10
328.1425882361276
 20
203.9890881334206
 30
0.0
 11
298.5092549027943
 21
203.9890881334206
 31
0.0
  0
LINE
  5
1B3
330
1F
100
AcDbEntity
  8
Color-7-Line_Weight-106
  6
Continuous
100
AcDbLine
 10
368.3589103932457
 20
203.9890881334206
 30
0.0
 11
347.1922437265789
 21
203.9890881334206
 31
0.0
  0
LINE
  5
1B4
330
1F
100
AcDbEntity
  8
Color-7-Line_Weight-106
  6
Continuous
100
AcDbLine
 10
419.1589103932455
 20
203.9890881334206
 30
0.0
 11
389.5255770599123
 21
203.9890881334206
 31
0.0
  0
LINE
  5
1B5
330
1F
100
AcDbEntity
  8
220kV_Line
100
AcDbLine
 10
306.975921569461
 20
204.4335915785161
 30
0.0
 11
306.975921569461
 21
211.8419249118494
 31
0.0
  0
LINE
  5
1B6
330
1F
100
AcDbEntity
  8
220kV_Line
100
AcDbLine
 10
408.5755770599123
 20
187.0557548000872
 30
0.0
 11
408.5755770599123
 21
211.8419249118494
 31
0.0
  0
LINE
  5
1B7
330
1F
100
AcDbEntity
  8
220kV_Line
100
AcDbLine
 10
309.0925882361276
 20
58.3835915785161
 30
0.0
 11
309.0925882361276
 21
73.20025824518276
 31
0.0
  0
LINE
  5
1B8
330
1F
100
AcDbEntity
  8
220kV_Line
100
AcDbLine
 10
279.4592549027943
 20
73.20025824518276
 30
0.0
 11
279.4592549027943
 21
63.23075883730854
 31
0.0
  0
LINE
  5
1B9
330
1F
100
AcDbEntity
  8
Color-7-Line_Weight-25
  6
Continuous
100
AcDbLine
 10
270.9925936190893
 20
159.5390881334206
 30
0.0
 11
245.5925936190894
 21
159.5390881334206
 31
0.0
  0
LINE
  5
1BA
330
1F
100
AcDbEntity
  8
220kV_Line
100
AcDbLine
 10
357.7755770599123
 20
203.9890881334206
 30
0.0
 11
357.7755770599123
 21
195.6917586758197
 31
0.0
  0
LINE
  5
1BB
330
1F
100
AcDbEntity
  8
Color-7-Line_Weight-25
  6
Continuous
100
AcDbLine
 10
285.8092549027944
 20
203.9890881334206
 30
0.0
 11
247.709260285756
 21
203.9890881334206
 31
0.0
  0
LINE
  5
1BC
330
1F
100
AcDbEntity
  8
220kV_Line
100
AcDbLine
 10
266.759260285756
 20
203.5445954542485
 30
0.0
 11
266.759260285756
 21
195.6917586758197
 31
0.0
  0
LWPOLYLINE
  5
1BE
330
1F
100
AcDbEntity
  8
110kV_Line20
370
    -3
100
AcDbPolyline
 90
        5
 70
     0
 43
0.0
 10
226.5425936190894
 20
199.7557548000872
 10
228.659260285756
 20
195.5224214667539
 10
230.7759269524227
 20
199.7557548000872
 10
232.8925936190894
 20
195.5224214667539
 10
235.009260285756
 20
199.7557548000872
  0
LWPOLYLINE
  5
1BF
330
1F
100
AcDbEntity
  8
110kV_Line20
370
    -3
100
AcDbPolyline
 90
        5
 70
     0
 43
0.0
 10
262.5259269524227
 20
214.5724214667539
 10
264.6425936190893
 20
210.3390881334206
 10
266.759260285756
 20
214.5724214667539
 10
268.8759269524227
 20
210.3390881334206
 10
270.9925936190893
 20
214.5724214667539
  0
LWPOLYLINE
  5
1C0
330
1F
100
AcDbEntity
  8
110kV_Line20
370
    -3
100
AcDbPolyline
 90
        5
 70
     0
 43
0.0
 10
273.109260285756
 20
79.55025824518276
 10
270.9925936190893
 20
75.3169249118494
 10
268.8759269524227
 20
79.55025824518276
 10
266.759260285756
 20
75.3169249118494
 10
264.6425936190893
 20
79.55025824518276
  0
LWPOLYLINE
  5
1C1
330
1F
100
AcDbEntity
  8
110kV_Line20
370
    -3
100
AcDbPolyline
 90
        5
 70
     0
 43
0.0
 10
313.325921569461
 20
68.96692491184942
 10
311.2092549027943
 20
64.7335915785161
 10
309.0925882361276
 20
68.96692491184942
 10
306.975921569461
 20
64.7335915785161
 10
304.8592549027943
 20
68.96692491184942
  0
LWPOLYLINE
  5
1C2
330
1F
100
AcDbEntity
  8
110kV_Line20
370
    -3
100
AcDbPolyline
 90
        5
 70
     0
 43
0.0
 10
347.1922437265789
 20
79.10575749156811
 10
345.0755770599124
 20
74.87242415823479
 10
342.9589103932457
 20
79.10575749156811
 10
340.842243726579
 20
74.87242415823479
 10
338.725921569461
 20
79.10575749156811
  0
LWPOLYLINE
  5
1C3
330
1F
100
AcDbEntity
  8
110kV_Line20
370
    -3
100
AcDbPolyline
 90
        5
 70
     0
 43
0.0
 10
368.3589103932457
 20
90.1335915785161
 10
366.242243726579
 20
85.90025824518276
 10
364.1255770599124
 20
90.1335915785161
 10
362.0089103932457
 20
85.90025824518276
 10
359.8922437265791
 20
90.1335915785161
  0
LWPOLYLINE
  5
1C4
330
1F
100
AcDbEntity
  8
110kV_Line20
370
    -3
100
AcDbPolyline
 90
        5
 70
     0
 43
0.0
 10
402.2255770599123
 20
92.25025824518274
 10
400.1089103932455
 20
88.01692491184942
 10
397.992243726579
 20
92.25025824518274
 10
395.8755770599124
 20
88.01692491184942
 10
393.7589103932457
 20
92.25025824518274
  0
LWPOLYLINE
  5
1C5
330
1F
100
AcDbEntity
  8
110kV_Line20
370
    -3
100
AcDbPolyline
 90
        5
 70
     0
 43
0.0
 10
412.8089103932457
 20
199.7557548000872
 10
410.6922437265789
 20
195.5224214667539
 10
408.5755770599123
 20
199.7557548000872
 10
406.4589103932457
 20
195.5224214667539
 10
404.342243726579
 20
199.7557548000872
  0
LWPOLYLINE
  5
1C6
330
1F
100
AcDbEntity
  8
Color-7-Line_Weight-25
  6
Continuous
100
AcDbPolyline
 90
        5
 70
     0
 43
0.0
 10
404.342243726579
 20
153.633591578516
 10
406.4589103932457
 20
149.4002582451827
 10
408.5755770599123
 20
153.633591578516
 10
410.6922437265789
 20
149.4002582451827
 10
412.8089103932457
 20
153.633591578516
  0
LWPOLYLINE
  5
1C7
330
1F
100
AcDbEntity
  8
110kV_Line20
370
    -3
100
AcDbPolyline
 90
        5
 70
     0
 43
0.0
 10
311.2092549027943
 20
98.60025824518274
 10
309.0925882361276
 20
94.36692491184942
 10
306.975921569461
 20
98.60025824518274
 10
304.8592549027943
 20
94.36692491184942
 10
302.7425882361276
 20
98.60025824518274
  0
LWPOLYLINE
  5
1C8
330
1F
100
AcDbEntity
  8
110kV_Line20
370
    -3
100
AcDbPolyline
 90
        5
 70
     0
 43
0.0
 10
300.625921569461
 20
98.60025824518274
 10
298.5092549027943
 20
94.36692491184942
 10
296.3925882361277
 20
98.60025824518274
 10
294.275921569461
 20
94.36692491184942
 10
292.1592549027943
 20
98.60025824518274
  0
LWPOLYLINE
  5
1C9
330
1F
100
AcDbEntity
  8
110kV_Line20
370
    -3
100
AcDbPolyline
 90
        5
 70
     0
 43
0.0
 10
347.1922437265789
 20
96.4835915785161
 10
345.0755770599124
 20
92.25025824518274
 10
342.9589103932457
 20
96.4835915785161
 10
340.842243726579
 20
92.25025824518274
 10
338.725921569461
 20
96.4835915785161
  0
LINE
  5
1CA
330
1F
100
AcDbEntity
  8
220kV_Line
100
AcDbLine
 10
279.4592549027943
 20
178.1445954542485
 30
0.0
 11
279.4592549027943
 21
182.8224214667539
 31
0.0
  0
LINE
  5
1CB
330
1F
100
AcDbEntity
  8
220kV_Line
100
AcDbLine
 10
279.4592549027943
 20
182.8224214667539
 30
0.0
 11
306.975921569461
 21
182.8224214667539
 31
0.0
  0
LINE
  5
1CC
330
1F
100
AcDbEntity
  8
220kV_Line
100
AcDbLine
 10
306.975921569461
 20
182.8224214667539
 30
0.0
 11
306.975921569461
 21
178.1445954542485
 31
0.0
  0
LINE
  5
1CD
330
1F
100
AcDbEntity
  8
220kV_Line
100
AcDbLine
 10
387.4089103932457
 20
178.5890881334206
 30
0.0
 11
387.4089103932457
 21
172.2390881334206
 31
0.0
  0
LINE
  5
1CE
330
1F
100
AcDbEntity
  8
220kV_Line
100
AcDbLine
 10
387.4089103932457
 20
172.2390881334206
 30
0.0
 11
421.2755770599123
 21
172.2390881334206
 31
0.0
  0
LINE
  5
1CF
330
1F
100
AcDbEntity
  8
220kV_Line
100
AcDbLine
 10
421.2755770599123
 20
172.2390881334206
 30
0.0
 11
421.2755770599123
 21
100.2724268497156
 31
0.0
  0
LINE
  5
1D0
330
1F
100
AcDbEntity
  8
220kV_Line
100
AcDbLine
 10
260.409260285756
 20
130.3502582451828
 30
0.0
 11
260.409260285756
 21
136.7002582451827
 31
0.0
  0
LINE
  5
1D1
330
1F
100
AcDbEntity
  8
220kV_Line
100
AcDbLine
 10
260.409260285756
 20
136.7002582451827
 30
0.0
 11
306.975921569461
 21
136.7002582451827
 31
0.0
  0
LINE
  5
1D2
330
1F
100
AcDbEntity
  8
220kV_Line
100
AcDbLine
 10
306.975921569461
 20
136.7002582451827
 30
0.0
 11
306.975921569461
 21
123.5225127859436
 31
0.0
  0
LINE
  5
1D3
330
1F
100
AcDbEntity
  8
220kV_Line
100
AcDbLine
 10
376.8255770599123
 20
136.2142123370438
 30
0.0
 11
376.8255770599123
 21
144.7224214667539
 31
0.0
  0
LINE
  5
1D4
330
1F
100
AcDbEntity
  8
220kV_Line
100
AcDbLine
 10
376.8255770599123
 20
144.7224214667539
 30
0.0
 11
397.992243726579
 21
144.7224214667539
 31
0.0
  0
LINE
  5
1D5
330
1F
100
AcDbEntity
  8
220kV_Line
100
AcDbLine
 10
397.992243726579
 20
144.7224214667539
 30
0.0
 11
397.992243726579
 21
140.4890881334206
 31
0.0
  0
LINE
  5
1D6
330
1F
100
AcDbEntity
  8
220kV_Line
100
AcDbLine
 10
323.9092549027943
 20
203.9890881334206
 30
0.0
 11
323.9092549027943
 21
208.2224214667539
 31
0.0
  0
LINE
  5
1D7
330
1F
100
AcDbEntity
  8
220kV_Line
100
AcDbLine
 10
323.9092549027943
 20
208.2224214667539
 30
0.0
 11
351.4255770599123
 21
208.2224214667539
 31
0.0
  0
LINE
  5
1D8
330
1F
100
AcDbEntity
  8
220kV_Line
100
AcDbLine
 10
351.4255770599123
 20
208.2224214667539
 30
0.0
 11
351.4255770599123
 21
203.9890881334206
 31
0.0
  0
LINE
  5
1D9
330
1F
100
AcDbEntity
  8
220kV_Line
100
AcDbLine
 10
364.1255770599124
 20
203.9890881334206
 30
0.0
 11
364.1255770599124
 21
208.2224214667539
 31
0.0
  0
LINE
  5
1DA
330
1F
100
AcDbEntity
  8
220kV_Line
100
AcDbLine
 10
364.1255770599124
 20
208.2224214667539
 30
0.0
 11
393.7589103932457
 21
208.2224214667539
 31
0.0
  0
LINE
  5
1DB
330
1F
100
AcDbEntity
  8
220kV_Line
100
AcDbLine
 10
393.7589103932457
 20
208.2224214667539
 30
0.0
 11
393.7589103932457
 21
203.9890881334206
 31
0.0
  0
LINE
  5
1DC
330
1F
100
AcDbEntity
  8
220kV_Line
100
AcDbLine
 10
317.5592549027943
 20
203.9890881334206
 30
0.0
 11
317.5592549027943
 21
212.4557548000872
 31
0.0
  0
LINE
  5
1DD
330
1F
100
AcDbEntity
  8
220kV_Line
100
AcDbLine
 10
317.5592549027943
 20
212.4557548000872
 30
0.0
 11
400.1089103932455
 21
212.4557548000872
 31
0.0
  0
LINE
  5
1DE
330
1F
100
AcDbEntity
  8
220kV_Line
100
AcDbLine
 10
400.1089103932455
 20
212.4557548000872
 30
0.0
 11
400.1089103932455
 21
203.9890881334206
 31
0.0
  0
LINE
  5
1DF
330
1F
100
AcDbEntity
  8
220kV_Line
100
AcDbLine
 10
281.575921569461
 20
203.9890881334206
 30
0.0
 11
281.575921569461
 21
199.7557548000872
 31
0.0
  0
LINE
  5
1E0
330
1F
100
AcDbEntity
  8
220kV_Line
100
AcDbLine
 10
281.575921569461
 20
199.7557548000872
 30
0.0
 11
306.975921569461
 21
199.7557548000872
 31
0.0
  0
LINE
  5
1E1
330
1F
100
AcDbEntity
  8
220kV_Line
100
AcDbLine
 10
306.975921569461
 20
199.7557548000872
 30
0.0
 11
306.975921569461
 21
203.9890881334206
 31
0.0
  0
TEXT
  5
250
102
{ACAD_XDICTIONARY
360
251
102
}
330
1F
100
AcDbEntity
  8
PSSE Flow
100
AcDbText
 10
192.1240422644635
 20
126.5991491239137
 30
0.0
 40
1.96004592576463
  1
39kv
  7
PSSE Flow
100
AcDbText
1001
AcadAnnotative
1000
AnnotativeData
1002
{
1070
     1
1070
     0
1002
}
  0
TEXT
  5
262
330
1F
100
AcDbEntity
  8
PSSE Flow
100
AcDbText
 10
218.0679148890353
 20
101.9338762166246
 30
0.0
 40
1.96004592576463
  1
39to9-1
 50
90.0
  7
PSSE Flow
 72
     1
 11
217.087891926153
 21
106.5772865168842
 31
0.0
100
AcDbText
 73
     2
  0
LWPOLYLINE
  5
276
330
1F
100
AcDbEntity
  8
220_LINE
 62
     3
100
AcDbPolyline
 90
        2
 70
     0
 43
0.2244
 10
201.1425799389466
 20
130.0179545418785
 10
224.3804739187926
 20
130.0179545418785
  0
LINE
  5
28E
330
1F
100
AcDbEntity
  8
Color-7-Line_Weight-25
  6
Continuous
100
AcDbLine
 10
260.4092743682608
 20
129.9057659536256
 30
0.0
 11
237.1259410349275
 21
129.9057659536256
 31
0.0
  0
LWPOLYLINE
  5
28F
330
1F
100
AcDbEntity
  8
220_LINE
 62
     3
100
AcDbPolyline
 90
        2
 70
     0
 43
0.2244
 10
237.1259273547848
 20
130.0179603124552
 10
264.4186686423489
 20
130.0179603124552
  0
LINE
  5
296
330
1F
100
AcDbEntity
  8
Color-7-Line_Weight-25
  6
Continuous
100
AcDbLine
 10
268.8759410349275
 20
159.5390939039973
 30
0.0
 11
245.5926077015941
 21
159.5390939039973
 31
0.0
  0
TEXT
  5
2FA
330
1F
100
AcDbEntity
  8
PSSE Flow
100
AcDbText
 10
218.2209886150053
 20
149.1731462267693
 30
0.0
 40
1.96004592576463
  1
39to1-1
 50
90.0
  7
PSSE Flow
 72
     1
 11
217.240965652123
 21
153.8165565270289
 31
0.0
100
AcDbText
 73
     2
  0
INSERT
  5
2FB
102
{ACAD_XDICTIONARY
360
2FC
102
}
330
1F
100
AcDbEntity
  8
220kV_Linehh
100
AcDbBlockReference
  2
*U2
 10
220.1791830029462
 20
155.9929694118726
 30
0.0
 41
-3.148268576538053
 42
3.148268576538053
 43
3.148268576538053
 50
90.0
  0
LINE
  5
30A
330
1F
100
AcDbEntity
  8
Color-7-Line_Weight-25
  6
Continuous
100
AcDbLine
 10
285.8097550846383
 20
178.7012870191685
 30
0.0
 11
260.4097550846383
 21
178.7012870191685
 31
0.0
  0
LINE
  5
30B
330
1F
100
AcDbEntity
  8
Color-7-Line_Weight-25
  6
Continuous
100
AcDbLine
 10
283.6931025004765
 20
178.7012927897452
 30
0.0
 11
260.4097691671431
 21
178.7012927897452
 31
0.0
  0
LWPOLYLINE
  5
312
330
1F
100
AcDbEntity
  8
220_LINE
 62
     3
100
AcDbPolyline
 90
        2
 70
     0
 43
0.2244
 10
245.5013764668975
 20
159.614302956646
 10
272.7941177544617
 20
159.614302956646
  0
LWPOLYLINE
  5
318
330
1F
100
AcDbEntity
  8
220_LINE
 62
     3
100
AcDbPolyline
 90
        2
 70
     0
 43
0.2244
 10
260.4092598298304
 20
178.7012883189948
 10
287.7020011173946
 20
178.7012883189948
  0
LWPOLYLINE
  5
31E
330
1F
100
AcDbEntity
  8
220_LINE
 62
     3
100
AcDbPolyline
 90
        2
 70
     0
 43
0.2244
 10
298.6976257219966
 20
123.5225127859436
 10
325.9903670095608
 20
123.5225127859436
  0
LWPOLYLINE
  5
324
330
1F
100
AcDbEntity
  8
220_LINE
 62
     3
100
AcDbPolyline
 90
        2
 70
     0
 43
0.2244
 10
312.9946993806783
 20
138.7284336452228
 10
332.3567878863967
 20
138.7284336452228
  0
LWPOLYLINE
  5
333
330
1F
100
AcDbEntity
  8
220_LINE
 62
     3
100
AcDbPolyline
 90
        2
 70
     0
 43
0.2244
 10
226.5425931631637
 20
115.6457917640903
 10
256.1903122146079
 20
115.6457917640903
  0
LWPOLYLINE
  5
339
330
1F
100
AcDbEntity
  8
220_LINE
 62
     3
100
AcDbPolyline
 90
        2
 70
     0
 43
0.2244
 10
224.4259272590704
 20
79.66245822714056
 10
245.4933257045141
 20
79.66245822714056
  0
LWPOLYLINE
  5
33F
330
1F
100
AcDbEntity
  8
220_LINE
 62
     3
100
AcDbPolyline
 90
        2
 70
     0
 43
0.2244
 10
215.9592605924038
 20
172.3512881153784
 10
237.532941508182
 20
172.3512881153784
  0
LWPOLYLINE
  5
345
330
1F
100
AcDbEntity
  8
220_LINE
 62
     3
100
AcDbPolyline
 90
        2
 70
     0
 43
0.2244
 10
222.309260146879
 20
189.2846212754115
 10
256.1819781003638
 20
189.2846212754115
  0
LWPOLYLINE
  5
34F
330
1F
100
AcDbEntity
  8
220_LINE
 62
     3
100
AcDbPolyline
 90
        2
 70
     0
 43
0.2244
 10
247.7092606148104
 20
204.1012881158529
 10
286.0419646513109
 20
204.1012881158529
  0
LWPOLYLINE
  5
355
330
1F
100
AcDbEntity
  8
220_LINE
 62
     3
100
AcDbPolyline
 90
        2
 70
     0
 43
0.2244
 10
313.3259211188275
 20
153.3012881597898
 10
376.8448504264799
 20
153.3012881597898
  0
LWPOLYLINE
  5
35B
330
1F
100
AcDbEntity
  8
220_LINE
 62
     3
100
AcDbPolyline
 90
        2
 70
     0
 43
0.2244
 10
302.7425877854942
 20
178.7012881597898
 10
322.1046762912124
 20
178.7012881597898
  0
LWPOLYLINE
  5
361
330
1F
100
AcDbEntity
  8
220_LINE
 62
     3
100
AcDbPolyline
 90
        2
 70
     0
 43
0.2244
 10
313.3259211188275
 20
191.4012881597898
 10
336.7976482963545
 20
191.4012881597898
  0
LWPOLYLINE
  5
367
330
1F
100
AcDbEntity
  8
220_LINE
 62
     3
100
AcDbPolyline
 90
        2
 70
     0
 43
0.2244
 10
298.5092544574531
 20
204.1012880197983
 10
328.178246703684
 20
204.1012880197983
  0
LWPOLYLINE
  5
36D
330
1F
100
AcDbEntity
  8
220_LINE
 62
     3
100
AcDbPolyline
 90
        2
 70
     0
 43
0.2244
 10
347.1922439591126
 20
204.1012879975926
 10
368.4018052166806
 20
204.1012879975926
  0
LWPOLYLINE
  5
373
330
1F
100
AcDbEntity
  8
220_LINE
 62
     3
100
AcDbPolyline
 90
        2
 70
     0
 43
0.2244
 10
389.5255774494067
 20
204.1012883560074
 10
419.1926575413722
 20
204.1012883560074
  0
LWPOLYLINE
  5
379
330
1F
100
AcDbEntity
  8
220_LINE
 62
     3
100
AcDbPolyline
 90
        2
 70
     0
 43
0.2244
 10
362.0089101141745
 20
179.145791683317
 10
391.67599020614
 20
179.145791683317
  0
LWPOLYLINE
  5
37F
330
1F
100
AcDbEntity
  8
220_LINE
 62
     3
100
AcDbPolyline
 90
        2
 70
     0
 43
0.2244
 10
247.7092600066848
 20
105.0624583499837
 10
287.9280620252888
 20
105.0624583499837
  0
LWPOLYLINE
  5
385
330
1F
100
AcDbEntity
  8
220_LINE
 62
     3
100
AcDbPolyline
 90
        2
 70
     0
 43
0.2244
 10
237.1259265017892
 20
92.36245827155199
 10
256.4880150075075
 20
92.36245827155199
  0
LWPOLYLINE
  5
38B
330
1F
100
AcDbEntity
  8
220_LINE
 62
     3
100
AcDbPolyline
 90
        2
 70
     0
 43
0.2244
 10
213.342343992924
 20
57.6848074191901
 10
235.4756666199341
 20
57.6848074191901
  0
LWPOLYLINE
  5
391
330
1F
100
AcDbEntity
  8
220_LINE
 62
     3
100
AcDbPolyline
 90
        2
 70
     0
 43
0.2244
 10
338.7259211135353
 20
100.8291250974236
 10
368.2949441062067
 20
100.8291250974236
  0
TEXT
  5
399
102
{ACAD_XDICTIONARY
360
39A
102
}
330
1F
100
AcDbEntity
  8
PSSE Flow
100
AcDbText
 10
200.1534555385199
 20
116.2217510449601
 30
0.0
 40
1.96004592576463
  1
39pq
  7
PSSE Flow
100
AcDbText
1001
AcadAnnotative
1000
AnnotativeData
1002
{
1070
     1
1070
     0
1002
}
  0
TEXT
  5
3A3
102
{ACAD_XDICTIONARY
360
3A4
102
}
330
1F
100
AcDbEntity
  8
PSSE Flow
100
AcDbText
 10
234.7024343756019
 20
142.7308940379069
 30
0.0
 40
1.96004592576463
  1
4pq
  7
PSSE Flow
100
AcDbText
1001
AcadAnnotative
1000
AnnotativeData
1002
{
1070
     1
1070
     0
1002
}
  0
TEXT
  5
3AD
102
{ACAD_XDICTIONARY
360
3AE
102
}
330
1F
100
AcDbEntity
  8
PSSE Flow
100
AcDbText
 10
263.2472657228886
 20
145.168080642504
 30
0.0
 40
1.96004592576463
  1
3pq
  7
PSSE Flow
100
AcDbText
1001
AcadAnnotative
1000
AnnotativeData
1002
{
1070
     1
1070
     0
1002
}
  0
TEXT
  5
3B7
102
{ACAD_XDICTIONARY
360
3B8
102
}
330
1F
100
AcDbEntity
  8
PSSE Flow
100
AcDbText
 10
277.5679558476617
 20
163.1419803080557
 30
0.0
 40
1.96004592576463
  1
18pq
  7
PSSE Flow
100
AcDbText
1001
AcadAnnotative
1000
AnnotativeData
1002
{
1070
     1
1070
     0
1002
}
  0
TEXT
  5
3C1
102
{ACAD_XDICTIONARY
360
3C2
102
}
330
1F
100
AcDbEntity
  8
PSSE Flow
100
AcDbText
 10
263.8598212338548
 20
189.8173805681174
 30
0.0
 40
1.96004592576463
  1
25pq
  7
PSSE Flow
100
AcDbText
1001
AcadAnnotative
1000
AnnotativeData
1002
{
1070
     1
1070
     0
1002
}
  0
TEXT
  5
3CB
102
{ACAD_XDICTIONARY
360
3CC
102
}
330
1F
100
AcDbEntity
  8
PSSE Flow
100
AcDbText
 10
304.5763136547038
 20
215.9545716265675
 30
0.0
 40
1.96004592576463
  1
26pq
  7
PSSE Flow
100
AcDbText
1001
AcadAnnotative
1000
AnnotativeData
1002
{
1070
     1
1070
     0
1002
}
  0
INSERT
  5
446
330
1F
100
AcDbEntity
  8
Khung
100
AcDbBlockReference
  2
Khung A3
 10
456.7199782897015
 20
28.56360381555368
 30
0.0
 41
0.7071428571428572
 42
0.7071428571428572
 43
0.7071428571428572
  0
TEXT
  5
450
330
1F
100
AcDbEntity
  8
Legend
100
AcDbText
 10
367.1307940349003
 20
45.43718571373221
 30
0.0
 40
2.301844334664883
  1
LƯỚI ĐIỆN IEEE 39 BUS SYSTEM
  7
Legend
 72
     1
 11
392.6677628336654
 21
45.43718571373221
 31
0.0
100
AcDbText
  0
TEXT
  5
458
102
{ACAD_XDICTIONARY
360
459
102
}
330
1F
100
AcDbEntity
  8
PSSE Flow
100
AcDbText
 10
355.0366511146846
 20
189.5185879474563
 30
0.0
 40
1.96004592576463
  1
28pq
  7
PSSE Flow
100
AcDbText
1001
AcadAnnotative
1000
AnnotativeData
1002
{
1070
     1
1070
     0
1002
}
  0
TEXT
  5
462
102
{ACAD_XDICTIONARY
360
463
102
}
330
1F
100
AcDbEntity
  8
PSSE Flow
100
AcDbText
 10
330.55033319953
 20
176.6125259160435
 30
0.0
 40
1.96004592576463
  1
27pq
  7
PSSE Flow
100
AcDbText
1001
AcadAnnotative
1000
AnnotativeData
1002
{
1070
     1
1070
     0
1002
}
  0
TEXT
  5
46C
102
{ACAD_XDICTIONARY
360
46D
102
}
330
1F
100
AcDbEntity
  8
PSSE Flow
100
AcDbText
 10
374.2986798205587
 20
163.9897414094932
 30
0.0
 40
1.96004592576463
  1
24pq
  7
PSSE Flow
100
AcDbText
1001
AcadAnnotative
1000
AnnotativeData
1002
{
1070
     1
1070
     0
1002
}
  0
TEXT
  5
476
102
{ACAD_XDICTIONARY
360
477
102
}
330
1F
100
AcDbEntity
  8
PSSE Flow
100
AcDbText
 10
404.9761120923294
 20
216.5440019304861
 30
0.0
 40
1.96004592576463
  1
29pq
  7
PSSE Flow
100
AcDbText
1001
AcadAnnotative
1000
AnnotativeData
1002
{
1070
     1
1070
     0
1002
}
  0
LWPOLYLINE
  5
47E
330
1F
100
AcDbEntity
  8
220_LINE
 62
     3
100
AcDbPolyline
 90
        2
 70
     0
 43
0.2244
 10
264.6425932531546
 20
73.31245818595862
 10
284.0046817588728
 20
73.31245818595862
  0
LWPOLYLINE
  5
484
330
1F
100
AcDbEntity
  8
220_LINE
 62
     3
100
AcDbPolyline
 90
        2
 70
     0
 43
0.2244
 10
279.4592545368595
 20
81.77912485262529
 10
300.785161740927
 20
81.77912485262529
  0
LWPOLYLINE
  5
48A
330
1F
100
AcDbEntity
  8
220_LINE
 62
     3
100
AcDbPolyline
 90
        2
 70
     0
 43
0.2244
 10
292.1592548353936
 20
73.31245801072427
 10
321.7981559765381
 20
73.31245801072427
  0
LWPOLYLINE
  5
490
330
1F
100
AcDbEntity
  8
220_LINE
 62
     3
100
AcDbPolyline
 90
        2
 70
     0
 43
0.2244
 10
292.1592550139754
 20
105.062458240594
 10
311.4391442969604
 20
105.062458240594
  0
LWPOLYLINE
  5
496
330
1F
100
AcDbEntity
  8
220_LINE
 62
     3
100
AcDbPolyline
 90
        2
 70
     0
 43
0.2244
 10
302.7425878223777
 20
88.12912484387302
 10
322.0224771053627
 20
88.12912484387302
  0
LWPOLYLINE
  5
49C
330
1F
100
AcDbEntity
  8
220_LINE
 62
     3
100
AcDbPolyline
 90
        2
 70
     0
 43
0.2244
 10
328.1425878223777
 20
85.56795742359168
 10
347.4224771053627
 20
85.56795742359168
  0
LWPOLYLINE
  5
4A2
330
1F
100
AcDbEntity
  8
220_LINE
 62
     3
100
AcDbPolyline
 90
        2
 70
     0
 43
0.2244
 10
362.0682262846381
 20
136.2142123370438
 10
381.3481155676232
 20
136.2142123370438
  0
LWPOLYLINE
  5
4A8
330
1F
100
AcDbEntity
  8
220_LINE
 62
     3
100
AcDbPolyline
 90
        2
 70
     0
 43
0.2244
 10
393.6420247677468
 20
141.0457915105397
 10
414.0908688728369
 20
141.0457915105397
  0
TEXT
  5
4AE
330
1F
100
AcDbEntity
  8
PSSE Flow
100
AcDbText
 10
289.1201622800634
 20
195.5898075572956
 30
0.0
 40
1.96004592576463
  1
25to26-1
  7
PSSE Flow
 72
     1
 11
294.5249956053728
 21
196.5698305201779
 31
0.0
100
AcDbText
 73
     2
  0
LWPOLYLINE
  5
4B4
330
1F
100
AcDbEntity
  8
220_LINE
 62
     3
100
AcDbPolyline
 90
        2
 70
     0
 43
0.2244
 10
404.342243726579
 20
155.8624580180013
 10
413.8313241113305
 20
155.8624580180013
  0
LWPOLYLINE
  5
4BA
330
1F
100
AcDbEntity
  8
220_LINE
 62
     3
100
AcDbPolyline
 90
        2
 70
     0
 43
0.2244
 10
404.3422441160729
 20
191.4012883560074
 10
413.7505724096812
 20
191.4012883560074
  0
LWPOLYLINE
  5
4C0
330
1F
100
AcDbEntity
  8
220_LINE
 62
     3
100
AcDbPolyline
 90
        2
 70
     0
 43
0.2244
 10
393.7589100542082
 20
86.01245832975875
 10
403.2479904389596
 20
86.01245832975875
  0
LWPOLYLINE
  5
4C6
330
1F
100
AcDbEntity
  8
220_LINE
 62
     3
100
AcDbPolyline
 90
        2
 70
     0
 43
0.2244
 10
359.8922433875415
 20
72.8679575761441
 10
369.3813237722931
 20
72.8679575761441
  0
TEXT
  5
4CE
102
{ACAD_XDICTIONARY
360
4CF
102
}
330
1F
100
AcDbEntity
  8
PSSE Flow
100
AcDbText
 10
208.672459583302
 20
54.10032605310681
 30
0.0
 40
1.96004592576463
  1
9kv
  7
PSSE Flow
100
AcDbText
1001
AcadAnnotative
1000
AnnotativeData
1002
{
1070
     1
1070
     0
1002
}
  0
TEXT
  5
4D8
102
{ACAD_XDICTIONARY
360
4D9
102
}
330
1F
100
AcDbEntity
  8
PSSE Flow
100
AcDbText
 10
223.5547723596857
 20
76.44134657076512
 30
0.0
 40
1.96004592576463
  1
8kv
  7
PSSE Flow
100
AcDbText
1001
AcadAnnotative
1000
AnnotativeData
1002
{
1070
     1
1070
     0
1002
}
  0
TEXT
  5
4E2
102
{ACAD_XDICTIONARY
360
4E3
102
}
330
1F
100
AcDbEntity
  8
PSSE Flow
100
AcDbText
 10
239.2429664201735
 20
63.1845133574518
 30
0.0
 40
1.96004592576463
  1
8pq
  7
PSSE Flow
100
AcDbText
1001
AcadAnnotative
1000
AnnotativeData
1002
{
1070
     1
1070
     0
1002
}
  0
TEXT
  5
4EC
102
{ACAD_XDICTIONARY
360
4ED
102
}
330
1F
100
AcDbEntity
  8
PSSE Flow
100
AcDbText
 10
249.2253524204711
 20
76.43970046348949
 30
0.0
 40
1.96004592576463
  1
7pq
  7
PSSE Flow
100
AcDbText
1001
AcadAnnotative
1000
AnnotativeData
1002
{
1070
     1
1070
     0
1002
}
  0
TEXT
  5
4F6
102
{ACAD_XDICTIONARY
360
4F7
102
}
330
1F
100
AcDbEntity
  8
PSSE Flow
100
AcDbText
 10
277.2507405952658
 20
56.71023708927129
 30
0.0
 40
1.96004592576463
  1
31pq
  7
PSSE Flow
100
AcDbText
1001
AcadAnnotative
1000
AnnotativeData
1002
{
1070
     1
1070
     0
1002
}
  0
TEXT
  5
500
102
{ACAD_XDICTIONARY
360
501
102
}
330
1F
100
AcDbEntity
  8
PSSE Flow
100
AcDbText
 10
299.2217237169768
 20
116.5267864203563
 30
0.0
 40
1.96004592576463
  1
12pq
  7
PSSE Flow
100
AcDbText
1001
AcadAnnotative
1000
AnnotativeData
1002
{
1070
     1
1070
     0
1002
}
  0
TEXT
  5
50A
102
{ACAD_XDICTIONARY
360
50B
102
}
330
1F
100
AcDbEntity
  8
PSSE Flow
100
AcDbText
 10
325.9072769030268
 20
124.9376801592063
 30
0.0
 40
1.96004592576463
  1
15pq
  7
PSSE Flow
100
AcDbText
1001
AcadAnnotative
1000
AnnotativeData
1002
{
1070
     1
1070
     0
1002
}
  0
TEXT
  5
514
102
{ACAD_XDICTIONARY
360
515
102
}
330
1F
100
AcDbEntity
  8
PSSE Flow
100
AcDbText
 10
367.4030448828794
 20
124.5907322706845
 30
0.0
 40
1.96004592576463
  1
21pq
  7
PSSE Flow
100
AcDbText
1001
AcadAnnotative
1000
AnnotativeData
1002
{
1070
     1
1070
     0
1002
}
  0
TEXT
  5
51E
102
{ACAD_XDICTIONARY
360
51F
102
}
330
1F
100
AcDbEntity
  8
PSSE Flow
100
AcDbText
 10
395.1411036485131
 20
111.3278440520495
 30
0.0
 40
1.96004592576463
  1
23pq
  7
PSSE Flow
100
AcDbText
1001
AcadAnnotative
1000
AnnotativeData
1002
{
1070
     1
1070
     0
1002
}
  0
LINE
  5
527
330
1F
100
AcDbEntity
  8
Color-7-Line_Weight-25
  6
Continuous
100
AcDbLine
 10
408.692463248334
 20
100.2724270795297
 30
0.0
 11
389.642463248334
 21
100.2724270795297
 31
0.0
  0
LWPOLYLINE
  5
528
330
1F
100
AcDbEntity
  8
220_LINE
 62
     3
100
AcDbPolyline
 90
        2
 70
     0
 43
0.2244
 10
389.5255776228351
 20
100.3846270115533
 10
425.4520670930768
 20
100.3846270115533
  0
TEXT
  5
53A
102
{ACAD_XDICTIONARY
360
53B
102
}
330
1F
100
AcDbEntity
  8
PSSE Flow
100
AcDbText
 10
339.3706112636214
 20
137.477719211055
 30
0.0
 40
1.96004592576463
  1
16pq
  7
PSSE Flow
100
AcDbText
1001
AcadAnnotative
1000
AnnotativeData
1002
{
1070
     1
1070
     0
1002
}
  0
TEXT
  5
544
102
{ACAD_XDICTIONARY
360
545
102
}
330
1F
100
AcDbEntity
  8
PSSE Flow
100
AcDbText
 10
329.0206475760401
 20
102.179222507067
 30
0.0
 40
1.96004592576463
  1
20pq
  7
PSSE Flow
100
AcDbText
1001
AcadAnnotative
1000
AnnotativeData
1002
{
1070
     1
1070
     0
1002
}
  0
LWPOLYLINE
  5
54C
330
1F
100
AcDbEntity
  8
220_LINE
 62
     3
100
AcDbPolyline
 90
        2
 70
     0
 43
0.2244
 10
226.542594188339
 20
201.9846216528487
 10
235.5034885097607
 20
201.9846216528487
  0
LWPOLYLINE
  5
552
330
1F
100
AcDbEntity
  8
220_LINE
 62
     3
100
AcDbPolyline
 90
        2
 70
     0
 43
0.2244
 10
262.5259265368768
 20
216.8012878564736
 10
271.4868208582984
 20
216.8012878564736
  0
TEXT
  5
558
330
1F
100
AcDbEntity
  8
PSSE Flow
100
AcDbText
 10
250.2319270311225
 20
171.3057141132352
 30
0.0
 40
1.96004592576463
  1
3to2-1
 50
90.0
  7
PSSE Flow
 72
     1
 11
249.2519040682402
 21
175.1877013884451
 31
0.0
100
AcDbText
 73
     2
  0
INSERT
  5
571
102
{ACAD_XDICTIONARY
360
572
102
}
330
1F
100
AcDbEntity
  8
220kV_Linehh
100
AcDbBlockReference
  2
*U2
 10
251.9351813610215
 20
178.037457013247
 30
0.0
 41
-3.148268576538053
 42
3.148268576538053
 43
3.148268576538053
 50
90.0
  0
INSERT
  5
591
102
{ACAD_XDICTIONARY
360
592
102
}
330
1F
100
AcDbEntity
  8
220kV_Linehh
100
AcDbBlockReference
  2
*U2
 10
220.2090021112903
 20
104.1863864236019
 30
0.0
 41
3.148268576538053
 42
3.148268576538053
 43
3.148268576538053
 50
90.0
  0
INSERT
  5
5B1
102
{ACAD_XDICTIONARY
360
5B2
102
}
330
1F
100
AcDbEntity
  8
220kV_Linehh
100
AcDbBlockReference
  2
*U2
 10
230.7759269524226
 20
179.1931068579586
 30
0.0
 41
3.148268576538053
 42
3.148268576538053
 43
3.148268576538053
 50
90.0
  0
TEXT
  5
5BE
330
1F
100
AcDbEntity
  8
PSSE Flow
100
AcDbText
 10
234.8570894848435
 20
177.59785237907
 30
0.0
 40
1.96004592576463
  1
2to1-1
 50
90.0
  7
PSSE Flow
 72
     1
 11
233.8770665219612
 21
181.4798396542799
 31
0.0
100
AcDbText
 73
     2
  0
TEXT
  5
5CA
102
{ACAD_XDICTIONARY
360
5CB
102
}
330
1F
100
AcDbEntity
  8
PSSE Flow
100
AcDbText
 10
194.2168495204271
 20
145.6723661576792
 30
0.0
 40
1.96004592576463
  1
39 gens
  7
PSSE Flow
 72
     1
 11
199.0888872786033
 21
145.6723661576792
 31
0.0
100
AcDbText
1001
AcadAnnotative
1000
AnnotativeData
1002
{
1070
     1
1070
     0
1002
}
  0
TEXT
  5
5D4
102
{ACAD_XDICTIONARY
360
5D5
102
}
330
1F
100
AcDbEntity
  8
PSSE Flow
100
AcDbText
 10
224.6992067404003
 20
217.0290830739766
 30
0.0
 40
1.96004592576463
  1
30 gens
  7
PSSE Flow
 72
     1
 11
229.5712444985765
 21
217.0290830739766
 31
0.0
100
AcDbText
1001
AcadAnnotative
1000
AnnotativeData
1002
{
1070
     1
1070
     0
1002
}
  0
TEXT
  5
5DE
102
{ACAD_XDICTIONARY
360
5DF
102
}
330
1F
100
AcDbEntity
  8
PSSE Flow
100
AcDbText
 10
249.9679640926486
 20
225.3671072438431
 30
0.0
 40
1.96004592576463
  1
37 gens
  7
PSSE Flow
 72
     1
 11
254.8400018508248
 21
225.3671072438431
 31
0.0
100
AcDbText
1001
AcadAnnotative
1000
AnnotativeData
1002
{
1070
     1
1070
     0
1002
}
  0
TEXT
  5
5E8
102
{ACAD_XDICTIONARY
360
5E9
102
}
330
1F
100
AcDbEntity
  8
PSSE Flow
100
AcDbText
 10
402.5821567824566
 20
175.265932109389
 30
0.0
 40
1.96004592576463
  1
38 gens
  7
PSSE Flow
 72
     1
 11
407.4541945406328
 21
175.265932109389
 31
0.0
100
AcDbText
1001
AcadAnnotative
1000
AnnotativeData
1002
{
1070
     1
1070
     0
1002
}
  0
TEXT
  5
5F2
102
{ACAD_XDICTIONARY
360
5F3
102
}
330
1F
100
AcDbEntity
  8
PSSE Flow
100
AcDbText
 10
391.2494413575045
 20
167.8174227530171
 30
0.0
 40
1.96004592576463
  1
35 gens
  7
PSSE Flow
 72
     1
 11
396.1214791156806
 21
167.8174227530171
 31
0.0
100
AcDbText
1001
AcadAnnotative
1000
AnnotativeData
1002
{
1070
     1
1070
     0
1002
}
  0
INSERT
  5
60D
102
{ACAD_XDICTIONARY
360
60E
102
}
330
1F
100
AcDbEntity
  8
220kV_Linehh
100
AcDbBlockReference
  2
*U18
 10
294.275921569461
 20
199.7557548000872
 30
0.0
 41
3.148268576538053
 42
3.148268576538053
 43
3.148268576538053
 50
90.0
  0
TEXT
  5
6B6
330
1F
100
AcDbEntity
  8
PSSE Flow
100
AcDbText
 10
339.7042190821183
 20
214.151012147606
 30
0.0
 40
1.96004592576463
  1
26to29-1
  7
PSSE Flow
 72
     1
 11
345.1090524074277
 21
215.1310351104883
 31
0.0
100
AcDbText
 73
     2
  0
INSERT
  5
6D3
102
{ACAD_XDICTIONARY
360
6D4
102
}
330
1F
100
AcDbEntity
  8
220kV_Linehh
100
AcDbBlockReference
  2
*U20
 10
347.0483961810497
 20
212.4557548000872
 30
0.0
 41
3.148268576538053
 42
3.148268576538053
 43
3.148268576538053
 50
90.0
  0
TEXT
  5
6E0
330
1F
100
AcDbEntity
  8
PSSE Flow
100
AcDbText
 10
374.0518730138155
 20
203.8297792743006
 30
0.0
 40
1.96004592576463
  1
28to29-1
  7
PSSE Flow
 72
     1
 11
379.4567063391248
 21
204.8098022371829
 31
0.0
100
AcDbText
 73
     2
  0
INSERT
  5
6F9
102
{ACAD_XDICTIONARY
360
6FA
102
}
330
1F
100
AcDbEntity
  8
220kV_Linehh
100
AcDbBlockReference
  2
*U20
 10
381.0823668783542
 20
208.1987305813477
 30
0.0
 41
3.148268576538053
 42
3.148268576538053
 43
3.148268576538053
 50
90.0
  0
TEXT
  5
706
330
1F
100
AcDbEntity
  8
PSSE Flow
100
AcDbText
 10
332.6496323308552
 20
203.9237654313862
 30
0.0
 40
1.96004592576463
  1
26to28-1
  7
PSSE Flow
 72
     1
 11
338.0544656561646
 21
204.9037883942685
 31
0.0
100
AcDbText
 73
     2
  0
INSERT
  5
71F
102
{ACAD_XDICTIONARY
360
720
102
}
330
1F
100
AcDbEntity
  8
220kV_Linehh
100
AcDbBlockReference
  2
*U20
 10
339.2365743763253
 20
208.2224214667539
 30
0.0
 41
3.148268576538053
 42
3.148268576538053
 43
3.148268576538053
 50
90.0
  0
TEXT
  5
72C
330
1F
100
AcDbEntity
  8
PSSE Flow
100
AcDbText
 10
288.2998761153658
 20
185.034361861384
 30
0.0
 40
1.96004592576463
  1
18to17-1
  7
PSSE Flow
 72
     1
 11
293.7047094406752
 21
186.0143848242663
 31
0.0
100
AcDbText
 73
     2
  0
INSERT
  5
745
102
{ACAD_XDICTIONARY
360
746
102
}
330
1F
100
AcDbEntity
  8
220kV_Linehh
100
AcDbBlockReference
  2
*U20
 10
294.7548426316078
 20
182.7925957048008
 30
0.0
 41
3.148268576538053
 42
3.148268576538053
 43
3.148268576538053
 50
90.0
  0
TEXT
  5
752
330
1F
100
AcDbEntity
  8
PSSE Flow
100
AcDbText
 10
276.6516166169881
 20
138.3400364175967
 30
0.0
 40
1.96004592576463
  1
4to14-1
  7
PSSE Flow
 72
     1
 11
281.2950269172477
 21
139.320059380479
 31
0.0
100
AcDbText
 73
     2
  0
INSERT
  5
76B
102
{ACAD_XDICTIONARY
360
76C
102
}
330
1F
100
AcDbEntity
  8
220kV_Linehh
100
AcDbBlockReference
  2
*U20
 10
283.8864927887399
 20
136.699830073976
 30
0.0
 41
3.148268576538053
 42
3.148268576538053
 43
3.148268576538053
 50
90.0
  0
INSERT
  5
78B
102
{ACAD_XDICTIONARY
360
78C
102
}
330
1F
100
AcDbEntity
  8
220kV_Linehh
100
AcDbBlockReference
  2
*U30
 10
317.5592549027943
 20
165.2086078926635
 30
0.0
 41
3.148268576538053
 42
3.148268576538053
 43
3.148268576538053
 50
90.0
  0
TEXT
  5
798
330
1F
100
AcDbEntity
  8
PSSE Flow
100
AcDbText
 10
314.0813523247161
 20
161.974052087552
 30
0.0
 40
1.96004592576463
  1
17to16-1
 50
90.0
  7
PSSE Flow
 72
     1
 11
313.1013293618338
 21
167.3788854128614
 31
0.0
100
AcDbText
 73
     2
  0
TEXT
  5
79E
330
1F
100
AcDbEntity
  8
PSSE Flow
100
AcDbText
 10
364.714155371621
 20
162.8112823482238
 30
0.0
 40
1.96004592576463
  1
24to16-1
 50
90.0
  7
PSSE Flow
 72
     1
 11
363.7341324087387
 21
168.2161156735332
 31
0.0
100
AcDbText
 73
     2
  0
INSERT
  5
7B8
102
{ACAD_XDICTIONARY
360
7B9
102
}
330
1F
100
AcDbEntity
  8
220kV_Linehh
100
AcDbBlockReference
  2
*U30
 10
366.224667132437
 20
164.9009823500937
 30
0.0
 41
3.148268576538053
 42
3.148268576538053
 43
3.148268576538053
 50
90.0
  0
TEXT
  5
7C5
330
1F
100
AcDbEntity
  8
PSSE Flow
100
AcDbText
 10
350.6542507468077
 20
117.4525183293081
 30
0.0
 40
1.96004592576463
  1
19to16-1
 50
90.0
  7
PSSE Flow
 72
     1
 11
349.6742277839254
 21
122.8573516546175
 31
0.0
100
AcDbText
 73
     2
  0
INSERT
  5
7DF
102
{ACAD_XDICTIONARY
360
7E0
102
}
330
1F
100
AcDbEntity
  8
220kV_Linehh
100
AcDbBlockReference
  2
*U30
 10
353.542243726579
 20
124.9264814461439
 30
0.0
 41
-3.148268576538053
 42
3.148268576538053
 43
3.148268576538053
 50
90.0
  0
TEXT
  5
7EC
330
1F
100
AcDbEntity
  8
PSSE Flow
100
AcDbText
 10
315.4092765862592
 20
142.1580689697204
 30
0.0
 40
1.96004592576463
  1
17to16-1
 50
90.0
  7
PSSE Flow
 72
     1
 11
314.4292536233769
 21
147.5629022950298
 31
0.0
100
AcDbText
 73
     2
  0
INSERT
  5
806
102
{ACAD_XDICTIONARY
360
807
102
}
330
1F
100
AcDbEntity
  8
220kV_Linehh
100
AcDbBlockReference
  2
*U30
 10
317.5592549027943
 20
145.333641893405
 30
0.0
 41
3.148268576538053
 42
3.148268576538053
 43
3.148268576538053
 50
90.0
  0
INSERT
  5
827
102
{ACAD_XDICTIONARY
360
828
102
}
330
1F
100
AcDbEntity
  8
220kV_Linehh
100
AcDbBlockReference
  2
*U30
 10
317.6355125920433
 20
129.9780318362291
 30
0.0
 41
3.148268576538053
 42
3.148268576538053
 43
3.148268576538053
 50
90.0
  0
TEXT
  5
834
330
1F
100
AcDbEntity
  8
PSSE Flow
100
AcDbText
 10
314.065206251488
 20
126.6532728058579
 30
0.0
 40
1.96004592576463
  1
15to14-1
 50
90.0
  7
PSSE Flow
 72
     1
 11
313.0851832886057
 21
132.0581061311673
 31
0.0
100
AcDbText
 73
     2
  0
TEXT
  5
83C
102
{ACAD_XDICTIONARY
360
83D
102
}
330
1F
100
AcDbEntity
  8
PSSE Flow
100
AcDbText
 10
291.004931412793
 20
121.1329477858733
 30
0.0
 40
1.96004592576463
  1
14kv
  7
PSSE Flow
100
AcDbText
1001
AcadAnnotative
1000
AnnotativeData
1002
{
1070
     1
1070
     0
1002
}
  0
TEXT
  5
846
102
{ACAD_XDICTIONARY
360
847
102
}
330
1F
100
AcDbEntity
  8
PSSE Flow
100
AcDbText
 10
258.2485087648105
 20
116.7489103862236
 30
0.0
 40
1.96004592576463
  1
5kv
  7
PSSE Flow
100
AcDbText
1001
AcadAnnotative
1000
AnnotativeData
1002
{
1070
     1
1070
     0
1002
}
  0
TEXT
  5
850
102
{ACAD_XDICTIONARY
360
851
102
}
330
1F
100
AcDbEntity
  8
PSSE Flow
100
AcDbText
 10
266.6260522406227
 20
130.9092682617243
 30
0.0
 40
1.96004592576463
  1
4kv
  7
PSSE Flow
100
AcDbText
1001
AcadAnnotative
1000
AnnotativeData
1002
{
1070
     1
1070
     0
1002
}
  0
INSERT
  5
86C
102
{ACAD_XDICTIONARY
360
86D
102
}
330
1F
100
AcDbEntity
  8
220kV_Linehh
100
AcDbBlockReference
  2
*U30
 10
230.805206694402
 20
98.72302132817914
 30
0.0
 41
-3.148268576538053
 42
3.148268576538053
 43
3.148268576538053
 50
90.0
  0
TEXT
  5
879
330
1F
100
AcDbEntity
  8
PSSE Flow
100
AcDbText
 10
228.339063268575
 20
91.33746463545774
 30
0.0
 40
1.96004592576463
  1
8to5-1
 50
90.0
  7
PSSE Flow
 72
     1
 11
227.3590403056927
 21
95.21945191066755
 31
0.0
100
AcDbText
 73
     2
  0
TEXT
  5
87F
330
1F
100
AcDbEntity
  8
PSSE Flow
100
AcDbText
 10
246.4115473761559
 20
82.81953636597799
 30
0.0
 40
1.96004592576463
  1
8to7-1
 50
90.0
  7
PSSE Flow
 72
     1
 11
245.4315244132736
 21
86.70152364118782
 31
0.0
100
AcDbText
 73
     2
  0
INSERT
  5
899
102
{ACAD_XDICTIONARY
360
89A
102
}
330
1F
100
AcDbEntity
  8
220kV_Linehh
100
AcDbBlockReference
  2
*U30
 10
241.4188929444384
 20
88.21622462004825
 30
0.0
 41
-3.148268576538053
 42
3.148268576538053
 43
3.148268576538053
 50
90.0
  0
TEXT
  5
8A8
102
{ACAD_XDICTIONARY
360
8A9
102
}
330
1F
100
AcDbEntity
  8
PSSE Flow
100
AcDbText
 10
278.1383892872343
 20
107.0101097898574
 30
0.0
 40
1.96004592576463
  1
6kv
  7
PSSE Flow
100
AcDbText
1001
AcadAnnotative
1000
AnnotativeData
1002
{
1070
     1
1070
     0
1002
}
  0
INSERT
  5
8C5
102
{ACAD_XDICTIONARY
360
8C6
102
}
330
1F
100
AcDbEntity
  8
220kV_Linehh
100
AcDbBlockReference
  2
*U30
 10
251.9597893131351
 20
121.6149659836782
 30
0.0
 41
3.148268576538053
 42
3.148268576538053
 43
3.148268576538053
 50
90.0
  0
TEXT
  5
8CD
330
1F
100
AcDbEntity
  8
PSSE Flow
100
AcDbText
 10
249.7644138942265
 20
118.5697083724549
 30
0.0
 40
1.96004592576463
  1
5to4-1
 50
90.0
  7
PSSE Flow
 72
     1
 11
248.7843909313441
 21
122.4516956476648
 31
0.0
100
AcDbText
 73
     2
  0
TEXT
  5
906
102
{ACAD_XDICTIONARY
360
907
102
}
330
1F
100
AcDbEntity
  8
PSSE Flow
100
AcDbText
 10
393.6393139087225
 20
68.41786801613011
 30
0.0
 40
1.96004592576463
  1
36 gens
  7
PSSE Flow
 72
     1
 11
398.5113516668986
 21
68.41786801613011
 31
0.0
100
AcDbText
1001
AcadAnnotative
1000
AnnotativeData
1002
{
1070
     1
1070
     0
1002
}
  0
TEXT
  5
910
102
{ACAD_XDICTIONARY
360
911
102
}
330
1F
100
AcDbEntity
  8
PSSE Flow
100
AcDbText
 10
360.9406739633151
 20
55.5171512134857
 30
0.0
 40
1.96004592576463
  1
33 gens
  7
PSSE Flow
 72
     1
 11
365.8127117214913
 21
55.5171512134857
 31
0.0
100
AcDbText
1001
AcadAnnotative
1000
AnnotativeData
1002
{
1070
     1
1070
     0
1002
}
  0
TEXT
  5
91A
102
{ACAD_XDICTIONARY
360
91B
102
}
330
1F
100
AcDbEntity
  8
PSSE Flow
100
AcDbText
 10
337.2293789536778
 20
55.5171512134857
 30
0.0
 40
1.96004592576463
  1
34 gens
  7
PSSE Flow
 72
     1
 11
342.101416711854
 21
55.5171512134857
 31
0.0
100
AcDbText
1001
AcadAnnotative
1000
AnnotativeData
1002
{
1070
     1
1070
     0
1002
}
  0
TEXT
  5
924
102
{ACAD_XDICTIONARY
360
925
102
}
330
1F
100
AcDbEntity
  8
PSSE Flow
100
AcDbText
 10
303.6475967738227
 20
45.45151741387529
 30
0.0
 40
1.96004592576463
  1
32 gens
  7
PSSE Flow
 72
     1
 11
308.5196345319989
 21
45.45151741387529
 31
0.0
100
AcDbText
1001
AcadAnnotative
1000
AnnotativeData
1002
{
1070
     1
1070
     0
1002
}
  0
LWPOLYLINE
  5
92C
330
1F
100
AcDbEntity
  8
220_LINE
 62
     3
100
AcDbPolyline
 90
        2
 70
     0
 43
0.2244
 10
338.7259216246942
 20
72.86795772443219
 10
348.2150020094458
 20
72.86795772443219
  0
LWPOLYLINE
  5
932
330
1F
100
AcDbEntity
  8
220_LINE
 62
     3
100
AcDbPolyline
 90
        2
 70
     0
 43
0.2244
 10
304.8592549580277
 20
62.72912514471348
 10
314.3483353427791
 20
62.72912514471348
  0
TEXT
  5
969
330
1F
100
AcDbEntity
  8
PSSE Flow
100
AcDbText
 10
267.4587718299367
 20
87.96206313132811
 30
0.0
 40
1.96004592576463
  1
31to6-1
 50
90.0
  7
PSSE Flow
 72
     1
 11
266.4787488670544
 21
92.60547343158771
 31
0.0
100
AcDbText
 73
     2
  0
INSERT
  5
983
102
{ACAD_XDICTIONARY
360
984
102
}
330
1F
100
AcDbEntity
  8
220kV_Linehh
100
AcDbBlockReference
  2
*U30
 10
268.8886592660623
 20
94.41801431036095
 30
0.0
 41
-3.148268576538053
 42
3.148268576538053
 43
3.148268576538053
 50
90.0
  0
TEXT
  5
990
330
1F
100
AcDbEntity
  8
PSSE Flow
100
AcDbText
 10
250.3918194973559
 20
95.33445851000676
 30
0.0
 40
1.96004592576463
  1
7to6-1
 50
90.0
  7
PSSE Flow
 72
     1
 11
249.4117965344736
 21
99.21644578521659
 31
0.0
100
AcDbText
 73
     2
  0
INSERT
  5
9AA
102
{ACAD_XDICTIONARY
360
9AB
102
}
330
1F
100
AcDbEntity
  8
220kV_Linehh
100
AcDbBlockReference
  2
*U30
 10
251.9610618105404
 20
100.8628041391354
 30
0.0
 41
-3.148268576538053
 42
3.148268576538053
 43
3.148268576538053
 50
90.0
  0
TEXT
  5
9E8
330
1F
100
AcDbEntity
  8
PSSE Flow
100
AcDbText
 10
321.5173083157096
 20
104.1237781543519
 30
0.0
 40
1.96004592576463
  1
13to14-1
 50
90.0
  7
PSSE Flow
 72
     1
 11
320.5372853528273
 21
109.5286114796613
 31
0.0
100
AcDbText
 73
     2
  0
INSERT
  5
A02
102
{ACAD_XDICTIONARY
360
A03
102
}
330
1F
100
AcDbEntity
  8
220kV_Linehh
100
AcDbBlockReference
  2
*U30
 10
317.5577715848864
 20
110.9881864590542
 30
0.0
 41
-3.148268576538053
 42
3.148268576538053
 43
3.148268576538053
 50
90.0
  0
TEXT
  5
A0F
330
1F
100
AcDbEntity
  8
PSSE Flow
100
AcDbText
 10
256.0209631339548
 20
142.8487355497122
 30
0.0
 40
1.96004592576463
  1
3to4-1
 50
90.0
  7
PSSE Flow
 72
     1
 11
255.0409401710725
 21
146.7307228249221
 31
0.0
100
AcDbText
 73
     2
  0
INSERT
  5
A29
102
{ACAD_XDICTIONARY
360
A2A
102
}
330
1F
100
AcDbEntity
  8
220kV_Linehh
100
AcDbBlockReference
  2
*U30
 10
252.0102839795194
 20
144.0058723476196
 30
0.0
 41
3.148268576538053
 42
3.148268576538053
 43
3.148268576538053
 50
90.0
  0
TEXT
  5
A36
330
1F
100
AcDbEntity
  8
PSSE Flow
100
AcDbText
 10
406.5761526493564
 20
118.6567076396093
 30
0.0
 40
1.96004592576463
  1
22to23-1
 50
90.0
  7
PSSE Flow
 72
     1
 11
405.5961296864741
 21
124.0615409649187
 31
0.0
100
AcDbText
 73
     2
  0
INSERT
  5
A50
102
{ACAD_XDICTIONARY
360
A51
102
}
330
1F
100
AcDbEntity
  8
220kV_Linehh
100
AcDbBlockReference
  2
*U30
 10
408.6287508296335
 20
121.3651904829912
 30
0.0
 41
3.148268576538053
 42
3.148268576538053
 43
3.148268576538053
 50
90.0
  0
TEXT
  5
A72
330
1F
100
AcDbEntity
  8
PSSE Flow
100
AcDbText
 10
419.1806535156191
 20
126.4491812751017
 30
0.0
 40
1.96004592576463
  1
24to23-1
 50
90.0
  7
PSSE Flow
 72
     1
 11
418.2006305527369
 21
131.8540146004111
 31
0.0
100
AcDbText
 73
     2
  0
INSERT
  5
A73
102
{ACAD_XDICTIONARY
360
A74
102
}
330
1F
100
AcDbEntity
  8
220kV_Linehh
100
AcDbBlockReference
  2
*U30
 10
421.2332516958962
 20
129.1576641184835
 30
0.0
 41
3.148268576538053
 42
3.148268576538053
 43
3.148268576538053
 50
90.0
  0
TEXT
  5
A80
330
1F
100
AcDbEntity
  8
PSSE Flow
100
AcDbText
 10
282.2913348594197
 20
90.62305158273158
 30
0.0
 40
1.96004592576463
  1
6to11-1
 50
90.0
  7
PSSE Flow
 72
     1
 11
281.3113118965374
 21
95.26646188299116
 31
0.0
100
AcDbText
 73
     2
  0
INSERT
  5
A9A
102
{ACAD_XDICTIONARY
360
A9B
102
}
330
1F
100
AcDbEntity
  8
220kV_Linehh
100
AcDbBlockReference
  2
*U30
 10
283.6652248353224
 20
92.62954180829796
 30
0.0
 41
3.148268576538053
 42
3.148268576538053
 43
3.148268576538053
 50
90.0
  0
TEXT
  5
AA7
330
1F
100
AcDbEntity
  8
PSSE Flow
100
AcDbText
 10
321.3868874308502
 20
75.9128299014118
 30
0.0
 40
1.96004592576463
  1
10to13-1
 50
90.0
  7
PSSE Flow
 72
     1
 11
320.4068644679679
 21
81.31766322672115
 31
0.0
100
AcDbText
 73
     2
  0
INSERT
  5
AC1
102
{ACAD_XDICTIONARY
360
AC2
102
}
330
1F
100
AcDbEntity
  8
220kV_Linehh
100
AcDbBlockReference
  2
*U30
 10
317.6031030425526
 20
83.38228863534743
 30
0.0
 41
-3.148268576538053
 42
3.148268576538053
 43
3.148268576538053
 50
90.0
  0
TEXT
  5
ACE
330
1F
100
AcDbEntity
  8
PSSE Flow
100
AcDbText
 10
268.1696169057858
 20
164.4525321858054
 30
0.0
 40
1.96004592576463
  1
3to18-1
 50
90.0
  7
PSSE Flow
 72
     1
 11
267.1895939429036
 21
169.095942486065
 31
0.0
100
AcDbText
 73
     2
  0
INSERT
  5
AE7
102
{ACAD_XDICTIONARY
360
AE8
102
}
330
1F
100
AcDbEntity
  8
220kV_Linehh
100
AcDbBlockReference
  2
*U30
 10
264.6479341370094
 20
171.4044494323585
 30
0.0
 41
-3.148268576538053
 42
3.148268576538053
 43
3.148268576538053
 50
90.0
  0
TEXT
  5
AF4
330
1F
100
AcDbEntity
  8
PSSE Flow
100
AcDbText
 10
321.2721758294356
 20
180.4287496741235
 30
0.0
 40
1.96004592576463
  1
17to27-1
 50
90.0
  7
PSSE Flow
 72
     1
 11
320.2921528665533
 21
185.8335829994329
 31
0.0
100
AcDbText
 73
     2
  0
INSERT
  5
B0E
102
{ACAD_XDICTIONARY
360
B0F
102
}
330
1F
100
AcDbEntity
  8
220kV_Linehh
100
AcDbBlockReference
  2
*U30
 10
317.6538653137393
 20
188.3918131713189
 30
0.0
 41
-3.148268576538053
 42
3.148268576538053
 43
3.148268576538053
 50
90.0
  0
TEXT
  5
B1B
330
1F
100
AcDbEntity
  8
PSSE Flow
100
AcDbText
 10
368.0184423145726
 20
139.5130384471117
 30
0.0
 40
1.96004592576463
  1
16to21-1
 50
90.0
  7
PSSE Flow
 72
     1
 11
367.0384193516903
 21
144.9178717724211
 31
0.0
100
AcDbText
 73
     2
  0
INSERT
  5
B35
102
{ACAD_XDICTIONARY
360
B36
102
}
330
1F
100
AcDbEntity
  8
220kV_Linehh
100
AcDbBlockReference
  2
*U30
 10
370.4341933282718
 20
143.5087508631295
 30
0.0
 41
3.148268576538053
 42
3.148268576538053
 43
3.148268576538053
 50
90.0
  0
TEXT
  5
B75
102
{ACAD_XDICTIONARY
360
B76
102
}
330
1F
100
AcDbEntity
  8
PSSE Flow
100
AcDbText
 10
371.391661396623
 20
96.97073236333785
 30
0.0
 40
1.96004592576463
  1
19kv
  7
PSSE Flow
100
AcDbText
1001
AcadAnnotative
1000
AnnotativeData
1002
{
1070
     1
1070
     0
1002
}
  0
TEXT
  5
B7F
102
{ACAD_XDICTIONARY
360
B80
102
}
330
1F
100
AcDbEntity
  8
PSSE Flow
100
AcDbText
 10
328.8944354339912
 20
80.55952750148021
 30
0.0
 40
1.96004592576463
  1
20kv
  7
PSSE Flow
100
AcDbText
1001
AcadAnnotative
1000
AnnotativeData
1002
{
1070
     1
1070
     0
1002
}
  0
TEXT
  5
B89
102
{ACAD_XDICTIONARY
360
B8A
102
}
330
1F
100
AcDbEntity
  8
PSSE Flow
100
AcDbText
 10
292.0084433174757
 20
69.12710143567318
 30
0.0
 40
1.96004592576463
  1
10kv
  7
PSSE Flow
100
AcDbText
1001
AcadAnnotative
1000
AnnotativeData
1002
{
1070
     1
1070
     0
1002
}
  0
TEXT
  5
B93
102
{ACAD_XDICTIONARY
360
B94
102
}
330
1F
100
AcDbEntity
  8
PSSE Flow
100
AcDbText
 10
298.7049154666108
 20
83.13784034120619
 30
0.0
 40
1.96004592576463
  1
11kv
  7
PSSE Flow
100
AcDbText
1001
AcadAnnotative
1000
AnnotativeData
1002
{
1070
     1
1070
     0
1002
}
  0
TEXT
  5
B9D
102
{ACAD_XDICTIONARY
360
B9E
102
}
330
1F
100
AcDbEntity
  8
PSSE Flow
100
AcDbText
 10
257.5439228706032
 20
70.37646662748812
 30
0.0
 40
1.96004592576463
  1
31kv
  7
PSSE Flow
100
AcDbText
1001
AcadAnnotative
1000
AnnotativeData
1002
{
1070
     1
1070
     0
1002
}
  0
TEXT
  5
BA7
102
{ACAD_XDICTIONARY
360
BA8
102
}
330
1F
100
AcDbEntity
  8
PSSE Flow
100
AcDbText
 10
422.965254092672
 20
96.7113981704036
 30
0.0
 40
1.96004592576463
  1
23kv
  7
PSSE Flow
100
AcDbText
1001
AcadAnnotative
1000
AnnotativeData
1002
{
1070
     1
1070
     0
1002
}
  0
TEXT
  5
BB1
102
{ACAD_XDICTIONARY
360
BB2
102
}
330
1F
100
AcDbEntity
  8
PSSE Flow
100
AcDbText
 10
408.6305279002573
 20
81.15347839818644
 30
0.0
 40
1.96004592576463
  1
36kv
  7
PSSE Flow
100
AcDbText
1001
AcadAnnotative
1000
AnnotativeData
1002
{
1070
     1
1070
     0
1002
}
  0
TEXT
  5
BBB
102
{ACAD_XDICTIONARY
360
BBC
102
}
330
1F
100
AcDbEntity
  8
PSSE Flow
100
AcDbText
 10
389.753442959023
 20
157.985617469162
 30
0.0
 40
1.96004592576463
  1
35kv
  7
PSSE Flow
100
AcDbText
1001
AcadAnnotative
1000
AnnotativeData
1002
{
1070
     1
1070
     0
1002
}
  0
TEXT
  5
BC5
102
{ACAD_XDICTIONARY
360
BC6
102
}
330
1F
100
AcDbEntity
  8
PSSE Flow
100
AcDbText
 10
396.318792329889
 20
136.9764801859408
 30
0.0
 40
1.96004592576463
  1
22kv
  7
PSSE Flow
100
AcDbText
1001
AcadAnnotative
1000
AnnotativeData
1002
{
1070
     1
1070
     0
1002
}
  0
TEXT
  5
BCF
102
{ACAD_XDICTIONARY
360
BD0
102
}
330
1F
100
AcDbEntity
  8
PSSE Flow
100
AcDbText
 10
423.0494156571737
 20
203.5789411113094
 30
0.0
 40
1.96004592576463
  1
29kv
  7
PSSE Flow
100
AcDbText
1001
AcadAnnotative
1000
AnnotativeData
1002
{
1070
     1
1070
     0
1002
}
  0
TEXT
  5
BD9
102
{ACAD_XDICTIONARY
360
BDA
102
}
330
1F
100
AcDbEntity
  8
PSSE Flow
100
AcDbText
 10
392.7645619010489
 20
187.6804765121241
 30
0.0
 40
1.96004592576463
  1
38kv
  7
PSSE Flow
100
AcDbText
1001
AcadAnnotative
1000
AnnotativeData
1002
{
1070
     1
1070
     0
1002
}
  0
TEXT
  5
BE3
102
{ACAD_XDICTIONARY
360
BE4
102
}
330
1F
100
AcDbEntity
  8
PSSE Flow
100
AcDbText
 10
329.6626085377877
 20
193.247773420078
 30
0.0
 40
1.96004592576463
  1
27kv
  7
PSSE Flow
100
AcDbText
1001
AcadAnnotative
1000
AnnotativeData
1002
{
1070
     1
1070
     0
1002
}
  0
TEXT
  5
C1C
330
1F
100
AcDbEntity
  8
PSSE Flow
100
AcDbText
 10
380.6651745810514
 20
146.2727698952577
 30
0.0
 40
1.96004592576463
  1
21to22-1
  7
PSSE Flow
 72
     1
 11
386.0700079063608
 21
147.2527928581401
 31
0.0
100
AcDbText
 73
     2
  0
INSERT
  5
C35
102
{ACAD_XDICTIONARY
360
C36
102
}
330
1F
100
AcDbEntity
  8
220kV_Linehh
100
AcDbBlockReference
  2
*U20
 10
387.5515821000045
 20
144.7494982455647
 30
0.0
 41
3.148268576538053
 42
3.148268576538053
 43
3.148268576538053
 50
90.0
  0
TEXT
  5
C46
330
1F
100
AcDbEntity
  8
PSSE Flow
100
AcDbText
 10
250.1280619552101
 20
192.5650681092773
 30
0.0
 40
1.96004592576463
  1
25to2-1
 50
90.0
  7
PSSE Flow
 72
     1
 11
249.1480389923278
 21
197.2084784095369
 31
0.0
100
AcDbText
 73
     2
  0
INSERT
  5
C5F
102
{ACAD_XDICTIONARY
360
C60
102
}
330
1F
100
AcDbEntity
  8
220kV_Linehh
100
AcDbBlockReference
  2
*U30
 10
251.942085762829
 20
194.9890172845985
 30
0.0
 41
3.148268576538053
 42
3.148268576538053
 43
3.148268576538053
 50
90.0
  0
TEXT
  5
E04
102
{ACAD_XDICTIONARY
360
E05
102
}
330
1F
100
AcDbEntity
  8
PSSE Flow
100
AcDbText
 10
228.4971085988039
 20
167.8881556645429
 30
0.0
 40
1.96004592576463
  1
1kv
  7
PSSE Flow
100
AcDbText
1001
AcadAnnotative
1000
AnnotativeData
1002
{
1070
     1
1070
     0
1002
}
  0
TEXT
  5
E0E
102
{ACAD_XDICTIONARY
360
E0F
102
}
330
1F
100
AcDbEntity
  8
PSSE Flow
100
AcDbText
 10
210.8601447615982
 20
184.8938368437952
 30
0.0
 40
1.96004592576463
  1
2kv
  7
PSSE Flow
100
AcDbText
1001
AcadAnnotative
1000
AnnotativeData
1002
{
1070
     1
1070
     0
1002
}
  0
TEXT
  5
E18
102
{ACAD_XDICTIONARY
360
E19
102
}
330
1F
100
AcDbEntity
  8
PSSE Flow
100
AcDbText
 10
276.5947637122478
 20
206.5269676357578
 30
0.0
 40
1.96004592576463
  1
25kv
  7
PSSE Flow
100
AcDbText
1001
AcadAnnotative
1000
AnnotativeData
1002
{
1070
     1
1070
     0
1002
}
  0
TEXT
  5
E57
330
1F
100
AcDbEntity
  8
PSSE Flow
100
AcDbText
 10
228.7276767485709
 20
66.48207007597935
 30
0.0
 40
1.96004592576463
  1
8to9-1
 50
90.0
  7
PSSE Flow
 72
     1
 11
227.7476537856886
 21
70.36405735118917
 31
0.0
100
AcDbText
 73
     2
  0
INSERT
  5
E70
102
{ACAD_XDICTIONARY
360
E71
102
}
330
1F
100
AcDbEntity
  8
220kV_Linehh
100
AcDbBlockReference
  2
*U2
 10
230.7740805983343
 20
68.2227176814629
 30
0.0
 41
3.148268576538053
 42
3.148268576538053
 43
3.148268576538053
 50
90.0
  0
TEXT
  5
EB0
102
{ACAD_XDICTIONARY
360
EB1
102
}
330
1F
100
AcDbEntity
  8
PSSE Flow
100
AcDbText
 10
258.4731408999492
 20
55.64139708131545
 30
0.0
 40
1.96004592576463
  1
31 gens
  7
PSSE Flow
 72
     1
 11
263.3451786581253
 21
55.64139708131545
 31
0.0
100
AcDbText
1001
AcadAnnotative
1000
AnnotativeData
1002
{
1070
     1
1070
     0
1002
}
  0
ENDSEC
  0
SECTION
  2
OBJECTS
  0
DICTIONARY
  5
C
330
0
100
AcDbDictionary
281
     1
  3
ACAD_COLOR
350
235
  3
ACAD_DETAILVIEWSTYLE
350
232
  3
ACAD_GROUP
350
D
  3
ACAD_LAYOUT
350
1A
  3
ACAD_MATERIAL
350
43
  3
ACAD_MLEADERSTYLE
350
6B
  3
ACAD_MLINESTYLE
350
17
  3
ACAD_PLOTSETTINGS
350
19
  3
ACAD_PLOTSTYLENAME
350
E
  3
ACAD_SCALELIST
350
47
  3
ACAD_SECTIONVIEWSTYLE
350
233
  3
ACAD_TABLESTYLE
350
69
  3
ACAD_VISUALSTYLE
350
2A
  3
ACDB_RECOMPOSE_DATA
350
F49
  3
ACDBHEADERROUNDTRIPXREC
350
F17
  3
AcDbVariableDictionary
350
1EF
  0
DICTIONARY
  5
1ED
330
8
100
AcDbDictionary
280
     1
281
     1
  3
ACAD_XREC_ROUNDTRIP
360
1EE
  0
DICTIONARY
  5
244
330
2
100
AcDbDictionary
280
     1
281
     1
  3
ACAD_LAYERSTATES
360
245
  0
DICTIONARY
  5
23C
330
23B
100
AcDbDictionary
280
     1
281
     1
  0
DICTIONARY
  5
264
330
263
100
AcDbDictionary
280
     1
281
     1
  0
DICTIONARY
  5
26E
330
26D
100
AcDbDictionary
280
     1
281
     1
  0
DICTIONARY
  5
2A9
330
2A8
100
AcDbDictionary
280
     1
281
     1
  0
DICTIONARY
  5
2AB
330
2AA
100
AcDbDictionary
280
     1
281
     1
  0
DICTIONARY
  5
299
330
298
100
AcDbDictionary
280
     1
281
     1
  3
ACAD_ENHANCEDBLOCK
360
29A
  3
AcDbDynamicBlockRoundTripPurgePreventer
360
2A0
  0
DICTIONARY
  5
2BB
330
2B1
100
AcDbDictionary
280
     1
281
     1
  3
ACAD_SORTENTS
360
2BC
  0
DICTIONARY
  5
3CF
330
3CE
100
AcDbDictionary
280
     1
281
     1
  3
ACAD_SORTENTS
360
3D0
  0
DICTIONARY
  5
6B8
330
6B7
100
AcDbDictionary
280
     1
281
     1
  3
ACAD_ENHANCEDBLOCK
360
6B9
  3
AcDbDynamicBlockRoundTripPurgePreventer
360
6BF
  0
DICTIONARY
  5
E6B
330
E67
100
AcDbDictionary
280
     1
281
     1
  0
DICTIONARY
  5
2B4
330
2B3
100
AcDbDictionary
280
     1
281
     1
  3
AcDbBlockRepresentation
360
2B5
  0
DICTIONARY
  5
251
330
250
100
AcDbDictionary
280
     1
281
     1
  3
AcDbContextDataManager
360
252
  0
DICTIONARY
  5
2FC
330
2FB
100
AcDbDictionary
280
     1
281
     1
  3
AcDbBlockRepresentation
360
2FD
  0
DICTIONARY
  5
39A
330
399
100
AcDbDictionary
280
     1
281
     1
  3
AcDbContextDataManager
360
39B
  0
DICTIONARY
  5
3A4
330
3A3
100
AcDbDictionary
280
     1
281
     1
  3
AcDbContextDataManager
360
3A5
  0
DICTIONARY
  5
3AE
330
3AD
100
AcDbDictionary
280
     1
281
     1
  3
AcDbContextDataManager
360
3AF
  0
DICTIONARY
  5
3B8
330
3B7
100
AcDbDictionary
280
     1
281
     1
  3
AcDbContextDataManager
360
3B9
  0
DICTIONARY
  5
3C2
330
3C1
100
AcDbDictionary
280
     1
281
     1
  3
AcDbContextDataManager
360
3C3
  0
DICTIONARY
  5
3CC
330
3CB
100
AcDbDictionary
280
     1
281
     1
  3
AcDbContextDataManager
360
3CD
  0
DICTIONARY
  5
459
330
458
100
AcDbDictionary
280
     1
281
     1
  3
AcDbContextDataManager
360
45A
  0
DICTIONARY
  5
463
330
462
100
AcDbDictionary
280
     1
281
     1
  3
AcDbContextDataManager
360
464
  0
DICTIONARY
  5
46D
330
46C
100
AcDbDictionary
280
     1
281
     1
  3
AcDbContextDataManager
360
46E
  0
DICTIONARY
  5
477
330
476
100
AcDbDictionary
280
     1
281
     1
  3
AcDbContextDataManager
360
478
  0
DICTIONARY
  5
4CF
330
4CE
100
AcDbDictionary
280
     1
281
     1
  3
AcDbContextDataManager
360
4D0
  0
DICTIONARY
  5
4D9
330
4D8
100
AcDbDictionary
280
     1
281
     1
  3
AcDbContextDataManager
360
4DA
  0
DICTIONARY
  5
4E3
330
4E2
100
AcDbDictionary
280
     1
281
     1
  3
AcDbContextDataManager
360
4E4
  0
DICTIONARY
  5
4ED
330
4EC
100
AcDbDictionary
280
     1
281
     1
  3
AcDbContextDataManager
360
4EE
  0
DICTIONARY
  5
4F7
330
4F6
100
AcDbDictionary
280
     1
281
     1
  3
AcDbContextDataManager
360
4F8
  0
DICTIONARY
  5
501
330
500
100
AcDbDictionary
280
     1
281
     1
  3
AcDbContextDataManager
360
502
  0
DICTIONARY
  5
50B
330
50A
100
AcDbDictionary
280
     1
281
     1
  3
AcDbContextDataManager
360
50C
  0
DICTIONARY
  5
515
330
514
100
AcDbDictionary
280
     1
281
     1
  3
AcDbContextDataManager
360
516
  0
DICTIONARY
  5
51F
330
51E
100
AcDbDictionary
280
     1
281
     1
  3
AcDbContextDataManager
360
520
  0
DICTIONARY
  5
53B
330
53A
100
AcDbDictionary
280
     1
281
     1
  3
AcDbContextDataManager
360
53C
  0
DICTIONARY
  5
545
330
544
100
AcDbDictionary
280
     1
281
     1
  3
AcDbContextDataManager
360
546
  0
DICTIONARY
  5
572
330
571
100
AcDbDictionary
280
     1
281
     1
  3
AcDbBlockRepresentation
360
573
  0
DICTIONARY
  5
592
330
591
100
AcDbDictionary
280
     1
281
     1
  3
AcDbBlockRepresentation
360
593
  0
DICTIONARY
  5
5B2
330
5B1
100
AcDbDictionary
280
     1
281
     1
  3
AcDbBlockRepresentation
360
5B3
  0
DICTIONARY
  5
5CB
330
5CA
100
AcDbDictionary
280
     1
281
     1
  3
AcDbContextDataManager
360
5CC
  0
DICTIONARY
  5
5D5
330
5D4
100
AcDbDictionary
280
     1
281
     1
  3
AcDbContextDataManager
360
5D6
  0
DICTIONARY
  5
5DF
330
5DE
100
AcDbDictionary
280
     1
281
     1
  3
AcDbContextDataManager
360
5E0
  0
DICTIONARY
  5
5E9
330
5E8
100
AcDbDictionary
280
     1
281
     1
  3
AcDbContextDataManager
360
5EA
  0
DICTIONARY
  5
5F3
330
5F2
100
AcDbDictionary
280
     1
281
     1
  3
AcDbContextDataManager
360
5F4
  0
DICTIONARY
  5
60E
330
60D
100
AcDbDictionary
280
     1
281
     1
  3
AcDbBlockRepresentation
360
60F
  0
DICTIONARY
  5
6D4
330
6D3
100
AcDbDictionary
280
     1
281
     1
  3
AcDbBlockRepresentation
360
6D5
  0
DICTIONARY
  5
6FA
330
6F9
100
AcDbDictionary
280
     1
281
     1
  3
AcDbBlockRepresentation
360
6FB
  0
DICTIONARY
  5
720
330
71F
100
AcDbDictionary
280
     1
281
     1
  3
AcDbBlockRepresentation
360
721
  0
DICTIONARY
  5
746
330
745
100
AcDbDictionary
280
     1
281
     1
  3
AcDbBlockRepresentation
360
747
  0
DICTIONARY
  5
76C
330
76B
100
AcDbDictionary
280
     1
281
     1
  3
AcDbBlockRepresentation
360
76D
  0
DICTIONARY
  5
78C
330
78B
100
AcDbDictionary
280
     1
281
     1
  3
AcDbBlockRepresentation
360
78D
  0
DICTIONARY
  5
7B9
330
7B8
100
AcDbDictionary
280
     1
281
     1
  3
AcDbBlockRepresentation
360
7BA
  0
DICTIONARY
  5
7E0
330
7DF
100
AcDbDictionary
280
     1
281
     1
  3
AcDbBlockRepresentation
360
7E1
  0
DICTIONARY
  5
807
330
806
100
AcDbDictionary
280
     1
281
     1
  3
AcDbBlockRepresentation
360
808
  0
DICTIONARY
  5
828
330
827
100
AcDbDictionary
280
     1
281
     1
  3
AcDbBlockRepresentation
360
829
  0
DICTIONARY
  5
83D
330
83C
100
AcDbDictionary
280
     1
281
     1
  3
AcDbContextDataManager
360
83E
  0
DICTIONARY
  5
847
330
846
100
AcDbDictionary
280
     1
281
     1
  3
AcDbContextDataManager
360
848
  0
DICTIONARY
  5
851
330
850
100
AcDbDictionary
280
     1
281
     1
  3
AcDbContextDataManager
360
852
  0
DICTIONARY
  5
86D
330
86C
100
AcDbDictionary
280
     1
281
     1
  3
AcDbBlockRepresentation
360
86E
  0
DICTIONARY
  5
89A
330
899
100
AcDbDictionary
280
     1
281
     1
  3
AcDbBlockRepresentation
360
89B
  0
DICTIONARY
  5
8A9
330
8A8
100
AcDbDictionary
280
     1
281
     1
  3
AcDbContextDataManager
360
8AA
  0
DICTIONARY
  5
8C6
330
8C5
100
AcDbDictionary
280
     1
281
     1
  3
AcDbBlockRepresentation
360
8C7
  0
DICTIONARY
  5
907
330
906
100
AcDbDictionary
280
     1
281
     1
  3
AcDbContextDataManager
360
908
  0
DICTIONARY
  5
911
330
910
100
AcDbDictionary
280
     1
281
     1
  3
AcDbContextDataManager
360
912
  0
DICTIONARY
  5
91B
330
91A
100
AcDbDictionary
280
     1
281
     1
  3
AcDbContextDataManager
360
91C
  0
DICTIONARY
  5
925
330
924
100
AcDbDictionary
280
     1
281
     1
  3
AcDbContextDataManager
360
926
  0
DICTIONARY
  5
984
330
983
100
AcDbDictionary
280
     1
281
     1
  3
AcDbBlockRepresentation
360
985
  0
DICTIONARY
  5
9AB
330
9AA
100
AcDbDictionary
280
     1
281
     1
  3
AcDbBlockRepresentation
360
9AC
  0
DICTIONARY
  5
A03
330
A02
100
AcDbDictionary
280
     1
281
     1
  3
AcDbBlockRepresentation
360
A04
  0
DICTIONARY
  5
A2A
330
A29
100
AcDbDictionary
280
     1
281
     1
  3
AcDbBlockRepresentation
360
A2B
  0
DICTIONARY
  5
A51
330
A50
100
AcDbDictionary
280
     1
281
     1
  3
AcDbBlockRepresentation
360
A52
  0
DICTIONARY
  5
A74
330
A73
100
AcDbDictionary
280
     1
281
     1
  3
AcDbBlockRepresentation
360
A75
  0
DICTIONARY
  5
A9B
330
A9A
100
AcDbDictionary
280
     1
281
     1
  3
AcDbBlockRepresentation
360
A9C
  0
DICTIONARY
  5
AC2
330
AC1
100
AcDbDictionary
280
     1
281
     1
  3
AcDbBlockRepresentation
360
AC3
  0
DICTIONARY
  5
AE8
330
AE7
100
AcDbDictionary
280
     1
281
     1
  3
AcDbBlockRepresentation
360
AE9
  0
DICTIONARY
  5
B0F
330
B0E
100
AcDbDictionary
280
     1
281
     1
  3
AcDbBlockRepresentation
360
B10
  0
DICTIONARY
  5
B36
330
B35
100
AcDbDictionary
280
     1
281
     1
  3
AcDbBlockRepresentation
360
B37
  0
DICTIONARY
  5
B76
330
B75
100
AcDbDictionary
280
     1
281
     1
  3
AcDbContextDataManager
360
B77
  0
DICTIONARY
  5
B80
330
B7F
100
AcDbDictionary
280
     1
281
     1
  3
AcDbContextDataManager
360
B81
  0
DICTIONARY
  5
B8A
330
B89
100
AcDbDictionary
280
     1
281
     1
  3
AcDbContextDataManager
360
B8B
  0
DICTIONARY
  5
B94
330
B93
100
AcDbDictionary
280
     1
281
     1
  3
AcDbContextDataManager
360
B95
  0
DICTIONARY
  5
B9E
330
B9D
100
AcDbDictionary
280
     1
281
     1
  3
AcDbContextDataManager
360
B9F
  0
DICTIONARY
  5
BA8
330
BA7
100
AcDbDictionary
280
     1
281
     1
  3
AcDbContextDataManager
360
BA9
  0
DICTIONARY
  5
BB2
330
BB1
100
AcDbDictionary
280
     1
281
     1
  3
AcDbContextDataManager
360
BB3
  0
DICTIONARY
  5
BBC
330
BBB
100
AcDbDictionary
280
     1
281
     1
  3
AcDbContextDataManager
360
BBD
  0
DICTIONARY
  5
BC6
330
BC5
100
AcDbDictionary
280
     1
281
     1
  3
AcDbContextDataManager
360
BC7
  0
DICTIONARY
  5
BD0
330
BCF
100
AcDbDictionary
280
     1
281
     1
  3
AcDbContextDataManager
360
BD1
  0
DICTIONARY
  5
BDA
330
BD9
100
AcDbDictionary
280
     1
281
     1
  3
AcDbContextDataManager
360
BDB
  0
DICTIONARY
  5
BE4
330
BE3
100
AcDbDictionary
280
     1
281
     1
  3
AcDbContextDataManager
360
BE5
  0
DICTIONARY
  5
C36
330
C35
100
AcDbDictionary
280
     1
281
     1
  3
AcDbBlockRepresentation
360
C37
  0
DICTIONARY
  5
C60
330
C5F
100
AcDbDictionary
280
     1
281
     1
  3
AcDbBlockRepresentation
360
C61
  0
DICTIONARY
  5
E05
330
E04
100
AcDbDictionary
280
     1
281
     1
  3
AcDbContextDataManager
360
E06
  0
DICTIONARY
  5
E0F
330
E0E
100
AcDbDictionary
280
     1
281
     1
  3
AcDbContextDataManager
360
E10
  0
DICTIONARY
  5
E19
330
E18
100
AcDbDictionary
280
     1
281
     1
  3
AcDbContextDataManager
360
E1A
  0
DICTIONARY
  5
E71
330
E70
100
AcDbDictionary
280
     1
281
     1
  3
AcDbBlockRepresentation
360
E72
  0
DICTIONARY
  5
EB1
330
EB0
100
AcDbDictionary
280
     1
281
     1
  3
AcDbContextDataManager
360
EB2
  0
DICTIONARY
  5
235
102
{ACAD_REACTORS
330
C
102
}
330
C
100
AcDbDictionary
281
     1
  0
DICTIONARY
  5
232
102
{ACAD_REACTORS
330
C
102
}
330
C
100
AcDbDictionary
281
     1
  0
DICTIONARY
  5
D
102
{ACAD_REACTORS
330
C
102
}
330
C
100
AcDbDictionary
281
     1
  0
DICTIONARY
  5
1A
102
{ACAD_REACTORS
330
C
102
}
330
C
100
AcDbDictionary
281
     1
  3
Layout1
350
1E
  3
Layout2
350
26
  3
Model
350
22
  0
DICTIONARY
  5
43
102
{ACAD_REACTORS
330
C
102
}
330
C
100
AcDbDictionary
281
     1
  3
ByBlock
350
45
  3
ByLayer
350
44
  3
Global
350
46
  0
DICTIONARY
  5
6B
102
{ACAD_REACTORS
330
C
102
}
330
C
100
AcDbDictionary
281
     1
  3
Standard
350
6C
  0
DICTIONARY
  5
17
102
{ACAD_REACTORS
330
C
102
}
330
C
100
AcDbDictionary
281
     1
  3
Standard
350
18
  0
DICTIONARY
  5
19
102
{ACAD_REACTORS
330
C
102
}
330
C
100
AcDbDictionary
281
     1
  0
ACDBDICTIONARYWDFLT
  5
E
102
{ACAD_REACTORS
330
C
102
}
330
C
100
AcDbDictionary
281
     1
  3
Normal
350
F
100
AcDbDictionaryWithDefault
340
F
  0
DICTIONARY
  5
47
102
{ACAD_REACTORS
330
C
102
}
330
C
100
AcDbDictionary
281
     1
  3
A0
350
48
  3
A1
350
49
  3
A2
350
4A
  3
A3
350
4B
  3
A4
350
4C
  3
A5
350
4D
  3
A6
350
4E
  3
A7
350
4F
  3
A8
350
50
  3
A9
350
51
  3
B0
350
52
  3
B1
350
53
  3
B2
350
54
  3
B3
350
55
  3
B4
350
56
  3
B5
350
57
  3
B6
350
58
  3
B7
350
59
  3
B8
350
5A
  3
B9
350
5B
  3
C0
350
5C
  3
C1
350
5D
  3
C2
350
5E
  3
C3
350
5F
  3
C4
350
60
  3
C5
350
61
  3
C6
350
62
  3
C7
350
63
  3
C8
350
64
  3
C9
350
65
  3
D0
350
66
  3
D1
350
67
  3
D2
350
68
  0
DICTIONARY
  5
233
102
{ACAD_REACTORS
330
C
102
}
330
C
100
AcDbDictionary
281
     1
  0
DICTIONARY
  5
69
102
{ACAD_REACTORS
330
C
102
}
330
C
100
AcDbDictionary
281
     1
  3
Standard
350
6A
  0
DICTIONARY
  5
2A
102
{ACAD_REACTORS
330
C
102
}
330
C
100
AcDbDictionary
281
     1
  3
2dWireframe
350
2F
  3
Basic
350
32
  3
Brighten
350
36
  3
ColorChange
350
3A
  3
Conceptual
350
34
  3
Dim
350
35
  3
EdgeColorOff
350
3D
  3
Facepattern
350
39
  3
Flat
350
2B
  3
FlatWithEdges
350
2C
  3
Gouraud
350
2D
  3
GouraudWithEdges
350
2E
  3
Hidden
350
31
  3
JitterOff
350
3B
  3
Linepattern
350
38
  3
OverhangOff
350
3C
  3
Realistic
350
33
  3
Shaded
350
42
  3
Shaded with edges
350
41
  3
Shades of Gray
350
3E
  3
Sketchy
350
3F
  3
Thicken
350
37
  3
Wireframe
350
30
  3
X-Ray
350
40
  0
XRECORD
  5
F49
102
{ACAD_REACTORS
330
C
102
}
330
C
100
AcDbXrecord
280
     1
 90
        1
330
6A
  0
DICTIONARY
  5
F17
102
{ACAD_REACTORS
330
C
102
}
330
C
100
AcDbDictionary
281
     1
  0
DICTIONARY
  5
1EF
102
{ACAD_REACTORS
330
C
102
}
330
C
100
AcDbDictionary
281
     1
  3
CANNOSCALE
350
1F0
  3
CMLEADERSTYLE
350
231
  3
CTABLESTYLE
350
230
  3
MSLTSCALE
350
1F1
  3
XCLIPFRAME
350
1F2
  0
XRECORD
  5
1EE
102
{ACAD_REACTORS
330
1ED
102
}
330
1ED
100
AcDbXrecord
280
     1
102
VTR_0.000_0.000_1.000_1.000_VISUALSTYLE
340
2F
102
VTR_0.000_0.000_1.000_1.000_GRIDDISPLAY
 70
     3
102
VTR_0.000_0.000_1.000_1.000_GRIDMAJOR
 70
     5
102
VTR_0.000_0.000_1.000_1.000_DEFAULTLIGHTING
280
     1
102
VTR_0.000_0.000_1.000_1.000_DEFAULTLIGHTINGTYPE
 70
     1
102
VTR_0.000_0.000_1.000_1.000_BRIGHTNESS
141
0.0
102
VTR_0.000_0.000_1.000_1.000_CONTRAST
142
0.0
102
VTR_0.000_0.000_1.000_1.000_SUNID
360
6D
  0
DICTIONARY
  5
245
102
{ACAD_REACTORS
330
244
102
}
330
244
100
AcDbDictionary
281
     1
  0
ACAD_EVALUATION_GRAPH
  5
29A
102
{ACAD_REACTORS
330
299
102
}
330
299
100
AcDbEvalGraph
 96
        6
 97
        6
 91
        0
 93
       32
 95
        1
360
29B
 92
        2
 92
        2
 92
        0
 92
        3
 91
        1
 93
       32
 95
        2
360
29C
 92
       -1
 92
       -1
 92
        2
 92
        2
 91
        2
 93
       32
 95
        3
360
29D
 92
        0
 92
        0
 92
       -1
 92
       -1
 91
        3
 93
       32
 95
        4
360
29E
 92
        1
 92
        1
 92
       -1
 92
       -1
 91
        4
 93
       32
 95
        5
360
29F
 92
        3
 92
        3
 92
       -1
 92
       -1
 92
        0
 93
        0
 94
        1
 91
        0
 91
        2
 92
       -1
 92
       -1
 92
       -1
 92
        1
 92
       -1
 92
        1
 93
        0
 94
        1
 91
        0
 91
        3
 92
       -1
 92
       -1
 92
        0
 92
        3
 92
       -1
 92
        2
 93
        0
 94
        2
 91
        1
 91
        0
 92
       -1
 92
       -1
 92
       -1
 92
       -1
 92
       -1
 92
        3
 93
        0
 94
        3
 91
        0
 91
        4
 92
       -1
 92
       -1
 92
        1
 92
       -1
 92
       -1
  0
ACDB_DYNAMICBLOCKPURGEPREVENTER_VERSION
  5
2A0
102
{ACAD_REACTORS
330
299
102
}
330
299
100
AcDbDynamicBlockPurgePreventer
 70
     1
  0
SORTENTSTABLE
  5
2BC
102
{ACAD_REACTORS
330
2BB
102
}
330
2BB
100
AcDbSortentsTable
330
2B1
  0
SORTENTSTABLE
  5
3D0
102
{ACAD_REACTORS
330
3CF
102
}
330
3CF
100
AcDbSortentsTable
330
3CE
  0
ACAD_EVALUATION_GRAPH
  5
6B9
102
{ACAD_REACTORS
330
6B8
102
}
330
6B8
100
AcDbEvalGraph
 96
        6
 97
        6
 91
        0
 93
       32
 95
        1
360
6BA
 92
        2
 92
        2
 92
        0
 92
        3
 91
        1
 93
       32
 95
        2
360
6BB
 92
       -1
 92
       -1
 92
        2
 92
        2
 91
        2
 93
       32
 95
        3
360
6BC
 92
        0
 92
        0
 92
       -1
 92
       -1
 91
        3
 93
       32
 95
        4
360
6BD
 92
        1
 92
        1
 92
       -1
 92
       -1
 91
        4
 93
       32
 95
        5
360
6BE
 92
        3
 92
        3
 92
       -1
 92
       -1
 92
        0
 93
        0
 94
        1
 91
        0
 91
        2
 92
       -1
 92
       -1
 92
       -1
 92
        1
 92
       -1
 92
        1
 93
        0
 94
        1
 91
        0
 91
        3
 92
       -1
 92
       -1
 92
        0
 92
        3
 92
       -1
 92
        2
 93
        0
 94
        2
 91
        1
 91
        0
 92
       -1
 92
       -1
 92
       -1
 92
       -1
 92
       -1
 92
        3
 93
        0
 94
        3
 91
        0
 91
        4
 92
       -1
 92
       -1
 92
        1
 92
       -1
 92
       -1
  0
ACDB_DYNAMICBLOCKPURGEPREVENTER_VERSION
  5
6BF
102
{ACAD_REACTORS
330
6B8
102
}
330
6B8
100
AcDbDynamicBlockPurgePreventer
 70
     1
  0
DICTIONARY
  5
2B5
102
{ACAD_REACTORS
330
2B4
102
}
330
2B4
100
AcDbDictionary
280
     1
281
     1
  3
AcDbRepData
360
2B6
  3
AppDataCache
360
2B7
  0
DICTIONARY
  5
252
102
{ACAD_REACTORS
330
251
102
}
330
251
100
AcDbDictionary
281
     1
  0
DICTIONARY
  5
2FD
102
{ACAD_REACTORS
330
2FC
102
}
330
2FC
100
AcDbDictionary
280
     1
281
     1
  3
AcDbRepData
360
2FE
  3
AppDataCache
360
2FF
  0
DICTIONARY
  5
39B
102
{ACAD_REACTORS
330
39A
102
}
330
39A
100
AcDbDictionary
281
     1
  0
DICTIONARY
  5
3A5
102
{ACAD_REACTORS
330
3A4
102
}
330
3A4
100
AcDbDictionary
281
     1
  0
DICTIONARY
  5
3AF
102
{ACAD_REACTORS
330
3AE
102
}
330
3AE
100
AcDbDictionary
281
     1
  0
DICTIONARY
  5
3B9
102
{ACAD_REACTORS
330
3B8
102
}
330
3B8
100
AcDbDictionary
281
     1
  0
DICTIONARY
  5
3C3
102
{ACAD_REACTORS
330
3C2
102
}
330
3C2
100
AcDbDictionary
281
     1
  0
DICTIONARY
  5
3CD
102
{ACAD_REACTORS
330
3CC
102
}
330
3CC
100
AcDbDictionary
281
     1
  0
DICTIONARY
  5
45A
102
{ACAD_REACTORS
330
459
102
}
330
459
100
AcDbDictionary
281
     1
  0
DICTIONARY
  5
464
102
{ACAD_REACTORS
330
463
102
}
330
463
100
AcDbDictionary
281
     1
  0
DICTIONARY
  5
46E
102
{ACAD_REACTORS
330
46D
102
}
330
46D
100
AcDbDictionary
281
     1
  0
DICTIONARY
  5
478
102
{ACAD_REACTORS
330
477
102
}
330
477
100
AcDbDictionary
281
     1
  0
DICTIONARY
  5
4D0
102
{ACAD_REACTORS
330
4CF
102
}
330
4CF
100
AcDbDictionary
281
     1
  0
DICTIONARY
  5
4DA
102
{ACAD_REACTORS
330
4D9
102
}
330
4D9
100
AcDbDictionary
281
     1
  0
DICTIONARY
  5
4E4
102
{ACAD_REACTORS
330
4E3
102
}
330
4E3
100
AcDbDictionary
281
     1
  0
DICTIONARY
  5
4EE
102
{ACAD_REACTORS
330
4ED
102
}
330
4ED
100
AcDbDictionary
281
     1
  0
DICTIONARY
  5
4F8
102
{ACAD_REACTORS
330
4F7
102
}
330
4F7
100
AcDbDictionary
281
     1
  0
DICTIONARY
  5
502
102
{ACAD_REACTORS
330
501
102
}
330
501
100
AcDbDictionary
281
     1
  0
DICTIONARY
  5
50C
102
{ACAD_REACTORS
330
50B
102
}
330
50B
100
AcDbDictionary
281
     1
  0
DICTIONARY
  5
516
102
{ACAD_REACTORS
330
515
102
}
330
515
100
AcDbDictionary
281
     1
  0
DICTIONARY
  5
520
102
{ACAD_REACTORS
330
51F
102
}
330
51F
100
AcDbDictionary
281
     1
  0
DICTIONARY
  5
53C
102
{ACAD_REACTORS
330
53B
102
}
330
53B
100
AcDbDictionary
281
     1
  0
DICTIONARY
  5
546
102
{ACAD_REACTORS
330
545
102
}
330
545
100
AcDbDictionary
281
     1
  0
DICTIONARY
  5
573
102
{ACAD_REACTORS
330
572
102
}
330
572
100
AcDbDictionary
280
     1
281
     1
  3
AcDbRepData
360
574
  3
AppDataCache
360
575
  0
DICTIONARY
  5
593
102
{ACAD_REACTORS
330
592
102
}
330
592
100
AcDbDictionary
280
     1
281
     1
  3
AcDbRepData
360
594
  3
AppDataCache
360
595
  0
DICTIONARY
  5
5B3
102
{ACAD_REACTORS
330
5B2
102
}
330
5B2
100
AcDbDictionary
280
     1
281
     1
  3
AcDbRepData
360
5B4
  3
AppDataCache
360
5B5
  0
DICTIONARY
  5
5CC
102
{ACAD_REACTORS
330
5CB
102
}
330
5CB
100
AcDbDictionary
281
     1
  0
DICTIONARY
  5
5D6
102
{ACAD_REACTORS
330
5D5
102
}
330
5D5
100
AcDbDictionary
281
     1
  0
DICTIONARY
  5
5E0
102
{ACAD_REACTORS
330
5DF
102
}
330
5DF
100
AcDbDictionary
281
     1
  0
DICTIONARY
  5
5EA
102
{ACAD_REACTORS
330
5E9
102
}
330
5E9
100
AcDbDictionary
281
     1
  0
DICTIONARY
  5
5F4
102
{ACAD_REACTORS
330
5F3
102
}
330
5F3
100
AcDbDictionary
281
     1
  0
DICTIONARY
  5
60F
102
{ACAD_REACTORS
330
60E
102
}
330
60E
100
AcDbDictionary
280
     1
281
     1
  3
AcDbRepData
360
610
  3
AppDataCache
360
611
  0
DICTIONARY
  5
6D5
102
{ACAD_REACTORS
330
6D4
102
}
330
6D4
100
AcDbDictionary
280
     1
281
     1
  3
AcDbRepData
360
6D6
  3
AppDataCache
360
6D7
  0
DICTIONARY
  5
6FB
102
{ACAD_REACTORS
330
6FA
102
}
330
6FA
100
AcDbDictionary
280
     1
281
     1
  3
AcDbRepData
360
6FC
  3
AppDataCache
360
6FD
  0
DICTIONARY
  5
721
102
{ACAD_REACTORS
330
720
102
}
330
720
100
AcDbDictionary
280
     1
281
     1
  3
AcDbRepData
360
722
  3
AppDataCache
360
723
  0
DICTIONARY
  5
747
102
{ACAD_REACTORS
330
746
102
}
330
746
100
AcDbDictionary
280
     1
281
     1
  3
AcDbRepData
360
748
  3
AppDataCache
360
749
  0
DICTIONARY
  5
76D
102
{ACAD_REACTORS
330
76C
102
}
330
76C
100
AcDbDictionary
280
     1
281
     1
  3
AcDbRepData
360
76E
  3
AppDataCache
360
76F
  0
DICTIONARY
  5
78D
102
{ACAD_REACTORS
330
78C
102
}
330
78C
100
AcDbDictionary
280
     1
281
     1
  3
AcDbRepData
360
78E
  3
AppDataCache
360
78F
  0
DICTIONARY
  5
7BA
102
{ACAD_REACTORS
330
7B9
102
}
330
7B9
100
AcDbDictionary
280
     1
281
     1
  3
AcDbRepData
360
7BB
  3
AppDataCache
360
7BC
  0
DICTIONARY
  5
7E1
102
{ACAD_REACTORS
330
7E0
102
}
330
7E0
100
AcDbDictionary
280
     1
281
     1
  3
AcDbRepData
360
7E2
  3
AppDataCache
360
7E3
  0
DICTIONARY
  5
808
102
{ACAD_REACTORS
330
807
102
}
330
807
100
AcDbDictionary
280
     1
281
     1
  3
AcDbRepData
360
809
  3
AppDataCache
360
80A
  0
DICTIONARY
  5
829
102
{ACAD_REACTORS
330
828
102
}
330
828
100
AcDbDictionary
280
     1
281
     1
  3
AcDbRepData
360
82A
  3
AppDataCache
360
82B
  0
DICTIONARY
  5
83E
102
{ACAD_REACTORS
330
83D
102
}
330
83D
100
AcDbDictionary
281
     1
  0
DICTIONARY
  5
848
102
{ACAD_REACTORS
330
847
102
}
330
847
100
AcDbDictionary
281
     1
  0
DICTIONARY
  5
852
102
{ACAD_REACTORS
330
851
102
}
330
851
100
AcDbDictionary
281
     1
  0
DICTIONARY
  5
86E
102
{ACAD_REACTORS
330
86D
102
}
330
86D
100
AcDbDictionary
280
     1
281
     1
  3
AcDbRepData
360
86F
  3
AppDataCache
360
870
  0
DICTIONARY
  5
89B
102
{ACAD_REACTORS
330
89A
102
}
330
89A
100
AcDbDictionary
280
     1
281
     1
  3
AcDbRepData
360
89C
  3
AppDataCache
360
89D
  0
DICTIONARY
  5
8AA
102
{ACAD_REACTORS
330
8A9
102
}
330
8A9
100
AcDbDictionary
281
     1
  0
DICTIONARY
  5
8C7
102
{ACAD_REACTORS
330
8C6
102
}
330
8C6
100
AcDbDictionary
280
     1
281
     1
  3
AcDbRepData
360
8C8
  3
AppDataCache
360
8C9
  0
DICTIONARY
  5
908
102
{ACAD_REACTORS
330
907
102
}
330
907
100
AcDbDictionary
281
     1
  0
DICTIONARY
  5
912
102
{ACAD_REACTORS
330
911
102
}
330
911
100
AcDbDictionary
281
     1
  0
DICTIONARY
  5
91C
102
{ACAD_REACTORS
330
91B
102
}
330
91B
100
AcDbDictionary
281
     1
  0
DICTIONARY
  5
926
102
{ACAD_REACTORS
330
925
102
}
330
925
100
AcDbDictionary
281
     1
  0
DICTIONARY
  5
985
102
{ACAD_REACTORS
330
984
102
}
330
984
100
AcDbDictionary
280
     1
281
     1
  3
AcDbRepData
360
986
  3
AppDataCache
360
987
  0
DICTIONARY
  5
9AC
102
{ACAD_REACTORS
330
9AB
102
}
330
9AB
100
AcDbDictionary
280
     1
281
     1
  3
AcDbRepData
360
9AD
  3
AppDataCache
360
9AE
  0
DICTIONARY
  5
A04
102
{ACAD_REACTORS
330
A03
102
}
330
A03
100
AcDbDictionary
280
     1
281
     1
  3
AcDbRepData
360
A05
  3
AppDataCache
360
A06
  0
DICTIONARY
  5
A2B
102
{ACAD_REACTORS
330
A2A
102
}
330
A2A
100
AcDbDictionary
280
     1
281
     1
  3
AcDbRepData
360
A2C
  3
AppDataCache
360
A2D
  0
DICTIONARY
  5
A52
102
{ACAD_REACTORS
330
A51
102
}
330
A51
100
AcDbDictionary
280
     1
281
     1
  3
AcDbRepData
360
A53
  3
AppDataCache
360
A54
  0
DICTIONARY
  5
A75
102
{ACAD_REACTORS
330
A74
102
}
330
A74
100
AcDbDictionary
280
     1
281
     1
  3
AcDbRepData
360
A76
  3
AppDataCache
360
A77
  0
DICTIONARY
  5
A9C
102
{ACAD_REACTORS
330
A9B
102
}
330
A9B
100
AcDbDictionary
280
     1
281
     1
  3
AcDbRepData
360
A9D
  3
AppDataCache
360
A9E
  0
DICTIONARY
  5
AC3
102
{ACAD_REACTORS
330
AC2
102
}
330
AC2
100
AcDbDictionary
280
     1
281
     1
  3
AcDbRepData
360
AC4
  3
AppDataCache
360
AC5
  0
DICTIONARY
  5
AE9
102
{ACAD_REACTORS
330
AE8
102
}
330
AE8
100
AcDbDictionary
280
     1
281
     1
  3
AcDbRepData
360
AEA
  3
AppDataCache
360
AEB
  0
DICTIONARY
  5
B10
102
{ACAD_REACTORS
330
B0F
102
}
330
B0F
100
AcDbDictionary
280
     1
281
     1
  3
AcDbRepData
360
B11
  3
AppDataCache
360
B12
  0
DICTIONARY
  5
B37
102
{ACAD_REACTORS
330
B36
102
}
330
B36
100
AcDbDictionary
280
     1
281
     1
  3
AcDbRepData
360
B38
  3
AppDataCache
360
B39
  0
DICTIONARY
  5
B77
102
{ACAD_REACTORS
330
B76
102
}
330
B76
100
AcDbDictionary
281
     1
  0
DICTIONARY
  5
B81
102
{ACAD_REACTORS
330
B80
102
}
330
B80
100
AcDbDictionary
281
     1
  0
DICTIONARY
  5
B8B
102
{ACAD_REACTORS
330
B8A
102
}
330
B8A
100
AcDbDictionary
281
     1
  0
DICTIONARY
  5
B95
102
{ACAD_REACTORS
330
B94
102
}
330
B94
100
AcDbDictionary
281
     1
  0
DICTIONARY
  5
B9F
102
{ACAD_REACTORS
330
B9E
102
}
330
B9E
100
AcDbDictionary
281
     1
  0
DICTIONARY
  5
BA9
102
{ACAD_REACTORS
330
BA8
102
}
330
BA8
100
AcDbDictionary
281
     1
  0
DICTIONARY
  5
BB3
102
{ACAD_REACTORS
330
BB2
102
}
330
BB2
100
AcDbDictionary
281
     1
  0
DICTIONARY
  5
BBD
102
{ACAD_REACTORS
330
BBC
102
}
330
BBC
100
AcDbDictionary
281
     1
  0
DICTIONARY
  5
BC7
102
{ACAD_REACTORS
330
BC6
102
}
330
BC6
100
AcDbDictionary
281
     1
  0
DICTIONARY
  5
BD1
102
{ACAD_REACTORS
330
BD0
102
}
330
BD0
100
AcDbDictionary
281
     1
  0
DICTIONARY
  5
BDB
102
{ACAD_REACTORS
330
BDA
102
}
330
BDA
100
AcDbDictionary
281
     1
  0
DICTIONARY
  5
BE5
102
{ACAD_REACTORS
330
BE4
102
}
330
BE4
100
AcDbDictionary
281
     1
  0
DICTIONARY
  5
C37
102
{ACAD_REACTORS
330
C36
102
}
330
C36
100
AcDbDictionary
280
     1
281
     1
  3
AcDbRepData
360
C38
  3
AppDataCache
360
C39
  0
DICTIONARY
  5
C61
102
{ACAD_REACTORS
330
C60
102
}
330
C60
100
AcDbDictionary
280
     1
281
     1
  3
AcDbRepData
360
C62
  3
AppDataCache
360
C63
  0
DICTIONARY
  5
E06
102
{ACAD_REACTORS
330
E05
102
}
330
E05
100
AcDbDictionary
281
     1
  0
DICTIONARY
  5
E10
102
{ACAD_REACTORS
330
E0F
102
}
330
E0F
100
AcDbDictionary
281
     1
  0
DICTIONARY
  5
E1A
102
{ACAD_REACTORS
330
E19
102
}
330
E19
100
AcDbDictionary
281
     1
  0
DICTIONARY
  5
E72
102
{ACAD_REACTORS
330
E71
102
}
330
E71
100
AcDbDictionary
280
     1
281
     1
  3
AcDbRepData
360
E73
  3
AppDataCache
360
E74
  0
DICTIONARY
  5
EB2
102
{ACAD_REACTORS
330
EB1
102
}
330
EB1
100
AcDbDictionary
281
     1
  0
LAYOUT
  5
1E
102
{ACAD_REACTORS
330
1A
102
}
330
1A
100
AcDbPlotSettings
  1

  2
none_device
  4

  6

 40
0.0
 41
0.0
 42
0.0
 43
0.0
 44
0.0
 45
0.0
 46
0.0
 47
0.0
 48
0.0
 49
0.0
140
0.0
141
0.0
142
1.0
143
1.0
 70
   688
 72
     0
 73
     0
 74
     5
  7

 75
    16
147
1.0
 76
     0
 77
     2
 78
   300
148
0.0
149
0.0
100
AcDbLayout
  1
Layout1
 70
     1
 71
     1
 10
0.0
 20
0.0
 11
12.0
 21
9.0
 12
0.0
 22
0.0
 32
0.0
 14
1.000000000000000E+20
 24
1.000000000000000E+20
 34
1.000000000000000E+20
 15
-1.000000000000000E+20
 25
-1.000000000000000E+20
 35
-1.000000000000000E+20
146
0.0
 13
0.0
 23
0.0
 33
0.0
 16
1.0
 26
0.0
 36
0.0
 17
0.0
 27
1.0
 37
0.0
 76
     0
330
1B
  0
LAYOUT
  5
26
102
{ACAD_REACTORS
330
1A
102
}
330
1A
100
AcDbPlotSettings
  1

  2
none_device
  4

  6

 40
0.0
 41
0.0
 42
0.0
 43
0.0
 44
0.0
 45
0.0
 46
0.0
 47
0.0
 48
0.0
 49
0.0
140
0.0
141
0.0
142
1.0
143
1.0
 70
   688
 72
     0
 73
     0
 74
     5
  7

 75
    16
147
1.0
 76
     0
 77
     2
 78
   300
148
0.0
149
0.0
100
AcDbLayout
  1
Layout2
 70
     1
 71
     2
 10
0.0
 20
0.0
 11
0.0
 21
0.0
 12
0.0
 22
0.0
 32
0.0
 14
0.0
 24
0.0
 34
0.0
 15
0.0
 25
0.0
 35
0.0
146
0.0
 13
0.0
 23
0.0
 33
0.0
 16
1.0
 26
0.0
 36
0.0
 17
0.0
 27
1.0
 37
0.0
 76
     0
330
23
  0
LAYOUT
  5
22
102
{ACAD_REACTORS
330
1A
102
}
330
1A
100
AcDbPlotSettings
  1

  2
none_device
  4
Letter_(8.50_x_11.00_Inches)
  6

 40
6.349999999999998
 41
6.349999999999998
 42
6.350005079999998
 43
6.350005079999998
 44
215.9
 45
279.4
 46
0.0
 47
0.0
 48
0.0
 49
0.0
140
0.0
141
0.0
142
1.0
143
1.0
 70
  1712
 72
     0
 73
     0
 74
     0
  7

 75
     0
147
1.0
 76
     0
 77
     2
 78
   300
148
0.0
149
0.0
100
AcDbLayout
  1
Model
 70
     1
 71
     0
 10
0.0
 20
0.0
 11
12.0
 21
9.0
 12
0.0
 22
0.0
 32
0.0
 14
0.0
 24
0.0000000000000036
 34
0.0
 15
225.2127013736301
 25
179.472165156073
 35
0.0
146
0.0
 13
0.0
 23
0.0
 33
0.0
 16
1.0
 26
0.0
 36
0.0
 17
0.0
 27
1.0
 37
0.0
 76
     0
330
1F
  0
MATERIAL
  5
45
102
{ACAD_REACTORS
330
43
102
}
330
43
100
AcDbMaterial
  1
ByBlock
  2

 94
      127
  0
MATERIAL
  5
44
102
{ACAD_REACTORS
330
43
102
}
330
43
100
AcDbMaterial
  1
ByLayer
  2

 94
      127
  0
MATERIAL
  5
46
102
{ACAD_REACTORS
330
43
102
}
330
43
100
AcDbMaterial
  1
Global
  2

 94
      127
  0
MLEADERSTYLE
  5
6C
102
{ACAD_REACTORS
330
6B
102
}
330
6B
100
AcDbMLeaderStyle
179
     2
170
     2
171
     1
172
     0
 90
        2
 40
0.0
 41
0.0
173
     1
 91
-1056964608
340
14
 92
       -2
290
     1
 42
0.09
291
     1
 43
0.36
  3
Standard
341
0
 44
0.18
300

342
11
174
     1
178
     6
175
     1
176
     0
 93
-1056964608
 45
0.18
292
     0
297
     0
 46
0.18
343
0
 94
-1056964608
 47
1.0
 49
1.0
140
1.0
293
     1
141
0.0
294
     1
177
     0
142
1.0
295
     0
296
     0
143
0.125
271
     0
272
     9
273
     9
1001
ACAD_MLEADERVER
1070
     2
  0
MLINESTYLE
  5
18
102
{ACAD_REACTORS
330
17
102
}
330
17
100
AcDbMlineStyle
  2
STANDARD
 70
     0
  3

 62
   256
 51
90.0
 52
90.0
 71
     2
 49
0.5
 62
   256
  6
BYLAYER
 49
-0.5
 62
   256
  6
BYLAYER
  0
ACDBPLACEHOLDER
  5
F
102
{ACAD_REACTORS
330
E
102
}
330
E
  0
SCALE
  5
48
102
{ACAD_REACTORS
330
47
102
}
330
47
100
AcDbScale
 70
     0
300
1:1
140
1.0
141
1.0
290
     1
  0
SCALE
  5
49
102
{ACAD_REACTORS
330
47
102
}
330
47
100
AcDbScale
 70
     0
300
1:2
140
1.0
141
2.0
290
     0
  0
SCALE
  5
4A
102
{ACAD_REACTORS
330
47
102
}
330
47
100
AcDbScale
 70
     0
300
1:4
140
1.0
141
4.0
290
     0
  0
SCALE
  5
4B
102
{ACAD_REACTORS
330
47
102
}
330
47
100
AcDbScale
 70
     0
300
1:5
140
1.0
141
5.0
290
     0
  0
SCALE
  5
4C
102
{ACAD_REACTORS
330
47
102
}
330
47
100
AcDbScale
 70
     0
300
1:8
140
1.0
141
8.0
290
     0
  0
SCALE
  5
4D
102
{ACAD_REACTORS
330
47
102
}
330
47
100
AcDbScale
 70
     0
300
1:10
140
1.0
141
10.0
290
     0
  0
SCALE
  5
4E
102
{ACAD_REACTORS
330
47
102
}
330
47
100
AcDbScale
 70
     0
300
1:16
140
1.0
141
16.0
290
     0
  0
SCALE
  5
4F
102
{ACAD_REACTORS
330
47
102
}
330
47
100
AcDbScale
 70
     0
300
1:20
140
1.0
141
20.0
290
     0
  0
SCALE
  5
50
102
{ACAD_REACTORS
330
47
102
}
330
47
100
AcDbScale
 70
     0
300
1:30
140
1.0
141
30.0
290
     0
  0
SCALE
  5
51
102
{ACAD_REACTORS
330
47
102
}
330
47
100
AcDbScale
 70
     0
300
1:40
140
1.0
141
40.0
290
     0
  0
SCALE
  5
52
102
{ACAD_REACTORS
330
47
102
}
330
47
100
AcDbScale
 70
     0
300
1:50
140
1.0
141
50.0
290
     0
  0
SCALE
  5
53
102
{ACAD_REACTORS
330
47
102
}
330
47
100
AcDbScale
 70
     0
300
1:100
140
1.0
141
100.0
290
     0
  0
SCALE
  5
54
102
{ACAD_REACTORS
330
47
102
}
330
47
100
AcDbScale
 70
     0
300
2:1
140
2.0
141
1.0
290
     0
  0
SCALE
  5
55
102
{ACAD_REACTORS
330
47
102
}
330
47
100
AcDbScale
 70
     0
300
4:1
140
4.0
141
1.0
290
     0
  0
SCALE
  5
56
102
{ACAD_REACTORS
330
47
102
}
330
47
100
AcDbScale
 70
     0
300
8:1
140
8.0
141
1.0
290
     0
  0
SCALE
  5
57
102
{ACAD_REACTORS
330
47
102
}
330
47
100
AcDbScale
 70
     0
300
10:1
140
10.0
141
1.0
290
     0
  0
SCALE
  5
58
102
{ACAD_REACTORS
330
47
102
}
330
47
100
AcDbScale
 70
     0
300
100:1
140
100.0
141
1.0
290
     0
  0
SCALE
  5
59
102
{ACAD_REACTORS
330
47
102
}
330
47
100
AcDbScale
 70
     0
300
1/128" = 1'-0"
140
0.0078125
141
12.0
290
     0
  0
SCALE
  5
5A
102
{ACAD_REACTORS
330
47
102
}
330
47
100
AcDbScale
 70
     0
300
1/64" = 1'-0"
140
0.015625
141
12.0
290
     0
  0
SCALE
  5
5B
102
{ACAD_REACTORS
330
47
102
}
330
47
100
AcDbScale
 70
     0
300
1/32" = 1'-0"
140
0.03125
141
12.0
290
     0
  0
SCALE
  5
5C
102
{ACAD_REACTORS
330
47
102
}
330
47
100
AcDbScale
 70
     0
300
1/16" = 1'-0"
140
0.0625
141
12.0
290
     0
  0
SCALE
  5
5D
102
{ACAD_REACTORS
330
47
102
}
330
47
100
AcDbScale
 70
     0
300
3/32" = 1'-0"
140
0.09375
141
12.0
290
     0
  0
SCALE
  5
5E
102
{ACAD_REACTORS
330
47
102
}
330
47
100
AcDbScale
 70
     0
300
1/8" = 1'-0"
140
0.125
141
12.0
290
     0
  0
SCALE
  5
5F
102
{ACAD_REACTORS
330
47
102
}
330
47
100
AcDbScale
 70
     0
300
3/16" = 1'-0"
140
0.1875
141
12.0
290
     0
  0
SCALE
  5
60
102
{ACAD_REACTORS
330
47
102
}
330
47
100
AcDbScale
 70
     0
300
1/4" = 1'-0"
140
0.25
141
12.0
290
     0
  0
SCALE
  5
61
102
{ACAD_REACTORS
330
47
102
}
330
47
100
AcDbScale
 70
     0
300
3/8" = 1'-0"
140
0.375
141
12.0
290
     0
  0
SCALE
  5
62
102
{ACAD_REACTORS
330
47
102
}
330
47
100
AcDbScale
 70
     0
300
1/2" = 1'-0"
140
0.5
141
12.0
290
     0
  0
SCALE
  5
63
102
{ACAD_REACTORS
330
47
102
}
330
47
100
AcDbScale
 70
     0
300
3/4" = 1'-0"
140
0.75
141
12.0
290
     0
  0
SCALE
  5
64
102
{ACAD_REACTORS
330
47
102
}
330
47
100
AcDbScale
 70
     0
300
1" = 1'-0"
140
1.0
141
12.0
290
     0
  0
SCALE
  5
65
102
{ACAD_REACTORS
330
47
102
}
330
47
100
AcDbScale
 70
     0
300
1-1/2" = 1'-0"
140
1.5
141
12.0
290
     0
  0
SCALE
  5
66
102
{ACAD_REACTORS
330
47
102
}
330
47
100
AcDbScale
 70
     0
300
3" = 1'-0"
140
3.0
141
12.0
290
     0
  0
SCALE
  5
67
102
{ACAD_REACTORS
330
47
102
}
330
47
100
AcDbScale
 70
     0
300
6" = 1'-0"
140
6.0
141
12.0
290
     0
  0
SCALE
  5
68
102
{ACAD_REACTORS
330
47
102
}
330
47
100
AcDbScale
 70
     0
300
1'-0" = 1'-0"
140
12.0
141
12.0
290
     0
  0
TABLESTYLE
  5
6A
102
{ACAD_XDICTIONARY
360
229
102
}
102
{ACAD_REACTORS
330
69
102
}
330
69
100
AcDbTableStyle
280
     0
  3
Standard
 70
     0
 71
     0
 40
0.06
 41
0.06
280
     0
281
     0
  7
Standard
140
0.18
170
     2
 62
     0
 63
   257
283
     0
 90
        4
 91
        0
  1

274
    -2
284
     1
 64
     0
275
    -2
285
     1
 65
     0
276
    -2
286
     1
 66
     0
277
    -2
287
     1
 67
     0
278
    -2
288
     1
 68
     0
279
    -2
289
     1
 69
     0
  7
Standard
140
0.25
170
     5
 62
     0
 63
   257
283
     0
 90
        4
 91
        0
  1

274
    -2
284
     1
 64
     0
275
    -2
285
     1
 65
     0
276
    -2
286
     1
 66
     0
277
    -2
287
     1
 67
     0
278
    -2
288
     1
 68
     0
279
    -2
289
     1
 69
     0
  7
Standard
140
0.18
170
     5
 62
     0
 63
   257
283
     0
 90
        4
 91
        0
  1

274
    -2
284
     1
 64
     0
275
    -2
285
     1
 65
     0
276
    -2
286
     1
 66
     0
277
    -2
287
     1
 67
     0
278
    -2
288
     1
 68
     0
279
    -2
289
     1
 69
     0
  0
VISUALSTYLE
  5
2F
102
{ACAD_XDICTIONARY
360
F20
102
}
102
{ACAD_REACTORS
330
2A
102
}
330
2A
100
AcDbVisualStyle
  2
2dWireframe
 70
     4
177
     2
291
     0
 71
     0
176
     1
 72
     2
176
     1
 73
     0
176
     1
 90
        0
176
     1
 40
0.6
176
     1
 41
30.0
176
     1
 62
     5
 63
     7
421
 16777215
176
     1
 74
     1
176
     1
 91
        4
176
     1
 64
     7
176
     1
 65
     7
176
     1
 75
     1
176
     1
175
     1
176
     1
 42
1.0
176
     1
 92
        0
176
     1
 66
     7
176
     1
 43
1.0
176
     1
 76
     1
176
     1
 77
     6
176
     1
 78
     2
176
     1
 67
     7
176
     1
 79
     5
176
     1
170
     0
176
     1
171
     0
176
     1
290
     0
176
     1
 93
        1
176
     1
 44
0.0
176
     1
173
     0
176
     1
  0
VISUALSTYLE
  5
32
102
{ACAD_XDICTIONARY
360
F26
102
}
102
{ACAD_REACTORS
330
2A
102
}
330
2A
100
AcDbVisualStyle
  2
Basic
 70
     7
177
     2
291
     1
 71
     1
176
     1
 72
     0
176
     1
 73
     1
176
     1
 90
        0
176
     1
 40
0.6
176
     1
 41
30.0
176
     1
 62
     5
 63
     7
421
 16777215
176
     1
 74
     0
176
     1
 91
        4
176
     1
 64
     7
176
     1
 65
     7
176
     1
 75
     1
176
     1
175
     1
176
     1
 42
1.0
176
     1
 92
        8
176
     1
 66
     7
176
     1
 43
1.0
176
     1
 76
     1
176
     1
 77
     6
176
     1
 78
     2
176
     1
 67
     7
176
     1
 79
     5
176
     1
170
     0
176
     1
171
     0
176
     1
290
     0
176
     1
 93
        1
176
     1
 44
0.0
176
     1
173
     0
176
     1
  0
VISUALSTYLE
  5
36
102
{ACAD_XDICTIONARY
360
F2E
102
}
102
{ACAD_REACTORS
330
2A
102
}
330
2A
100
AcDbVisualStyle
  2
Brighten
 70
    12
177
     2
291
     1
 71
     2
176
     1
 72
     2
176
     1
 73
     0
176
     1
 90
        0
176
     1
 40
0.6
176
     1
 41
30.0
176
     1
 62
     5
 63
     7
421
 16777215
176
     1
 74
     1
176
     1
 91
        4
176
     1
 64
     7
176
     1
 65
     7
176
     1
 75
     1
176
     1
175
     1
176
     1
 42
1.0
176
     1
 92
        8
176
     1
 66
     7
176
     1
 43
1.0
176
     1
 76
     1
176
     1
 77
     6
176
     1
 78
     2
176
     1
 67
     7
176
     1
 79
     5
176
     1
170
     0
176
     1
171
     0
176
     1
290
     0
176
     1
 93
        1
176
     1
 44
50.0
176
     1
173
     0
176
     1
  0
VISUALSTYLE
  5
3A
102
{ACAD_XDICTIONARY
360
F36
102
}
102
{ACAD_REACTORS
330
2A
102
}
330
2A
100
AcDbVisualStyle
  2
ColorChange
 70
    16
177
     2
291
     1
 71
     2
176
     1
 72
     2
176
     1
 73
     3
176
     1
 90
        0
176
     1
 40
0.6
176
     1
 41
30.0
176
     1
 62
     5
 63
     8
421
  8421504
176
     1
 74
     1
176
     1
 91
        4
176
     1
 64
     7
176
     1
 65
     7
176
     1
 75
     1
176
     1
175
     1
176
     1
 42
1.0
176
     1
 92
        8
176
     1
 66
     8
424
  8421504
176
     1
 43
1.0
176
     1
 76
     1
176
     1
 77
     6
176
     1
 78
     2
176
     1
 67
     7
176
     1
 79
     5
176
     1
170
     0
176
     1
171
     0
176
     1
290
     0
176
     1
 93
        1
176
     1
 44
0.0
176
     1
173
     0
176
     1
  0
VISUALSTYLE
  5
34
102
{ACAD_XDICTIONARY
360
F2A
102
}
102
{ACAD_REACTORS
330
2A
102
}
330
2A
100
AcDbVisualStyle
  2
Conceptual
 70
     9
177
     2
291
     0
 71
     3
176
     1
 72
     2
176
     1
 73
     0
176
     1
 90
        0
176
     1
 40
0.6
176
     1
 41
30.0
176
     1
 62
     5
 63
     7
421
 16777215
176
     1
 74
     2
176
     1
 91
        2
176
     1
 64
     7
176
     1
 65
     7
176
     1
 75
     1
176
     1
175
     1
176
     1
 42
179.0
176
     1
 92
        8
176
     1
 66
     7
176
     1
 43
1.0
176
     1
 76
     1
176
     1
 77
     6
176
     1
 78
     2
176
     1
 67
     7
176
     1
 79
     3
176
     1
170
     0
176
     1
171
     0
176
     1
290
     0
176
     1
 93
        1
176
     1
 44
0.0
176
     1
173
     0
176
     1
  0
VISUALSTYLE
  5
35
102
{ACAD_XDICTIONARY
360
F2C
102
}
102
{ACAD_REACTORS
330
2A
102
}
330
2A
100
AcDbVisualStyle
  2
Dim
 70
    11
177
     2
291
     1
 71
     2
176
     1
 72
     2
176
     1
 73
     0
176
     1
 90
        0
176
     1
 40
0.6
176
     1
 41
30.0
176
     1
 62
     5
 63
     7
421
 16777215
176
     1
 74
     1
176
     1
 91
        4
176
     1
 64
     7
176
     1
 65
     7
176
     1
 75
     1
176
     1
175
     1
176
     1
 42
1.0
176
     1
 92
        8
176
     1
 66
     7
176
     1
 43
1.0
176
     1
 76
     1
176
     1
 77
     6
176
     1
 78
     2
176
     1
 67
     7
176
     1
 79
     5
176
     1
170
     0
176
     1
171
     0
176
     1
290
     0
176
     1
 93
        1
176
     1
 44
-50.0
176
     1
173
     0
176
     1
  0
VISUALSTYLE
  5
3D
102
{ACAD_XDICTIONARY
360
F3C
102
}
102
{ACAD_REACTORS
330
2A
102
}
330
2A
100
AcDbVisualStyle
  2
EdgeColorOff
 70
    22
177
     2
291
     1
 71
     2
176
     0
 72
     2
176
     0
 73
     0
176
     0
 90
        0
176
     0
 40
0.6
176
     0
 41
30.0
176
     0
 62
     5
 63
     7
421
 16777215
176
     0
 74
     1
176
     0
 91
        4
176
     0
 64
     7
176
     0
 65
     7
176
     0
 75
     1
176
     0
175
     1
176
     0
 42
1.0
176
     0
 92
        8
176
     2
 66
     7
176
     0
 43
1.0
176
     0
 76
     1
176
     0
 77
     6
176
     0
 78
     2
176
     0
 67
     7
176
     0
 79
     5
176
     0
170
     0
176
     0
171
     0
176
     0
290
     0
176
     0
 93
        1
176
     0
 44
0.0
176
     0
173
     0
176
     0
  0
VISUALSTYLE
  5
39
102
{ACAD_XDICTIONARY
360
F34
102
}
102
{ACAD_REACTORS
330
2A
102
}
330
2A
100
AcDbVisualStyle
  2
Facepattern
 70
    15
177
     2
291
     1
 71
     2
176
     1
 72
     2
176
     1
 73
     0
176
     1
 90
        0
176
     1
 40
0.6
176
     1
 41
30.0
176
     1
 62
     5
 63
     7
421
 16777215
176
     1
 74
     1
176
     1
 91
        4
176
     1
 64
     7
176
     1
 65
     7
176
     1
 75
     1
176
     1
175
     1
176
     1
 42
1.0
176
     1
 92
        8
176
     1
 66
     7
176
     1
 43
1.0
176
     1
 76
     1
176
     1
 77
     6
176
     1
 78
     2
176
     1
 67
     7
176
     1
 79
     5
176
     1
170
     0
176
     1
171
     0
176
     1
290
     0
176
     1
 93
        1
176
     1
 44
0.0
176
     1
173
     0
176
     1
  0
VISUALSTYLE
  5
2B
102
{ACAD_XDICTIONARY
360
F18
102
}
102
{ACAD_REACTORS
330
2A
102
}
330
2A
100
AcDbVisualStyle
  2
Flat
 70
     0
177
     2
291
     1
 71
     2
176
     1
 72
     1
176
     1
 73
     1
176
     1
 90
        2
176
     1
 40
0.6
176
     1
 41
30.0
176
     1
 62
     5
 63
     7
421
 16777215
176
     1
 74
     0
176
     1
 91
        0
176
     1
 64
     7
176
     1
 65
     7
176
     1
 75
     1
176
     1
175
     1
176
     1
 42
1.0
176
     1
 92
        8
176
     1
 66
     7
176
     1
 43
1.0
176
     1
 76
     1
176
     1
 77
     6
176
     1
 78
     2
176
     1
 67
     7
176
     1
 79
     5
176
     1
170
     0
176
     1
171
     0
176
     1
290
     0
176
     1
 93
       13
176
     1
 44
0.0
176
     1
173
     0
176
     1
  0
VISUALSTYLE
  5
2C
102
{ACAD_XDICTIONARY
360
F1A
102
}
102
{ACAD_REACTORS
330
2A
102
}
330
2A
100
AcDbVisualStyle
  2
FlatWithEdges
 70
     1
177
     2
291
     1
 71
     2
176
     1
 72
     1
176
     1
 73
     1
176
     1
 90
        2
176
     1
 40
0.6
176
     1
 41
30.0
176
     1
 62
     5
 63
     7
421
 16777215
176
     1
 74
     1
176
     1
 91
        0
176
     1
 64
     7
176
     1
 65
     7
176
     1
 75
     1
176
     1
175
     1
176
     1
 42
1.0
176
     1
 92
        0
176
     1
 66
     7
176
     1
 43
1.0
176
     1
 76
     1
176
     1
 77
     6
176
     1
 78
     2
176
     1
 67
     7
176
     1
 79
     5
176
     1
170
     0
176
     1
171
     0
176
     1
290
     0
176
     1
 93
       13
176
     1
 44
0.0
176
     1
173
     0
176
     1
  0
VISUALSTYLE
  5
2D
102
{ACAD_XDICTIONARY
360
F1C
102
}
102
{ACAD_REACTORS
330
2A
102
}
330
2A
100
AcDbVisualStyle
  2
Gouraud
 70
     2
177
     2
291
     1
 71
     2
176
     1
 72
     2
176
     1
 73
     1
176
     1
 90
        2
176
     1
 40
0.6
176
     1
 41
30.0
176
     1
 62
     5
 63
     7
421
 16777215
176
     1
 74
     0
176
     1
 91
        0
176
     1
 64
     7
176
     1
 65
     7
176
     1
 75
     1
176
     1
175
     1
176
     1
 42
1.0
176
     1
 92
        0
176
     1
 66
     7
176
     1
 43
1.0
176
     1
 76
     1
176
     1
 77
     6
176
     1
 78
     2
176
     1
 67
     7
176
     1
 79
     5
176
     1
170
     0
176
     1
171
     0
176
     1
290
     0
176
     1
 93
       13
176
     1
 44
0.0
176
     1
173
     0
176
     1
  0
VISUALSTYLE
  5
2E
102
{ACAD_XDICTIONARY
360
F1E
102
}
102
{ACAD_REACTORS
330
2A
102
}
330
2A
100
AcDbVisualStyle
  2
GouraudWithEdges
 70
     3
177
     2
291
     1
 71
     2
176
     1
 72
     2
176
     1
 73
     1
176
     1
 90
        2
176
     1
 40
0.6
176
     1
 41
30.0
176
     1
 62
     5
 63
     7
421
 16777215
176
     1
 74
     1
176
     1
 91
        0
176
     1
 64
     7
176
     1
 65
     7
176
     1
 75
     1
176
     1
175
     1
176
     1
 42
1.0
176
     1
 92
        0
176
     1
 66
     7
176
     1
 43
1.0
176
     1
 76
     1
176
     1
 77
     6
176
     1
 78
     2
176
     1
 67
     7
176
     1
 79
     5
176
     1
170
     0
176
     1
171
     0
176
     1
290
     0
176
     1
 93
       13
176
     1
 44
0.0
176
     1
173
     0
176
     1
  0
VISUALSTYLE
  5
31
102
{ACAD_XDICTIONARY
360
F24
102
}
102
{ACAD_REACTORS
330
2A
102
}
330
2A
100
AcDbVisualStyle
  2
Hidden
 70
     6
177
     2
291
     0
 71
     1
176
     1
 72
     2
176
     1
 73
     2
176
     1
 90
        0
176
     1
 40
0.6
176
     1
 41
30.0
176
     1
 62
     5
 63
     7
421
 16777215
176
     1
 74
     2
176
     1
 91
        2
176
     1
 64
     7
176
     1
 65
     7
176
     1
 75
     2
176
     1
175
     1
176
     1
 42
40.0
176
     1
 92
        0
176
     1
 66
     7
176
     1
 43
1.0
176
     1
 76
     1
176
     1
 77
     6
176
     1
 78
     2
176
     1
 67
     7
176
     1
 79
     3
176
     1
170
     0
176
     1
171
     0
176
     1
290
     0
176
     1
 93
        1
176
     1
 44
0.0
176
     1
173
     0
176
     1
  0
VISUALSTYLE
  5
3B
102
{ACAD_XDICTIONARY
360
F38
102
}
102
{ACAD_REACTORS
330
2A
102
}
330
2A
100
AcDbVisualStyle
  2
JitterOff
 70
    20
177
     2
291
     1
 71
     2
176
     0
 72
     2
176
     0
 73
     0
176
     0
 90
        0
176
     0
 40
0.6
176
     0
 41
30.0
176
     0
 62
     5
 63
     7
421
 16777215
176
     0
 74
     1
176
     0
 91
        4
176
     0
 64
     7
176
     0
 65
     7
176
     0
 75
     1
176
     0
175
     1
176
     0
 42
1.0
176
     0
 92
       10
176
     2
 66
     7
176
     0
 43
1.0
176
     0
 76
     1
176
     0
 77
     6
176
     0
 78
     2
176
     0
 67
     7
176
     0
 79
     5
176
     0
170
     0
176
     0
171
     0
176
     0
290
     0
176
     0
 93
        1
176
     0
 44
0.0
176
     0
173
     0
176
     0
  0
VISUALSTYLE
  5
38
102
{ACAD_XDICTIONARY
360
F32
102
}
102
{ACAD_REACTORS
330
2A
102
}
330
2A
100
AcDbVisualStyle
  2
Linepattern
 70
    14
177
     2
291
     1
 71
     2
176
     1
 72
     2
176
     1
 73
     0
176
     1
 90
        0
176
     1
 40
0.6
176
     1
 41
30.0
176
     1
 62
     5
 63
     7
421
 16777215
176
     1
 74
     1
176
     1
 91
        4
176
     1
 64
     7
176
     1
 65
     7
176
     1
 75
     7
176
     1
175
     7
176
     1
 42
1.0
176
     1
 92
        8
176
     1
 66
     7
176
     1
 43
1.0
176
     1
 76
     1
176
     1
 77
     6
176
     1
 78
     2
176
     1
 67
     7
176
     1
 79
     5
176
     1
170
     0
176
     1
171
     0
176
     1
290
     0
176
     1
 93
        1
176
     1
 44
0.0
176
     1
173
     0
176
     1
  0
VISUALSTYLE
  5
3C
102
{ACAD_XDICTIONARY
360
F3A
102
}
102
{ACAD_REACTORS
330
2A
102
}
330
2A
100
AcDbVisualStyle
  2
OverhangOff
 70
    21
177
     2
291
     1
 71
     2
176
     0
 72
     2
176
     0
 73
     0
176
     0
 90
        0
176
     0
 40
0.6
176
     0
 41
30.0
176
     0
 62
     5
 63
     7
421
 16777215
176
     0
 74
     1
176
     0
 91
        4
176
     0
 64
     7
176
     0
 65
     7
176
     0
 75
     1
176
     0
175
     1
176
     0
 42
1.0
176
     0
 92
        9
176
     2
 66
     7
176
     0
 43
1.0
176
     0
 76
     1
176
     0
 77
     6
176
     0
 78
     2
176
     0
 67
     7
176
     0
 79
     5
176
     0
170
     0
176
     0
171
     0
176
     0
290
     0
176
     0
 93
        1
176
     0
 44
0.0
176
     0
173
     0
176
     0
  0
VISUALSTYLE
  5
33
102
{ACAD_XDICTIONARY
360
F28
102
}
102
{ACAD_REACTORS
330
2A
102
}
330
2A
100
AcDbVisualStyle
  2
Realistic
 70
     8
177
     2
291
     0
 71
     2
176
     1
 72
     3
176
     1
 73
     0
176
     1
 90
        2
176
     1
 40
0.6
176
     1
 41
30.0
176
     1
 62
     5
 63
     7
421
 16777215
176
     1
 74
     0
176
     1
 91
        0
176
     1
 64
     7
176
     1
 65
     7
176
     1
 75
     1
176
     1
175
     1
176
     1
 42
1.0
176
     1
 92
        8
176
     1
 66
     7
176
     1
 43
1.0
176
     1
 76
     1
176
     1
 77
     6
176
     1
 78
     2
176
     1
 67
     7
176
     1
 79
     3
176
     1
170
     0
176
     1
171
     0
176
     1
290
     0
176
     1
 93
       13
176
     1
 44
0.0
176
     1
173
     0
176
     1
  0
VISUALSTYLE
  5
42
102
{ACAD_XDICTIONARY
360
F46
102
}
102
{ACAD_REACTORS
330
2A
102
}
330
2A
100
AcDbVisualStyle
  2
Shaded
 70
    27
177
     2
291
     0
 71
     2
176
     1
 72
     2
176
     1
 73
     1
176
     1
 90
        2
176
     1
 40
0.6
176
     1
 41
30.0
176
     1
 62
     5
 63
     7
421
 16777215
176
     1
 74
     0
176
     1
 91
        4
176
     1
 64
     7
176
     1
 65
     7
176
     1
 75
     1
176
     1
175
     1
176
     1
 42
1.0
176
     1
 92
        8
176
     1
 66
     7
176
     1
 43
1.0
176
     1
 76
     1
176
     1
 77
     6
176
     1
 78
     2
176
     1
 67
     8
425
  7895160
176
     1
 79
     3
176
     1
170
     0
176
     1
171
     0
176
     1
290
     0
176
     1
 93
        5
176
     1
 44
0.0
176
     1
173
     0
176
     1
  0
VISUALSTYLE
  5
41
102
{ACAD_XDICTIONARY
360
F44
102
}
102
{ACAD_REACTORS
330
2A
102
}
330
2A
100
AcDbVisualStyle
  2
Shaded with edges
 70
    26
177
     2
291
     0
 71
     2
176
     1
 72
     2
176
     1
 73
     1
176
     1
 90
        2
176
     1
 40
0.6
176
     1
 41
30.0
176
     1
 62
     5
 63
     7
421
 16777215
176
     1
 74
     1
176
     1
 91
       10
176
     1
 64
     7
176
     1
 65
     7
176
     1
 75
     2
176
     1
175
     1
176
     1
 42
1.0
176
     1
 92
        8
176
     1
 66
     7
176
     1
 43
1.0
176
     1
 76
     1
176
     1
 77
     6
176
     1
 78
     2
176
     1
 67
     7
176
     1
 79
     3
176
     1
170
     0
176
     1
171
     0
176
     1
290
     0
176
     1
 93
        5
176
     1
 44
0.0
176
     1
173
     0
176
     1
  0
VISUALSTYLE
  5
3E
102
{ACAD_XDICTIONARY
360
F3E
102
}
102
{ACAD_REACTORS
330
2A
102
}
330
2A
100
AcDbVisualStyle
  2
Shades of Gray
 70
    23
177
     2
291
     0
 71
     2
176
     1
 72
     2
176
     1
 73
     3
176
     1
 90
        0
176
     1
 40
0.6
176
     1
 41
30.0
176
     1
 62
     5
 63
     7
421
 16777215
176
     1
 74
     2
176
     1
 91
        2
176
     1
 64
     7
176
     1
 65
     7
176
     1
 75
     1
176
     1
175
     1
176
     1
 42
40.0
176
     1
 92
        8
176
     1
 66
     7
176
     1
 43
1.0
176
     1
 76
     1
176
     1
 77
     6
176
     1
 78
     2
176
     1
 67
     7
176
     1
 79
     3
176
     1
170
     0
176
     1
171
     0
176
     1
290
     0
176
     1
 93
        1
176
     1
 44
0.0
176
     1
173
     0
176
     1
  0
VISUALSTYLE
  5
3F
102
{ACAD_XDICTIONARY
360
F40
102
}
102
{ACAD_REACTORS
330
2A
102
}
330
2A
100
AcDbVisualStyle
  2
Sketchy
 70
    24
177
     2
291
     0
 71
     1
176
     1
 72
     2
176
     1
 73
     2
176
     1
 90
        0
176
     1
 40
0.6
176
     1
 41
30.0
176
     1
 62
     5
 63
     7
421
 16777215
176
     1
 74
     2
176
     1
 91
        2
176
     1
 64
     7
176
     1
 65
     7
176
     1
 75
     1
176
     1
175
     1
176
     1
 42
40.0
176
     1
 92
       11
176
     1
 66
     7
176
     1
 43
1.0
176
     1
 76
     1
176
     1
 77
     6
176
     1
 78
     2
176
     1
 67
     7
176
     1
 79
     6
176
     1
170
     0
176
     1
171
     0
176
     1
290
     0
176
     1
 93
        1
176
     1
 44
0.0
176
     1
173
     0
176
     1
  0
VISUALSTYLE
  5
37
102
{ACAD_XDICTIONARY
360
F30
102
}
102
{ACAD_REACTORS
330
2A
102
}
330
2A
100
AcDbVisualStyle
  2
Thicken
 70
    13
177
     2
291
     1
 71
     2
176
     1
 72
     2
176
     1
 73
     0
176
     1
 90
        0
176
     1
 40
0.6
176
     1
 41
30.0
176
     1
 62
     5
 63
     7
421
 16777215
176
     1
 74
     1
176
     1
 91
        4
176
     1
 64
     7
176
     1
 65
     7
176
     1
 75
     1
176
     1
175
     1
176
     1
 42
1.0
176
     1
 92
       12
176
     1
 66
     7
176
     1
 43
1.0
176
     1
 76
     1
176
     1
 77
     6
176
     1
 78
     2
176
     1
 67
     7
176
     1
 79
     5
176
     1
170
     0
176
     1
171
     0
176
     1
290
     0
176
     1
 93
        1
176
     1
 44
0.0
176
     1
173
     0
176
     1
  0
VISUALSTYLE
  5
30
102
{ACAD_XDICTIONARY
360
F22
102
}
102
{ACAD_REACTORS
330
2A
102
}
330
2A
100
AcDbVisualStyle
  2
Wireframe
 70
     5
177
     2
291
     0
 71
     0
176
     1
 72
     2
176
     1
 73
     0
176
     1
 90
        0
176
     1
 40
0.6
176
     1
 41
30.0
176
     1
 62
     5
 63
     7
421
 16777215
176
     1
 74
     1
176
     1
 91
        4
176
     1
 64
     7
176
     1
 65
     7
176
     1
 75
     1
176
     1
175
     1
176
     1
 42
1.0
176
     1
 92
        0
176
     1
 66
     7
176
     1
 43
1.0
176
     1
 76
     1
176
     1
 77
     6
176
     1
 78
     2
176
     1
 67
     7
176
     1
 79
     3
176
     1
170
     0
176
     1
171
     0
176
     1
290
     0
176
     1
 93
        1
176
     1
 44
0.0
176
     1
173
     0
176
     1
  0
VISUALSTYLE
  5
40
102
{ACAD_XDICTIONARY
360
F42
102
}
102
{ACAD_REACTORS
330
2A
102
}
330
2A
100
AcDbVisualStyle
  2
X-Ray
 70
    25
177
     2
291
     0
 71
     2
176
     1
 72
     2
176
     1
 73
     1
176
     1
 90
        1
176
     1
 40
0.5
176
     1
 41
30.0
176
     1
 62
     5
 63
     7
421
 16777215
176
     1
 74
     1
176
     1
 91
        0
176
     1
 64
     7
176
     1
 65
     7
176
     1
 75
     1
176
     1
175
     1
176
     1
 42
1.0
176
     1
 92
        8
176
     1
 66
     7
176
     1
 43
1.0
176
     1
 76
     1
176
     1
 77
     6
176
     1
 78
     2
176
     1
 67
     7
176
     1
 79
     3
176
     1
170
     0
176
     1
171
     0
176
     1
290
     0
176
     1
 93
       13
176
     1
 44
0.0
176
     1
173
     0
176
     1
  0
DICTIONARYVAR
  5
1F0
102
{ACAD_REACTORS
330
1EF
102
}
330
1EF
100
DictionaryVariables
280
     0
  1
1:1
  0
DICTIONARYVAR
  5
231
102
{ACAD_REACTORS
330
1EF
102
}
330
1EF
100
DictionaryVariables
280
     0
  1
STANDARD
  0
DICTIONARYVAR
  5
230
102
{ACAD_REACTORS
330
1EF
102
}
330
1EF
100
DictionaryVariables
280
     0
  1
STANDARD
  0
DICTIONARYVAR
  5
1F1
102
{ACAD_REACTORS
330
1EF
102
}
330
1EF
100
DictionaryVariables
280
     0
  1
1
  0
DICTIONARYVAR
  5
1F2
102
{ACAD_REACTORS
330
1EF
102
}
330
1EF
100
DictionaryVariables
280
     0
  1
2
  0
SUN
  5
6D
330
1EE
100
AcDbSun
 90
        1
290
     0
 63
     7
421
 16777215
 40
1.0
291
     0
 91
  2455826
 92
        0
292
     1
 70
     2
 71
   256
280
     1
1001
ACAD
1000
AcDbSavedByObjectVersion
1070
     0
  0
BLOCKROTATIONPARAMETER
  5
29B
330
29A
100
AcDbEvalExpr
 90
        1
 98
       31
 99
        8
100
AcDbBlockElement
300
Rotation
 98
       31
 99
        8
1071
        0
100
AcDbBlockParameter
280
     1
281
     0
100
AcDbBlock2PtParameter
1010
0.0
1020
0.0
1030
0.0
1011
-1.617595756813279
1021
0.0000000000000002
1031
0.0
170
     4
 91
        0
 91
        2
 91
        0
 91
        0
171
     0
172
     0
173
     1
 94
        2
303
DisplacementX
174
     1
 95
        2
304
DisplacementY
177
     0
100
AcDbBlockRotationParameter
305
Angle1
306

1011
1.617595756813279
1021
0.0
1031
0.0
140
0.4573464322748884
307

 96
        3
141
0.0
142
6.283185307179584
143
0.0
175
     0
1001
ACAUTHENVIRON
1010
2.145471809428824
1020
-0.0705296203406546
1030
0.0
  0
BLOCKROTATIONGRIP
  5
29C
330
29A
100
AcDbEvalExpr
 90
        2
 98
       31
 99
        8
100
AcDbBlockElement
300
Grip
 98
       31
 99
        8
1071
        0
100
AcDbBlockGrip
 91
        3
 92
        4
1010
-1.617595756813279
1020
0.0000000000000002
1030
0.0
280
     0
 93
       -1
100
AcDbBlockRotationGrip
  0
BLOCKGRIPLOCATIONCOMPONENT
  5
29D
330
29A
100
AcDbEvalExpr
 90
        3
 98
       31
 99
        8
  1

 70
    70
 70
 21531
100
AcDbBlockGripExpr
 91
        1
300
UpdatedEndX
  0
BLOCKGRIPLOCATIONCOMPONENT
  5
29E
330
29A
100
AcDbEvalExpr
 90
        4
 98
       31
 99
        8
  1

 70
    70
 70
 21531
100
AcDbBlockGripExpr
 91
        1
300
UpdatedEndY
  0
BLOCKROTATEACTION
  5
29F
330
29A
100
AcDbEvalExpr
 90
        5
 98
       31
 99
        8
100
AcDbBlockElement
300
Rotate
 98
       31
 99
        8
1071
        0
100
AcDbBlockAction
 70
     0
 71
     2
330
29C
330
2A2
1010
2.145471809428824
1020
-0.0705296203406546
1030
0.0
100
AcDbBlockActionWithBasePt
 92
        1
 93
        1
301
UpdatedBaseX
302
UpdatedBaseY
1011
0.0
1021
0.0
1031
0.0
280
     1
1012
0.0
1022
0.0
1032
0.0
100
AcDbBlockRotationAction
 94
        1
303
AngleDelta
  0
BLOCKROTATIONPARAMETER
  5
6BA
330
6B9
100
AcDbEvalExpr
 90
        1
 98
       31
 99
        8
100
AcDbBlockElement
300
Rotation
 98
       31
 99
        8
1071
        0
100
AcDbBlockParameter
280
     1
281
     0
100
AcDbBlock2PtParameter
1010
0.0
1020
0.0
1030
0.0
1011
-1.617595756813279
1021
0.0000000000000002
1031
0.0
170
     4
 91
        0
 91
        2
 91
        0
 91
        0
171
     0
172
     0
173
     1
 94
        2
303
DisplacementX
174
     1
 95
        2
304
DisplacementY
177
     0
100
AcDbBlockRotationParameter
305
Angle1
306

1011
1.617595756813279
1021
0.0
1031
0.0
140
0.4573464322748884
307

 96
        3
141
0.0
142
6.283185307179584
143
0.0
175
     0
1001
ACAUTHENVIRON
1010
2.145471809428824
1020
-0.0705296203406546
1030
0.0
  0
BLOCKROTATIONGRIP
  5
6BB
330
6B9
100
AcDbEvalExpr
 90
        2
 98
       31
 99
        8
100
AcDbBlockElement
300
Grip
 98
       31
 99
        8
1071
        0
100
AcDbBlockGrip
 91
        3
 92
        4
1010
-1.617595756813279
1020
0.0000000000000002
1030
0.0
280
     0
 93
       -1
100
AcDbBlockRotationGrip
  0
BLOCKGRIPLOCATIONCOMPONENT
  5
6BC
330
6B9
100
AcDbEvalExpr
 90
        3
 98
       31
 99
        8
  1

 70
    70
 70
 21531
100
AcDbBlockGripExpr
 91
        1
300
UpdatedEndX
  0
BLOCKGRIPLOCATIONCOMPONENT
  5
6BD
330
6B9
100
AcDbEvalExpr
 90
        4
 98
       31
 99
        8
  1

 70
    70
 70
 21531
100
AcDbBlockGripExpr
 91
        1
300
UpdatedEndY
  0
BLOCKROTATEACTION
  5
6BE
330
6B9
100
AcDbEvalExpr
 90
        5
 98
       31
 99
        8
100
AcDbBlockElement
300
Rotate
 98
       31
 99
        8
1071
        0
100
AcDbBlockAction
 70
     0
 71
     2
330
6BB
330
6C1
1010
2.145471809428824
1020
-0.0705296203406546
1030
0.0
100
AcDbBlockActionWithBasePt
 92
        1
 93
        1
301
UpdatedBaseX
302
UpdatedBaseY
1011
0.0
1021
0.0
1031
0.0
280
     1
1012
0.0
1022
0.0
1032
0.0
100
AcDbBlockRotationAction
 94
        1
303
AngleDelta
  0
ACDB_BLOCKREPRESENTATION_DATA
  5
2B6
102
{ACAD_REACTORS
330
2B5
102
}
330
2B5
100
AcDbBlockRepresentationData
 70
     1
340
298
  0
DICTIONARY
  5
2B7
102
{ACAD_REACTORS
330
2B5
102
}
330
2B5
100
AcDbDictionary
280
     1
281
     1
  3
ACAD_ENHANCEDBLOCKDATA
360
2B8
  0
ACDB_BLOCKREPRESENTATION_DATA
  5
2FE
102
{ACAD_REACTORS
330
2FD
102
}
330
2FD
100
AcDbBlockRepresentationData
 70
     1
340
298
  0
DICTIONARY
  5
2FF
102
{ACAD_REACTORS
330
2FD
102
}
330
2FD
100
AcDbDictionary
280
     1
281
     1
  3
ACAD_ENHANCEDBLOCKDATA
360
300
  0
ACDB_BLOCKREPRESENTATION_DATA
  5
574
102
{ACAD_REACTORS
330
573
102
}
330
573
100
AcDbBlockRepresentationData
 70
     1
340
298
  0
DICTIONARY
  5
575
102
{ACAD_REACTORS
330
573
102
}
330
573
100
AcDbDictionary
280
     1
281
     1
  3
ACAD_ENHANCEDBLOCKDATA
360
576
  0
ACDB_BLOCKREPRESENTATION_DATA
  5
594
102
{ACAD_REACTORS
330
593
102
}
330
593
100
AcDbBlockRepresentationData
 70
     1
340
298
  0
DICTIONARY
  5
595
102
{ACAD_REACTORS
330
593
102
}
330
593
100
AcDbDictionary
280
     1
281
     1
  3
ACAD_ENHANCEDBLOCKDATA
360
596
  0
ACDB_BLOCKREPRESENTATION_DATA
  5
5B4
102
{ACAD_REACTORS
330
5B3
102
}
330
5B3
100
AcDbBlockRepresentationData
 70
     1
340
298
  0
DICTIONARY
  5
5B5
102
{ACAD_REACTORS
330
5B3
102
}
330
5B3
100
AcDbDictionary
280
     1
281
     1
  3
ACAD_ENHANCEDBLOCKDATA
360
5B6
  0
ACDB_BLOCKREPRESENTATION_DATA
  5
610
102
{ACAD_REACTORS
330
60F
102
}
330
60F
100
AcDbBlockRepresentationData
 70
     1
340
298
  0
DICTIONARY
  5
611
102
{ACAD_REACTORS
330
60F
102
}
330
60F
100
AcDbDictionary
280
     1
281
     1
  3
ACAD_ENHANCEDBLOCKDATA
360
619
  0
ACDB_BLOCKREPRESENTATION_DATA
  5
6D6
102
{ACAD_REACTORS
330
6D5
102
}
330
6D5
100
AcDbBlockRepresentationData
 70
     1
340
6B7
  0
DICTIONARY
  5
6D7
102
{ACAD_REACTORS
330
6D5
102
}
330
6D5
100
AcDbDictionary
280
     1
281
     1
  3
ACAD_ENHANCEDBLOCKDATA
360
6D8
  0
ACDB_BLOCKREPRESENTATION_DATA
  5
6FC
102
{ACAD_REACTORS
330
6FB
102
}
330
6FB
100
AcDbBlockRepresentationData
 70
     1
340
6B7
  0
DICTIONARY
  5
6FD
102
{ACAD_REACTORS
330
6FB
102
}
330
6FB
100
AcDbDictionary
280
     1
281
     1
  3
ACAD_ENHANCEDBLOCKDATA
360
6FE
  0
ACDB_BLOCKREPRESENTATION_DATA
  5
722
102
{ACAD_REACTORS
330
721
102
}
330
721
100
AcDbBlockRepresentationData
 70
     1
340
6B7
  0
DICTIONARY
  5
723
102
{ACAD_REACTORS
330
721
102
}
330
721
100
AcDbDictionary
280
     1
281
     1
  3
ACAD_ENHANCEDBLOCKDATA
360
724
  0
ACDB_BLOCKREPRESENTATION_DATA
  5
748
102
{ACAD_REACTORS
330
747
102
}
330
747
100
AcDbBlockRepresentationData
 70
     1
340
6B7
  0
DICTIONARY
  5
749
102
{ACAD_REACTORS
330
747
102
}
330
747
100
AcDbDictionary
280
     1
281
     1
  3
ACAD_ENHANCEDBLOCKDATA
360
74A
  0
ACDB_BLOCKREPRESENTATION_DATA
  5
76E
102
{ACAD_REACTORS
330
76D
102
}
330
76D
100
AcDbBlockRepresentationData
 70
     1
340
6B7
  0
DICTIONARY
  5
76F
102
{ACAD_REACTORS
330
76D
102
}
330
76D
100
AcDbDictionary
280
     1
281
     1
  3
ACAD_ENHANCEDBLOCKDATA
360
770
  0
ACDB_BLOCKREPRESENTATION_DATA
  5
78E
102
{ACAD_REACTORS
330
78D
102
}
330
78D
100
AcDbBlockRepresentationData
 70
     1
340
6B7
  0
DICTIONARY
  5
78F
102
{ACAD_REACTORS
330
78D
102
}
330
78D
100
AcDbDictionary
280
     1
281
     1
  3
ACAD_ENHANCEDBLOCKDATA
360
790
  0
ACDB_BLOCKREPRESENTATION_DATA
  5
7BB
102
{ACAD_REACTORS
330
7BA
102
}
330
7BA
100
AcDbBlockRepresentationData
 70
     1
340
6B7
  0
DICTIONARY
  5
7BC
102
{ACAD_REACTORS
330
7BA
102
}
330
7BA
100
AcDbDictionary
280
     1
281
     1
  3
ACAD_ENHANCEDBLOCKDATA
360
7BD
  0
ACDB_BLOCKREPRESENTATION_DATA
  5
7E2
102
{ACAD_REACTORS
330
7E1
102
}
330
7E1
100
AcDbBlockRepresentationData
 70
     1
340
6B7
  0
DICTIONARY
  5
7E3
102
{ACAD_REACTORS
330
7E1
102
}
330
7E1
100
AcDbDictionary
280
     1
281
     1
  3
ACAD_ENHANCEDBLOCKDATA
360
7E4
  0
ACDB_BLOCKREPRESENTATION_DATA
  5
809
102
{ACAD_REACTORS
330
808
102
}
330
808
100
AcDbBlockRepresentationData
 70
     1
340
6B7
  0
DICTIONARY
  5
80A
102
{ACAD_REACTORS
330
808
102
}
330
808
100
AcDbDictionary
280
     1
281
     1
  3
ACAD_ENHANCEDBLOCKDATA
360
80B
  0
ACDB_BLOCKREPRESENTATION_DATA
  5
82A
102
{ACAD_REACTORS
330
829
102
}
330
829
100
AcDbBlockRepresentationData
 70
     1
340
6B7
  0
DICTIONARY
  5
82B
102
{ACAD_REACTORS
330
829
102
}
330
829
100
AcDbDictionary
280
     1
281
     1
  3
ACAD_ENHANCEDBLOCKDATA
360
82C
  0
ACDB_BLOCKREPRESENTATION_DATA
  5
86F
102
{ACAD_REACTORS
330
86E
102
}
330
86E
100
AcDbBlockRepresentationData
 70
     1
340
6B7
  0
DICTIONARY
  5
870
102
{ACAD_REACTORS
330
86E
102
}
330
86E
100
AcDbDictionary
280
     1
281
     1
  3
ACAD_ENHANCEDBLOCKDATA
360
871
  0
ACDB_BLOCKREPRESENTATION_DATA
  5
89C
102
{ACAD_REACTORS
330
89B
102
}
330
89B
100
AcDbBlockRepresentationData
 70
     1
340
6B7
  0
DICTIONARY
  5
89D
102
{ACAD_REACTORS
330
89B
102
}
330
89B
100
AcDbDictionary
280
     1
281
     1
  3
ACAD_ENHANCEDBLOCKDATA
360
89E
  0
ACDB_BLOCKREPRESENTATION_DATA
  5
8C8
102
{ACAD_REACTORS
330
8C7
102
}
330
8C7
100
AcDbBlockRepresentationData
 70
     1
340
6B7
  0
DICTIONARY
  5
8C9
102
{ACAD_REACTORS
330
8C7
102
}
330
8C7
100
AcDbDictionary
280
     1
281
     1
  3
ACAD_ENHANCEDBLOCKDATA
360
8CA
  0
ACDB_BLOCKREPRESENTATION_DATA
  5
986
102
{ACAD_REACTORS
330
985
102
}
330
985
100
AcDbBlockRepresentationData
 70
     1
340
6B7
  0
DICTIONARY
  5
987
102
{ACAD_REACTORS
330
985
102
}
330
985
100
AcDbDictionary
280
     1
281
     1
  3
ACAD_ENHANCEDBLOCKDATA
360
988
  0
ACDB_BLOCKREPRESENTATION_DATA
  5
9AD
102
{ACAD_REACTORS
330
9AC
102
}
330
9AC
100
AcDbBlockRepresentationData
 70
     1
340
6B7
  0
DICTIONARY
  5
9AE
102
{ACAD_REACTORS
330
9AC
102
}
330
9AC
100
AcDbDictionary
280
     1
281
     1
  3
ACAD_ENHANCEDBLOCKDATA
360
9AF
  0
ACDB_BLOCKREPRESENTATION_DATA
  5
A05
102
{ACAD_REACTORS
330
A04
102
}
330
A04
100
AcDbBlockRepresentationData
 70
     1
340
6B7
  0
DICTIONARY
  5
A06
102
{ACAD_REACTORS
330
A04
102
}
330
A04
100
AcDbDictionary
280
     1
281
     1
  3
ACAD_ENHANCEDBLOCKDATA
360
A07
  0
ACDB_BLOCKREPRESENTATION_DATA
  5
A2C
102
{ACAD_REACTORS
330
A2B
102
}
330
A2B
100
AcDbBlockRepresentationData
 70
     1
340
6B7
  0
DICTIONARY
  5
A2D
102
{ACAD_REACTORS
330
A2B
102
}
330
A2B
100
AcDbDictionary
280
     1
281
     1
  3
ACAD_ENHANCEDBLOCKDATA
360
A2E
  0
ACDB_BLOCKREPRESENTATION_DATA
  5
A53
102
{ACAD_REACTORS
330
A52
102
}
330
A52
100
AcDbBlockRepresentationData
 70
     1
340
6B7
  0
DICTIONARY
  5
A54
102
{ACAD_REACTORS
330
A52
102
}
330
A52
100
AcDbDictionary
280
     1
281
     1
  3
ACAD_ENHANCEDBLOCKDATA
360
A55
  0
ACDB_BLOCKREPRESENTATION_DATA
  5
A76
102
{ACAD_REACTORS
330
A75
102
}
330
A75
100
AcDbBlockRepresentationData
 70
     1
340
6B7
  0
DICTIONARY
  5
A77
102
{ACAD_REACTORS
330
A75
102
}
330
A75
100
AcDbDictionary
280
     1
281
     1
  3
ACAD_ENHANCEDBLOCKDATA
360
A78
  0
ACDB_BLOCKREPRESENTATION_DATA
  5
A9D
102
{ACAD_REACTORS
330
A9C
102
}
330
A9C
100
AcDbBlockRepresentationData
 70
     1
340
6B7
  0
DICTIONARY
  5
A9E
102
{ACAD_REACTORS
330
A9C
102
}
330
A9C
100
AcDbDictionary
280
     1
281
     1
  3
ACAD_ENHANCEDBLOCKDATA
360
A9F
  0
ACDB_BLOCKREPRESENTATION_DATA
  5
AC4
102
{ACAD_REACTORS
330
AC3
102
}
330
AC3
100
AcDbBlockRepresentationData
 70
     1
340
6B7
  0
DICTIONARY
  5
AC5
102
{ACAD_REACTORS
330
AC3
102
}
330
AC3
100
AcDbDictionary
280
     1
281
     1
  3
ACAD_ENHANCEDBLOCKDATA
360
AC6
  0
ACDB_BLOCKREPRESENTATION_DATA
  5
AEA
102
{ACAD_REACTORS
330
AE9
102
}
330
AE9
100
AcDbBlockRepresentationData
 70
     1
340
6B7
  0
DICTIONARY
  5
AEB
102
{ACAD_REACTORS
330
AE9
102
}
330
AE9
100
AcDbDictionary
280
     1
281
     1
  3
ACAD_ENHANCEDBLOCKDATA
360
AEC
  0
ACDB_BLOCKREPRESENTATION_DATA
  5
B11
102
{ACAD_REACTORS
330
B10
102
}
330
B10
100
AcDbBlockRepresentationData
 70
     1
340
6B7
  0
DICTIONARY
  5
B12
102
{ACAD_REACTORS
330
B10
102
}
330
B10
100
AcDbDictionary
280
     1
281
     1
  3
ACAD_ENHANCEDBLOCKDATA
360
B13
  0
ACDB_BLOCKREPRESENTATION_DATA
  5
B38
102
{ACAD_REACTORS
330
B37
102
}
330
B37
100
AcDbBlockRepresentationData
 70
     1
340
6B7
  0
DICTIONARY
  5
B39
102
{ACAD_REACTORS
330
B37
102
}
330
B37
100
AcDbDictionary
280
     1
281
     1
  3
ACAD_ENHANCEDBLOCKDATA
360
B3A
  0
ACDB_BLOCKREPRESENTATION_DATA
  5
C38
102
{ACAD_REACTORS
330
C37
102
}
330
C37
100
AcDbBlockRepresentationData
 70
     1
340
6B7
  0
DICTIONARY
  5
C39
102
{ACAD_REACTORS
330
C37
102
}
330
C37
100
AcDbDictionary
280
     1
281
     1
  3
ACAD_ENHANCEDBLOCKDATA
360
C3A
  0
ACDB_BLOCKREPRESENTATION_DATA
  5
C62
102
{ACAD_REACTORS
330
C61
102
}
330
C61
100
AcDbBlockRepresentationData
 70
     1
340
6B7
  0
DICTIONARY
  5
C63
102
{ACAD_REACTORS
330
C61
102
}
330
C61
100
AcDbDictionary
280
     1
281
     1
  3
ACAD_ENHANCEDBLOCKDATA
360
C64
  0
ACDB_BLOCKREPRESENTATION_DATA
  5
E73
102
{ACAD_REACTORS
330
E72
102
}
330
E72
100
AcDbBlockRepresentationData
 70
     1
340
298
  0
DICTIONARY
  5
E74
102
{ACAD_REACTORS
330
E72
102
}
330
E72
100
AcDbDictionary
280
     1
281
     1
  3
ACAD_ENHANCEDBLOCKDATA
360
E75
  0
DICTIONARY
  5
229
330
6A
100
AcDbDictionary
280
     1
281
     1
  3
ACAD_ROUNDTRIP_2008_TABLESTYLE_CELLSTYLEMAP
360
F48
  0
DICTIONARY
  5
F20
330
2F
100
AcDbDictionary
280
     1
281
     1
  3
ACAD_XREC_ROUNDTRIP
360
F21
  0
DICTIONARY
  5
F26
330
32
100
AcDbDictionary
280
     1
281
     1
  3
ACAD_XREC_ROUNDTRIP
360
F27
  0
DICTIONARY
  5
F2E
330
36
100
AcDbDictionary
280
     1
281
     1
  3
ACAD_XREC_ROUNDTRIP
360
F2F
  0
DICTIONARY
  5
F36
330
3A
100
AcDbDictionary
280
     1
281
     1
  3
ACAD_XREC_ROUNDTRIP
360
F37
  0
DICTIONARY
  5
F2A
330
34
100
AcDbDictionary
280
     1
281
     1
  3
ACAD_XREC_ROUNDTRIP
360
F2B
  0
DICTIONARY
  5
F2C
330
35
100
AcDbDictionary
280
     1
281
     1
  3
ACAD_XREC_ROUNDTRIP
360
F2D
  0
DICTIONARY
  5
F3C
330
3D
100
AcDbDictionary
280
     1
281
     1
  3
ACAD_XREC_ROUNDTRIP
360
F3D
  0
DICTIONARY
  5
F34
330
39
100
AcDbDictionary
280
     1
281
     1
  3
ACAD_XREC_ROUNDTRIP
360
F35
  0
DICTIONARY
  5
F18
330
2B
100
AcDbDictionary
280
     1
281
     1
  3
ACAD_XREC_ROUNDTRIP
360
F19
  0
DICTIONARY
  5
F1A
330
2C
100
AcDbDictionary
280
     1
281
     1
  3
ACAD_XREC_ROUNDTRIP
360
F1B
  0
DICTIONARY
  5
F1C
330
2D
100
AcDbDictionary
280
     1
281
     1
  3
ACAD_XREC_ROUNDTRIP
360
F1D
  0
DICTIONARY
  5
F1E
330
2E
100
AcDbDictionary
280
     1
281
     1
  3
ACAD_XREC_ROUNDTRIP
360
F1F
  0
DICTIONARY
  5
F24
330
31
100
AcDbDictionary
280
     1
281
     1
  3
ACAD_XREC_ROUNDTRIP
360
F25
  0
DICTIONARY
  5
F38
330
3B
100
AcDbDictionary
280
     1
281
     1
  3
ACAD_XREC_ROUNDTRIP
360
F39
  0
DICTIONARY
  5
F32
330
38
100
AcDbDictionary
280
     1
281
     1
  3
ACAD_XREC_ROUNDTRIP
360
F33
  0
DICTIONARY
  5
F3A
330
3C
100
AcDbDictionary
280
     1
281
     1
  3
ACAD_XREC_ROUNDTRIP
360
F3B
  0
DICTIONARY
  5
F28
330
33
100
AcDbDictionary
280
     1
281
     1
  3
ACAD_XREC_ROUNDTRIP
360
F29
  0
DICTIONARY
  5
F46
330
42
100
AcDbDictionary
280
     1
281
     1
  3
ACAD_XREC_ROUNDTRIP
360
F47
  0
DICTIONARY
  5
F44
330
41
100
AcDbDictionary
280
     1
281
     1
  3
ACAD_XREC_ROUNDTRIP
360
F45
  0
DICTIONARY
  5
F3E
330
3E
100
AcDbDictionary
280
     1
281
     1
  3
ACAD_XREC_ROUNDTRIP
360
F3F
  0
DICTIONARY
  5
F40
330
3F
100
AcDbDictionary
280
     1
281
     1
  3
ACAD_XREC_ROUNDTRIP
360
F41
  0
DICTIONARY
  5
F30
330
37
100
AcDbDictionary
280
     1
281
     1
  3
ACAD_XREC_ROUNDTRIP
360
F31
  0
DICTIONARY
  5
F22
330
30
100
AcDbDictionary
280
     1
281
     1
  3
ACAD_XREC_ROUNDTRIP
360
F23
  0
DICTIONARY
  5
F42
330
40
100
AcDbDictionary
280
     1
281
     1
  3
ACAD_XREC_ROUNDTRIP
360
F43
  0
DICTIONARY
  5
2B8
102
{ACAD_REACTORS
330
2B7
102
}
330
2B7
100
AcDbDictionary
280
     1
281
     1
  3
1
360
2B9
  3
5
360
2BA
  0
DICTIONARY
  5
300
102
{ACAD_REACTORS
330
2FF
102
}
330
2FF
100
AcDbDictionary
280
     1
281
     1
  3
1
360
301
  3
5
360
302
  0
DICTIONARY
  5
576
102
{ACAD_REACTORS
330
575
102
}
330
575
100
AcDbDictionary
280
     1
281
     1
  3
1
360
577
  3
5
360
578
  0
DICTIONARY
  5
596
102
{ACAD_REACTORS
330
595
102
}
330
595
100
AcDbDictionary
280
     1
281
     1
  3
1
360
597
  3
5
360
598
  0
DICTIONARY
  5
5B6
102
{ACAD_REACTORS
330
5B5
102
}
330
5B5
100
AcDbDictionary
280
     1
281
     1
  3
1
360
5B7
  3
5
360
5B8
  0
DICTIONARY
  5
619
102
{ACAD_REACTORS
330
611
102
}
330
611
100
AcDbDictionary
280
     1
281
     1
  3
1
360
61A
  3
5
360
61B
  0
DICTIONARY
  5
6D8
102
{ACAD_REACTORS
330
6D7
102
}
330
6D7
100
AcDbDictionary
280
     1
281
     1
  3
1
360
6D9
  3
5
360
6DA
  0
DICTIONARY
  5
6FE
102
{ACAD_REACTORS
330
6FD
102
}
330
6FD
100
AcDbDictionary
280
     1
281
     1
  3
1
360
6FF
  3
5
360
700
  0
DICTIONARY
  5
724
102
{ACAD_REACTORS
330
723
102
}
330
723
100
AcDbDictionary
280
     1
281
     1
  3
1
360
725
  3
5
360
726
  0
DICTIONARY
  5
74A
102
{ACAD_REACTORS
330
749
102
}
330
749
100
AcDbDictionary
280
     1
281
     1
  3
1
360
74B
  3
5
360
74C
  0
DICTIONARY
  5
770
102
{ACAD_REACTORS
330
76F
102
}
330
76F
100
AcDbDictionary
280
     1
281
     1
  3
1
360
771
  3
5
360
772
  0
DICTIONARY
  5
790
102
{ACAD_REACTORS
330
78F
102
}
330
78F
100
AcDbDictionary
280
     1
281
     1
  3
1
360
791
  3
5
360
792
  0
DICTIONARY
  5
7BD
102
{ACAD_REACTORS
330
7BC
102
}
330
7BC
100
AcDbDictionary
280
     1
281
     1
  3
1
360
7BE
  3
5
360
7BF
  0
DICTIONARY
  5
7E4
102
{ACAD_REACTORS
330
7E3
102
}
330
7E3
100
AcDbDictionary
280
     1
281
     1
  3
1
360
7E5
  3
5
360
7E6
  0
DICTIONARY
  5
80B
102
{ACAD_REACTORS
330
80A
102
}
330
80A
100
AcDbDictionary
280
     1
281
     1
  3
1
360
80C
  3
5
360
80D
  0
DICTIONARY
  5
82C
102
{ACAD_REACTORS
330
82B
102
}
330
82B
100
AcDbDictionary
280
     1
281
     1
  3
1
360
82D
  3
5
360
82E
  0
DICTIONARY
  5
871
102
{ACAD_REACTORS
330
870
102
}
330
870
100
AcDbDictionary
280
     1
281
     1
  3
1
360
872
  3
5
360
873
  0
DICTIONARY
  5
89E
102
{ACAD_REACTORS
330
89D
102
}
330
89D
100
AcDbDictionary
280
     1
281
     1
  3
1
360
89F
  3
5
360
8A0
  0
DICTIONARY
  5
8CA
102
{ACAD_REACTORS
330
8C9
102
}
330
8C9
100
AcDbDictionary
280
     1
281
     1
  3
1
360
8CB
  3
5
360
8CC
  0
DICTIONARY
  5
988
102
{ACAD_REACTORS
330
987
102
}
330
987
100
AcDbDictionary
280
     1
281
     1
  3
1
360
989
  3
5
360
98A
  0
DICTIONARY
  5
9AF
102
{ACAD_REACTORS
330
9AE
102
}
330
9AE
100
AcDbDictionary
280
     1
281
     1
  3
1
360
9B0
  3
5
360
9B1
  0
DICTIONARY
  5
A07
102
{ACAD_REACTORS
330
A06
102
}
330
A06
100
AcDbDictionary
280
     1
281
     1
  3
1
360
A08
  3
5
360
A09
  0
DICTIONARY
  5
A2E
102
{ACAD_REACTORS
330
A2D
102
}
330
A2D
100
AcDbDictionary
280
     1
281
     1
  3
1
360
A2F
  3
5
360
A30
  0
DICTIONARY
  5
A55
102
{ACAD_REACTORS
330
A54
102
}
330
A54
100
AcDbDictionary
280
     1
281
     1
  3
1
360
A56
  3
5
360
A57
  0
DICTIONARY
  5
A78
102
{ACAD_REACTORS
330
A77
102
}
330
A77
100
AcDbDictionary
280
     1
281
     1
  3
1
360
A79
  3
5
360
A7A
  0
DICTIONARY
  5
A9F
102
{ACAD_REACTORS
330
A9E
102
}
330
A9E
100
AcDbDictionary
280
     1
281
     1
  3
1
360
AA0
  3
5
360
AA1
  0
DICTIONARY
  5
AC6
102
{ACAD_REACTORS
330
AC5
102
}
330
AC5
100
AcDbDictionary
280
     1
281
     1
  3
1
360
AC7
  3
5
360
AC8
  0
DICTIONARY
  5
AEC
102
{ACAD_REACTORS
330
AEB
102
}
330
AEB
100
AcDbDictionary
280
     1
281
     1
  3
1
360
AED
  3
5
360
AEE
  0
DICTIONARY
  5
B13
102
{ACAD_REACTORS
330
B12
102
}
330
B12
100
AcDbDictionary
280
     1
281
     1
  3
1
360
B14
  3
5
360
B15
  0
DICTIONARY
  5
B3A
102
{ACAD_REACTORS
330
B39
102
}
330
B39
100
AcDbDictionary
280
     1
281
     1
  3
1
360
B3B
  3
5
360
B3C
  0
DICTIONARY
  5
C3A
102
{ACAD_REACTORS
330
C39
102
}
330
C39
100
AcDbDictionary
280
     1
281
     1
  3
1
360
C3B
  3
5
360
C3C
  0
DICTIONARY
  5
C64
102
{ACAD_REACTORS
330
C63
102
}
330
C63
100
AcDbDictionary
280
     1
281
     1
  3
1
360
C65
  3
5
360
C66
  0
DICTIONARY
  5
E75
102
{ACAD_REACTORS
330
E74
102
}
330
E74
100
AcDbDictionary
280
     1
281
     1
  3
1
360
E76
  3
5
360
E77
  0
CELLSTYLEMAP
  5
F48
102
{ACAD_REACTORS
330
229
102
}
330
229
100
AcDbCellStyleMap
 90
        3
300
CELLSTYLE
  1
TABLEFORMAT_BEGIN
 90
        5
170
     1
 91
        0
 92
        0
 62
   257
 93
        1
300
CONTENTFORMAT
  1
CONTENTFORMAT_BEGIN
 90
        0
 91
        0
 92
        4
 93
        0
300

 40
0.0
140
1.0
 94
        5
 62
     0
340
11
144
0.25
309
CONTENTFORMAT_END
171
     1
301
MARGIN
  1
CELLMARGIN_BEGIN
 40
0.06
 40
0.06
 40
0.06
 40
0.06
 40
0.06
 40
0.06
309
CELLMARGIN_END
 94
        6
 95
        1
302
GRIDFORMAT
  1
GRIDFORMAT_BEGIN
 90
        0
 91
        1
 62
     0
 92
       -2
340
14
 93
        0
 40
0.045
309
GRIDFORMAT_END
 95
        2
302
GRIDFORMAT
  1
GRIDFORMAT_BEGIN
 90
        0
 91
        1
 62
     0
 92
       -2
340
14
 93
        0
 40
0.045
309
GRIDFORMAT_END
 95
        4
302
GRIDFORMAT
  1
GRIDFORMAT_BEGIN
 90
        0
 91
        1
 62
     0
 92
       -2
340
14
 93
        0
 40
0.045
309
GRIDFORMAT_END
 95
        8
302
GRIDFORMAT
  1
GRIDFORMAT_BEGIN
 90
        0
 91
        1
 62
     0
 92
       -2
340
14
 93
        0
 40
0.045
309
GRIDFORMAT_END
 95
       16
302
GRIDFORMAT
  1
GRIDFORMAT_BEGIN
 90
        0
 91
        1
 62
     0
 92
       -2
340
14
 93
        0
 40
0.045
309
GRIDFORMAT_END
 95
       32
302
GRIDFORMAT
  1
GRIDFORMAT_BEGIN
 90
        0
 91
        1
 62
     0
 92
       -2
340
14
 93
        0
 40
0.045
309
GRIDFORMAT_END
309
TABLEFORMAT_END
  1
CELLSTYLE_BEGIN
 90
        1
 91
        1
300
_TITLE
309
CELLSTYLE_END
300
CELLSTYLE
  1
TABLEFORMAT_BEGIN
 90
        5
170
     1
 91
        0
 92
        0
 62
   257
 93
        1
300
CONTENTFORMAT
  1
CONTENTFORMAT_BEGIN
 90
        0
 91
        0
 92
        4
 93
        0
300

 40
0.0
140
1.0
 94
        5
 62
     0
340
11
144
0.18
309
CONTENTFORMAT_END
171
     1
301
MARGIN
  1
CELLMARGIN_BEGIN
 40
0.06
 40
0.06
 40
0.06
 40
0.06
 40
0.06
 40
0.06
309
CELLMARGIN_END
 94
        6
 95
        1
302
GRIDFORMAT
  1
GRIDFORMAT_BEGIN
 90
        0
 91
        1
 62
     0
 92
       -2
340
14
 93
        0
 40
0.045
309
GRIDFORMAT_END
 95
        2
302
GRIDFORMAT
  1
GRIDFORMAT_BEGIN
 90
        0
 91
        1
 62
     0
 92
       -2
340
14
 93
        0
 40
0.045
309
GRIDFORMAT_END
 95
        4
302
GRIDFORMAT
  1
GRIDFORMAT_BEGIN
 90
        0
 91
        1
 62
     0
 92
       -2
340
14
 93
        0
 40
0.045
309
GRIDFORMAT_END
 95
        8
302
GRIDFORMAT
  1
GRIDFORMAT_BEGIN
 90
        0
 91
        1
 62
     0
 92
       -2
340
14
 93
        0
 40
0.045
309
GRIDFORMAT_END
 95
       16
302
GRIDFORMAT
  1
GRIDFORMAT_BEGIN
 90
        0
 91
        1
 62
     0
 92
       -2
340
14
 93
        0
 40
0.045
309
GRIDFORMAT_END
 95
       32
302
GRIDFORMAT
  1
GRIDFORMAT_BEGIN
 90
        0
 91
        1
 62
     0
 92
       -2
340
14
 93
        0
 40
0.045
309
GRIDFORMAT_END
309
TABLEFORMAT_END
  1
CELLSTYLE_BEGIN
 90
        2
 91
        1
300
_HEADER
309
CELLSTYLE_END
300
CELLSTYLE
  1
TABLEFORMAT_BEGIN
 90
        5
170
     1
 91
        0
 92
        0
 62
   257
 93
        1
300
CONTENTFORMAT
  1
CONTENTFORMAT_BEGIN
 90
        0
 91
        0
 92
        4
 93
        0
300

 40
0.0
140
1.0
 94
        2
 62
     0
340
11
144
0.18
309
CONTENTFORMAT_END
171
     1
301
MARGIN
  1
CELLMARGIN_BEGIN
 40
0.06
 40
0.06
 40
0.06
 40
0.06
 40
0.06
 40
0.06
309
CELLMARGIN_END
 94
        6
 95
        1
302
GRIDFORMAT
  1
GRIDFORMAT_BEGIN
 90
        0
 91
        1
 62
     0
 92
       -2
340
14
 93
        0
 40
0.045
309
GRIDFORMAT_END
 95
        2
302
GRIDFORMAT
  1
GRIDFORMAT_BEGIN
 90
        0
 91
        1
 62
     0
 92
       -2
340
14
 93
        0
 40
0.045
309
GRIDFORMAT_END
 95
        4
302
GRIDFORMAT
  1
GRIDFORMAT_BEGIN
 90
        0
 91
        1
 62
     0
 92
       -2
340
14
 93
        0
 40
0.045
309
GRIDFORMAT_END
 95
        8
302
GRIDFORMAT
  1
GRIDFORMAT_BEGIN
 90
        0
 91
        1
 62
     0
 92
       -2
340
14
 93
        0
 40
0.045
309
GRIDFORMAT_END
 95
       16
302
GRIDFORMAT
  1
GRIDFORMAT_BEGIN
 90
        0
 91
        1
 62
     0
 92
       -2
340
14
 93
        0
 40
0.045
309
GRIDFORMAT_END
 95
       32
302
GRIDFORMAT
  1
GRIDFORMAT_BEGIN
 90
        0
 91
        1
 62
     0
 92
       -2
340
14
 93
        0
 40
0.045
309
GRIDFORMAT_END
309
TABLEFORMAT_END
  1
CELLSTYLE_BEGIN
 90
        3
 91
        2
300
_DATA
309
CELLSTYLE_END
  0
XRECORD
  5
F21
102
{ACAD_REACTORS
330
F20
102
}
330
F20
100
AcDbXrecord
280
     1
102
RTVSPost2010Prop28
280
     1
102
RTVSPost2010PropOp28
 70
     1
102
RTVSPost2010Prop29
280
     1
102
RTVSPost2010PropOp29
 70
     1
102
RTVSPost2010Prop30
280
     0
102
RTVSPost2010PropOp30
 70
     1
102
RTVSPost2010Prop31
280
     0
102
RTVSPost2010PropOp31
 70
     1
102
RTVSPost2010Prop32
280
     0
102
RTVSPost2010PropOp32
 70
     1
102
RTVSPost2010Prop33
280
     0
102
RTVSPost2010PropOp33
 70
     1
102
RTVSPost2010Prop34
280
     0
102
RTVSPost2010PropOp34
 70
     1
102
RTVSPost2010Prop35
280
     0
102
RTVSPost2010PropOp35
 70
     1
102
RTVSPost2010Prop36
280
     0
102
RTVSPost2010PropOp36
 70
     1
102
RTVSPost2010Prop37
 90
       50
102
RTVSPost2010PropOp37
 70
     1
102
RTVSPost2010Prop38
140
0.0
102
RTVSPost2010PropOp38
 70
     1
102
RTVSPost2010Prop39
140
1.0
102
RTVSPost2010PropOp39
 70
     1
102
RTVSPost2010Prop40
 90
        0
102
RTVSPost2010PropOp40
 70
     1
102
RTVSPost2010Prop41ColorIndex
 90
       18
102
RTVSPost2010Prop41ColorRGB
 90
        0
102
RTVSPost2010PropOp41
 70
     1
102
RTVSPost2010Prop42
 90
       50
102
RTVSPost2010PropOp42
 70
     1
102
RTVSPost2010Prop43
 90
        3
102
RTVSPost2010PropOp43
 70
     1
102
RTVSPost2010Prop44ColorIndex
 90
        5
102
RTVSPost2010Prop44ColorRGB
 90
      255
102
RTVSPost2010PropOp44
 70
     1
102
RTVSPost2010Prop45
280
     0
102
RTVSPost2010PropOp45
 70
     1
102
RTVSPost2010Prop46
 90
       50
102
RTVSPost2010PropOp46
 70
     1
102
RTVSPost2010Prop47
 90
       50
102
RTVSPost2010PropOp47
 70
     1
102
RTVSPost2010Prop48
 90
       50
102
RTVSPost2010PropOp48
 70
     1
102
RTVSPost2010Prop49
280
     0
102
RTVSPost2010PropOp49
 70
     1
102
RTVSPost2010Prop50
 90
       50
102
RTVSPost2010PropOp50
 70
     1
102
RTVSPost2010Prop51ColorIndex
 90
      256
102
RTVSPost2010Prop51ColorRGB
 90
-16777216
102
RTVSPost2010PropOp51
 70
     0
102
RTVSPost2010Prop52
140
1.0
102
RTVSPost2010PropOp52
 70
     0
102
RTVSPost2010Prop53
 90
  6815859
102
RTVSPost2010PropOp53
 70
     1
102
RTVSPost2010Prop54
  1
strokes_ogs.tif
102
RTVSPost2010PropOp54
 70
     1
102
RTVSPost2010Prop55
280
     0
102
RTVSPost2010PropOp55
 70
     1
102
RTVSPost2010Prop56
140
1.0
102
RTVSPost2010PropOp56
 70
     1
102
RTVSPost2010Prop57
140
1.0
102
RTVSPost2010PropOp57
 70
     1
  0
XRECORD
  5
F27
102
{ACAD_REACTORS
330
F26
102
}
330
F26
100
AcDbXrecord
280
     1
102
RTVSPost2010Prop28
280
     0
102
RTVSPost2010PropOp28
 70
     1
102
RTVSPost2010Prop29
280
     1
102
RTVSPost2010PropOp29
 70
     1
102
RTVSPost2010Prop30
280
     1
102
RTVSPost2010PropOp30
 70
     1
102
RTVSPost2010Prop31
280
     0
102
RTVSPost2010PropOp31
 70
     1
102
RTVSPost2010Prop32
280
     0
102
RTVSPost2010PropOp32
 70
     1
102
RTVSPost2010Prop33
280
     0
102
RTVSPost2010PropOp33
 70
     1
102
RTVSPost2010Prop34
280
     0
102
RTVSPost2010PropOp34
 70
     1
102
RTVSPost2010Prop35
280
     0
102
RTVSPost2010PropOp35
 70
     1
102
RTVSPost2010Prop36
280
     0
102
RTVSPost2010PropOp36
 70
     1
102
RTVSPost2010Prop37
 90
       50
102
RTVSPost2010PropOp37
 70
     1
102
RTVSPost2010Prop38
140
0.0
102
RTVSPost2010PropOp38
 70
     1
102
RTVSPost2010Prop39
140
1.0
102
RTVSPost2010PropOp39
 70
     1
102
RTVSPost2010Prop40
 90
        0
102
RTVSPost2010PropOp40
 70
     1
102
RTVSPost2010Prop41ColorIndex
 90
       18
102
RTVSPost2010Prop41ColorRGB
 90
        0
102
RTVSPost2010PropOp41
 70
     1
102
RTVSPost2010Prop42
 90
       50
102
RTVSPost2010PropOp42
 70
     1
102
RTVSPost2010Prop43
 90
        3
102
RTVSPost2010PropOp43
 70
     1
102
RTVSPost2010Prop44ColorIndex
 90
        5
102
RTVSPost2010Prop44ColorRGB
 90
      255
102
RTVSPost2010PropOp44
 70
     1
102
RTVSPost2010Prop45
280
     0
102
RTVSPost2010PropOp45
 70
     1
102
RTVSPost2010Prop46
 90
       50
102
RTVSPost2010PropOp46
 70
     1
102
RTVSPost2010Prop47
 90
       50
102
RTVSPost2010PropOp47
 70
     1
102
RTVSPost2010Prop48
 90
       50
102
RTVSPost2010PropOp48
 70
     1
102
RTVSPost2010Prop49
280
     0
102
RTVSPost2010PropOp49
 70
     1
102
RTVSPost2010Prop50
 90
       50
102
RTVSPost2010PropOp50
 70
     1
102
RTVSPost2010Prop51ColorIndex
 90
      256
102
RTVSPost2010Prop51ColorRGB
 90
-16777216
102
RTVSPost2010PropOp51
 70
     0
102
RTVSPost2010Prop52
140
1.0
102
RTVSPost2010PropOp52
 70
     0
102
RTVSPost2010Prop53
 90
        0
102
RTVSPost2010PropOp53
 70
     1
102
RTVSPost2010Prop54
  1
strokes_ogs.tif
102
RTVSPost2010PropOp54
 70
     1
102
RTVSPost2010Prop55
280
     0
102
RTVSPost2010PropOp55
 70
     1
102
RTVSPost2010Prop56
140
1.0
102
RTVSPost2010PropOp56
 70
     1
102
RTVSPost2010Prop57
140
1.0
102
RTVSPost2010PropOp57
 70
     1
  0
XRECORD
  5
F2F
102
{ACAD_REACTORS
330
F2E
102
}
330
F2E
100
AcDbXrecord
280
     1
102
RTVSPost2010Prop28
280
     0
102
RTVSPost2010PropOp28
 70
     1
102
RTVSPost2010Prop29
280
     1
102
RTVSPost2010PropOp29
 70
     1
102
RTVSPost2010Prop30
280
     1
102
RTVSPost2010PropOp30
 70
     1
102
RTVSPost2010Prop31
280
     0
102
RTVSPost2010PropOp31
 70
     1
102
RTVSPost2010Prop32
280
     0
102
RTVSPost2010PropOp32
 70
     1
102
RTVSPost2010Prop33
280
     0
102
RTVSPost2010PropOp33
 70
     1
102
RTVSPost2010Prop34
280
     0
102
RTVSPost2010PropOp34
 70
     1
102
RTVSPost2010Prop35
280
     0
102
RTVSPost2010PropOp35
 70
     1
102
RTVSPost2010Prop36
280
     0
102
RTVSPost2010PropOp36
 70
     1
102
RTVSPost2010Prop37
 90
       50
102
RTVSPost2010PropOp37
 70
     1
102
RTVSPost2010Prop38
140
0.0
102
RTVSPost2010PropOp38
 70
     1
102
RTVSPost2010Prop39
140
1.0
102
RTVSPost2010PropOp39
 70
     1
102
RTVSPost2010Prop40
 90
        0
102
RTVSPost2010PropOp40
 70
     1
102
RTVSPost2010Prop41ColorIndex
 90
       18
102
RTVSPost2010Prop41ColorRGB
 90
        0
102
RTVSPost2010PropOp41
 70
     1
102
RTVSPost2010Prop42
 90
       50
102
RTVSPost2010PropOp42
 70
     1
102
RTVSPost2010Prop43
 90
        3
102
RTVSPost2010PropOp43
 70
     1
102
RTVSPost2010Prop44ColorIndex
 90
        5
102
RTVSPost2010Prop44ColorRGB
 90
      255
102
RTVSPost2010PropOp44
 70
     1
102
RTVSPost2010Prop45
280
     0
102
RTVSPost2010PropOp45
 70
     1
102
RTVSPost2010Prop46
 90
       50
102
RTVSPost2010PropOp46
 70
     1
102
RTVSPost2010Prop47
 90
       50
102
RTVSPost2010PropOp47
 70
     1
102
RTVSPost2010Prop48
 90
       50
102
RTVSPost2010PropOp48
 70
     1
102
RTVSPost2010Prop49
280
     0
102
RTVSPost2010PropOp49
 70
     1
102
RTVSPost2010Prop50
 90
       50
102
RTVSPost2010PropOp50
 70
     1
102
RTVSPost2010Prop51ColorIndex
 90
      256
102
RTVSPost2010Prop51ColorRGB
 90
-16777216
102
RTVSPost2010PropOp51
 70
     0
102
RTVSPost2010Prop52
140
1.0
102
RTVSPost2010PropOp52
 70
     0
102
RTVSPost2010Prop53
 90
        0
102
RTVSPost2010PropOp53
 70
     1
102
RTVSPost2010Prop54
  1
strokes_ogs.tif
102
RTVSPost2010PropOp54
 70
     1
102
RTVSPost2010Prop55
280
     0
102
RTVSPost2010PropOp55
 70
     1
102
RTVSPost2010Prop56
140
1.0
102
RTVSPost2010PropOp56
 70
     1
102
RTVSPost2010Prop57
140
1.0
102
RTVSPost2010PropOp57
 70
     1
  0
XRECORD
  5
F37
102
{ACAD_REACTORS
330
F36
102
}
330
F36
100
AcDbXrecord
280
     1
102
RTVSPost2010Prop28
280
     0
102
RTVSPost2010PropOp28
 70
     1
102
RTVSPost2010Prop29
280
     1
102
RTVSPost2010PropOp29
 70
     1
102
RTVSPost2010Prop30
280
     1
102
RTVSPost2010PropOp30
 70
     1
102
RTVSPost2010Prop31
280
     0
102
RTVSPost2010PropOp31
 70
     1
102
RTVSPost2010Prop32
280
     0
102
RTVSPost2010PropOp32
 70
     1
102
RTVSPost2010Prop33
280
     0
102
RTVSPost2010PropOp33
 70
     1
102
RTVSPost2010Prop34
280
     0
102
RTVSPost2010PropOp34
 70
     1
102
RTVSPost2010Prop35
280
     0
102
RTVSPost2010PropOp35
 70
     1
102
RTVSPost2010Prop36
280
     0
102
RTVSPost2010PropOp36
 70
     1
102
RTVSPost2010Prop37
 90
       50
102
RTVSPost2010PropOp37
 70
     1
102
RTVSPost2010Prop38
140
0.0
102
RTVSPost2010PropOp38
 70
     1
102
RTVSPost2010Prop39
140
1.0
102
RTVSPost2010PropOp39
 70
     1
102
RTVSPost2010Prop40
 90
        0
102
RTVSPost2010PropOp40
 70
     1
102
RTVSPost2010Prop41ColorIndex
 90
       18
102
RTVSPost2010Prop41ColorRGB
 90
        0
102
RTVSPost2010PropOp41
 70
     1
102
RTVSPost2010Prop42
 90
       50
102
RTVSPost2010PropOp42
 70
     1
102
RTVSPost2010Prop43
 90
        3
102
RTVSPost2010PropOp43
 70
     1
102
RTVSPost2010Prop44ColorIndex
 90
        5
102
RTVSPost2010Prop44ColorRGB
 90
      255
102
RTVSPost2010PropOp44
 70
     1
102
RTVSPost2010Prop45
280
     0
102
RTVSPost2010PropOp45
 70
     1
102
RTVSPost2010Prop46
 90
       50
102
RTVSPost2010PropOp46
 70
     1
102
RTVSPost2010Prop47
 90
       50
102
RTVSPost2010PropOp47
 70
     1
102
RTVSPost2010Prop48
 90
       50
102
RTVSPost2010PropOp48
 70
     1
102
RTVSPost2010Prop49
280
     0
102
RTVSPost2010PropOp49
 70
     1
102
RTVSPost2010Prop50
 90
       50
102
RTVSPost2010PropOp50
 70
     1
102
RTVSPost2010Prop51ColorIndex
 90
      256
102
RTVSPost2010Prop51ColorRGB
 90
-16777216
102
RTVSPost2010PropOp51
 70
     0
102
RTVSPost2010Prop52
140
1.0
102
RTVSPost2010PropOp52
 70
     0
102
RTVSPost2010Prop53
 90
  7077888
102
RTVSPost2010PropOp53
 70
     1
102
RTVSPost2010Prop54
  1
strokes_ogs.tif
102
RTVSPost2010PropOp54
 70
     1
102
RTVSPost2010Prop55
280
     0
102
RTVSPost2010PropOp55
 70
     1
102
RTVSPost2010Prop56
140
1.0
102
RTVSPost2010PropOp56
 70
     1
102
RTVSPost2010Prop57
140
1.0
102
RTVSPost2010PropOp57
 70
     1
  0
XRECORD
  5
F2B
102
{ACAD_REACTORS
330
F2A
102
}
330
F2A
100
AcDbXrecord
280
     1
102
RTVSPost2010Prop28
280
     0
102
RTVSPost2010PropOp28
 70
     1
102
RTVSPost2010Prop29
280
     1
102
RTVSPost2010PropOp29
 70
     1
102
RTVSPost2010Prop30
280
     1
102
RTVSPost2010PropOp30
 70
     1
102
RTVSPost2010Prop31
280
     0
102
RTVSPost2010PropOp31
 70
     1
102
RTVSPost2010Prop32
280
     0
102
RTVSPost2010PropOp32
 70
     1
102
RTVSPost2010Prop33
280
     0
102
RTVSPost2010PropOp33
 70
     1
102
RTVSPost2010Prop34
280
     0
102
RTVSPost2010PropOp34
 70
     1
102
RTVSPost2010Prop35
280
     0
102
RTVSPost2010PropOp35
 70
     1
102
RTVSPost2010Prop36
280
     0
102
RTVSPost2010PropOp36
 70
     1
102
RTVSPost2010Prop37
 90
       50
102
RTVSPost2010PropOp37
 70
     1
102
RTVSPost2010Prop38
140
0.0
102
RTVSPost2010PropOp38
 70
     1
102
RTVSPost2010Prop39
140
1.0
102
RTVSPost2010PropOp39
 70
     1
102
RTVSPost2010Prop40
 90
        0
102
RTVSPost2010PropOp40
 70
     1
102
RTVSPost2010Prop41ColorIndex
 90
       18
102
RTVSPost2010Prop41ColorRGB
 90
        0
102
RTVSPost2010PropOp41
 70
     1
102
RTVSPost2010Prop42
 90
       50
102
RTVSPost2010PropOp42
 70
     1
102
RTVSPost2010Prop43
 90
        3
102
RTVSPost2010PropOp43
 70
     1
102
RTVSPost2010Prop44ColorIndex
 90
        5
102
RTVSPost2010Prop44ColorRGB
 90
      255
102
RTVSPost2010PropOp44
 70
     1
102
RTVSPost2010Prop45
280
     0
102
RTVSPost2010PropOp45
 70
     1
102
RTVSPost2010Prop46
 90
       50
102
RTVSPost2010PropOp46
 70
     1
102
RTVSPost2010Prop47
 90
       50
102
RTVSPost2010PropOp47
 70
     1
102
RTVSPost2010Prop48
 90
       50
102
RTVSPost2010PropOp48
 70
     1
102
RTVSPost2010Prop49
280
     0
102
RTVSPost2010PropOp49
 70
     1
102
RTVSPost2010Prop50
 90
       50
102
RTVSPost2010PropOp50
 70
     1
102
RTVSPost2010Prop51ColorIndex
 90
      256
102
RTVSPost2010Prop51ColorRGB
 90
-16777216
102
RTVSPost2010PropOp51
 70
     0
102
RTVSPost2010Prop52
140
1.0
102
RTVSPost2010PropOp52
 70
     0
102
RTVSPost2010Prop53
 90
  6750320
102
RTVSPost2010PropOp53
 70
     1
102
RTVSPost2010Prop54
  1
strokes_ogs.tif
102
RTVSPost2010PropOp54
 70
     1
102
RTVSPost2010Prop55
280
     0
102
RTVSPost2010PropOp55
 70
     1
102
RTVSPost2010Prop56
140
1.0
102
RTVSPost2010PropOp56
 70
     1
102
RTVSPost2010Prop57
140
1.0
102
RTVSPost2010PropOp57
 70
     1
  0
XRECORD
  5
F2D
102
{ACAD_REACTORS
330
F2C
102
}
330
F2C
100
AcDbXrecord
280
     1
102
RTVSPost2010Prop28
280
     0
102
RTVSPost2010PropOp28
 70
     1
102
RTVSPost2010Prop29
280
     1
102
RTVSPost2010PropOp29
 70
     1
102
RTVSPost2010Prop30
280
     1
102
RTVSPost2010PropOp30
 70
     1
102
RTVSPost2010Prop31
280
     0
102
RTVSPost2010PropOp31
 70
     1
102
RTVSPost2010Prop32
280
     0
102
RTVSPost2010PropOp32
 70
     1
102
RTVSPost2010Prop33
280
     0
102
RTVSPost2010PropOp33
 70
     1
102
RTVSPost2010Prop34
280
     0
102
RTVSPost2010PropOp34
 70
     1
102
RTVSPost2010Prop35
280
     0
102
RTVSPost2010PropOp35
 70
     1
102
RTVSPost2010Prop36
280
     0
102
RTVSPost2010PropOp36
 70
     1
102
RTVSPost2010Prop37
 90
       50
102
RTVSPost2010PropOp37
 70
     1
102
RTVSPost2010Prop38
140
0.0
102
RTVSPost2010PropOp38
 70
     1
102
RTVSPost2010Prop39
140
1.0
102
RTVSPost2010PropOp39
 70
     1
102
RTVSPost2010Prop40
 90
        0
102
RTVSPost2010PropOp40
 70
     1
102
RTVSPost2010Prop41ColorIndex
 90
       18
102
RTVSPost2010Prop41ColorRGB
 90
        0
102
RTVSPost2010PropOp41
 70
     1
102
RTVSPost2010Prop42
 90
       50
102
RTVSPost2010PropOp42
 70
     1
102
RTVSPost2010Prop43
 90
        3
102
RTVSPost2010PropOp43
 70
     1
102
RTVSPost2010Prop44ColorIndex
 90
        5
102
RTVSPost2010Prop44ColorRGB
 90
      255
102
RTVSPost2010PropOp44
 70
     1
102
RTVSPost2010Prop45
280
     0
102
RTVSPost2010PropOp45
 70
     1
102
RTVSPost2010Prop46
 90
       50
102
RTVSPost2010PropOp46
 70
     1
102
RTVSPost2010Prop47
 90
       50
102
RTVSPost2010PropOp47
 70
     1
102
RTVSPost2010Prop48
 90
       50
102
RTVSPost2010PropOp48
 70
     1
102
RTVSPost2010Prop49
280
     0
102
RTVSPost2010PropOp49
 70
     1
102
RTVSPost2010Prop50
 90
       50
102
RTVSPost2010PropOp50
 70
     1
102
RTVSPost2010Prop51ColorIndex
 90
      256
102
RTVSPost2010Prop51ColorRGB
 90
-16777216
102
RTVSPost2010PropOp51
 70
     0
102
RTVSPost2010Prop52
140
1.0
102
RTVSPost2010PropOp52
 70
     0
102
RTVSPost2010Prop53
 90
  7143526
102
RTVSPost2010PropOp53
 70
     1
102
RTVSPost2010Prop54
  1
strokes_ogs.tif
102
RTVSPost2010PropOp54
 70
     1
102
RTVSPost2010Prop55
280
     0
102
RTVSPost2010PropOp55
 70
     1
102
RTVSPost2010Prop56
140
1.0
102
RTVSPost2010PropOp56
 70
     1
102
RTVSPost2010Prop57
140
1.0
102
RTVSPost2010PropOp57
 70
     1
  0
XRECORD
  5
F3D
102
{ACAD_REACTORS
330
F3C
102
}
330
F3C
100
AcDbXrecord
280
     1
102
RTVSPost2010Prop28
280
     0
102
RTVSPost2010PropOp28
 70
     0
102
RTVSPost2010Prop29
280
     1
102
RTVSPost2010PropOp29
 70
     0
102
RTVSPost2010Prop30
280
     1
102
RTVSPost2010PropOp30
 70
     0
102
RTVSPost2010Prop31
280
     0
102
RTVSPost2010PropOp31
 70
     0
102
RTVSPost2010Prop32
280
     0
102
RTVSPost2010PropOp32
 70
     0
102
RTVSPost2010Prop33
280
     0
102
RTVSPost2010PropOp33
 70
     0
102
RTVSPost2010Prop34
280
     0
102
RTVSPost2010PropOp34
 70
     0
102
RTVSPost2010Prop35
280
     0
102
RTVSPost2010PropOp35
 70
     0
102
RTVSPost2010Prop36
280
     0
102
RTVSPost2010PropOp36
 70
     0
102
RTVSPost2010Prop37
 90
       50
102
RTVSPost2010PropOp37
 70
     0
102
RTVSPost2010Prop38
140
0.0
102
RTVSPost2010PropOp38
 70
     0
102
RTVSPost2010Prop39
140
1.0
102
RTVSPost2010PropOp39
 70
     0
102
RTVSPost2010Prop40
 90
        0
102
RTVSPost2010PropOp40
 70
     0
102
RTVSPost2010Prop41ColorIndex
 90
       18
102
RTVSPost2010Prop41ColorRGB
 90
        0
102
RTVSPost2010PropOp41
 70
     0
102
RTVSPost2010Prop42
 90
       50
102
RTVSPost2010PropOp42
 70
     0
102
RTVSPost2010Prop43
 90
        3
102
RTVSPost2010PropOp43
 70
     0
102
RTVSPost2010Prop44ColorIndex
 90
        5
102
RTVSPost2010Prop44ColorRGB
 90
      255
102
RTVSPost2010PropOp44
 70
     0
102
RTVSPost2010Prop45
280
     0
102
RTVSPost2010PropOp45
 70
     0
102
RTVSPost2010Prop46
 90
       50
102
RTVSPost2010PropOp46
 70
     0
102
RTVSPost2010Prop47
 90
       50
102
RTVSPost2010PropOp47
 70
     0
102
RTVSPost2010Prop48
 90
       50
102
RTVSPost2010PropOp48
 70
     0
102
RTVSPost2010Prop49
280
     0
102
RTVSPost2010PropOp49
 70
     0
102
RTVSPost2010Prop50
 90
       50
102
RTVSPost2010PropOp50
 70
     0
102
RTVSPost2010Prop51ColorIndex
 90
      256
102
RTVSPost2010Prop51ColorRGB
 90
-16777216
102
RTVSPost2010PropOp51
 70
     0
102
RTVSPost2010Prop52
140
1.0
102
RTVSPost2010PropOp52
 70
     0
102
RTVSPost2010Prop53
 90
        0
102
RTVSPost2010PropOp53
 70
     0
102
RTVSPost2010Prop54
  1
strokes_ogs.tif
102
RTVSPost2010PropOp54
 70
     0
102
RTVSPost2010Prop55
280
     0
102
RTVSPost2010PropOp55
 70
     0
102
RTVSPost2010Prop56
140
1.0
102
RTVSPost2010PropOp56
 70
     0
102
RTVSPost2010Prop57
140
1.0
102
RTVSPost2010PropOp57
 70
     0
  0
XRECORD
  5
F35
102
{ACAD_REACTORS
330
F34
102
}
330
F34
100
AcDbXrecord
280
     1
102
RTVSPost2010Prop28
280
     0
102
RTVSPost2010PropOp28
 70
     1
102
RTVSPost2010Prop29
280
     1
102
RTVSPost2010PropOp29
 70
     1
102
RTVSPost2010Prop30
280
     1
102
RTVSPost2010PropOp30
 70
     1
102
RTVSPost2010Prop31
280
     0
102
RTVSPost2010PropOp31
 70
     1
102
RTVSPost2010Prop32
280
     0
102
RTVSPost2010PropOp32
 70
     1
102
RTVSPost2010Prop33
280
     0
102
RTVSPost2010PropOp33
 70
     1
102
RTVSPost2010Prop34
280
     0
102
RTVSPost2010PropOp34
 70
     1
102
RTVSPost2010Prop35
280
     0
102
RTVSPost2010PropOp35
 70
     1
102
RTVSPost2010Prop36
280
     0
102
RTVSPost2010PropOp36
 70
     1
102
RTVSPost2010Prop37
 90
       50
102
RTVSPost2010PropOp37
 70
     1
102
RTVSPost2010Prop38
140
0.0
102
RTVSPost2010PropOp38
 70
     1
102
RTVSPost2010Prop39
140
1.0
102
RTVSPost2010PropOp39
 70
     1
102
RTVSPost2010Prop40
 90
        0
102
RTVSPost2010PropOp40
 70
     1
102
RTVSPost2010Prop41ColorIndex
 90
       18
102
RTVSPost2010Prop41ColorRGB
 90
        0
102
RTVSPost2010PropOp41
 70
     1
102
RTVSPost2010Prop42
 90
       50
102
RTVSPost2010PropOp42
 70
     1
102
RTVSPost2010Prop43
 90
        3
102
RTVSPost2010PropOp43
 70
     1
102
RTVSPost2010Prop44ColorIndex
 90
        5
102
RTVSPost2010Prop44ColorRGB
 90
      255
102
RTVSPost2010PropOp44
 70
     1
102
RTVSPost2010Prop45
280
     0
102
RTVSPost2010PropOp45
 70
     1
102
RTVSPost2010Prop46
 90
       50
102
RTVSPost2010PropOp46
 70
     1
102
RTVSPost2010Prop47
 90
       50
102
RTVSPost2010PropOp47
 70
     1
102
RTVSPost2010Prop48
 90
       50
102
RTVSPost2010PropOp48
 70
     1
102
RTVSPost2010Prop49
280
     0
102
RTVSPost2010PropOp49
 70
     1
102
RTVSPost2010Prop50
 90
       50
102
RTVSPost2010PropOp50
 70
     1
102
RTVSPost2010Prop51ColorIndex
 90
      256
102
RTVSPost2010Prop51ColorRGB
 90
-16777216
102
RTVSPost2010PropOp51
 70
     0
102
RTVSPost2010Prop52
140
1.0
102
RTVSPost2010PropOp52
 70
     0
102
RTVSPost2010Prop53
 90
        0
102
RTVSPost2010PropOp53
 70
     1
102
RTVSPost2010Prop54
  1
strokes_ogs.tif
102
RTVSPost2010PropOp54
 70
     1
102
RTVSPost2010Prop55
280
     0
102
RTVSPost2010PropOp55
 70
     1
102
RTVSPost2010Prop56
140
1.0
102
RTVSPost2010PropOp56
 70
     1
102
RTVSPost2010Prop57
140
1.0
102
RTVSPost2010PropOp57
 70
     1
  0
XRECORD
  5
F19
102
{ACAD_REACTORS
330
F18
102
}
330
F18
100
AcDbXrecord
280
     1
102
RTVSPost2010Prop28
280
     0
102
RTVSPost2010PropOp28
 70
     1
102
RTVSPost2010Prop29
280
     1
102
RTVSPost2010PropOp29
 70
     1
102
RTVSPost2010Prop30
280
     1
102
RTVSPost2010PropOp30
 70
     1
102
RTVSPost2010Prop31
280
     0
102
RTVSPost2010PropOp31
 70
     1
102
RTVSPost2010Prop32
280
     0
102
RTVSPost2010PropOp32
 70
     1
102
RTVSPost2010Prop33
280
     0
102
RTVSPost2010PropOp33
 70
     1
102
RTVSPost2010Prop34
280
     0
102
RTVSPost2010PropOp34
 70
     1
102
RTVSPost2010Prop35
280
     0
102
RTVSPost2010PropOp35
 70
     1
102
RTVSPost2010Prop36
280
     0
102
RTVSPost2010PropOp36
 70
     1
102
RTVSPost2010Prop37
 90
       50
102
RTVSPost2010PropOp37
 70
     1
102
RTVSPost2010Prop38
140
0.0
102
RTVSPost2010PropOp38
 70
     1
102
RTVSPost2010Prop39
140
1.0
102
RTVSPost2010PropOp39
 70
     1
102
RTVSPost2010Prop40
 90
        0
102
RTVSPost2010PropOp40
 70
     1
102
RTVSPost2010Prop41ColorIndex
 90
       18
102
RTVSPost2010Prop41ColorRGB
 90
        0
102
RTVSPost2010PropOp41
 70
     1
102
RTVSPost2010Prop42
 90
       50
102
RTVSPost2010PropOp42
 70
     1
102
RTVSPost2010Prop43
 90
        3
102
RTVSPost2010PropOp43
 70
     1
102
RTVSPost2010Prop44ColorIndex
 90
        5
102
RTVSPost2010Prop44ColorRGB
 90
      255
102
RTVSPost2010PropOp44
 70
     1
102
RTVSPost2010Prop45
280
     0
102
RTVSPost2010PropOp45
 70
     1
102
RTVSPost2010Prop46
 90
       50
102
RTVSPost2010PropOp46
 70
     1
102
RTVSPost2010Prop47
 90
       50
102
RTVSPost2010PropOp47
 70
     1
102
RTVSPost2010Prop48
 90
       50
102
RTVSPost2010PropOp48
 70
     1
102
RTVSPost2010Prop49
280
     0
102
RTVSPost2010PropOp49
 70
     1
102
RTVSPost2010Prop50
 90
       50
102
RTVSPost2010PropOp50
 70
     1
102
RTVSPost2010Prop51ColorIndex
 90
      256
102
RTVSPost2010Prop51ColorRGB
 90
-16777216
102
RTVSPost2010PropOp51
 70
     0
102
RTVSPost2010Prop52
140
1.0
102
RTVSPost2010PropOp52
 70
     0
102
RTVSPost2010Prop53
 90
        0
102
RTVSPost2010PropOp53
 70
     1
102
RTVSPost2010Prop54
  1
strokes_ogs.tif
102
RTVSPost2010PropOp54
 70
     1
102
RTVSPost2010Prop55
280
     0
102
RTVSPost2010PropOp55
 70
     1
102
RTVSPost2010Prop56
140
1.0
102
RTVSPost2010PropOp56
 70
     1
102
RTVSPost2010Prop57
140
1.0
102
RTVSPost2010PropOp57
 70
     1
  0
XRECORD
  5
F1B
102
{ACAD_REACTORS
330
F1A
102
}
330
F1A
100
AcDbXrecord
280
     1
102
RTVSPost2010Prop28
280
     0
102
RTVSPost2010PropOp28
 70
     1
102
RTVSPost2010Prop29
280
     1
102
RTVSPost2010PropOp29
 70
     1
102
RTVSPost2010Prop30
280
     1
102
RTVSPost2010PropOp30
 70
     1
102
RTVSPost2010Prop31
280
     0
102
RTVSPost2010PropOp31
 70
     1
102
RTVSPost2010Prop32
280
     0
102
RTVSPost2010PropOp32
 70
     1
102
RTVSPost2010Prop33
280
     0
102
RTVSPost2010PropOp33
 70
     1
102
RTVSPost2010Prop34
280
     0
102
RTVSPost2010PropOp34
 70
     1
102
RTVSPost2010Prop35
280
     0
102
RTVSPost2010PropOp35
 70
     1
102
RTVSPost2010Prop36
280
     0
102
RTVSPost2010PropOp36
 70
     1
102
RTVSPost2010Prop37
 90
       50
102
RTVSPost2010PropOp37
 70
     1
102
RTVSPost2010Prop38
140
0.0
102
RTVSPost2010PropOp38
 70
     1
102
RTVSPost2010Prop39
140
1.0
102
RTVSPost2010PropOp39
 70
     1
102
RTVSPost2010Prop40
 90
        0
102
RTVSPost2010PropOp40
 70
     1
102
RTVSPost2010Prop41ColorIndex
 90
       18
102
RTVSPost2010Prop41ColorRGB
 90
        0
102
RTVSPost2010PropOp41
 70
     1
102
RTVSPost2010Prop42
 90
       50
102
RTVSPost2010PropOp42
 70
     1
102
RTVSPost2010Prop43
 90
        3
102
RTVSPost2010PropOp43
 70
     1
102
RTVSPost2010Prop44ColorIndex
 90
        5
102
RTVSPost2010Prop44ColorRGB
 90
      255
102
RTVSPost2010PropOp44
 70
     1
102
RTVSPost2010Prop45
280
     0
102
RTVSPost2010PropOp45
 70
     1
102
RTVSPost2010Prop46
 90
       50
102
RTVSPost2010PropOp46
 70
     1
102
RTVSPost2010Prop47
 90
       50
102
RTVSPost2010PropOp47
 70
     1
102
RTVSPost2010Prop48
 90
       50
102
RTVSPost2010PropOp48
 70
     1
102
RTVSPost2010Prop49
280
     0
102
RTVSPost2010PropOp49
 70
     1
102
RTVSPost2010Prop50
 90
       50
102
RTVSPost2010PropOp50
 70
     1
102
RTVSPost2010Prop51ColorIndex
 90
      256
102
RTVSPost2010Prop51ColorRGB
 90
-16777216
102
RTVSPost2010PropOp51
 70
     0
102
RTVSPost2010Prop52
140
1.0
102
RTVSPost2010PropOp52
 70
     0
102
RTVSPost2010Prop53
 90
  7077988
102
RTVSPost2010PropOp53
 70
     1
102
RTVSPost2010Prop54
  1
strokes_ogs.tif
102
RTVSPost2010PropOp54
 70
     1
102
RTVSPost2010Prop55
280
     0
102
RTVSPost2010PropOp55
 70
     1
102
RTVSPost2010Prop56
140
1.0
102
RTVSPost2010PropOp56
 70
     1
102
RTVSPost2010Prop57
140
1.0
102
RTVSPost2010PropOp57
 70
     1
  0
XRECORD
  5
F1D
102
{ACAD_REACTORS
330
F1C
102
}
330
F1C
100
AcDbXrecord
280
     1
102
RTVSPost2010Prop28
280
     0
102
RTVSPost2010PropOp28
 70
     1
102
RTVSPost2010Prop29
280
     1
102
RTVSPost2010PropOp29
 70
     1
102
RTVSPost2010Prop30
280
     1
102
RTVSPost2010PropOp30
 70
     1
102
RTVSPost2010Prop31
280
     0
102
RTVSPost2010PropOp31
 70
     1
102
RTVSPost2010Prop32
280
     0
102
RTVSPost2010PropOp32
 70
     1
102
RTVSPost2010Prop33
280
     0
102
RTVSPost2010PropOp33
 70
     1
102
RTVSPost2010Prop34
280
     0
102
RTVSPost2010PropOp34
 70
     1
102
RTVSPost2010Prop35
280
     0
102
RTVSPost2010PropOp35
 70
     1
102
RTVSPost2010Prop36
280
     0
102
RTVSPost2010PropOp36
 70
     1
102
RTVSPost2010Prop37
 90
       50
102
RTVSPost2010PropOp37
 70
     1
102
RTVSPost2010Prop38
140
0.0
102
RTVSPost2010PropOp38
 70
     1
102
RTVSPost2010Prop39
140
1.0
102
RTVSPost2010PropOp39
 70
     1
102
RTVSPost2010Prop40
 90
        0
102
RTVSPost2010PropOp40
 70
     1
102
RTVSPost2010Prop41ColorIndex
 90
       18
102
RTVSPost2010Prop41ColorRGB
 90
        0
102
RTVSPost2010PropOp41
 70
     1
102
RTVSPost2010Prop42
 90
       50
102
RTVSPost2010PropOp42
 70
     1
102
RTVSPost2010Prop43
 90
        3
102
RTVSPost2010PropOp43
 70
     1
102
RTVSPost2010Prop44ColorIndex
 90
        5
102
RTVSPost2010Prop44ColorRGB
 90
      255
102
RTVSPost2010PropOp44
 70
     1
102
RTVSPost2010Prop45
280
     0
102
RTVSPost2010PropOp45
 70
     1
102
RTVSPost2010Prop46
 90
       50
102
RTVSPost2010PropOp46
 70
     1
102
RTVSPost2010Prop47
 90
       50
102
RTVSPost2010PropOp47
 70
     1
102
RTVSPost2010Prop48
 90
       50
102
RTVSPost2010PropOp48
 70
     1
102
RTVSPost2010Prop49
280
     0
102
RTVSPost2010PropOp49
 70
     1
102
RTVSPost2010Prop50
 90
       50
102
RTVSPost2010PropOp50
 70
     1
102
RTVSPost2010Prop51ColorIndex
 90
      256
102
RTVSPost2010Prop51ColorRGB
 90
-16777216
102
RTVSPost2010PropOp51
 70
     0
102
RTVSPost2010Prop52
140
1.0
102
RTVSPost2010PropOp52
 70
     0
102
RTVSPost2010Prop53
 90
  7077988
102
RTVSPost2010PropOp53
 70
     1
102
RTVSPost2010Prop54
  1
strokes_ogs.tif
102
RTVSPost2010PropOp54
 70
     1
102
RTVSPost2010Prop55
280
     0
102
RTVSPost2010PropOp55
 70
     1
102
RTVSPost2010Prop56
140
1.0
102
RTVSPost2010PropOp56
 70
     1
102
RTVSPost2010Prop57
140
1.0
102
RTVSPost2010PropOp57
 70
     1
  0
XRECORD
  5
F1F
102
{ACAD_REACTORS
330
F1E
102
}
330
F1E
100
AcDbXrecord
280
     1
102
RTVSPost2010Prop28
280
     0
102
RTVSPost2010PropOp28
 70
     1
102
RTVSPost2010Prop29
280
     1
102
RTVSPost2010PropOp29
 70
     1
102
RTVSPost2010Prop30
280
     1
102
RTVSPost2010PropOp30
 70
     1
102
RTVSPost2010Prop31
280
     0
102
RTVSPost2010PropOp31
 70
     1
102
RTVSPost2010Prop32
280
     0
102
RTVSPost2010PropOp32
 70
     1
102
RTVSPost2010Prop33
280
     0
102
RTVSPost2010PropOp33
 70
     1
102
RTVSPost2010Prop34
280
     0
102
RTVSPost2010PropOp34
 70
     1
102
RTVSPost2010Prop35
280
     0
102
RTVSPost2010PropOp35
 70
     1
102
RTVSPost2010Prop36
280
     0
102
RTVSPost2010PropOp36
 70
     1
102
RTVSPost2010Prop37
 90
       50
102
RTVSPost2010PropOp37
 70
     1
102
RTVSPost2010Prop38
140
0.0
102
RTVSPost2010PropOp38
 70
     1
102
RTVSPost2010Prop39
140
1.0
102
RTVSPost2010PropOp39
 70
     1
102
RTVSPost2010Prop40
 90
        0
102
RTVSPost2010PropOp40
 70
     1
102
RTVSPost2010Prop41ColorIndex
 90
       18
102
RTVSPost2010Prop41ColorRGB
 90
        0
102
RTVSPost2010PropOp41
 70
     1
102
RTVSPost2010Prop42
 90
       50
102
RTVSPost2010PropOp42
 70
     1
102
RTVSPost2010Prop43
 90
        3
102
RTVSPost2010PropOp43
 70
     1
102
RTVSPost2010Prop44ColorIndex
 90
        5
102
RTVSPost2010Prop44ColorRGB
 90
      255
102
RTVSPost2010PropOp44
 70
     1
102
RTVSPost2010Prop45
280
     0
102
RTVSPost2010PropOp45
 70
     1
102
RTVSPost2010Prop46
 90
       50
102
RTVSPost2010PropOp46
 70
     1
102
RTVSPost2010Prop47
 90
       50
102
RTVSPost2010PropOp47
 70
     1
102
RTVSPost2010Prop48
 90
       50
102
RTVSPost2010PropOp48
 70
     1
102
RTVSPost2010Prop49
280
     0
102
RTVSPost2010PropOp49
 70
     1
102
RTVSPost2010Prop50
 90
       50
102
RTVSPost2010PropOp50
 70
     1
102
RTVSPost2010Prop51ColorIndex
 90
      256
102
RTVSPost2010Prop51ColorRGB
 90
-16777216
102
RTVSPost2010PropOp51
 70
     0
102
RTVSPost2010Prop52
140
1.0
102
RTVSPost2010PropOp52
 70
     0
102
RTVSPost2010Prop53
 90
  7340135
102
RTVSPost2010PropOp53
 70
     1
102
RTVSPost2010Prop54
  1
strokes_ogs.tif
102
RTVSPost2010PropOp54
 70
     1
102
RTVSPost2010Prop55
280
     0
102
RTVSPost2010PropOp55
 70
     1
102
RTVSPost2010Prop56
140
1.0
102
RTVSPost2010PropOp56
 70
     1
102
RTVSPost2010Prop57
140
1.0
102
RTVSPost2010PropOp57
 70
     1
  0
XRECORD
  5
F25
102
{ACAD_REACTORS
330
F24
102
}
330
F24
100
AcDbXrecord
280
     1
102
RTVSPost2010Prop28
280
     0
102
RTVSPost2010PropOp28
 70
     1
102
RTVSPost2010Prop29
280
     1
102
RTVSPost2010PropOp29
 70
     1
102
RTVSPost2010Prop30
280
     1
102
RTVSPost2010PropOp30
 70
     1
102
RTVSPost2010Prop31
280
     0
102
RTVSPost2010PropOp31
 70
     1
102
RTVSPost2010Prop32
280
     0
102
RTVSPost2010PropOp32
 70
     1
102
RTVSPost2010Prop33
280
     0
102
RTVSPost2010PropOp33
 70
     1
102
RTVSPost2010Prop34
280
     0
102
RTVSPost2010PropOp34
 70
     1
102
RTVSPost2010Prop35
280
     0
102
RTVSPost2010PropOp35
 70
     1
102
RTVSPost2010Prop36
280
     0
102
RTVSPost2010PropOp36
 70
     1
102
RTVSPost2010Prop37
 90
       50
102
RTVSPost2010PropOp37
 70
     1
102
RTVSPost2010Prop38
140
0.0
102
RTVSPost2010PropOp38
 70
     1
102
RTVSPost2010Prop39
140
1.0
102
RTVSPost2010PropOp39
 70
     1
102
RTVSPost2010Prop40
 90
        0
102
RTVSPost2010PropOp40
 70
     1
102
RTVSPost2010Prop41ColorIndex
 90
       18
102
RTVSPost2010Prop41ColorRGB
 90
        0
102
RTVSPost2010PropOp41
 70
     1
102
RTVSPost2010Prop42
 90
       50
102
RTVSPost2010PropOp42
 70
     1
102
RTVSPost2010Prop43
 90
        3
102
RTVSPost2010PropOp43
 70
     1
102
RTVSPost2010Prop44ColorIndex
 90
        5
102
RTVSPost2010Prop44ColorRGB
 90
      255
102
RTVSPost2010PropOp44
 70
     1
102
RTVSPost2010Prop45
280
     0
102
RTVSPost2010PropOp45
 70
     1
102
RTVSPost2010Prop46
 90
       50
102
RTVSPost2010PropOp46
 70
     1
102
RTVSPost2010Prop47
 90
       50
102
RTVSPost2010PropOp47
 70
     1
102
RTVSPost2010Prop48
 90
       50
102
RTVSPost2010PropOp48
 70
     1
102
RTVSPost2010Prop49
280
     0
102
RTVSPost2010PropOp49
 70
     1
102
RTVSPost2010Prop50
 90
       50
102
RTVSPost2010PropOp50
 70
     1
102
RTVSPost2010Prop51ColorIndex
 90
      256
102
RTVSPost2010Prop51ColorRGB
 90
-16777216
102
RTVSPost2010PropOp51
 70
     0
102
RTVSPost2010Prop52
140
1.0
102
RTVSPost2010PropOp52
 70
     0
102
RTVSPost2010Prop53
 90
  6750320
102
RTVSPost2010PropOp53
 70
     1
102
RTVSPost2010Prop54
  1
strokes_ogs.tif
102
RTVSPost2010PropOp54
 70
     1
102
RTVSPost2010Prop55
280
     0
102
RTVSPost2010PropOp55
 70
     1
102
RTVSPost2010Prop56
140
1.0
102
RTVSPost2010PropOp56
 70
     1
102
RTVSPost2010Prop57
140
1.0
102
RTVSPost2010PropOp57
 70
     1
  0
XRECORD
  5
F39
102
{ACAD_REACTORS
330
F38
102
}
330
F38
100
AcDbXrecord
280
     1
102
RTVSPost2010Prop28
280
     0
102
RTVSPost2010PropOp28
 70
     0
102
RTVSPost2010Prop29
280
     1
102
RTVSPost2010PropOp29
 70
     0
102
RTVSPost2010Prop30
280
     1
102
RTVSPost2010PropOp30
 70
     0
102
RTVSPost2010Prop31
280
     0
102
RTVSPost2010PropOp31
 70
     0
102
RTVSPost2010Prop32
280
     0
102
RTVSPost2010PropOp32
 70
     0
102
RTVSPost2010Prop33
280
     0
102
RTVSPost2010PropOp33
 70
     0
102
RTVSPost2010Prop34
280
     0
102
RTVSPost2010PropOp34
 70
     0
102
RTVSPost2010Prop35
280
     0
102
RTVSPost2010PropOp35
 70
     0
102
RTVSPost2010Prop36
280
     0
102
RTVSPost2010PropOp36
 70
     0
102
RTVSPost2010Prop37
 90
       50
102
RTVSPost2010PropOp37
 70
     0
102
RTVSPost2010Prop38
140
0.0
102
RTVSPost2010PropOp38
 70
     0
102
RTVSPost2010Prop39
140
1.0
102
RTVSPost2010PropOp39
 70
     0
102
RTVSPost2010Prop40
 90
        0
102
RTVSPost2010PropOp40
 70
     0
102
RTVSPost2010Prop41ColorIndex
 90
       18
102
RTVSPost2010Prop41ColorRGB
 90
        0
102
RTVSPost2010PropOp41
 70
     0
102
RTVSPost2010Prop42
 90
       50
102
RTVSPost2010PropOp42
 70
     0
102
RTVSPost2010Prop43
 90
        3
102
RTVSPost2010PropOp43
 70
     0
102
RTVSPost2010Prop44ColorIndex
 90
        5
102
RTVSPost2010Prop44ColorRGB
 90
      255
102
RTVSPost2010PropOp44
 70
     0
102
RTVSPost2010Prop45
280
     0
102
RTVSPost2010PropOp45
 70
     0
102
RTVSPost2010Prop46
 90
       50
102
RTVSPost2010PropOp46
 70
     0
102
RTVSPost2010Prop47
 90
       50
102
RTVSPost2010PropOp47
 70
     0
102
RTVSPost2010Prop48
 90
       50
102
RTVSPost2010PropOp48
 70
     0
102
RTVSPost2010Prop49
280
     0
102
RTVSPost2010PropOp49
 70
     0
102
RTVSPost2010Prop50
 90
       50
102
RTVSPost2010PropOp50
 70
     0
102
RTVSPost2010Prop51ColorIndex
 90
      256
102
RTVSPost2010Prop51ColorRGB
 90
-16777216
102
RTVSPost2010PropOp51
 70
     0
102
RTVSPost2010Prop52
140
1.0
102
RTVSPost2010PropOp52
 70
     0
102
RTVSPost2010Prop53
 90
        0
102
RTVSPost2010PropOp53
 70
     0
102
RTVSPost2010Prop54
  1
strokes_ogs.tif
102
RTVSPost2010PropOp54
 70
     0
102
RTVSPost2010Prop55
280
     0
102
RTVSPost2010PropOp55
 70
     0
102
RTVSPost2010Prop56
140
1.0
102
RTVSPost2010PropOp56
 70
     0
102
RTVSPost2010Prop57
140
1.0
102
RTVSPost2010PropOp57
 70
     0
  0
XRECORD
  5
F33
102
{ACAD_REACTORS
330
F32
102
}
330
F32
100
AcDbXrecord
280
     1
102
RTVSPost2010Prop28
280
     0
102
RTVSPost2010PropOp28
 70
     1
102
RTVSPost2010Prop29
280
     1
102
RTVSPost2010PropOp29
 70
     1
102
RTVSPost2010Prop30
280
     1
102
RTVSPost2010PropOp30
 70
     1
102
RTVSPost2010Prop31
280
     0
102
RTVSPost2010PropOp31
 70
     1
102
RTVSPost2010Prop32
280
     0
102
RTVSPost2010PropOp32
 70
     1
102
RTVSPost2010Prop33
280
     0
102
RTVSPost2010PropOp33
 70
     1
102
RTVSPost2010Prop34
280
     0
102
RTVSPost2010PropOp34
 70
     1
102
RTVSPost2010Prop35
280
     0
102
RTVSPost2010PropOp35
 70
     1
102
RTVSPost2010Prop36
280
     0
102
RTVSPost2010PropOp36
 70
     1
102
RTVSPost2010Prop37
 90
       50
102
RTVSPost2010PropOp37
 70
     1
102
RTVSPost2010Prop38
140
0.0
102
RTVSPost2010PropOp38
 70
     1
102
RTVSPost2010Prop39
140
1.0
102
RTVSPost2010PropOp39
 70
     1
102
RTVSPost2010Prop40
 90
        0
102
RTVSPost2010PropOp40
 70
     1
102
RTVSPost2010Prop41ColorIndex
 90
       18
102
RTVSPost2010Prop41ColorRGB
 90
        0
102
RTVSPost2010PropOp41
 70
     1
102
RTVSPost2010Prop42
 90
       50
102
RTVSPost2010PropOp42
 70
     1
102
RTVSPost2010Prop43
 90
        3
102
RTVSPost2010PropOp43
 70
     1
102
RTVSPost2010Prop44ColorIndex
 90
        5
102
RTVSPost2010Prop44ColorRGB
 90
      255
102
RTVSPost2010PropOp44
 70
     1
102
RTVSPost2010Prop45
280
     0
102
RTVSPost2010PropOp45
 70
     1
102
RTVSPost2010Prop46
 90
       50
102
RTVSPost2010PropOp46
 70
     1
102
RTVSPost2010Prop47
 90
       50
102
RTVSPost2010PropOp47
 70
     1
102
RTVSPost2010Prop48
 90
       50
102
RTVSPost2010PropOp48
 70
     1
102
RTVSPost2010Prop49
280
     0
102
RTVSPost2010PropOp49
 70
     1
102
RTVSPost2010Prop50
 90
       50
102
RTVSPost2010PropOp50
 70
     1
102
RTVSPost2010Prop51ColorIndex
 90
      256
102
RTVSPost2010Prop51ColorRGB
 90
-16777216
102
RTVSPost2010PropOp51
 70
     0
102
RTVSPost2010Prop52
140
1.0
102
RTVSPost2010PropOp52
 70
     0
102
RTVSPost2010Prop53
 90
        0
102
RTVSPost2010PropOp53
 70
     1
102
RTVSPost2010Prop54
  1
strokes_ogs.tif
102
RTVSPost2010PropOp54
 70
     1
102
RTVSPost2010Prop55
280
     0
102
RTVSPost2010PropOp55
 70
     1
102
RTVSPost2010Prop56
140
1.0
102
RTVSPost2010PropOp56
 70
     1
102
RTVSPost2010Prop57
140
1.0
102
RTVSPost2010PropOp57
 70
     1
  0
XRECORD
  5
F3B
102
{ACAD_REACTORS
330
F3A
102
}
330
F3A
100
AcDbXrecord
280
     1
102
RTVSPost2010Prop28
280
     0
102
RTVSPost2010PropOp28
 70
     0
102
RTVSPost2010Prop29
280
     1
102
RTVSPost2010PropOp29
 70
     0
102
RTVSPost2010Prop30
280
     1
102
RTVSPost2010PropOp30
 70
     0
102
RTVSPost2010Prop31
280
     0
102
RTVSPost2010PropOp31
 70
     0
102
RTVSPost2010Prop32
280
     0
102
RTVSPost2010PropOp32
 70
     0
102
RTVSPost2010Prop33
280
     0
102
RTVSPost2010PropOp33
 70
     0
102
RTVSPost2010Prop34
280
     0
102
RTVSPost2010PropOp34
 70
     0
102
RTVSPost2010Prop35
280
     0
102
RTVSPost2010PropOp35
 70
     0
102
RTVSPost2010Prop36
280
     0
102
RTVSPost2010PropOp36
 70
     0
102
RTVSPost2010Prop37
 90
       50
102
RTVSPost2010PropOp37
 70
     0
102
RTVSPost2010Prop38
140
0.0
102
RTVSPost2010PropOp38
 70
     0
102
RTVSPost2010Prop39
140
1.0
102
RTVSPost2010PropOp39
 70
     0
102
RTVSPost2010Prop40
 90
        0
102
RTVSPost2010PropOp40
 70
     0
102
RTVSPost2010Prop41ColorIndex
 90
       18
102
RTVSPost2010Prop41ColorRGB
 90
        0
102
RTVSPost2010PropOp41
 70
     0
102
RTVSPost2010Prop42
 90
       50
102
RTVSPost2010PropOp42
 70
     0
102
RTVSPost2010Prop43
 90
        3
102
RTVSPost2010PropOp43
 70
     0
102
RTVSPost2010Prop44ColorIndex
 90
        5
102
RTVSPost2010Prop44ColorRGB
 90
      255
102
RTVSPost2010PropOp44
 70
     0
102
RTVSPost2010Prop45
280
     0
102
RTVSPost2010PropOp45
 70
     0
102
RTVSPost2010Prop46
 90
       50
102
RTVSPost2010PropOp46
 70
     0
102
RTVSPost2010Prop47
 90
       50
102
RTVSPost2010PropOp47
 70
     0
102
RTVSPost2010Prop48
 90
       50
102
RTVSPost2010PropOp48
 70
     0
102
RTVSPost2010Prop49
280
     0
102
RTVSPost2010PropOp49
 70
     0
102
RTVSPost2010Prop50
 90
       50
102
RTVSPost2010PropOp50
 70
     0
102
RTVSPost2010Prop51ColorIndex
 90
      256
102
RTVSPost2010Prop51ColorRGB
 90
-16777216
102
RTVSPost2010PropOp51
 70
     0
102
RTVSPost2010Prop52
140
1.0
102
RTVSPost2010PropOp52
 70
     0
102
RTVSPost2010Prop53
 90
        0
102
RTVSPost2010PropOp53
 70
     0
102
RTVSPost2010Prop54
  1
strokes_ogs.tif
102
RTVSPost2010PropOp54
 70
     0
102
RTVSPost2010Prop55
280
     0
102
RTVSPost2010PropOp55
 70
     0
102
RTVSPost2010Prop56
140
1.0
102
RTVSPost2010PropOp56
 70
     0
102
RTVSPost2010Prop57
140
1.0
102
RTVSPost2010PropOp57
 70
     0
  0
XRECORD
  5
F29
102
{ACAD_REACTORS
330
F28
102
}
330
F28
100
AcDbXrecord
280
     1
102
RTVSPost2010Prop28
280
     0
102
RTVSPost2010PropOp28
 70
     1
102
RTVSPost2010Prop29
280
     1
102
RTVSPost2010PropOp29
 70
     1
102
RTVSPost2010Prop30
280
     1
102
RTVSPost2010PropOp30
 70
     1
102
RTVSPost2010Prop31
280
     0
102
RTVSPost2010PropOp31
 70
     1
102
RTVSPost2010Prop32
280
     0
102
RTVSPost2010PropOp32
 70
     1
102
RTVSPost2010Prop33
280
     0
102
RTVSPost2010PropOp33
 70
     1
102
RTVSPost2010Prop34
280
     0
102
RTVSPost2010PropOp34
 70
     1
102
RTVSPost2010Prop35
280
     0
102
RTVSPost2010PropOp35
 70
     1
102
RTVSPost2010Prop36
280
     0
102
RTVSPost2010PropOp36
 70
     1
102
RTVSPost2010Prop37
 90
       50
102
RTVSPost2010PropOp37
 70
     1
102
RTVSPost2010Prop38
140
0.0
102
RTVSPost2010PropOp38
 70
     1
102
RTVSPost2010Prop39
140
1.0
102
RTVSPost2010PropOp39
 70
     1
102
RTVSPost2010Prop40
 90
        0
102
RTVSPost2010PropOp40
 70
     1
102
RTVSPost2010Prop41ColorIndex
 90
       18
102
RTVSPost2010Prop41ColorRGB
 90
        0
102
RTVSPost2010PropOp41
 70
     1
102
RTVSPost2010Prop42
 90
       50
102
RTVSPost2010PropOp42
 70
     1
102
RTVSPost2010Prop43
 90
        3
102
RTVSPost2010PropOp43
 70
     1
102
RTVSPost2010Prop44ColorIndex
 90
        5
102
RTVSPost2010Prop44ColorRGB
 90
      255
102
RTVSPost2010PropOp44
 70
     1
102
RTVSPost2010Prop45
280
     0
102
RTVSPost2010PropOp45
 70
     1
102
RTVSPost2010Prop46
 90
       50
102
RTVSPost2010PropOp46
 70
     1
102
RTVSPost2010Prop47
 90
       50
102
RTVSPost2010PropOp47
 70
     1
102
RTVSPost2010Prop48
 90
       50
102
RTVSPost2010PropOp48
 70
     1
102
RTVSPost2010Prop49
280
     0
102
RTVSPost2010PropOp49
 70
     1
102
RTVSPost2010Prop50
 90
       50
102
RTVSPost2010PropOp50
 70
     1
102
RTVSPost2010Prop51ColorIndex
 90
      256
102
RTVSPost2010Prop51ColorRGB
 90
-16777216
102
RTVSPost2010PropOp51
 70
     0
102
RTVSPost2010Prop52
140
1.0
102
RTVSPost2010PropOp52
 70
     0
102
RTVSPost2010Prop53
 90
        0
102
RTVSPost2010PropOp53
 70
     1
102
RTVSPost2010Prop54
  1
strokes_ogs.tif
102
RTVSPost2010PropOp54
 70
     1
102
RTVSPost2010Prop55
280
     0
102
RTVSPost2010PropOp55
 70
     1
102
RTVSPost2010Prop56
140
1.0
102
RTVSPost2010PropOp56
 70
     1
102
RTVSPost2010Prop57
140
1.0
102
RTVSPost2010PropOp57
 70
     1
  0
XRECORD
  5
F47
102
{ACAD_REACTORS
330
F46
102
}
330
F46
100
AcDbXrecord
280
     1
102
RTVSPost2010Prop28
280
     0
102
RTVSPost2010PropOp28
 70
     1
102
RTVSPost2010Prop29
280
     1
102
RTVSPost2010PropOp29
 70
     1
102
RTVSPost2010Prop30
280
     1
102
RTVSPost2010PropOp30
 70
     1
102
RTVSPost2010Prop31
280
     0
102
RTVSPost2010PropOp31
 70
     1
102
RTVSPost2010Prop32
280
     0
102
RTVSPost2010PropOp32
 70
     1
102
RTVSPost2010Prop33
280
     0
102
RTVSPost2010PropOp33
 70
     1
102
RTVSPost2010Prop34
280
     0
102
RTVSPost2010PropOp34
 70
     1
102
RTVSPost2010Prop35
280
     0
102
RTVSPost2010PropOp35
 70
     1
102
RTVSPost2010Prop36
280
     0
102
RTVSPost2010PropOp36
 70
     1
102
RTVSPost2010Prop37
 90
       50
102
RTVSPost2010PropOp37
 70
     1
102
RTVSPost2010Prop38
140
0.0
102
RTVSPost2010PropOp38
 70
     1
102
RTVSPost2010Prop39
140
1.0
102
RTVSPost2010PropOp39
 70
     1
102
RTVSPost2010Prop40
 90
        0
102
RTVSPost2010PropOp40
 70
     1
102
RTVSPost2010Prop41ColorIndex
 90
       18
102
RTVSPost2010Prop41ColorRGB
 90
        0
102
RTVSPost2010PropOp41
 70
     1
102
RTVSPost2010Prop42
 90
       50
102
RTVSPost2010PropOp42
 70
     1
102
RTVSPost2010Prop43
 90
        3
102
RTVSPost2010PropOp43
 70
     1
102
RTVSPost2010Prop44ColorIndex
 90
        5
102
RTVSPost2010Prop44ColorRGB
 90
      255
102
RTVSPost2010PropOp44
 70
     1
102
RTVSPost2010Prop45
280
     0
102
RTVSPost2010PropOp45
 70
     1
102
RTVSPost2010Prop46
 90
       50
102
RTVSPost2010PropOp46
 70
     1
102
RTVSPost2010Prop47
 90
       50
102
RTVSPost2010PropOp47
 70
     1
102
RTVSPost2010Prop48
 90
       50
102
RTVSPost2010PropOp48
 70
     1
102
RTVSPost2010Prop49
280
     0
102
RTVSPost2010PropOp49
 70
     1
102
RTVSPost2010Prop50
 90
       50
102
RTVSPost2010PropOp50
 70
     1
102
RTVSPost2010Prop51ColorIndex
 90
      256
102
RTVSPost2010Prop51ColorRGB
 90
-16777216
102
RTVSPost2010PropOp51
 70
     0
102
RTVSPost2010Prop52
140
1.0
102
RTVSPost2010PropOp52
 70
     0
102
RTVSPost2010Prop53
 90
        0
102
RTVSPost2010PropOp53
 70
     1
102
RTVSPost2010Prop54
  1
strokes_ogs.tif
102
RTVSPost2010PropOp54
 70
     1
102
RTVSPost2010Prop55
280
     0
102
RTVSPost2010PropOp55
 70
     1
102
RTVSPost2010Prop56
140
1.0
102
RTVSPost2010PropOp56
 70
     1
102
RTVSPost2010Prop57
140
1.0
102
RTVSPost2010PropOp57
 70
     1
  0
XRECORD
  5
F45
102
{ACAD_REACTORS
330
F44
102
}
330
F44
100
AcDbXrecord
280
     1
102
RTVSPost2010Prop28
280
     0
102
RTVSPost2010PropOp28
 70
     1
102
RTVSPost2010Prop29
280
     1
102
RTVSPost2010PropOp29
 70
     1
102
RTVSPost2010Prop30
280
     1
102
RTVSPost2010PropOp30
 70
     1
102
RTVSPost2010Prop31
280
     0
102
RTVSPost2010PropOp31
 70
     1
102
RTVSPost2010Prop32
280
     0
102
RTVSPost2010PropOp32
 70
     1
102
RTVSPost2010Prop33
280
     0
102
RTVSPost2010PropOp33
 70
     1
102
RTVSPost2010Prop34
280
     0
102
RTVSPost2010PropOp34
 70
     1
102
RTVSPost2010Prop35
280
     0
102
RTVSPost2010PropOp35
 70
     1
102
RTVSPost2010Prop36
280
     0
102
RTVSPost2010PropOp36
 70
     1
102
RTVSPost2010Prop37
 90
       50
102
RTVSPost2010PropOp37
 70
     1
102
RTVSPost2010Prop38
140
0.0
102
RTVSPost2010PropOp38
 70
     1
102
RTVSPost2010Prop39
140
1.0
102
RTVSPost2010PropOp39
 70
     1
102
RTVSPost2010Prop40
 90
        0
102
RTVSPost2010PropOp40
 70
     1
102
RTVSPost2010Prop41ColorIndex
 90
       18
102
RTVSPost2010Prop41ColorRGB
 90
        0
102
RTVSPost2010PropOp41
 70
     1
102
RTVSPost2010Prop42
 90
       50
102
RTVSPost2010PropOp42
 70
     1
102
RTVSPost2010Prop43
 90
        3
102
RTVSPost2010PropOp43
 70
     1
102
RTVSPost2010Prop44ColorIndex
 90
        5
102
RTVSPost2010Prop44ColorRGB
 90
      255
102
RTVSPost2010PropOp44
 70
     1
102
RTVSPost2010Prop45
280
     0
102
RTVSPost2010PropOp45
 70
     1
102
RTVSPost2010Prop46
 90
       50
102
RTVSPost2010PropOp46
 70
     1
102
RTVSPost2010Prop47
 90
       50
102
RTVSPost2010PropOp47
 70
     1
102
RTVSPost2010Prop48
 90
       50
102
RTVSPost2010PropOp48
 70
     1
102
RTVSPost2010Prop49
280
     0
102
RTVSPost2010PropOp49
 70
     1
102
RTVSPost2010Prop50
 90
       50
102
RTVSPost2010PropOp50
 70
     1
102
RTVSPost2010Prop51ColorIndex
 90
      256
102
RTVSPost2010Prop51ColorRGB
 90
-16777216
102
RTVSPost2010PropOp51
 70
     0
102
RTVSPost2010Prop52
140
1.0
102
RTVSPost2010PropOp52
 70
     0
102
RTVSPost2010Prop53
 90
        0
102
RTVSPost2010PropOp53
 70
     1
102
RTVSPost2010Prop54
  1
strokes_ogs.tif
102
RTVSPost2010PropOp54
 70
     1
102
RTVSPost2010Prop55
280
     0
102
RTVSPost2010PropOp55
 70
     1
102
RTVSPost2010Prop56
140
1.0
102
RTVSPost2010PropOp56
 70
     1
102
RTVSPost2010Prop57
140
1.0
102
RTVSPost2010PropOp57
 70
     1
  0
XRECORD
  5
F3F
102
{ACAD_REACTORS
330
F3E
102
}
330
F3E
100
AcDbXrecord
280
     1
102
RTVSPost2010Prop28
280
     0
102
RTVSPost2010PropOp28
 70
     1
102
RTVSPost2010Prop29
280
     1
102
RTVSPost2010PropOp29
 70
     1
102
RTVSPost2010Prop30
280
     1
102
RTVSPost2010PropOp30
 70
     1
102
RTVSPost2010Prop31
280
     0
102
RTVSPost2010PropOp31
 70
     1
102
RTVSPost2010Prop32
280
     0
102
RTVSPost2010PropOp32
 70
     1
102
RTVSPost2010Prop33
280
     0
102
RTVSPost2010PropOp33
 70
     1
102
RTVSPost2010Prop34
280
     0
102
RTVSPost2010PropOp34
 70
     1
102
RTVSPost2010Prop35
280
     0
102
RTVSPost2010PropOp35
 70
     1
102
RTVSPost2010Prop36
280
     0
102
RTVSPost2010PropOp36
 70
     1
102
RTVSPost2010Prop37
 90
       50
102
RTVSPost2010PropOp37
 70
     1
102
RTVSPost2010Prop38
140
0.0
102
RTVSPost2010PropOp38
 70
     1
102
RTVSPost2010Prop39
140
1.0
102
RTVSPost2010PropOp39
 70
     1
102
RTVSPost2010Prop40
 90
        0
102
RTVSPost2010PropOp40
 70
     1
102
RTVSPost2010Prop41ColorIndex
 90
       18
102
RTVSPost2010Prop41ColorRGB
 90
        0
102
RTVSPost2010PropOp41
 70
     1
102
RTVSPost2010Prop42
 90
       50
102
RTVSPost2010PropOp42
 70
     1
102
RTVSPost2010Prop43
 90
        3
102
RTVSPost2010PropOp43
 70
     1
102
RTVSPost2010Prop44ColorIndex
 90
        5
102
RTVSPost2010Prop44ColorRGB
 90
      255
102
RTVSPost2010PropOp44
 70
     1
102
RTVSPost2010Prop45
280
     0
102
RTVSPost2010PropOp45
 70
     1
102
RTVSPost2010Prop46
 90
       50
102
RTVSPost2010PropOp46
 70
     1
102
RTVSPost2010Prop47
 90
       50
102
RTVSPost2010PropOp47
 70
     1
102
RTVSPost2010Prop48
 90
       50
102
RTVSPost2010PropOp48
 70
     1
102
RTVSPost2010Prop49
280
     0
102
RTVSPost2010PropOp49
 70
     1
102
RTVSPost2010Prop50
 90
       50
102
RTVSPost2010PropOp50
 70
     1
102
RTVSPost2010Prop51ColorIndex
 90
      256
102
RTVSPost2010Prop51ColorRGB
 90
-16777216
102
RTVSPost2010PropOp51
 70
     0
102
RTVSPost2010Prop52
140
1.0
102
RTVSPost2010PropOp52
 70
     0
102
RTVSPost2010Prop53
 90
        0
102
RTVSPost2010PropOp53
 70
     1
102
RTVSPost2010Prop54
  1
strokes_ogs.tif
102
RTVSPost2010PropOp54
 70
     1
102
RTVSPost2010Prop55
280
     0
102
RTVSPost2010PropOp55
 70
     1
102
RTVSPost2010Prop56
140
1.0
102
RTVSPost2010PropOp56
 70
     1
102
RTVSPost2010Prop57
140
1.0
102
RTVSPost2010PropOp57
 70
     1
  0
XRECORD
  5
F41
102
{ACAD_REACTORS
330
F40
102
}
330
F40
100
AcDbXrecord
280
     1
102
RTVSPost2010Prop28
280
     0
102
RTVSPost2010PropOp28
 70
     1
102
RTVSPost2010Prop29
280
     1
102
RTVSPost2010PropOp29
 70
     1
102
RTVSPost2010Prop30
280
     1
102
RTVSPost2010PropOp30
 70
     1
102
RTVSPost2010Prop31
280
     0
102
RTVSPost2010PropOp31
 70
     1
102
RTVSPost2010Prop32
280
     0
102
RTVSPost2010PropOp32
 70
     1
102
RTVSPost2010Prop33
280
     0
102
RTVSPost2010PropOp33
 70
     1
102
RTVSPost2010Prop34
280
     0
102
RTVSPost2010PropOp34
 70
     1
102
RTVSPost2010Prop35
280
     0
102
RTVSPost2010PropOp35
 70
     1
102
RTVSPost2010Prop36
280
     0
102
RTVSPost2010PropOp36
 70
     1
102
RTVSPost2010Prop37
 90
       50
102
RTVSPost2010PropOp37
 70
     1
102
RTVSPost2010Prop38
140
0.0
102
RTVSPost2010PropOp38
 70
     1
102
RTVSPost2010Prop39
140
1.0
102
RTVSPost2010PropOp39
 70
     1
102
RTVSPost2010Prop40
 90
        0
102
RTVSPost2010PropOp40
 70
     1
102
RTVSPost2010Prop41ColorIndex
 90
       18
102
RTVSPost2010Prop41ColorRGB
 90
        0
102
RTVSPost2010PropOp41
 70
     1
102
RTVSPost2010Prop42
 90
       50
102
RTVSPost2010PropOp42
 70
     1
102
RTVSPost2010Prop43
 90
        3
102
RTVSPost2010PropOp43
 70
     1
102
RTVSPost2010Prop44ColorIndex
 90
        5
102
RTVSPost2010Prop44ColorRGB
 90
      255
102
RTVSPost2010PropOp44
 70
     1
102
RTVSPost2010Prop45
280
     0
102
RTVSPost2010PropOp45
 70
     1
102
RTVSPost2010Prop46
 90
       50
102
RTVSPost2010PropOp46
 70
     1
102
RTVSPost2010Prop47
 90
       50
102
RTVSPost2010PropOp47
 70
     1
102
RTVSPost2010Prop48
 90
       50
102
RTVSPost2010PropOp48
 70
     1
102
RTVSPost2010Prop49
280
     0
102
RTVSPost2010PropOp49
 70
     1
102
RTVSPost2010Prop50
 90
       50
102
RTVSPost2010PropOp50
 70
     1
102
RTVSPost2010Prop51ColorIndex
 90
      256
102
RTVSPost2010Prop51ColorRGB
 90
-16777216
102
RTVSPost2010PropOp51
 70
     0
102
RTVSPost2010Prop52
140
1.0
102
RTVSPost2010PropOp52
 70
     0
102
RTVSPost2010Prop53
 90
        0
102
RTVSPost2010PropOp53
 70
     1
102
RTVSPost2010Prop54
  1
strokes_ogs.tif
102
RTVSPost2010PropOp54
 70
     1
102
RTVSPost2010Prop55
280
     0
102
RTVSPost2010PropOp55
 70
     1
102
RTVSPost2010Prop56
140
1.0
102
RTVSPost2010PropOp56
 70
     1
102
RTVSPost2010Prop57
140
1.0
102
RTVSPost2010PropOp57
 70
     1
  0
XRECORD
  5
F31
102
{ACAD_REACTORS
330
F30
102
}
330
F30
100
AcDbXrecord
280
     1
102
RTVSPost2010Prop28
280
     0
102
RTVSPost2010PropOp28
 70
     1
102
RTVSPost2010Prop29
280
     1
102
RTVSPost2010PropOp29
 70
     1
102
RTVSPost2010Prop30
280
     1
102
RTVSPost2010PropOp30
 70
     1
102
RTVSPost2010Prop31
280
     0
102
RTVSPost2010PropOp31
 70
     1
102
RTVSPost2010Prop32
280
     0
102
RTVSPost2010PropOp32
 70
     1
102
RTVSPost2010Prop33
280
     0
102
RTVSPost2010PropOp33
 70
     1
102
RTVSPost2010Prop34
280
     0
102
RTVSPost2010PropOp34
 70
     1
102
RTVSPost2010Prop35
280
     0
102
RTVSPost2010PropOp35
 70
     1
102
RTVSPost2010Prop36
280
     0
102
RTVSPost2010PropOp36
 70
     1
102
RTVSPost2010Prop37
 90
       50
102
RTVSPost2010PropOp37
 70
     1
102
RTVSPost2010Prop38
140
0.0
102
RTVSPost2010PropOp38
 70
     1
102
RTVSPost2010Prop39
140
1.0
102
RTVSPost2010PropOp39
 70
     1
102
RTVSPost2010Prop40
 90
        0
102
RTVSPost2010PropOp40
 70
     1
102
RTVSPost2010Prop41ColorIndex
 90
       18
102
RTVSPost2010Prop41ColorRGB
 90
        0
102
RTVSPost2010PropOp41
 70
     1
102
RTVSPost2010Prop42
 90
       50
102
RTVSPost2010PropOp42
 70
     1
102
RTVSPost2010Prop43
 90
        3
102
RTVSPost2010PropOp43
 70
     1
102
RTVSPost2010Prop44ColorIndex
 90
        5
102
RTVSPost2010Prop44ColorRGB
 90
      255
102
RTVSPost2010PropOp44
 70
     1
102
RTVSPost2010Prop45
280
     0
102
RTVSPost2010PropOp45
 70
     1
102
RTVSPost2010Prop46
 90
       50
102
RTVSPost2010PropOp46
 70
     1
102
RTVSPost2010Prop47
 90
       50
102
RTVSPost2010PropOp47
 70
     1
102
RTVSPost2010Prop48
 90
       50
102
RTVSPost2010PropOp48
 70
     1
102
RTVSPost2010Prop49
280
     0
102
RTVSPost2010PropOp49
 70
     1
102
RTVSPost2010Prop50
 90
       50
102
RTVSPost2010PropOp50
 70
     1
102
RTVSPost2010Prop51ColorIndex
 90
      256
102
RTVSPost2010Prop51ColorRGB
 90
-16777216
102
RTVSPost2010PropOp51
 70
     0
102
RTVSPost2010Prop52
140
1.0
102
RTVSPost2010PropOp52
 70
     0
102
RTVSPost2010Prop53
 90
  6815859
102
RTVSPost2010PropOp53
 70
     1
102
RTVSPost2010Prop54
  1
strokes_ogs.tif
102
RTVSPost2010PropOp54
 70
     1
102
RTVSPost2010Prop55
280
     0
102
RTVSPost2010PropOp55
 70
     1
102
RTVSPost2010Prop56
140
1.0
102
RTVSPost2010PropOp56
 70
     1
102
RTVSPost2010Prop57
140
1.0
102
RTVSPost2010PropOp57
 70
     1
  0
XRECORD
  5
F23
102
{ACAD_REACTORS
330
F22
102
}
330
F22
100
AcDbXrecord
280
     1
102
RTVSPost2010Prop28
280
     0
102
RTVSPost2010PropOp28
 70
     1
102
RTVSPost2010Prop29
280
     1
102
RTVSPost2010PropOp29
 70
     1
102
RTVSPost2010Prop30
280
     1
102
RTVSPost2010PropOp30
 70
     1
102
RTVSPost2010Prop31
280
     0
102
RTVSPost2010PropOp31
 70
     1
102
RTVSPost2010Prop32
280
     0
102
RTVSPost2010PropOp32
 70
     1
102
RTVSPost2010Prop33
280
     0
102
RTVSPost2010PropOp33
 70
     1
102
RTVSPost2010Prop34
280
     0
102
RTVSPost2010PropOp34
 70
     1
102
RTVSPost2010Prop35
280
     0
102
RTVSPost2010PropOp35
 70
     1
102
RTVSPost2010Prop36
280
     0
102
RTVSPost2010PropOp36
 70
     1
102
RTVSPost2010Prop37
 90
       50
102
RTVSPost2010PropOp37
 70
     1
102
RTVSPost2010Prop38
140
0.0
102
RTVSPost2010PropOp38
 70
     1
102
RTVSPost2010Prop39
140
1.0
102
RTVSPost2010PropOp39
 70
     1
102
RTVSPost2010Prop40
 90
        0
102
RTVSPost2010PropOp40
 70
     1
102
RTVSPost2010Prop41ColorIndex
 90
       18
102
RTVSPost2010Prop41ColorRGB
 90
        0
102
RTVSPost2010PropOp41
 70
     1
102
RTVSPost2010Prop42
 90
       50
102
RTVSPost2010PropOp42
 70
     1
102
RTVSPost2010Prop43
 90
        3
102
RTVSPost2010PropOp43
 70
     1
102
RTVSPost2010Prop44ColorIndex
 90
        5
102
RTVSPost2010Prop44ColorRGB
 90
      255
102
RTVSPost2010PropOp44
 70
     1
102
RTVSPost2010Prop45
280
     0
102
RTVSPost2010PropOp45
 70
     1
102
RTVSPost2010Prop46
 90
       50
102
RTVSPost2010PropOp46
 70
     1
102
RTVSPost2010Prop47
 90
       50
102
RTVSPost2010PropOp47
 70
     1
102
RTVSPost2010Prop48
 90
       50
102
RTVSPost2010PropOp48
 70
     1
102
RTVSPost2010Prop49
280
     0
102
RTVSPost2010PropOp49
 70
     1
102
RTVSPost2010Prop50
 90
       50
102
RTVSPost2010PropOp50
 70
     1
102
RTVSPost2010Prop51ColorIndex
 90
      256
102
RTVSPost2010Prop51ColorRGB
 90
-16777216
102
RTVSPost2010PropOp51
 70
     0
102
RTVSPost2010Prop52
140
1.0
102
RTVSPost2010PropOp52
 70
     0
102
RTVSPost2010Prop53
 90
  6815859
102
RTVSPost2010PropOp53
 70
     1
102
RTVSPost2010Prop54
  1
strokes_ogs.tif
102
RTVSPost2010PropOp54
 70
     1
102
RTVSPost2010Prop55
280
     0
102
RTVSPost2010PropOp55
 70
     1
102
RTVSPost2010Prop56
140
1.0
102
RTVSPost2010PropOp56
 70
     1
102
RTVSPost2010Prop57
140
1.0
102
RTVSPost2010PropOp57
 70
     1
  0
XRECORD
  5
F43
102
{ACAD_REACTORS
330
F42
102
}
330
F42
100
AcDbXrecord
280
     1
102
RTVSPost2010Prop28
280
     0
102
RTVSPost2010PropOp28
 70
     1
102
RTVSPost2010Prop29
280
     1
102
RTVSPost2010PropOp29
 70
     1
102
RTVSPost2010Prop30
280
     1
102
RTVSPost2010PropOp30
 70
     1
102
RTVSPost2010Prop31
280
     0
102
RTVSPost2010PropOp31
 70
     1
102
RTVSPost2010Prop32
280
     0
102
RTVSPost2010PropOp32
 70
     1
102
RTVSPost2010Prop33
280
     0
102
RTVSPost2010PropOp33
 70
     1
102
RTVSPost2010Prop34
280
     0
102
RTVSPost2010PropOp34
 70
     1
102
RTVSPost2010Prop35
280
     0
102
RTVSPost2010PropOp35
 70
     1
102
RTVSPost2010Prop36
280
     0
102
RTVSPost2010PropOp36
 70
     1
102
RTVSPost2010Prop37
 90
       50
102
RTVSPost2010PropOp37
 70
     1
102
RTVSPost2010Prop38
140
0.0
102
RTVSPost2010PropOp38
 70
     1
102
RTVSPost2010Prop39
140
1.0
102
RTVSPost2010PropOp39
 70
     1
102
RTVSPost2010Prop40
 90
        0
102
RTVSPost2010PropOp40
 70
     1
102
RTVSPost2010Prop41ColorIndex
 90
       18
102
RTVSPost2010Prop41ColorRGB
 90
        0
102
RTVSPost2010PropOp41
 70
     1
102
RTVSPost2010Prop42
 90
       50
102
RTVSPost2010PropOp42
 70
     1
102
RTVSPost2010Prop43
 90
        3
102
RTVSPost2010PropOp43
 70
     1
102
RTVSPost2010Prop44ColorIndex
 90
        5
102
RTVSPost2010Prop44ColorRGB
 90
      255
102
RTVSPost2010PropOp44
 70
     1
102
RTVSPost2010Prop45
280
     0
102
RTVSPost2010PropOp45
 70
     1
102
RTVSPost2010Prop46
 90
       50
102
RTVSPost2010PropOp46
 70
     1
102
RTVSPost2010Prop47
 90
       50
102
RTVSPost2010PropOp47
 70
     1
102
RTVSPost2010Prop48
 90
       50
102
RTVSPost2010PropOp48
 70
     1
102
RTVSPost2010Prop49
280
     0
102
RTVSPost2010PropOp49
 70
     1
102
RTVSPost2010Prop50
 90
       50
102
RTVSPost2010PropOp50
 70
     1
102
RTVSPost2010Prop51ColorIndex
 90
      256
102
RTVSPost2010Prop51ColorRGB
 90
-16777216
102
RTVSPost2010PropOp51
 70
     0
102
RTVSPost2010Prop52
140
1.0
102
RTVSPost2010PropOp52
 70
     0
102
RTVSPost2010Prop53
 90
        0
102
RTVSPost2010PropOp53
 70
     1
102
RTVSPost2010Prop54
  1
strokes_ogs.tif
102
RTVSPost2010PropOp54
 70
     1
102
RTVSPost2010Prop55
280
     0
102
RTVSPost2010PropOp55
 70
     1
102
RTVSPost2010Prop56
140
1.0
102
RTVSPost2010PropOp56
 70
     1
102
RTVSPost2010Prop57
140
1.0
102
RTVSPost2010PropOp57
 70
     1
  0
XRECORD
  5
2B9
102
{ACAD_REACTORS
330
2B8
102
}
330
2B8
100
AcDbXrecord
280
     1
1071
 50242585
1071
 68333042
 70
    25
 70
   104
 10
0.0
 20
0.0
 30
0.0
 10
1.617595756813279
 20
-0.0000000000000219
 30
0.0
 10
0.0
 20
0.0
 30
-1.0
 10
1.617595756813279
 20
0.0
 30
0.0
  0
XRECORD
  5
2BA
102
{ACAD_REACTORS
330
2B8
102
}
330
2B8
100
AcDbXrecord
280
     1
1071
  4195796
1071
  5656503
 70
    25
 70
   104
 10
0.0
 20
0.0
 30
0.0
  0
XRECORD
  5
301
102
{ACAD_REACTORS
330
300
102
}
330
300
100
AcDbXrecord
280
     1
1071
 50242585
1071
 68333042
 70
    25
 70
   104
 10
0.0
 20
0.0
 30
0.0
 10
1.617595756813279
 20
0.0
 30
0.0
 10
0.0
 20
0.0
 30
-1.0
 10
1.617595756813279
 20
0.0
 30
0.0
  0
XRECORD
  5
302
102
{ACAD_REACTORS
330
300
102
}
330
300
100
AcDbXrecord
280
     1
1071
  4195796
1071
  5656503
 70
    25
 70
   104
 10
0.0
 20
0.0
 30
0.0
  0
XRECORD
  5
577
102
{ACAD_REACTORS
330
576
102
}
330
576
100
AcDbXrecord
280
     1
1071
 50242585
1071
 68333042
 70
    25
 70
   104
 10
0.0
 20
0.0
 30
0.0
 10
1.617595756813279
 20
0.0
 30
0.0
 10
0.0
 20
0.0
 30
-1.0
 10
1.617595756813279
 20
0.0
 30
0.0
  0
XRECORD
  5
578
102
{ACAD_REACTORS
330
576
102
}
330
576
100
AcDbXrecord
280
     1
1071
  4195796
1071
  5656503
 70
    25
 70
   104
 10
0.0
 20
0.0
 30
0.0
  0
XRECORD
  5
597
102
{ACAD_REACTORS
330
596
102
}
330
596
100
AcDbXrecord
280
     1
1071
 50242585
1071
 68333042
 70
    25
 70
   104
 10
0.0
 20
0.0
 30
0.0
 10
1.617595756813279
 20
0.0
 30
0.0
 10
0.0
 20
0.0
 30
-1.0
 10
1.617595756813279
 20
0.0
 30
0.0
  0
XRECORD
  5
598
102
{ACAD_REACTORS
330
596
102
}
330
596
100
AcDbXrecord
280
     1
1071
  4195796
1071
  5656503
 70
    25
 70
   104
 10
0.0
 20
0.0
 30
0.0
  0
XRECORD
  5
5B7
102
{ACAD_REACTORS
330
5B6
102
}
330
5B6
100
AcDbXrecord
280
     1
1071
 50242585
1071
 68333042
 70
    25
 70
   104
 10
0.0
 20
0.0
 30
0.0
 10
1.617595756813279
 20
0.0
 30
0.0
 10
0.0
 20
0.0
 30
-1.0
 10
1.617595756813279
 20
0.0
 30
0.0
  0
XRECORD
  5
5B8
102
{ACAD_REACTORS
330
5B6
102
}
330
5B6
100
AcDbXrecord
280
     1
1071
  4195796
1071
  5656503
 70
    25
 70
   104
 10
0.0
 20
0.0
 30
0.0
  0
XRECORD
  5
61A
102
{ACAD_REACTORS
330
619
102
}
330
619
100
AcDbXrecord
280
     1
1071
 50242585
1071
 68333042
 70
    25
 70
   104
 10
0.0
 20
0.0
 30
0.0
 10
-0.0705545034173165
 20
1.61605634014036
 30
0.0
 10
0.0
 20
0.0
 30
-1.0
 10
1.617595756813279
 20
0.0
 30
0.0
  0
XRECORD
  5
61B
102
{ACAD_REACTORS
330
619
102
}
330
619
100
AcDbXrecord
280
     1
1071
  4195796
1071
  5656503
 70
    25
 70
   104
 10
0.0
 20
0.0
 30
0.0
  0
XRECORD
  5
6D9
102
{ACAD_REACTORS
330
6D8
102
}
330
6D8
100
AcDbXrecord
280
     1
1071
 50242585
1071
 68333042
 70
    25
 70
   104
 10
0.0
 20
0.0
 30
0.0
 10
-0.0705545034173165
 20
1.61605634014036
 30
0.0
 10
0.0
 20
0.0
 30
-1.0
 10
1.617595756813279
 20
0.0
 30
0.0
  0
XRECORD
  5
6DA
102
{ACAD_REACTORS
330
6D8
102
}
330
6D8
100
AcDbXrecord
280
     1
1071
  4195796
1071
  5656503
 70
    25
 70
   104
 10
0.0
 20
0.0
 30
0.0
  0
XRECORD
  5
6FF
102
{ACAD_REACTORS
330
6FE
102
}
330
6FE
100
AcDbXrecord
280
     1
1071
 50242585
1071
 68333042
 70
    25
 70
   104
 10
0.0
 20
0.0
 30
0.0
 10
-0.0705545034173161
 20
1.61605634014036
 30
0.0
 10
0.0
 20
0.0
 30
-1.0
 10
1.617595756813279
 20
0.0
 30
0.0
  0
XRECORD
  5
700
102
{ACAD_REACTORS
330
6FE
102
}
330
6FE
100
AcDbXrecord
280
     1
1071
  4195796
1071
  5656503
 70
    25
 70
   104
 10
0.0
 20
0.0
 30
0.0
  0
XRECORD
  5
725
102
{ACAD_REACTORS
330
724
102
}
330
724
100
AcDbXrecord
280
     1
1071
 50242585
1071
 68333042
 70
    25
 70
   104
 10
0.0
 20
0.0
 30
0.0
 10
-0.0705545034173161
 20
1.61605634014036
 30
0.0
 10
0.0
 20
0.0
 30
-1.0
 10
1.617595756813279
 20
0.0
 30
0.0
  0
XRECORD
  5
726
102
{ACAD_REACTORS
330
724
102
}
330
724
100
AcDbXrecord
280
     1
1071
  4195796
1071
  5656503
 70
    25
 70
   104
 10
0.0
 20
0.0
 30
0.0
  0
XRECORD
  5
74B
102
{ACAD_REACTORS
330
74A
102
}
330
74A
100
AcDbXrecord
280
     1
1071
 50242585
1071
 68333042
 70
    25
 70
   104
 10
0.0
 20
0.0
 30
0.0
 10
-0.0705545034173161
 20
1.61605634014036
 30
0.0
 10
0.0
 20
0.0
 30
-1.0
 10
1.617595756813279
 20
0.0
 30
0.0
  0
XRECORD
  5
74C
102
{ACAD_REACTORS
330
74A
102
}
330
74A
100
AcDbXrecord
280
     1
1071
  4195796
1071
  5656503
 70
    25
 70
   104
 10
0.0
 20
0.0
 30
0.0
  0
XRECORD
  5
771
102
{ACAD_REACTORS
330
770
102
}
330
770
100
AcDbXrecord
280
     1
1071
 50242585
1071
 68333042
 70
    25
 70
   104
 10
0.0
 20
0.0
 30
0.0
 10
-0.0705545034173161
 20
1.61605634014036
 30
0.0
 10
0.0
 20
0.0
 30
-1.0
 10
1.617595756813279
 20
0.0
 30
0.0
  0
XRECORD
  5
772
102
{ACAD_REACTORS
330
770
102
}
330
770
100
AcDbXrecord
280
     1
1071
  4195796
1071
  5656503
 70
    25
 70
   104
 10
0.0
 20
0.0
 30
0.0
  0
XRECORD
  5
791
102
{ACAD_REACTORS
330
790
102
}
330
790
100
AcDbXrecord
280
     1
1071
 50242585
1071
 68333042
 70
    25
 70
   104
 10
0.0
 20
0.0
 30
0.0
 10
1.617595756813279
 20
0.0
 30
0.0
 10
0.0
 20
0.0
 30
-1.0
 10
1.617595756813279
 20
0.0
 30
0.0
  0
XRECORD
  5
792
102
{ACAD_REACTORS
330
790
102
}
330
790
100
AcDbXrecord
280
     1
1071
  4195796
1071
  5656503
 70
    25
 70
   104
 10
0.0
 20
0.0
 30
0.0
  0
XRECORD
  5
7BE
102
{ACAD_REACTORS
330
7BD
102
}
330
7BD
100
AcDbXrecord
280
     1
1071
 50242585
1071
 68333042
 70
    25
 70
   104
 10
0.0
 20
0.0
 30
0.0
 10
1.617595756813279
 20
0.0
 30
0.0
 10
0.0
 20
0.0
 30
-1.0
 10
1.617595756813279
 20
0.0
 30
0.0
  0
XRECORD
  5
7BF
102
{ACAD_REACTORS
330
7BD
102
}
330
7BD
100
AcDbXrecord
280
     1
1071
  4195796
1071
  5656503
 70
    25
 70
   104
 10
0.0
 20
0.0
 30
0.0
  0
XRECORD
  5
7E5
102
{ACAD_REACTORS
330
7E4
102
}
330
7E4
100
AcDbXrecord
280
     1
1071
 50242585
1071
 68333042
 70
    25
 70
   104
 10
0.0
 20
0.0
 30
0.0
 10
1.617595756813279
 20
0.0
 30
0.0
 10
0.0
 20
0.0
 30
-1.0
 10
1.617595756813279
 20
0.0
 30
0.0
  0
XRECORD
  5
7E6
102
{ACAD_REACTORS
330
7E4
102
}
330
7E4
100
AcDbXrecord
280
     1
1071
  4195796
1071
  5656503
 70
    25
 70
   104
 10
0.0
 20
0.0
 30
0.0
  0
XRECORD
  5
80C
102
{ACAD_REACTORS
330
80B
102
}
330
80B
100
AcDbXrecord
280
     1
1071
 50242585
1071
 68333042
 70
    25
 70
   104
 10
0.0
 20
0.0
 30
0.0
 10
1.617595756813279
 20
0.0
 30
0.0
 10
0.0
 20
0.0
 30
-1.0
 10
1.617595756813279
 20
0.0
 30
0.0
  0
XRECORD
  5
80D
102
{ACAD_REACTORS
330
80B
102
}
330
80B
100
AcDbXrecord
280
     1
1071
  4195796
1071
  5656503
 70
    25
 70
   104
 10
0.0
 20
0.0
 30
0.0
  0
XRECORD
  5
82D
102
{ACAD_REACTORS
330
82C
102
}
330
82C
100
AcDbXrecord
280
     1
1071
 50242585
1071
 68333042
 70
    25
 70
   104
 10
0.0
 20
0.0
 30
0.0
 10
1.617595756813279
 20
0.0
 30
0.0
 10
0.0
 20
0.0
 30
-1.0
 10
1.617595756813279
 20
0.0
 30
0.0
  0
XRECORD
  5
82E
102
{ACAD_REACTORS
330
82C
102
}
330
82C
100
AcDbXrecord
280
     1
1071
  4195796
1071
  5656503
 70
    25
 70
   104
 10
0.0
 20
0.0
 30
0.0
  0
XRECORD
  5
872
102
{ACAD_REACTORS
330
871
102
}
330
871
100
AcDbXrecord
280
     1
1071
 50242585
1071
 68333042
 70
    25
 70
   104
 10
0.0
 20
0.0
 30
0.0
 10
1.617595756813279
 20
0.0
 30
0.0
 10
0.0
 20
0.0
 30
-1.0
 10
1.617595756813279
 20
0.0
 30
0.0
  0
XRECORD
  5
873
102
{ACAD_REACTORS
330
871
102
}
330
871
100
AcDbXrecord
280
     1
1071
  4195796
1071
  5656503
 70
    25
 70
   104
 10
0.0
 20
0.0
 30
0.0
  0
XRECORD
  5
89F
102
{ACAD_REACTORS
330
89E
102
}
330
89E
100
AcDbXrecord
280
     1
1071
 50242585
1071
 68333042
 70
    25
 70
   104
 10
0.0
 20
0.0
 30
0.0
 10
1.617595756813279
 20
0.0
 30
0.0
 10
0.0
 20
0.0
 30
-1.0
 10
1.617595756813279
 20
0.0
 30
0.0
  0
XRECORD
  5
8A0
102
{ACAD_REACTORS
330
89E
102
}
330
89E
100
AcDbXrecord
280
     1
1071
  4195796
1071
  5656503
 70
    25
 70
   104
 10
0.0
 20
0.0
 30
0.0
  0
XRECORD
  5
8CB
102
{ACAD_REACTORS
330
8CA
102
}
330
8CA
100
AcDbXrecord
280
     1
1071
 50242585
1071
 68333042
 70
    25
 70
   104
 10
0.0
 20
0.0
 30
0.0
 10
1.617595756813279
 20
0.0
 30
0.0
 10
0.0
 20
0.0
 30
-1.0
 10
1.617595756813279
 20
0.0
 30
0.0
  0
XRECORD
  5
8CC
102
{ACAD_REACTORS
330
8CA
102
}
330
8CA
100
AcDbXrecord
280
     1
1071
  4195796
1071
  5656503
 70
    25
 70
   104
 10
0.0
 20
0.0
 30
0.0
  0
XRECORD
  5
989
102
{ACAD_REACTORS
330
988
102
}
330
988
100
AcDbXrecord
280
     1
1071
 50242585
1071
 68333042
 70
    25
 70
   104
 10
0.0
 20
0.0
 30
0.0
 10
1.617595756813279
 20
0.0
 30
0.0
 10
0.0
 20
0.0
 30
-1.0
 10
1.617595756813279
 20
0.0
 30
0.0
  0
XRECORD
  5
98A
102
{ACAD_REACTORS
330
988
102
}
330
988
100
AcDbXrecord
280
     1
1071
  4195796
1071
  5656503
 70
    25
 70
   104
 10
0.0
 20
0.0
 30
0.0
  0
XRECORD
  5
9B0
102
{ACAD_REACTORS
330
9AF
102
}
330
9AF
100
AcDbXrecord
280
     1
1071
 50242585
1071
 68333042
 70
    25
 70
   104
 10
0.0
 20
0.0
 30
0.0
 10
1.617595756813279
 20
0.0
 30
0.0
 10
0.0
 20
0.0
 30
-1.0
 10
1.617595756813279
 20
0.0
 30
0.0
  0
XRECORD
  5
9B1
102
{ACAD_REACTORS
330
9AF
102
}
330
9AF
100
AcDbXrecord
280
     1
1071
  4195796
1071
  5656503
 70
    25
 70
   104
 10
0.0
 20
0.0
 30
0.0
  0
XRECORD
  5
A08
102
{ACAD_REACTORS
330
A07
102
}
330
A07
100
AcDbXrecord
280
     1
1071
 50242585
1071
 68333042
 70
    25
 70
   104
 10
0.0
 20
0.0
 30
0.0
 10
1.617595756813279
 20
0.0
 30
0.0
 10
0.0
 20
0.0
 30
-1.0
 10
1.617595756813279
 20
0.0
 30
0.0
  0
XRECORD
  5
A09
102
{ACAD_REACTORS
330
A07
102
}
330
A07
100
AcDbXrecord
280
     1
1071
  4195796
1071
  5656503
 70
    25
 70
   104
 10
0.0
 20
0.0
 30
0.0
  0
XRECORD
  5
A2F
102
{ACAD_REACTORS
330
A2E
102
}
330
A2E
100
AcDbXrecord
280
     1
1071
 50242585
1071
 68333042
 70
    25
 70
   104
 10
0.0
 20
0.0
 30
0.0
 10
1.617595756813279
 20
0.0
 30
0.0
 10
0.0
 20
0.0
 30
-1.0
 10
1.617595756813279
 20
0.0
 30
0.0
  0
XRECORD
  5
A30
102
{ACAD_REACTORS
330
A2E
102
}
330
A2E
100
AcDbXrecord
280
     1
1071
  4195796
1071
  5656503
 70
    25
 70
   104
 10
0.0
 20
0.0
 30
0.0
  0
XRECORD
  5
A56
102
{ACAD_REACTORS
330
A55
102
}
330
A55
100
AcDbXrecord
280
     1
1071
 50242585
1071
 68333042
 70
    25
 70
   104
 10
0.0
 20
0.0
 30
0.0
 10
1.617595756813279
 20
0.0
 30
0.0
 10
0.0
 20
0.0
 30
-1.0
 10
1.617595756813279
 20
0.0
 30
0.0
  0
XRECORD
  5
A57
102
{ACAD_REACTORS
330
A55
102
}
330
A55
100
AcDbXrecord
280
     1
1071
  4195796
1071
  5656503
 70
    25
 70
   104
 10
0.0
 20
0.0
 30
0.0
  0
XRECORD
  5
A79
102
{ACAD_REACTORS
330
A78
102
}
330
A78
100
AcDbXrecord
280
     1
1071
 50242585
1071
 68333042
 70
    25
 70
   104
 10
0.0
 20
0.0
 30
0.0
 10
1.617595756813279
 20
0.0
 30
0.0
 10
0.0
 20
0.0
 30
-1.0
 10
1.617595756813279
 20
0.0
 30
0.0
  0
XRECORD
  5
A7A
102
{ACAD_REACTORS
330
A78
102
}
330
A78
100
AcDbXrecord
280
     1
1071
  4195796
1071
  5656503
 70
    25
 70
   104
 10
0.0
 20
0.0
 30
0.0
  0
XRECORD
  5
AA0
102
{ACAD_REACTORS
330
A9F
102
}
330
A9F
100
AcDbXrecord
280
     1
1071
 50242585
1071
 68333042
 70
    25
 70
   104
 10
0.0
 20
0.0
 30
0.0
 10
1.617595756813279
 20
0.0
 30
0.0
 10
0.0
 20
0.0
 30
-1.0
 10
1.617595756813279
 20
0.0
 30
0.0
  0
XRECORD
  5
AA1
102
{ACAD_REACTORS
330
A9F
102
}
330
A9F
100
AcDbXrecord
280
     1
1071
  4195796
1071
  5656503
 70
    25
 70
   104
 10
0.0
 20
0.0
 30
0.0
  0
XRECORD
  5
AC7
102
{ACAD_REACTORS
330
AC6
102
}
330
AC6
100
AcDbXrecord
280
     1
1071
 50242585
1071
 68333042
 70
    25
 70
   104
 10
0.0
 20
0.0
 30
0.0
 10
1.617595756813279
 20
0.0
 30
0.0
 10
0.0
 20
0.0
 30
-1.0
 10
1.617595756813279
 20
0.0
 30
0.0
  0
XRECORD
  5
AC8
102
{ACAD_REACTORS
330
AC6
102
}
330
AC6
100
AcDbXrecord
280
     1
1071
  4195796
1071
  5656503
 70
    25
 70
   104
 10
0.0
 20
0.0
 30
0.0
  0
XRECORD
  5
AED
102
{ACAD_REACTORS
330
AEC
102
}
330
AEC
100
AcDbXrecord
280
     1
1071
 50242585
1071
 68333042
 70
    25
 70
   104
 10
0.0
 20
0.0
 30
0.0
 10
1.617595756813279
 20
0.0
 30
0.0
 10
0.0
 20
0.0
 30
-1.0
 10
1.617595756813279
 20
0.0
 30
0.0
  0
XRECORD
  5
AEE
102
{ACAD_REACTORS
330
AEC
102
}
330
AEC
100
AcDbXrecord
280
     1
1071
  4195796
1071
  5656503
 70
    25
 70
   104
 10
0.0
 20
0.0
 30
0.0
  0
XRECORD
  5
B14
102
{ACAD_REACTORS
330
B13
102
}
330
B13
100
AcDbXrecord
280
     1
1071
 50242585
1071
 68333042
 70
    25
 70
   104
 10
0.0
 20
0.0
 30
0.0
 10
1.617595756813279
 20
0.0
 30
0.0
 10
0.0
 20
0.0
 30
-1.0
 10
1.617595756813279
 20
0.0
 30
0.0
  0
XRECORD
  5
B15
102
{ACAD_REACTORS
330
B13
102
}
330
B13
100
AcDbXrecord
280
     1
1071
  4195796
1071
  5656503
 70
    25
 70
   104
 10
0.0
 20
0.0
 30
0.0
  0
XRECORD
  5
B3B
102
{ACAD_REACTORS
330
B3A
102
}
330
B3A
100
AcDbXrecord
280
     1
1071
 50242585
1071
 68333042
 70
    25
 70
   104
 10
0.0
 20
0.0
 30
0.0
 10
1.617595756813279
 20
0.0
 30
0.0
 10
0.0
 20
0.0
 30
-1.0
 10
1.617595756813279
 20
0.0
 30
0.0
  0
XRECORD
  5
B3C
102
{ACAD_REACTORS
330
B3A
102
}
330
B3A
100
AcDbXrecord
280
     1
1071
  4195796
1071
  5656503
 70
    25
 70
   104
 10
0.0
 20
0.0
 30
0.0
  0
XRECORD
  5
C3B
102
{ACAD_REACTORS
330
C3A
102
}
330
C3A
100
AcDbXrecord
280
     1
1071
 50242585
1071
 68333042
 70
    25
 70
   104
 10
0.0
 20
0.0
 30
0.0
 10
-0.0705545034173161
 20
1.61605634014036
 30
0.0
 10
0.0
 20
0.0
 30
-1.0
 10
1.617595756813279
 20
0.0
 30
0.0
  0
XRECORD
  5
C3C
102
{ACAD_REACTORS
330
C3A
102
}
330
C3A
100
AcDbXrecord
280
     1
1071
  4195796
1071
  5656503
 70
    25
 70
   104
 10
0.0
 20
0.0
 30
0.0
  0
XRECORD
  5
C65
102
{ACAD_REACTORS
330
C64
102
}
330
C64
100
AcDbXrecord
280
     1
1071
 50242585
1071
 68333042
 70
    25
 70
   104
 10
0.0
 20
0.0
 30
0.0
 10
1.617595756813279
 20
0.0
 30
0.0
 10
0.0
 20
0.0
 30
-1.0
 10
1.617595756813279
 20
0.0
 30
0.0
  0
XRECORD
  5
C66
102
{ACAD_REACTORS
330
C64
102
}
330
C64
100
AcDbXrecord
280
     1
1071
  4195796
1071
  5656503
 70
    25
 70
   104
 10
0.0
 20
0.0
 30
0.0
  0
XRECORD
  5
E76
102
{ACAD_REACTORS
330
E75
102
}
330
E75
100
AcDbXrecord
280
     1
1071
 50242585
1071
 68333042
 70
    25
 70
   104
 10
0.0
 20
0.0
 30
0.0
 10
1.617595756813279
 20
0.0
 30
0.0
 10
0.0
 20
0.0
 30
-1.0
 10
1.617595756813279
 20
0.0
 30
0.0
  0
XRECORD
  5
E77
102
{ACAD_REACTORS
330
E75
102
}
330
E75
100
AcDbXrecord
280
     1
1071
  4195796
1071
  5656503
 70
    25
 70
   104
 10
0.0
 20
0.0
 30
0.0
  0
ENDSEC
  0
EOF
