
 Ordering network...
 Diagonals = 38   Off-diagonals = 58   Maximum size = 88

  ITER       DELTAP      BUS         DELTAQ      BUS        DELTA/V/      BUS       DELTAANG      BUS
   0         8.2200(       38   )    8.3069(       19   )
                                                             0.09353(        6   )   0.35948(       36   )
   1         0.8690(        8   )    1.1013(       19   )
                                                             0.02021(       24   )   0.04606(       36   )
   2         0.0279(       10   )    0.0266(        6   )
                                                             0.00059(        5   )   0.00132(       38   )
   3         0.0000(       10   )    0.0000(        6   )


 Reached tolerance in 3 iterations

 Largest mismatch:      0.00 MW      0.00 Mvar      0.01 MVA at bus 6 [6           345.00]
 System total absolute mismatch:                    0.04 MVA

 SWING BUS SUMMARY:
   BUS# X-- NAME --X BASKV      PGEN     PMAX    PMIN      QGEN     QMAX    QMIN
     39 39          22.000    1001.0   9999.9     0.0     -23.5   1500.0 -1000.0

 Generator conversion completed using ZSORCE

 31 loads converted during this step

 31 of 31 loads converted
 Ordering network...
 Diagonals = 39   Off-diagonals = 67   Maximum size = 92

 39 diagonal and 67 off-diagonal elements
 Out of file data--switch to terminal input mode

 Generator models use:
  CONS        1-   140
  STATES      1-    60

 Maximum Exc. Limiter models use:
  CONS      141-   240
  VARS        1-    10
  ICONS       1-    10

 Excitation System models use:
  CONS      241-   384
  STATES     61-   105
  VARS       11-    19

 Turbine Governor models use:
  CONS      385-   480
  STATES    106-   133
  VARS       20-    49
  ICONS      11-    12


 SUMMARY OF MODELS READ:

 GENS:  GENROU
          10

 MAXXL: MAXEX1
          10

 EXSYS: ESDC1A
           9

 GOVS:  TGOV1            GGOV1
           9                1

 NEXT AVAILABLE ADDRESSES ARE:
    CON  STATE    VAR   ICON
    481    134     50     13

 Only PSS/E supplied models in case. Compilation is not required
   1  0.93E-02      7 [7           345.00]    -0.8662E-06     0.3255E-06

     PTI INTERACTIVE POWER SYSTEM SIMULATOR--PSS(R)E     SAT, MAY 08 2021  10:24
 NEW ENGLAND TEST SYSTEM, 39 BUSES, 9 GENERATORS
 CREATED BY PABLO LEDESMA PABLOLE@ING.UC3M.ES

 INITIAL CONDITION LOAD FLOW USED 1 ITERATIONS

 ----------------------------- MACHINE INITIAL CONDITIONS -----------------------------
   BUS# X-- NAME --X BASKV ID  ETERM   EFD    POWER    VARS   P.F.  ANGLE   ID     IQ
     30 30          22.000 1  1.0475 1.1790  250.00  114.32 0.9094  14.72 0.1426 0.2203
     31 31          22.000 1  1.0400 2.7679  572.93  423.33 0.8043  43.83 0.6508 0.2135
     32 32          22.000 1  0.9831 1.9493  650.00   22.22 0.9994  68.42 0.5639 0.3460
     33 33          22.000 1  0.9972 2.1357  632.00  131.66 0.9790  63.89 0.5741 0.2991
     34 34          22.000 1  1.0123 4.0105  508.00  177.52 0.9440  67.71 0.5141 0.1353
     35 35          22.000 1  1.0493 2.2595  650.00  236.62 0.9397  58.34 0.5882 0.2978
     36 36          22.000 1  1.0635 2.0793  560.00  114.90 0.9796  66.00 0.4641 0.2711
     37 37          22.000 1  1.0278 1.8214  540.00  -10.38 0.9998  68.01 0.4289 0.3036
     38 38          22.000 1  1.0265 2.1030  830.00  101.28 0.9926  71.16 0.7083 0.4023
     39 39          22.000 1  1.0300 1.0437 1001.01  -23.46 0.9997  10.21 0.1498 0.9605
   1  0.13E-02     28 [28          345.00]     0.8059E-08    -0.1277E-06

 INITIAL CONDITIONS CHECK O.K.

 Channel output file is "ne_2.out"

 Channel output file is "ne_2.out"

    TIME X- VALUE --X X--------- IDENTIFIER ---------X X- VALUE --X X--------- IDENTIFIER ---------X
 -0.0100   0.0000     SPD     30[30          22.000]1    0.0000     SPD     31[31          22.000]1
     3     0.0000     SPD     32[32          22.000]1    0.0000     SPD     33[33          22.000]1
     5     0.0000     SPD     34[34          22.000]1    0.0000     SPD     35[35          22.000]1
     7     0.0000     SPD     36[36          22.000]1    0.0000     SPD     37[37          22.000]1
     9     0.0000     SPD     38[38          22.000]1    0.0000     SPD     39[39          22.000]1
    11     1.1790     EFD     30[30          22.000]1    2.7679     EFD     31[31          22.000]1
    13     1.9493     EFD     32[32          22.000]1    2.1357     EFD     33[33          22.000]1
    15     4.0105     EFD     34[34          22.000]1    2.2595     EFD     35[35          22.000]1
    17     2.0793     EFD     36[36          22.000]1    1.8214     EFD     37[37          22.000]1
    19     2.1030     EFD     38[38          22.000]1    1.0437     EFD     39[39          22.000]1
    21     0.0000     VOEL    30[30          22.000]1    0.0000     VOEL    31[31          22.000]1
    23     0.0000     VOEL    32[32          22.000]1    0.0000     VOEL    33[33          22.000]1
    25     0.0000     VOEL    34[34          22.000]1    0.0000     VOEL    35[35          22.000]1
    27     0.0000     VOEL    36[36          22.000]1    0.0000     VOEL    37[37          22.000]1
    29     0.0000     VOEL    38[38          22.000]1    0.0000     VOEL    39[39          22.000]1
    31     2.5000     POWR    30[30          22.000]1    5.7293     POWR    31[31          22.000]1
    33     6.5000     POWR    32[32          22.000]1    6.3200     POWR    33[33          22.000]1
    35     5.0800     POWR    34[34          22.000]1    6.5000     POWR    35[35          22.000]1
    37     5.6000     POWR    36[36          22.000]1    5.4000     POWR    37[37          22.000]1
    39     8.3000     POWR    38[38          22.000]1    10.010     POWR    39[39          22.000]1
    41     1.0420     VOLT      1 [1           345.00]   1.0430     VOLT      2 [2           345.00]
    43     1.0272     VOLT      3 [3           345.00]   1.0302     VOLT      4 [4           345.00]
    45     1.0492     VOLT      5 [5           345.00]   1.0507     VOLT      6 [6           345.00]
    47     1.0382     VOLT      7 [7           345.00]   1.0360     VOLT      8 [8           345.00]
    49     1.0409     VOLT      9 [9           345.00]   1.0381     VOLT     10 [10          345.00]
    51     1.0409     VOLT     11 [11          345.00]   1.0245     VOLT     12 [12          345.00]
    53     1.0329     VOLT     13 [13          345.00]   1.0239     VOLT     14 [14          345.00]
    55    0.99026     VOLT     15 [15          345.00]  0.99051     VOLT     16 [16          345.00]
    57     1.0033     VOLT     17 [17          345.00]   1.0111     VOLT     18 [18          345.00]
    59     1.0036     VOLT     19 [19          345.00]  0.93792     VOLT     20 [20          345.00]
    61    0.99363     VOLT     21 [21          345.00]   1.0171     VOLT     22 [22          345.00]
    63     1.0153     VOLT     23 [23          345.00]  0.99724     VOLT     24 [24          345.00]
    65     1.0378     VOLT     25 [25          345.00]   1.0281     VOLT     26 [26          345.00]
    67     1.0108     VOLT     27 [27          345.00]   1.0323     VOLT     28 [28          345.00]
    69     1.0298     VOLT     29 [29          345.00]   1.0418     VOLT     30 [30          22.000]
    71     1.0160     VOLT     31 [31          22.000]  0.97807     VOLT     32 [32          22.000]
    73    0.96310     VOLT     33 [33          22.000]  0.94959     VOLT     34 [34          22.000]
    75     1.0200     VOLT     35 [35          22.000]   1.0564     VOLT     36 [36          22.000]
    77     1.0084     VOLT     37 [37          22.000]   1.0047     VOLT     38 [38          22.000]
    79     1.0238     VOLT     39 [39          22.000]   5833.6     PMECH FOR ALL BUSES
    81     5850.8     PELEC FOR ALL BUSES               -17.201     PACCL FOR ALL BUSES
    83     5805.6     PLOAD FOR ALL BUSES                45.192     PE-PL FOR ALL BUSES

  1.0000 -1.56672E-06 -1.50883E-06 -1.36223E-06 -1.16529E-06 -9.42785E-07 -1.15111E-06
     7   -1.18721E-06 -1.46298E-06 -1.14752E-06 -2.65945E-06   1.1790       2.7679
    13     1.9494       2.1357       4.0105       2.2595       2.0794       1.8214
    19     2.1031       1.0437       0.0000       0.0000       0.0000       0.0000
    25     0.0000       0.0000       0.0000       0.0000       0.0000       0.0000
    31     2.5004       5.7296       6.5004       6.3203       5.0802       6.5003
    37     5.6003       5.4002       8.3003       10.007       1.0420       1.0430
    43     1.0272       1.0302       1.0492       1.0507       1.0382       1.0360
    49     1.0409       1.0381       1.0409       1.0245       1.0329       1.0239
    55    0.99026      0.99051       1.0033       1.0111       1.0036      0.93792
    61    0.99363       1.0171       1.0153      0.99724       1.0378       1.0281
    67     1.0108       1.0323       1.0298       1.0418       1.0160      0.97807
    73    0.96310      0.94959       1.0200       1.0564       1.0084       1.0047
    79     1.0238       5833.6       5850.8      -17.201       5805.6       45.192

 Channel output file is "ne_2.out"

    TIME X- VALUE --X X--------- IDENTIFIER ---------X X- VALUE --X X--------- IDENTIFIER ---------X
  1.0000 -1.56672E-06 SPD     30[30          22.000]1  -1.50883E-06 SPD     31[31          22.000]1
     3   -1.36223E-06 SPD     32[32          22.000]1  -1.16529E-06 SPD     33[33          22.000]1
     5   -9.42785E-07 SPD     34[34          22.000]1  -1.15111E-06 SPD     35[35          22.000]1
     7   -1.18721E-06 SPD     36[36          22.000]1  -1.46298E-06 SPD     37[37          22.000]1
     9   -1.14752E-06 SPD     38[38          22.000]1  -2.65945E-06 SPD     39[39          22.000]1
    11     1.1790     EFD     30[30          22.000]1    2.7679     EFD     31[31          22.000]1
    13     1.9494     EFD     32[32          22.000]1    2.1357     EFD     33[33          22.000]1
    15     4.0105     EFD     34[34          22.000]1    2.2595     EFD     35[35          22.000]1
    17     2.0794     EFD     36[36          22.000]1    1.8214     EFD     37[37          22.000]1
    19     2.1031     EFD     38[38          22.000]1    1.0437     EFD     39[39          22.000]1
    21     0.0000     VOEL    30[30          22.000]1    0.0000     VOEL    31[31          22.000]1
    23     0.0000     VOEL    32[32          22.000]1    0.0000     VOEL    33[33          22.000]1
    25     0.0000     VOEL    34[34          22.000]1    0.0000     VOEL    35[35          22.000]1
    27     0.0000     VOEL    36[36          22.000]1    0.0000     VOEL    37[37          22.000]1
    29     0.0000     VOEL    38[38          22.000]1    0.0000     VOEL    39[39          22.000]1
    31     2.5004     POWR    30[30          22.000]1    5.7296     POWR    31[31          22.000]1
    33     6.5003     POWR    32[32          22.000]1    6.3203     POWR    33[33          22.000]1
    35     5.0802     POWR    34[34          22.000]1    6.5003     POWR    35[35          22.000]1
    37     5.6003     POWR    36[36          22.000]1    5.4002     POWR    37[37          22.000]1
    39     8.3003     POWR    38[38          22.000]1    10.007     POWR    39[39          22.000]1
    41     1.0420     VOLT      1 [1           345.00]   1.0430     VOLT      2 [2           345.00]
    43     1.0272     VOLT      3 [3           345.00]   1.0302     VOLT      4 [4           345.00]
    45     1.0492     VOLT      5 [5           345.00]   1.0507     VOLT      6 [6           345.00]
    47     1.0382     VOLT      7 [7           345.00]   1.0360     VOLT      8 [8           345.00]
    49     1.0409     VOLT      9 [9           345.00]   1.0381     VOLT     10 [10          345.00]
    51     1.0409     VOLT     11 [11          345.00]   1.0245     VOLT     12 [12          345.00]
    53     1.0329     VOLT     13 [13          345.00]   1.0239     VOLT     14 [14          345.00]
    55    0.99026     VOLT     15 [15          345.00]  0.99051     VOLT     16 [16          345.00]
    57     1.0033     VOLT     17 [17          345.00]   1.0111     VOLT     18 [18          345.00]
    59     1.0036     VOLT     19 [19          345.00]  0.93792     VOLT     20 [20          345.00]
    61    0.99363     VOLT     21 [21          345.00]   1.0171     VOLT     22 [22          345.00]
    63     1.0153     VOLT     23 [23          345.00]  0.99724     VOLT     24 [24          345.00]
    65     1.0378     VOLT     25 [25          345.00]   1.0281     VOLT     26 [26          345.00]
    67     1.0108     VOLT     27 [27          345.00]   1.0323     VOLT     28 [28          345.00]
    69     1.0298     VOLT     29 [29          345.00]   1.0418     VOLT     30 [30          22.000]
    71     1.0160     VOLT     31 [31          22.000]  0.97807     VOLT     32 [32          22.000]
    73    0.96310     VOLT     33 [33          22.000]  0.94959     VOLT     34 [34          22.000]
    75     1.0200     VOLT     35 [35          22.000]   1.0564     VOLT     36 [36          22.000]
    77     1.0084     VOLT     37 [37          22.000]   1.0047     VOLT     38 [38          22.000]
    79     1.0238     VOLT     39 [39          22.000]   5833.6     PMECH FOR ALL BUSES
    81     5850.8     PELEC FOR ALL BUSES               -17.201     PACCL FOR ALL BUSES
    83     5805.6     PLOAD FOR ALL BUSES                45.192     PE-PL FOR ALL BUSES

  2.0000 -8.13225E-06 -8.02268E-06 -7.99939E-06 -7.93052E-06 -7.76196E-06 -7.88956E-06
     7   -8.03627E-06 -8.02066E-06 -8.24269E-06 -8.89771E-06   1.1791       2.7680
    13     1.9496       2.1359       4.0108       2.2596       2.0798       1.8216
    19     2.1035       1.0437       0.0000       0.0000       0.0000       0.0000
    25     0.0000       0.0000       0.0000       0.0000       0.0000       0.0000
    31     2.5010       5.7301       6.5009       6.3208       5.0807       6.5009
    37     5.6008       5.4007       8.3009       10.001       1.0420       1.0430
    43     1.0272       1.0302       1.0492       1.0507       1.0382       1.0360
    49     1.0409       1.0381       1.0409       1.0245       1.0329       1.0239
    55    0.99026      0.99051       1.0033       1.0111       1.0036      0.93792
    61    0.99363       1.0171       1.0153      0.99724       1.0378       1.0281
    67     1.0108       1.0323       1.0298       1.0418       1.0160      0.97807
    73    0.96310      0.94959       1.0200       1.0564       1.0084       1.0047
    79     1.0238       5833.6       5850.8      -17.201       5805.6       45.192

 Channel output file is "ne_2.out"

    TIME X- VALUE --X X--------- IDENTIFIER ---------X X- VALUE --X X--------- IDENTIFIER ---------X
  2.0000 -8.13225E-06 SPD     30[30          22.000]1  -8.02268E-06 SPD     31[31          22.000]1
     3   -7.99939E-06 SPD     32[32          22.000]1  -7.93052E-06 SPD     33[33          22.000]1
     5   -7.76196E-06 SPD     34[34          22.000]1  -7.88956E-06 SPD     35[35          22.000]1
     7   -8.03627E-06 SPD     36[36          22.000]1  -8.02066E-06 SPD     37[37          22.000]1
     9   -8.24269E-06 SPD     38[38          22.000]1  -8.89771E-06 SPD     39[39          22.000]1
    11     1.1791     EFD     30[30          22.000]1    2.7680     EFD     31[31          22.000]1
    13     1.9496     EFD     32[32          22.000]1    2.1359     EFD     33[33          22.000]1
    15     4.0108     EFD     34[34          22.000]1    2.2596     EFD     35[35          22.000]1
    17     2.0798     EFD     36[36          22.000]1    1.8216     EFD     37[37          22.000]1
    19     2.1035     EFD     38[38          22.000]1    1.0437     EFD     39[39          22.000]1
    21     0.0000     VOEL    30[30          22.000]1    0.0000     VOEL    31[31          22.000]1
    23     0.0000     VOEL    32[32          22.000]1    0.0000     VOEL    33[33          22.000]1
    25     0.0000     VOEL    34[34          22.000]1    0.0000     VOEL    35[35          22.000]1
    27     0.0000     VOEL    36[36          22.000]1    0.0000     VOEL    37[37          22.000]1
    29     0.0000     VOEL    38[38          22.000]1    0.0000     VOEL    39[39          22.000]1
    31     2.5010     POWR    30[30          22.000]1    5.7301     POWR    31[31          22.000]1
    33     6.5009     POWR    32[32          22.000]1    6.3208     POWR    33[33          22.000]1
    35     5.0807     POWR    34[34          22.000]1    6.5008     POWR    35[35          22.000]1
    37     5.6008     POWR    36[36          22.000]1    5.4007     POWR    37[37          22.000]1
    39     8.3008     POWR    38[38          22.000]1    10.001     POWR    39[39          22.000]1
    41     1.0420     VOLT      1 [1           345.00]   1.0430     VOLT      2 [2           345.00]
    43     1.0272     VOLT      3 [3           345.00]   1.0302     VOLT      4 [4           345.00]
    45     1.0492     VOLT      5 [5           345.00]   1.0507     VOLT      6 [6           345.00]
    47     1.0382     VOLT      7 [7           345.00]   1.0360     VOLT      8 [8           345.00]
    49     1.0409     VOLT      9 [9           345.00]   1.0381     VOLT     10 [10          345.00]
    51     1.0409     VOLT     11 [11          345.00]   1.0245     VOLT     12 [12          345.00]
    53     1.0329     VOLT     13 [13          345.00]   1.0239     VOLT     14 [14          345.00]
    55    0.99026     VOLT     15 [15          345.00]  0.99051     VOLT     16 [16          345.00]
    57     1.0033     VOLT     17 [17          345.00]   1.0111     VOLT     18 [18          345.00]
    59     1.0036     VOLT     19 [19          345.00]  0.93792     VOLT     20 [20          345.00]
    61    0.99363     VOLT     21 [21          345.00]   1.0171     VOLT     22 [22          345.00]
    63     1.0153     VOLT     23 [23          345.00]  0.99724     VOLT     24 [24          345.00]
    65     1.0378     VOLT     25 [25          345.00]   1.0281     VOLT     26 [26          345.00]
    67     1.0108     VOLT     27 [27          345.00]   1.0323     VOLT     28 [28          345.00]
    69     1.0298     VOLT     29 [29          345.00]   1.0418     VOLT     30 [30          22.000]
    71     1.0160     VOLT     31 [31          22.000]  0.97807     VOLT     32 [32          22.000]
    73    0.96310     VOLT     33 [33          22.000]  0.94959     VOLT     34 [34          22.000]
    75     1.0200     VOLT     35 [35          22.000]   1.0564     VOLT     36 [36          22.000]
    77     1.0084     VOLT     37 [37          22.000]   1.0047     VOLT     38 [38          22.000]
    79     1.0238     VOLT     39 [39          22.000]   5833.6     PMECH FOR ALL BUSES
    81     5850.8     PELEC FOR ALL BUSES               -17.201     PACCL FOR ALL BUSES
    83     5805.6     PLOAD FOR ALL BUSES                45.192     PE-PL FOR ALL BUSES

  3.0000 -1.47488E-05 -1.46159E-05 -1.47195E-05 -1.45874E-05 -1.41454E-05 -1.44465E-05
     7   -1.46118E-05 -1.46433E-05 -1.48347E-05 -1.56052E-05   1.1792       2.7681
    13     1.9499       2.1362       4.0110       2.2597       2.0800       1.8218
    19     2.1036       1.0437       0.0000       0.0000       0.0000       0.0000
    25     0.0000       0.0000       0.0000       0.0000       0.0000       0.0000
    31     2.5015       5.7307       6.5015       6.3214       5.0813       6.5015
    37     5.6013       5.4013       8.3015       9.9957       1.0420       1.0430
    43     1.0272       1.0302       1.0492       1.0507       1.0382       1.0360
    49     1.0409       1.0381       1.0409       1.0245       1.0329       1.0239
    55    0.99026      0.99051       1.0033       1.0111       1.0036      0.93792
    61    0.99363       1.0171       1.0153      0.99724       1.0378       1.0281
    67     1.0108       1.0323       1.0298       1.0418       1.0160      0.97807
    73    0.96310      0.94959       1.0200       1.0564       1.0084       1.0047
    79     1.0238       5833.6       5850.8      -17.201       5805.6       45.192

 Channel output file is "ne_2.out"

    TIME X- VALUE --X X--------- IDENTIFIER ---------X X- VALUE --X X--------- IDENTIFIER ---------X
  3.0000 -1.47488E-05 SPD     30[30          22.000]1  -1.46159E-05 SPD     31[31          22.000]1
     3   -1.47195E-05 SPD     32[32          22.000]1  -1.45874E-05 SPD     33[33          22.000]1
     5   -1.41454E-05 SPD     34[34          22.000]1  -1.44465E-05 SPD     35[35          22.000]1
     7   -1.46118E-05 SPD     36[36          22.000]1  -1.46433E-05 SPD     37[37          22.000]1
     9   -1.48347E-05 SPD     38[38          22.000]1  -1.56052E-05 SPD     39[39          22.000]1
    11     1.1792     EFD     30[30          22.000]1    2.7681     EFD     31[31          22.000]1
    13     1.9499     EFD     32[32          22.000]1    2.1362     EFD     33[33          22.000]1
    15     4.0110     EFD     34[34          22.000]1    2.2597     EFD     35[35          22.000]1
    17     2.0800     EFD     36[36          22.000]1    1.8218     EFD     37[37          22.000]1
    19     2.1036     EFD     38[38          22.000]1    1.0437     EFD     39[39          22.000]1
    21     0.0000     VOEL    30[30          22.000]1    0.0000     VOEL    31[31          22.000]1
    23     0.0000     VOEL    32[32          22.000]1    0.0000     VOEL    33[33          22.000]1
    25     0.0000     VOEL    34[34          22.000]1    0.0000     VOEL    35[35          22.000]1
    27     0.0000     VOEL    36[36          22.000]1    0.0000     VOEL    37[37          22.000]1
    29     0.0000     VOEL    38[38          22.000]1    0.0000     VOEL    39[39          22.000]1
    31     2.5015     POWR    30[30          22.000]1    5.7306     POWR    31[31          22.000]1
    33     6.5014     POWR    32[32          22.000]1    6.3213     POWR    33[33          22.000]1
    35     5.0812     POWR    34[34          22.000]1    6.5014     POWR    35[35          22.000]1
    37     5.6013     POWR    36[36          22.000]1    5.4013     POWR    37[37          22.000]1
    39     8.3014     POWR    38[38          22.000]1    9.9956     POWR    39[39          22.000]1
    41     1.0420     VOLT      1 [1           345.00]   1.0430     VOLT      2 [2           345.00]
    43     1.0272     VOLT      3 [3           345.00]   1.0302     VOLT      4 [4           345.00]
    45     1.0492     VOLT      5 [5           345.00]   1.0507     VOLT      6 [6           345.00]
    47     1.0382     VOLT      7 [7           345.00]   1.0360     VOLT      8 [8           345.00]
    49     1.0409     VOLT      9 [9           345.00]   1.0381     VOLT     10 [10          345.00]
    51     1.0409     VOLT     11 [11          345.00]   1.0245     VOLT     12 [12          345.00]
    53     1.0329     VOLT     13 [13          345.00]   1.0239     VOLT     14 [14          345.00]
    55    0.99026     VOLT     15 [15          345.00]  0.99051     VOLT     16 [16          345.00]
    57     1.0033     VOLT     17 [17          345.00]   1.0111     VOLT     18 [18          345.00]
    59     1.0036     VOLT     19 [19          345.00]  0.93792     VOLT     20 [20          345.00]
    61    0.99363     VOLT     21 [21          345.00]   1.0171     VOLT     22 [22          345.00]
    63     1.0153     VOLT     23 [23          345.00]  0.99724     VOLT     24 [24          345.00]
    65     1.0378     VOLT     25 [25          345.00]   1.0281     VOLT     26 [26          345.00]
    67     1.0108     VOLT     27 [27          345.00]   1.0323     VOLT     28 [28          345.00]
    69     1.0298     VOLT     29 [29          345.00]   1.0418     VOLT     30 [30          22.000]
    71     1.0160     VOLT     31 [31          22.000]  0.97807     VOLT     32 [32          22.000]
    73    0.96310     VOLT     33 [33          22.000]  0.94959     VOLT     34 [34          22.000]
    75     1.0200     VOLT     35 [35          22.000]   1.0564     VOLT     36 [36          22.000]
    77     1.0084     VOLT     37 [37          22.000]   1.0047     VOLT     38 [38          22.000]
    79     1.0238     VOLT     39 [39          22.000]   5833.6     PMECH FOR ALL BUSES
    81     5850.8     PELEC FOR ALL BUSES               -17.201     PACCL FOR ALL BUSES
    83     5805.6     PLOAD FOR ALL BUSES                45.192     PE-PL FOR ALL BUSES

  4.0000 -1.88499E-05 -1.87606E-05 -1.89971E-05 -1.88768E-05 -1.84547E-05 -1.86521E-05
     7   -1.87452E-05 -1.88375E-05 -1.88454E-05 -1.93701E-05   1.1793       2.7681
    13     1.9502       2.1366       4.0111       2.2597       2.0801       1.8220
    19     2.1035       1.0437       0.0000       0.0000       0.0000       0.0000
    25     0.0000       0.0000       0.0000       0.0000       0.0000       0.0000
    31     2.5017       5.7310       6.5018       6.3218       5.0816       6.5018
    37     5.6017       5.4017       8.3018       9.9926       1.0420       1.0430
    43     1.0272       1.0302       1.0492       1.0507       1.0382       1.0360
    49     1.0409       1.0381       1.0409       1.0245       1.0329       1.0239
    55    0.99026      0.99051       1.0033       1.0111       1.0036      0.93792
    61    0.99363       1.0171       1.0153      0.99724       1.0378       1.0281
    67     1.0108       1.0323       1.0298       1.0418       1.0160      0.97807
    73    0.96310      0.94959       1.0200       1.0564       1.0084       1.0047
    79     1.0238       5833.6       5850.8      -17.201       5805.6       45.192

 Channel output file is "ne_2.out"

    TIME X- VALUE --X X--------- IDENTIFIER ---------X X- VALUE --X X--------- IDENTIFIER ---------X
  4.0000 -1.88499E-05 SPD     30[30          22.000]1  -1.87606E-05 SPD     31[31          22.000]1
     3   -1.89971E-05 SPD     32[32          22.000]1  -1.88768E-05 SPD     33[33          22.000]1
     5   -1.84547E-05 SPD     34[34          22.000]1  -1.86521E-05 SPD     35[35          22.000]1
     7   -1.87452E-05 SPD     36[36          22.000]1  -1.88375E-05 SPD     37[37          22.000]1
     9   -1.88454E-05 SPD     38[38          22.000]1  -1.93701E-05 SPD     39[39          22.000]1
    11     1.1793     EFD     30[30          22.000]1    2.7681     EFD     31[31          22.000]1
    13     1.9502     EFD     32[32          22.000]1    2.1366     EFD     33[33          22.000]1
    15     4.0111     EFD     34[34          22.000]1    2.2597     EFD     35[35          22.000]1
    17     2.0801     EFD     36[36          22.000]1    1.8220     EFD     37[37          22.000]1
    19     2.1035     EFD     38[38          22.000]1    1.0437     EFD     39[39          22.000]1
    21     0.0000     VOEL    30[30          22.000]1    0.0000     VOEL    31[31          22.000]1
    23     0.0000     VOEL    32[32          22.000]1    0.0000     VOEL    33[33          22.000]1
    25     0.0000     VOEL    34[34          22.000]1    0.0000     VOEL    35[35          22.000]1
    27     0.0000     VOEL    36[36          22.000]1    0.0000     VOEL    37[37          22.000]1
    29     0.0000     VOEL    38[38          22.000]1    0.0000     VOEL    39[39          22.000]1
    31     2.5017     POWR    30[30          22.000]1    5.7309     POWR    31[31          22.000]1
    33     6.5017     POWR    32[32          22.000]1    6.3217     POWR    33[33          22.000]1
    35     5.0816     POWR    34[34          22.000]1    6.5017     POWR    35[35          22.000]1
    37     5.6017     POWR    36[36          22.000]1    5.4017     POWR    37[37          22.000]1
    39     8.3018     POWR    38[38          22.000]1    9.9925     POWR    39[39          22.000]1
    41     1.0420     VOLT      1 [1           345.00]   1.0430     VOLT      2 [2           345.00]
    43     1.0272     VOLT      3 [3           345.00]   1.0302     VOLT      4 [4           345.00]
    45     1.0492     VOLT      5 [5           345.00]   1.0507     VOLT      6 [6           345.00]
    47     1.0382     VOLT      7 [7           345.00]   1.0360     VOLT      8 [8           345.00]
    49     1.0409     VOLT      9 [9           345.00]   1.0381     VOLT     10 [10          345.00]
    51     1.0409     VOLT     11 [11          345.00]   1.0245     VOLT     12 [12          345.00]
    53     1.0329     VOLT     13 [13          345.00]   1.0239     VOLT     14 [14          345.00]
    55    0.99026     VOLT     15 [15          345.00]  0.99051     VOLT     16 [16          345.00]
    57     1.0033     VOLT     17 [17          345.00]   1.0111     VOLT     18 [18          345.00]
    59     1.0036     VOLT     19 [19          345.00]  0.93792     VOLT     20 [20          345.00]
    61    0.99363     VOLT     21 [21          345.00]   1.0171     VOLT     22 [22          345.00]
    63     1.0153     VOLT     23 [23          345.00]  0.99724     VOLT     24 [24          345.00]
    65     1.0378     VOLT     25 [25          345.00]   1.0281     VOLT     26 [26          345.00]
    67     1.0108     VOLT     27 [27          345.00]   1.0323     VOLT     28 [28          345.00]
    69     1.0298     VOLT     29 [29          345.00]   1.0418     VOLT     30 [30          22.000]
    71     1.0160     VOLT     31 [31          22.000]  0.97807     VOLT     32 [32          22.000]
    73    0.96310     VOLT     33 [33          22.000]  0.94959     VOLT     34 [34          22.000]
    75     1.0200     VOLT     35 [35          22.000]   1.0564     VOLT     36 [36          22.000]
    77     1.0084     VOLT     37 [37          22.000]   1.0047     VOLT     38 [38          22.000]
    79     1.0238     VOLT     39 [39          22.000]   5833.6     PMECH FOR ALL BUSES
    81     5850.8     PELEC FOR ALL BUSES               -17.201     PACCL FOR ALL BUSES
    83     5805.6     PLOAD FOR ALL BUSES                45.192     PE-PL FOR ALL BUSES

  5.0001 -1.93092E-05 -1.92903E-05 -1.96267E-05 -1.95651E-05 -1.92136E-05 -1.93562E-05
     7   -1.93661E-05 -1.94133E-05 -1.93831E-05 -1.93750E-05   1.1793       2.7682
    13     1.9504       2.1369       4.0111       2.2598       2.0800       1.8221
    19     2.1034       1.0437       0.0000       0.0000       0.0000       0.0000
    25     0.0000       0.0000       0.0000       0.0000       0.0000       0.0000
    31     2.5019       5.7313       6.5020       6.3220       5.0819       6.5020
    37     5.6020       5.4020       8.3020       9.9909       1.0420       1.0430
    43     1.0272       1.0302       1.0492       1.0507       1.0382       1.0360
    49     1.0409       1.0381       1.0409       1.0245       1.0329       1.0239
    55    0.99026      0.99051       1.0033       1.0111       1.0036      0.93792
    61    0.99363       1.0171       1.0153      0.99724       1.0378       1.0281
    67     1.0108       1.0323       1.0298       1.0418       1.0160      0.97807
    73    0.96310      0.94959       1.0200       1.0564       1.0084       1.0047
    79     1.0238       5833.6       5850.8      -17.201       5805.6       45.192

 *** Status of machine "1" at bus 38 [38          22.000] is set to out-of-service ***

 Channel output file is "ne_2.out"

 39 diagonal and 67 off-diagonal elements

    TIME X- VALUE --X X--------- IDENTIFIER ---------X X- VALUE --X X--------- IDENTIFIER ---------X
  5.0001 -1.93092E-05 SPD     30[30          22.000]1  -1.92903E-05 SPD     31[31          22.000]1
     3   -1.96267E-05 SPD     32[32          22.000]1  -1.95651E-05 SPD     33[33          22.000]1
     5   -1.92136E-05 SPD     34[34          22.000]1  -1.93562E-05 SPD     35[35          22.000]1
     7   -1.93661E-05 SPD     36[36          22.000]1  -1.94133E-05 SPD     37[37          22.000]1
     9     0.0000     SPD     38[38          22.000]1  -1.93750E-05 SPD     39[39          22.000]1
    11     1.1793     EFD     30[30          22.000]1    2.7682     EFD     31[31          22.000]1
    13     1.9504     EFD     32[32          22.000]1    2.1369     EFD     33[33          22.000]1
    15     4.0111     EFD     34[34          22.000]1    2.2598     EFD     35[35          22.000]1
    17     2.0800     EFD     36[36          22.000]1    1.8221     EFD     37[37          22.000]1
    19     0.0000     EFD     38[38          22.000]1    1.0437     EFD     39[39          22.000]1
    21     0.0000     VOEL    30[30          22.000]1    0.0000     VOEL    31[31          22.000]1
    23     0.0000     VOEL    32[32          22.000]1    0.0000     VOEL    33[33          22.000]1
    25     0.0000     VOEL    34[34          22.000]1    0.0000     VOEL    35[35          22.000]1
    27     0.0000     VOEL    36[36          22.000]1    0.0000     VOEL    37[37          22.000]1
    29     0.0000     VOEL    38[38          22.000]1    0.0000     VOEL    39[39          22.000]1
    31     3.9883     POWR    30[30          22.000]1    6.2726     POWR    31[31          22.000]1
    33     6.9751     POWR    32[32          22.000]1    6.9306     POWR    33[33          22.000]1
    35     5.5093     POWR    34[34          22.000]1    7.1580     POWR    35[35          22.000]1
    37     6.0689     POWR    36[36          22.000]1    6.8820     POWR    37[37          22.000]1
    39     0.0000     POWR    38[38          22.000]1    11.228     POWR    39[39          22.000]1
    41     1.0420     VOLT      1 [1           345.00]   1.0430     VOLT      2 [2           345.00]
    43     1.0272     VOLT      3 [3           345.00]   1.0302     VOLT      4 [4           345.00]
    45     1.0492     VOLT      5 [5           345.00]   1.0507     VOLT      6 [6           345.00]
    47     1.0382     VOLT      7 [7           345.00]   1.0360     VOLT      8 [8           345.00]
    49     1.0409     VOLT      9 [9           345.00]   1.0381     VOLT     10 [10          345.00]
    51     1.0409     VOLT     11 [11          345.00]   1.0245     VOLT     12 [12          345.00]
    53     1.0329     VOLT     13 [13          345.00]   1.0239     VOLT     14 [14          345.00]
    55    0.99026     VOLT     15 [15          345.00]  0.99051     VOLT     16 [16          345.00]
    57     1.0033     VOLT     17 [17          345.00]   1.0111     VOLT     18 [18          345.00]
    59     1.0036     VOLT     19 [19          345.00]  0.93792     VOLT     20 [20          345.00]
    61    0.99363     VOLT     21 [21          345.00]   1.0171     VOLT     22 [22          345.00]
    63     1.0153     VOLT     23 [23          345.00]  0.99724     VOLT     24 [24          345.00]
    65     1.0378     VOLT     25 [25          345.00]   1.0281     VOLT     26 [26          345.00]
    67     1.0108     VOLT     27 [27          345.00]   1.0323     VOLT     28 [28          345.00]
    69     1.0298     VOLT     29 [29          345.00]   1.0418     VOLT     30 [30          22.000]
    71     1.0160     VOLT     31 [31          22.000]  0.97807     VOLT     32 [32          22.000]
    73    0.96310     VOLT     33 [33          22.000]  0.94959     VOLT     34 [34          22.000]
    75     1.0200     VOLT     35 [35          22.000]   1.0564     VOLT     36 [36          22.000]
    77     1.0084     VOLT     37 [37          22.000]   1.0047     VOLT     38 [38          22.000]
    79     1.0238     VOLT     39 [39          22.000]   5833.6     PMECH FOR ALL BUSES
    81     5850.8     PELEC FOR ALL BUSES               -17.201     PACCL FOR ALL BUSES
    83     5805.6     PLOAD FOR ALL BUSES                45.192     PE-PL FOR ALL BUSES

 Model MAXEX1 Bus 36 [36          22.000] Machine "1 " :
 AT TIME=   5.21 TIMER ACTIVATED EFD =   2.29

 Model MAXEX1 Bus 37 [37          22.000] Machine "1 " :
 AT TIME=   5.48 TIMER ACTIVATED EFD =   2.01

 Model MAXEX1 Bus 33 [33          22.000] Machine "1 " :
 AT TIME=   5.71 TIMER ACTIVATED EFD =   2.35

 Model MAXEX1 Bus 32 [32          22.000] Machine "1 " :
 AT TIME=   5.81 TIMER ACTIVATED EFD =   2.15

  6.0001 -4.17923E-03 -3.03528E-03 -2.82140E-03 -3.03961E-03 -2.89534E-03 -2.55334E-03
     7   -2.75381E-03 -3.74304E-03   0.0000     -4.10783E-03   1.2912       2.8483
    13     2.1724       2.4181       4.2235       2.3747       2.5674       2.2090
    19     0.0000       1.0437       0.0000       0.0000       0.0000       0.0000
    25     0.0000       0.0000       0.0000       0.0000       0.0000       0.0000
    31     3.2837       6.1246       6.7955       6.5725       5.1270       6.7935
    37     5.8922       6.0375       0.0000       13.502       1.0420       1.0430
    43     1.0272       1.0302       1.0492       1.0507       1.0382       1.0360
    49     1.0409       1.0381       1.0409       1.0245       1.0329       1.0239
    55    0.99026      0.99051       1.0033       1.0111       1.0036      0.93792
    61    0.99363       1.0171       1.0153      0.99724       1.0378       1.0281
    67     1.0108       1.0323       1.0298       1.0418       1.0160      0.97807
    73    0.96310      0.94959       1.0200       1.0564       1.0084       1.0047
    79     1.0238       5833.6       5850.8      -17.201       5805.6       45.192

 Channel output file is "ne_2.out"

    TIME X- VALUE --X X--------- IDENTIFIER ---------X X- VALUE --X X--------- IDENTIFIER ---------X
  6.0001 -4.17923E-03 SPD     30[30          22.000]1  -3.03528E-03 SPD     31[31          22.000]1
     3   -2.82140E-03 SPD     32[32          22.000]1  -3.03961E-03 SPD     33[33          22.000]1
     5   -2.89534E-03 SPD     34[34          22.000]1  -2.55334E-03 SPD     35[35          22.000]1
     7   -2.75381E-03 SPD     36[36          22.000]1  -3.74304E-03 SPD     37[37          22.000]1
     9     0.0000     SPD     38[38          22.000]1  -4.10783E-03 SPD     39[39          22.000]1
    11     1.2912     EFD     30[30          22.000]1    2.8483     EFD     31[31          22.000]1
    13     2.1724     EFD     32[32          22.000]1    2.4181     EFD     33[33          22.000]1
    15     4.2235     EFD     34[34          22.000]1    2.3747     EFD     35[35          22.000]1
    17     2.5674     EFD     36[36          22.000]1    2.2090     EFD     37[37          22.000]1
    19     0.0000     EFD     38[38          22.000]1    1.0437     EFD     39[39          22.000]1
    21     0.0000     VOEL    30[30          22.000]1    0.0000     VOEL    31[31          22.000]1
    23     0.0000     VOEL    32[32          22.000]1    0.0000     VOEL    33[33          22.000]1
    25     0.0000     VOEL    34[34          22.000]1    0.0000     VOEL    35[35          22.000]1
    27     0.0000     VOEL    36[36          22.000]1    0.0000     VOEL    37[37          22.000]1
    29     0.0000     VOEL    38[38          22.000]1    0.0000     VOEL    39[39          22.000]1
    31     3.2836     POWR    30[30          22.000]1    6.1245     POWR    31[31          22.000]1
    33     6.7954     POWR    32[32          22.000]1    6.5724     POWR    33[33          22.000]1
    35     5.1269     POWR    34[34          22.000]1    6.7934     POWR    35[35          22.000]1
    37     5.8921     POWR    36[36          22.000]1    6.0374     POWR    37[37          22.000]1
    39     0.0000     POWR    38[38          22.000]1    13.502     POWR    39[39          22.000]1
    41     1.0420     VOLT      1 [1           345.00]   1.0430     VOLT      2 [2           345.00]
    43     1.0272     VOLT      3 [3           345.00]   1.0302     VOLT      4 [4           345.00]
    45     1.0492     VOLT      5 [5           345.00]   1.0507     VOLT      6 [6           345.00]
    47     1.0382     VOLT      7 [7           345.00]   1.0360     VOLT      8 [8           345.00]
    49     1.0409     VOLT      9 [9           345.00]   1.0381     VOLT     10 [10          345.00]
    51     1.0409     VOLT     11 [11          345.00]   1.0245     VOLT     12 [12          345.00]
    53     1.0329     VOLT     13 [13          345.00]   1.0239     VOLT     14 [14          345.00]
    55    0.99026     VOLT     15 [15          345.00]  0.99051     VOLT     16 [16          345.00]
    57     1.0033     VOLT     17 [17          345.00]   1.0111     VOLT     18 [18          345.00]
    59     1.0036     VOLT     19 [19          345.00]  0.93792     VOLT     20 [20          345.00]
    61    0.99363     VOLT     21 [21          345.00]   1.0171     VOLT     22 [22          345.00]
    63     1.0153     VOLT     23 [23          345.00]  0.99724     VOLT     24 [24          345.00]
    65     1.0378     VOLT     25 [25          345.00]   1.0281     VOLT     26 [26          345.00]
    67     1.0108     VOLT     27 [27          345.00]   1.0323     VOLT     28 [28          345.00]
    69     1.0298     VOLT     29 [29          345.00]   1.0418     VOLT     30 [30          22.000]
    71     1.0160     VOLT     31 [31          22.000]  0.97807     VOLT     32 [32          22.000]
    73    0.96310     VOLT     33 [33          22.000]  0.94959     VOLT     34 [34          22.000]
    75     1.0200     VOLT     35 [35          22.000]   1.0564     VOLT     36 [36          22.000]
    77     1.0084     VOLT     37 [37          22.000]   1.0047     VOLT     38 [38          22.000]
    79     1.0238     VOLT     39 [39          22.000]   5833.6     PMECH FOR ALL BUSES
    81     5850.8     PELEC FOR ALL BUSES               -17.201     PACCL FOR ALL BUSES
    83     5805.6     PLOAD FOR ALL BUSES                45.192     PE-PL FOR ALL BUSES

  7.0001 -7.06867E-03 -6.56573E-03 -6.48166E-03 -7.02943E-03 -7.34538E-03 -6.60557E-03
     7   -6.78059E-03 -7.49657E-03   0.0000     -6.47694E-03   1.2961       2.8840
    13     2.3455       2.6480       4.3577       2.4151       2.6103       2.4519
    19     0.0000       1.0437       0.0000       0.0000       0.0000       0.0000
    25     0.0000       0.0000       0.0000       0.0000       0.0000       0.0000
    31     3.0293       6.3719       7.1353       6.9166       5.5907       7.1406
    37     6.2122       6.0333       0.0000       11.491       1.0420       1.0430
    43     1.0272       1.0302       1.0492       1.0507       1.0382       1.0360
    49     1.0409       1.0381       1.0409       1.0245       1.0329       1.0239
    55    0.99026      0.99051       1.0033       1.0111       1.0036      0.93792
    61    0.99363       1.0171       1.0153      0.99724       1.0378       1.0281
    67     1.0108       1.0323       1.0298       1.0418       1.0160      0.97807
    73    0.96310      0.94959       1.0200       1.0564       1.0084       1.0047
    79     1.0238       5833.6       5850.8      -17.201       5805.6       45.192

 Channel output file is "ne_2.out"

    TIME X- VALUE --X X--------- IDENTIFIER ---------X X- VALUE --X X--------- IDENTIFIER ---------X
  7.0001 -7.06867E-03 SPD     30[30          22.000]1  -6.56573E-03 SPD     31[31          22.000]1
     3   -6.48166E-03 SPD     32[32          22.000]1  -7.02943E-03 SPD     33[33          22.000]1
     5   -7.34538E-03 SPD     34[34          22.000]1  -6.60557E-03 SPD     35[35          22.000]1
     7   -6.78059E-03 SPD     36[36          22.000]1  -7.49657E-03 SPD     37[37          22.000]1
     9     0.0000     SPD     38[38          22.000]1  -6.47694E-03 SPD     39[39          22.000]1
    11     1.2961     EFD     30[30          22.000]1    2.8840     EFD     31[31          22.000]1
    13     2.3455     EFD     32[32          22.000]1    2.6480     EFD     33[33          22.000]1
    15     4.3577     EFD     34[34          22.000]1    2.4151     EFD     35[35          22.000]1
    17     2.6103     EFD     36[36          22.000]1    2.4519     EFD     37[37          22.000]1
    19     0.0000     EFD     38[38          22.000]1    1.0437     EFD     39[39          22.000]1
    21     0.0000     VOEL    30[30          22.000]1    0.0000     VOEL    31[31          22.000]1
    23     0.0000     VOEL    32[32          22.000]1    0.0000     VOEL    33[33          22.000]1
    25     0.0000     VOEL    34[34          22.000]1    0.0000     VOEL    35[35          22.000]1
    27     0.0000     VOEL    36[36          22.000]1    0.0000     VOEL    37[37          22.000]1
    29     0.0000     VOEL    38[38          22.000]1    0.0000     VOEL    39[39          22.000]1
    31     3.0294     POWR    30[30          22.000]1    6.3719     POWR    31[31          22.000]1
    33     7.1353     POWR    32[32          22.000]1    6.9167     POWR    33[33          22.000]1
    35     5.5907     POWR    34[34          22.000]1    7.1407     POWR    35[35          22.000]1
    37     6.2122     POWR    36[36          22.000]1    6.0334     POWR    37[37          22.000]1
    39     0.0000     POWR    38[38          22.000]1    11.491     POWR    39[39          22.000]1
    41     1.0420     VOLT      1 [1           345.00]   1.0430     VOLT      2 [2           345.00]
    43     1.0272     VOLT      3 [3           345.00]   1.0302     VOLT      4 [4           345.00]
    45     1.0492     VOLT      5 [5           345.00]   1.0507     VOLT      6 [6           345.00]
    47     1.0382     VOLT      7 [7           345.00]   1.0360     VOLT      8 [8           345.00]
    49     1.0409     VOLT      9 [9           345.00]   1.0381     VOLT     10 [10          345.00]
    51     1.0409     VOLT     11 [11          345.00]   1.0245     VOLT     12 [12          345.00]
    53     1.0329     VOLT     13 [13          345.00]   1.0239     VOLT     14 [14          345.00]
    55    0.99026     VOLT     15 [15          345.00]  0.99051     VOLT     16 [16          345.00]
    57     1.0033     VOLT     17 [17          345.00]   1.0111     VOLT     18 [18          345.00]
    59     1.0036     VOLT     19 [19          345.00]  0.93792     VOLT     20 [20          345.00]
    61    0.99363     VOLT     21 [21          345.00]   1.0171     VOLT     22 [22          345.00]
    63     1.0153     VOLT     23 [23          345.00]  0.99724     VOLT     24 [24          345.00]
    65     1.0378     VOLT     25 [25          345.00]   1.0281     VOLT     26 [26          345.00]
    67     1.0108     VOLT     27 [27          345.00]   1.0323     VOLT     28 [28          345.00]
    69     1.0298     VOLT     29 [29          345.00]   1.0418     VOLT     30 [30          22.000]
    71     1.0160     VOLT     31 [31          22.000]  0.97807     VOLT     32 [32          22.000]
    73    0.96310     VOLT     33 [33          22.000]  0.94959     VOLT     34 [34          22.000]
    75     1.0200     VOLT     35 [35          22.000]   1.0564     VOLT     36 [36          22.000]
    77     1.0084     VOLT     37 [37          22.000]   1.0047     VOLT     38 [38          22.000]
    79     1.0238     VOLT     39 [39          22.000]   5833.6     PMECH FOR ALL BUSES
    81     5850.8     PELEC FOR ALL BUSES               -17.201     PACCL FOR ALL BUSES
    83     5805.6     PLOAD FOR ALL BUSES                45.192     PE-PL FOR ALL BUSES

  8.0001 -8.18019E-03 -7.96754E-03 -7.87779E-03 -8.00167E-03 -7.72964E-03 -7.72389E-03
     7   -7.74082E-03 -8.37355E-03   0.0000     -8.45558E-03   1.2526       2.8690
    13     2.3659       2.6790       4.3204       2.3878       2.3576       2.4909
    19     0.0000       1.0437       0.0000       0.0000       0.0000       0.0000
    25     0.0000       0.0000       0.0000       0.0000       0.0000       0.0000
    31     3.1679       6.5173       7.3576       7.1300       5.8566       7.3745
    37     6.4234       6.0756       0.0000       10.306       1.0420       1.0430
    43     1.0272       1.0302       1.0492       1.0507       1.0382       1.0360
    49     1.0409       1.0381       1.0409       1.0245       1.0329       1.0239
    55    0.99026      0.99051       1.0033       1.0111       1.0036      0.93792
    61    0.99363       1.0171       1.0153      0.99724       1.0378       1.0281
    67     1.0108       1.0323       1.0298       1.0418       1.0160      0.97807
    73    0.96310      0.94959       1.0200       1.0564       1.0084       1.0047
    79     1.0238       5833.6       5850.8      -17.201       5805.6       45.192

 Channel output file is "ne_2.out"

    TIME X- VALUE --X X--------- IDENTIFIER ---------X X- VALUE --X X--------- IDENTIFIER ---------X
  8.0001 -8.18019E-03 SPD     30[30          22.000]1  -7.96754E-03 SPD     31[31          22.000]1
     3   -7.87779E-03 SPD     32[32          22.000]1  -8.00167E-03 SPD     33[33          22.000]1
     5   -7.72964E-03 SPD     34[34          22.000]1  -7.72389E-03 SPD     35[35          22.000]1
     7   -7.74082E-03 SPD     36[36          22.000]1  -8.37355E-03 SPD     37[37          22.000]1
     9     0.0000     SPD     38[38          22.000]1  -8.45558E-03 SPD     39[39          22.000]1
    11     1.2526     EFD     30[30          22.000]1    2.8690     EFD     31[31          22.000]1
    13     2.3659     EFD     32[32          22.000]1    2.6790     EFD     33[33          22.000]1
    15     4.3204     EFD     34[34          22.000]1    2.3878     EFD     35[35          22.000]1
    17     2.3576     EFD     36[36          22.000]1    2.4909     EFD     37[37          22.000]1
    19     0.0000     EFD     38[38          22.000]1    1.0437     EFD     39[39          22.000]1
    21     0.0000     VOEL    30[30          22.000]1    0.0000     VOEL    31[31          22.000]1
    23     0.0000     VOEL    32[32          22.000]1    0.0000     VOEL    33[33          22.000]1
    25     0.0000     VOEL    34[34          22.000]1    0.0000     VOEL    35[35          22.000]1
    27     0.0000     VOEL    36[36          22.000]1    0.0000     VOEL    37[37          22.000]1
    29     0.0000     VOEL    38[38          22.000]1    0.0000     VOEL    39[39          22.000]1
    31     3.1679     POWR    30[30          22.000]1    6.5173     POWR    31[31          22.000]1
    33     7.3577     POWR    32[32          22.000]1    7.1301     POWR    33[33          22.000]1
    35     5.8566     POWR    34[34          22.000]1    7.3745     POWR    35[35          22.000]1
    37     6.4235     POWR    36[36          22.000]1    6.0757     POWR    37[37          22.000]1
    39     0.0000     POWR    38[38          22.000]1    10.306     POWR    39[39          22.000]1
    41     1.0420     VOLT      1 [1           345.00]   1.0430     VOLT      2 [2           345.00]
    43     1.0272     VOLT      3 [3           345.00]   1.0302     VOLT      4 [4           345.00]
    45     1.0492     VOLT      5 [5           345.00]   1.0507     VOLT      6 [6           345.00]
    47     1.0382     VOLT      7 [7           345.00]   1.0360     VOLT      8 [8           345.00]
    49     1.0409     VOLT      9 [9           345.00]   1.0381     VOLT     10 [10          345.00]
    51     1.0409     VOLT     11 [11          345.00]   1.0245     VOLT     12 [12          345.00]
    53     1.0329     VOLT     13 [13          345.00]   1.0239     VOLT     14 [14          345.00]
    55    0.99026     VOLT     15 [15          345.00]  0.99051     VOLT     16 [16          345.00]
    57     1.0033     VOLT     17 [17          345.00]   1.0111     VOLT     18 [18          345.00]
    59     1.0036     VOLT     19 [19          345.00]  0.93792     VOLT     20 [20          345.00]
    61    0.99363     VOLT     21 [21          345.00]   1.0171     VOLT     22 [22          345.00]
    63     1.0153     VOLT     23 [23          345.00]  0.99724     VOLT     24 [24          345.00]
    65     1.0378     VOLT     25 [25          345.00]   1.0281     VOLT     26 [26          345.00]
    67     1.0108     VOLT     27 [27          345.00]   1.0323     VOLT     28 [28          345.00]
    69     1.0298     VOLT     29 [29          345.00]   1.0418     VOLT     30 [30          22.000]
    71     1.0160     VOLT     31 [31          22.000]  0.97807     VOLT     32 [32          22.000]
    73    0.96310     VOLT     33 [33          22.000]  0.94959     VOLT     34 [34          22.000]
    75     1.0200     VOLT     35 [35          22.000]   1.0564     VOLT     36 [36          22.000]
    77     1.0084     VOLT     37 [37          22.000]   1.0047     VOLT     38 [38          22.000]
    79     1.0238     VOLT     39 [39          22.000]   5833.6     PMECH FOR ALL BUSES
    81     5850.8     PELEC FOR ALL BUSES               -17.201     PACCL FOR ALL BUSES
    83     5805.6     PLOAD FOR ALL BUSES                45.192     PE-PL FOR ALL BUSES

  9.0002 -8.40973E-03 -8.45462E-03 -8.54061E-03 -8.58325E-03 -8.46364E-03 -8.47431E-03
     7   -8.49129E-03 -8.53956E-03   0.0000     -8.52995E-03   1.2473       2.8807
    13     2.3848       2.7222       4.3796       2.4173       2.4760       2.4813
    19     0.0000       1.0437       0.0000       0.0000       0.0000       0.0000
    25     0.0000       0.0000       0.0000       0.0000       0.0000       0.0000
    31     3.2225       6.5723       7.3872       7.1772       5.9205       7.3745
    37     6.4713       6.2260       0.0000       9.8713       1.0420       1.0430
    43     1.0272       1.0302       1.0492       1.0507       1.0382       1.0360
    49     1.0409       1.0381       1.0409       1.0245       1.0329       1.0239
    55    0.99026      0.99051       1.0033       1.0111       1.0036      0.93792
    61    0.99363       1.0171       1.0153      0.99724       1.0378       1.0281
    67     1.0108       1.0323       1.0298       1.0418       1.0160      0.97807
    73    0.96310      0.94959       1.0200       1.0564       1.0084       1.0047
    79     1.0238       5833.6       5850.8      -17.201       5805.6       45.192

 Channel output file is "ne_2.out"

    TIME X- VALUE --X X--------- IDENTIFIER ---------X X- VALUE --X X--------- IDENTIFIER ---------X
  9.0002 -8.40973E-03 SPD     30[30          22.000]1  -8.45462E-03 SPD     31[31          22.000]1
     3   -8.54061E-03 SPD     32[32          22.000]1  -8.58325E-03 SPD     33[33          22.000]1
     5   -8.46364E-03 SPD     34[34          22.000]1  -8.47431E-03 SPD     35[35          22.000]1
     7   -8.49129E-03 SPD     36[36          22.000]1  -8.53956E-03 SPD     37[37          22.000]1
     9     0.0000     SPD     38[38          22.000]1  -8.52995E-03 SPD     39[39          22.000]1
    11     1.2473     EFD     30[30          22.000]1    2.8807     EFD     31[31          22.000]1
    13     2.3848     EFD     32[32          22.000]1    2.7222     EFD     33[33          22.000]1
    15     4.3796     EFD     34[34          22.000]1    2.4173     EFD     35[35          22.000]1
    17     2.4760     EFD     36[36          22.000]1    2.4813     EFD     37[37          22.000]1
    19     0.0000     EFD     38[38          22.000]1    1.0437     EFD     39[39          22.000]1
    21     0.0000     VOEL    30[30          22.000]1    0.0000     VOEL    31[31          22.000]1
    23     0.0000     VOEL    32[32          22.000]1    0.0000     VOEL    33[33          22.000]1
    25     0.0000     VOEL    34[34          22.000]1    0.0000     VOEL    35[35          22.000]1
    27     0.0000     VOEL    36[36          22.000]1    0.0000     VOEL    37[37          22.000]1
    29     0.0000     VOEL    38[38          22.000]1    0.0000     VOEL    39[39          22.000]1
    31     3.2225     POWR    30[30          22.000]1    6.5723     POWR    31[31          22.000]1
    33     7.3872     POWR    32[32          22.000]1    7.1773     POWR    33[33          22.000]1
    35     5.9205     POWR    34[34          22.000]1    7.3746     POWR    35[35          22.000]1
    37     6.4713     POWR    36[36          22.000]1    6.2260     POWR    37[37          22.000]1
    39     0.0000     POWR    38[38          22.000]1    9.8714     POWR    39[39          22.000]1
    41     1.0420     VOLT      1 [1           345.00]   1.0430     VOLT      2 [2           345.00]
    43     1.0272     VOLT      3 [3           345.00]   1.0302     VOLT      4 [4           345.00]
    45     1.0492     VOLT      5 [5           345.00]   1.0507     VOLT      6 [6           345.00]
    47     1.0382     VOLT      7 [7           345.00]   1.0360     VOLT      8 [8           345.00]
    49     1.0409     VOLT      9 [9           345.00]   1.0381     VOLT     10 [10          345.00]
    51     1.0409     VOLT     11 [11          345.00]   1.0245     VOLT     12 [12          345.00]
    53     1.0329     VOLT     13 [13          345.00]   1.0239     VOLT     14 [14          345.00]
    55    0.99026     VOLT     15 [15          345.00]  0.99051     VOLT     16 [16          345.00]
    57     1.0033     VOLT     17 [17          345.00]   1.0111     VOLT     18 [18          345.00]
    59     1.0036     VOLT     19 [19          345.00]  0.93792     VOLT     20 [20          345.00]
    61    0.99363     VOLT     21 [21          345.00]   1.0171     VOLT     22 [22          345.00]
    63     1.0153     VOLT     23 [23          345.00]  0.99724     VOLT     24 [24          345.00]
    65     1.0378     VOLT     25 [25          345.00]   1.0281     VOLT     26 [26          345.00]
    67     1.0108     VOLT     27 [27          345.00]   1.0323     VOLT     28 [28          345.00]
    69     1.0298     VOLT     29 [29          345.00]   1.0418     VOLT     30 [30          22.000]
    71     1.0160     VOLT     31 [31          22.000]  0.97807     VOLT     32 [32          22.000]
    73    0.96310     VOLT     33 [33          22.000]  0.94959     VOLT     34 [34          22.000]
    75     1.0200     VOLT     35 [35          22.000]   1.0564     VOLT     36 [36          22.000]
    77     1.0084     VOLT     37 [37          22.000]   1.0047     VOLT     38 [38          22.000]
    79     1.0238     VOLT     39 [39          22.000]   5833.6     PMECH FOR ALL BUSES
    81     5850.8     PELEC FOR ALL BUSES               -17.201     PACCL FOR ALL BUSES
    83     5805.6     PLOAD FOR ALL BUSES                45.192     PE-PL FOR ALL BUSES

 Model MAXEX1 Bus 34 [34          22.000] Machine "1 " :
 AT TIME=   9.88 TIMER ACTIVATED EFD =   4.41

 10.0002 -7.73080E-03 -7.81305E-03 -7.91665E-03 -7.86025E-03 -7.67517E-03 -7.84607E-03
     7   -7.85473E-03 -7.81620E-03   0.0000     -7.89374E-03   1.2380       2.8855
    13     2.3684       2.7283       4.4255       2.4299       2.5122       2.4315
    19     0.0000       1.0437       0.0000       0.0000       0.0000       0.0000
    25     0.0000       0.0000       0.0000       0.0000       0.0000       0.0000
    31     3.3707       6.6447       7.4318       7.2696       6.0193       7.4406
    37     6.5455       6.3286       0.0000       9.0773       1.0420       1.0430
    43     1.0272       1.0302       1.0492       1.0507       1.0382       1.0360
    49     1.0409       1.0381       1.0409       1.0245       1.0329       1.0239
    55    0.99026      0.99051       1.0033       1.0111       1.0036      0.93792
    61    0.99363       1.0171       1.0153      0.99724       1.0378       1.0281
    67     1.0108       1.0323       1.0298       1.0418       1.0160      0.97807
    73    0.96310      0.94959       1.0200       1.0564       1.0084       1.0047
    79     1.0238       5833.6       5850.8      -17.201       5805.6       45.192

 Channel output file is "ne_2.out"

    TIME X- VALUE --X X--------- IDENTIFIER ---------X X- VALUE --X X--------- IDENTIFIER ---------X
 10.0002 -7.73080E-03 SPD     30[30          22.000]1  -7.81305E-03 SPD     31[31          22.000]1
     3   -7.91665E-03 SPD     32[32          22.000]1  -7.86025E-03 SPD     33[33          22.000]1
     5   -7.67517E-03 SPD     34[34          22.000]1  -7.84607E-03 SPD     35[35          22.000]1
     7   -7.85473E-03 SPD     36[36          22.000]1  -7.81620E-03 SPD     37[37          22.000]1
     9     0.0000     SPD     38[38          22.000]1  -7.89374E-03 SPD     39[39          22.000]1
    11     1.2380     EFD     30[30          22.000]1    2.8855     EFD     31[31          22.000]1
    13     2.3684     EFD     32[32          22.000]1    2.7283     EFD     33[33          22.000]1
    15     4.4255     EFD     34[34          22.000]1    2.4299     EFD     35[35          22.000]1
    17     2.5122     EFD     36[36          22.000]1    2.4315     EFD     37[37          22.000]1
    19     0.0000     EFD     38[38          22.000]1    1.0437     EFD     39[39          22.000]1
    21     0.0000     VOEL    30[30          22.000]1    0.0000     VOEL    31[31          22.000]1
    23     0.0000     VOEL    32[32          22.000]1    0.0000     VOEL    33[33          22.000]1
    25     0.0000     VOEL    34[34          22.000]1    0.0000     VOEL    35[35          22.000]1
    27     0.0000     VOEL    36[36          22.000]1    0.0000     VOEL    37[37          22.000]1
    29     0.0000     VOEL    38[38          22.000]1    0.0000     VOEL    39[39          22.000]1
    31     3.3708     POWR    30[30          22.000]1    6.6447     POWR    31[31          22.000]1
    33     7.4319     POWR    32[32          22.000]1    7.2696     POWR    33[33          22.000]1
    35     6.0194     POWR    34[34          22.000]1    7.4406     POWR    35[35          22.000]1
    37     6.5456     POWR    36[36          22.000]1    6.3287     POWR    37[37          22.000]1
    39     0.0000     POWR    38[38          22.000]1    9.0774     POWR    39[39          22.000]1
    41     1.0420     VOLT      1 [1           345.00]   1.0430     VOLT      2 [2           345.00]
    43     1.0272     VOLT      3 [3           345.00]   1.0302     VOLT      4 [4           345.00]
    45     1.0492     VOLT      5 [5           345.00]   1.0507     VOLT      6 [6           345.00]
    47     1.0382     VOLT      7 [7           345.00]   1.0360     VOLT      8 [8           345.00]
    49     1.0409     VOLT      9 [9           345.00]   1.0381     VOLT     10 [10          345.00]
    51     1.0409     VOLT     11 [11          345.00]   1.0245     VOLT     12 [12          345.00]
    53     1.0329     VOLT     13 [13          345.00]   1.0239     VOLT     14 [14          345.00]
    55    0.99026     VOLT     15 [15          345.00]  0.99051     VOLT     16 [16          345.00]
    57     1.0033     VOLT     17 [17          345.00]   1.0111     VOLT     18 [18          345.00]
    59     1.0036     VOLT     19 [19          345.00]  0.93792     VOLT     20 [20          345.00]
    61    0.99363     VOLT     21 [21          345.00]   1.0171     VOLT     22 [22          345.00]
    63     1.0153     VOLT     23 [23          345.00]  0.99724     VOLT     24 [24          345.00]
    65     1.0378     VOLT     25 [25          345.00]   1.0281     VOLT     26 [26          345.00]
    67     1.0108     VOLT     27 [27          345.00]   1.0323     VOLT     28 [28          345.00]
    69     1.0298     VOLT     29 [29          345.00]   1.0418     VOLT     30 [30          22.000]
    71     1.0160     VOLT     31 [31          22.000]  0.97807     VOLT     32 [32          22.000]
    73    0.96310     VOLT     33 [33          22.000]  0.94959     VOLT     34 [34          22.000]
    75     1.0200     VOLT     35 [35          22.000]   1.0564     VOLT     36 [36          22.000]
    77     1.0084     VOLT     37 [37          22.000]   1.0047     VOLT     38 [38          22.000]
    79     1.0238     VOLT     39 [39          22.000]   5833.6     PMECH FOR ALL BUSES
    81     5850.8     PELEC FOR ALL BUSES               -17.201     PACCL FOR ALL BUSES
    83     5805.6     PLOAD FOR ALL BUSES                45.192     PE-PL FOR ALL BUSES

 11.0002 -6.74081E-03 -6.77945E-03 -6.85016E-03 -6.83467E-03 -6.71883E-03 -6.81392E-03
     7   -6.82776E-03 -6.76757E-03   0.0000     -6.77689E-03   1.2310       2.8853
    13     2.3484       2.7332       4.4364       2.4363       2.5159       2.3767
    19     0.0000       1.0437       0.0000       0.0000       0.0000       0.0000
    25     0.0000       0.0000       0.0000       0.0000       0.0000       0.0000
    31     3.4065       6.6509       7.4125       7.2623       5.9972       7.4143
    37     6.5321       6.3616       0.0000       9.2495       1.0420       1.0430
    43     1.0272       1.0302       1.0492       1.0507       1.0382       1.0360
    49     1.0409       1.0381       1.0409       1.0245       1.0329       1.0239
    55    0.99026      0.99051       1.0033       1.0111       1.0036      0.93792
    61    0.99363       1.0171       1.0153      0.99724       1.0378       1.0281
    67     1.0108       1.0323       1.0298       1.0418       1.0160      0.97807
    73    0.96310      0.94959       1.0200       1.0564       1.0084       1.0047
    79     1.0238       5833.6       5850.8      -17.201       5805.6       45.192

 Channel output file is "ne_2.out"

    TIME X- VALUE --X X--------- IDENTIFIER ---------X X- VALUE --X X--------- IDENTIFIER ---------X
 11.0002 -6.74081E-03 SPD     30[30          22.000]1  -6.77945E-03 SPD     31[31          22.000]1
     3   -6.85016E-03 SPD     32[32          22.000]1  -6.83467E-03 SPD     33[33          22.000]1
     5   -6.71883E-03 SPD     34[34          22.000]1  -6.81392E-03 SPD     35[35          22.000]1
     7   -6.82776E-03 SPD     36[36          22.000]1  -6.76757E-03 SPD     37[37          22.000]1
     9     0.0000     SPD     38[38          22.000]1  -6.77689E-03 SPD     39[39          22.000]1
    11     1.2310     EFD     30[30          22.000]1    2.8853     EFD     31[31          22.000]1
    13     2.3484     EFD     32[32          22.000]1    2.7332     EFD     33[33          22.000]1
    15     4.4364     EFD     34[34          22.000]1    2.4363     EFD     35[35          22.000]1
    17     2.5159     EFD     36[36          22.000]1    2.3767     EFD     37[37          22.000]1
    19     0.0000     EFD     38[38          22.000]1    1.0437     EFD     39[39          22.000]1
    21     0.0000     VOEL    30[30          22.000]1    0.0000     VOEL    31[31          22.000]1
    23     0.0000     VOEL    32[32          22.000]1    0.0000     VOEL    33[33          22.000]1
    25     0.0000     VOEL    34[34          22.000]1    0.0000     VOEL    35[35          22.000]1
    27     0.0000     VOEL    36[36          22.000]1    0.0000     VOEL    37[37          22.000]1
    29     0.0000     VOEL    38[38          22.000]1    0.0000     VOEL    39[39          22.000]1
    31     3.4066     POWR    30[30          22.000]1    6.6509     POWR    31[31          22.000]1
    33     7.4126     POWR    32[32          22.000]1    7.2624     POWR    33[33          22.000]1
    35     5.9972     POWR    34[34          22.000]1    7.4144     POWR    35[35          22.000]1
    37     6.5321     POWR    36[36          22.000]1    6.3617     POWR    37[37          22.000]1
    39     0.0000     POWR    38[38          22.000]1    9.2496     POWR    39[39          22.000]1
    41     1.0420     VOLT      1 [1           345.00]   1.0430     VOLT      2 [2           345.00]
    43     1.0272     VOLT      3 [3           345.00]   1.0302     VOLT      4 [4           345.00]
    45     1.0492     VOLT      5 [5           345.00]   1.0507     VOLT      6 [6           345.00]
    47     1.0382     VOLT      7 [7           345.00]   1.0360     VOLT      8 [8           345.00]
    49     1.0409     VOLT      9 [9           345.00]   1.0381     VOLT     10 [10          345.00]
    51     1.0409     VOLT     11 [11          345.00]   1.0245     VOLT     12 [12          345.00]
    53     1.0329     VOLT     13 [13          345.00]   1.0239     VOLT     14 [14          345.00]
    55    0.99026     VOLT     15 [15          345.00]  0.99051     VOLT     16 [16          345.00]
    57     1.0033     VOLT     17 [17          345.00]   1.0111     VOLT     18 [18          345.00]
    59     1.0036     VOLT     19 [19          345.00]  0.93792     VOLT     20 [20          345.00]
    61    0.99363     VOLT     21 [21          345.00]   1.0171     VOLT     22 [22          345.00]
    63     1.0153     VOLT     23 [23          345.00]  0.99724     VOLT     24 [24          345.00]
    65     1.0378     VOLT     25 [25          345.00]   1.0281     VOLT     26 [26          345.00]
    67     1.0108     VOLT     27 [27          345.00]   1.0323     VOLT     28 [28          345.00]
    69     1.0298     VOLT     29 [29          345.00]   1.0418     VOLT     30 [30          22.000]
    71     1.0160     VOLT     31 [31          22.000]  0.97807     VOLT     32 [32          22.000]
    73    0.96310     VOLT     33 [33          22.000]  0.94959     VOLT     34 [34          22.000]
    75     1.0200     VOLT     35 [35          22.000]   1.0564     VOLT     36 [36          22.000]
    77     1.0084     VOLT     37 [37          22.000]   1.0047     VOLT     38 [38          22.000]
    79     1.0238     VOLT     39 [39          22.000]   5833.6     PMECH FOR ALL BUSES
    81     5850.8     PELEC FOR ALL BUSES               -17.201     PACCL FOR ALL BUSES
    83     5805.6     PLOAD FOR ALL BUSES                45.192     PE-PL FOR ALL BUSES

 12.0002 -5.76076E-03 -5.75534E-03 -5.77769E-03 -5.80438E-03 -5.73963E-03 -5.77878E-03
     7   -5.77974E-03 -5.76599E-03   0.0000     -5.72350E-03   1.2245       2.8823
    13     2.3124       2.7129       4.4453       2.4345       2.4849       2.3136
    19     0.0000       1.0437       0.0000       0.0000       0.0000       0.0000
    25     0.0000       0.0000       0.0000       0.0000       0.0000       0.0000
    31     3.4016       6.6461       7.4090       7.2556       5.9946       7.4114
    37     6.5266       6.3502       0.0000       9.3376       1.0420       1.0430
    43     1.0272       1.0302       1.0492       1.0507       1.0382       1.0360
    49     1.0409       1.0381       1.0409       1.0245       1.0329       1.0239
    55    0.99026      0.99051       1.0033       1.0111       1.0036      0.93792
    61    0.99363       1.0171       1.0153      0.99724       1.0378       1.0281
    67     1.0108       1.0323       1.0298       1.0418       1.0160      0.97807
    73    0.96310      0.94959       1.0200       1.0564       1.0084       1.0047
    79     1.0238       5833.6       5850.8      -17.201       5805.6       45.192

 Channel output file is "ne_2.out"

    TIME X- VALUE --X X--------- IDENTIFIER ---------X X- VALUE --X X--------- IDENTIFIER ---------X
 12.0002 -5.76076E-03 SPD     30[30          22.000]1  -5.75534E-03 SPD     31[31          22.000]1
     3   -5.77769E-03 SPD     32[32          22.000]1  -5.80438E-03 SPD     33[33          22.000]1
     5   -5.73963E-03 SPD     34[34          22.000]1  -5.77878E-03 SPD     35[35          22.000]1
     7   -5.77974E-03 SPD     36[36          22.000]1  -5.76599E-03 SPD     37[37          22.000]1
     9     0.0000     SPD     38[38          22.000]1  -5.72350E-03 SPD     39[39          22.000]1
    11     1.2245     EFD     30[30          22.000]1    2.8823     EFD     31[31          22.000]1
    13     2.3124     EFD     32[32          22.000]1    2.7129     EFD     33[33          22.000]1
    15     4.4453     EFD     34[34          22.000]1    2.4345     EFD     35[35          22.000]1
    17     2.4849     EFD     36[36          22.000]1    2.3136     EFD     37[37          22.000]1
    19     0.0000     EFD     38[38          22.000]1    1.0437     EFD     39[39          22.000]1
    21     0.0000     VOEL    30[30          22.000]1    0.0000     VOEL    31[31          22.000]1
    23     0.0000     VOEL    32[32          22.000]1    0.0000     VOEL    33[33          22.000]1
    25     0.0000     VOEL    34[34          22.000]1    0.0000     VOEL    35[35          22.000]1
    27     0.0000     VOEL    36[36          22.000]1    0.0000     VOEL    37[37          22.000]1
    29     0.0000     VOEL    38[38          22.000]1    0.0000     VOEL    39[39          22.000]1
    31     3.4016     POWR    30[30          22.000]1    6.6461     POWR    31[31          22.000]1
    33     7.4090     POWR    32[32          22.000]1    7.2557     POWR    33[33          22.000]1
    35     5.9946     POWR    34[34          22.000]1    7.4114     POWR    35[35          22.000]1
    37     6.5267     POWR    36[36          22.000]1    6.3503     POWR    37[37          22.000]1
    39     0.0000     POWR    38[38          22.000]1    9.3376     POWR    39[39          22.000]1
    41     1.0420     VOLT      1 [1           345.00]   1.0430     VOLT      2 [2           345.00]
    43     1.0272     VOLT      3 [3           345.00]   1.0302     VOLT      4 [4           345.00]
    45     1.0492     VOLT      5 [5           345.00]   1.0507     VOLT      6 [6           345.00]
    47     1.0382     VOLT      7 [7           345.00]   1.0360     VOLT      8 [8           345.00]
    49     1.0409     VOLT      9 [9           345.00]   1.0381     VOLT     10 [10          345.00]
    51     1.0409     VOLT     11 [11          345.00]   1.0245     VOLT     12 [12          345.00]
    53     1.0329     VOLT     13 [13          345.00]   1.0239     VOLT     14 [14          345.00]
    55    0.99026     VOLT     15 [15          345.00]  0.99051     VOLT     16 [16          345.00]
    57     1.0033     VOLT     17 [17          345.00]   1.0111     VOLT     18 [18          345.00]
    59     1.0036     VOLT     19 [19          345.00]  0.93792     VOLT     20 [20          345.00]
    61    0.99363     VOLT     21 [21          345.00]   1.0171     VOLT     22 [22          345.00]
    63     1.0153     VOLT     23 [23          345.00]  0.99724     VOLT     24 [24          345.00]
    65     1.0378     VOLT     25 [25          345.00]   1.0281     VOLT     26 [26          345.00]
    67     1.0108     VOLT     27 [27          345.00]   1.0323     VOLT     28 [28          345.00]
    69     1.0298     VOLT     29 [29          345.00]   1.0418     VOLT     30 [30          22.000]
    71     1.0160     VOLT     31 [31          22.000]  0.97807     VOLT     32 [32          22.000]
    73    0.96310     VOLT     33 [33          22.000]  0.94959     VOLT     34 [34          22.000]
    75     1.0200     VOLT     35 [35          22.000]   1.0564     VOLT     36 [36          22.000]
    77     1.0084     VOLT     37 [37          22.000]   1.0047     VOLT     38 [38          22.000]
    79     1.0238     VOLT     39 [39          22.000]   5833.6     PMECH FOR ALL BUSES
    81     5850.8     PELEC FOR ALL BUSES               -17.201     PACCL FOR ALL BUSES
    83     5805.6     PLOAD FOR ALL BUSES                45.192     PE-PL FOR ALL BUSES

 13.0002 -4.92296E-03 -4.90153E-03 -4.89366E-03 -4.92947E-03 -4.89430E-03 -4.90537E-03
     7   -4.90597E-03 -4.90975E-03   0.0000     -4.88263E-03   1.2226       2.8799
    13     2.2815       2.6908       4.4446       2.4336       2.4725       2.2622
    19     0.0000       1.0437       0.0000       0.0000       0.0000       0.0000
    25     0.0000       0.0000       0.0000       0.0000       0.0000       0.0000
    31     3.3706       6.6239       7.3918       7.2267       5.9667       7.3900
    37     6.5012       6.3145       0.0000       9.5832       1.0420       1.0430
    43     1.0272       1.0302       1.0492       1.0507       1.0382       1.0360
    49     1.0409       1.0381       1.0409       1.0245       1.0329       1.0239
    55    0.99026      0.99051       1.0033       1.0111       1.0036      0.93792
    61    0.99363       1.0171       1.0153      0.99724       1.0378       1.0281
    67     1.0108       1.0323       1.0298       1.0418       1.0160      0.97807
    73    0.96310      0.94959       1.0200       1.0564       1.0084       1.0047
    79     1.0238       5833.6       5850.8      -17.201       5805.6       45.192

 Channel output file is "ne_2.out"

    TIME X- VALUE --X X--------- IDENTIFIER ---------X X- VALUE --X X--------- IDENTIFIER ---------X
 13.0002 -4.92296E-03 SPD     30[30          22.000]1  -4.90153E-03 SPD     31[31          22.000]1
     3   -4.89366E-03 SPD     32[32          22.000]1  -4.92947E-03 SPD     33[33          22.000]1
     5   -4.89430E-03 SPD     34[34          22.000]1  -4.90537E-03 SPD     35[35          22.000]1
     7   -4.90597E-03 SPD     36[36          22.000]1  -4.90975E-03 SPD     37[37          22.000]1
     9     0.0000     SPD     38[38          22.000]1  -4.88263E-03 SPD     39[39          22.000]1
    11     1.2226     EFD     30[30          22.000]1    2.8799     EFD     31[31          22.000]1
    13     2.2815     EFD     32[32          22.000]1    2.6908     EFD     33[33          22.000]1
    15     4.4446     EFD     34[34          22.000]1    2.4336     EFD     35[35          22.000]1
    17     2.4725     EFD     36[36          22.000]1    2.2622     EFD     37[37          22.000]1
    19     0.0000     EFD     38[38          22.000]1    1.0437     EFD     39[39          22.000]1
    21     0.0000     VOEL    30[30          22.000]1    0.0000     VOEL    31[31          22.000]1
    23     0.0000     VOEL    32[32          22.000]1    0.0000     VOEL    33[33          22.000]1
    25     0.0000     VOEL    34[34          22.000]1    0.0000     VOEL    35[35          22.000]1
    27     0.0000     VOEL    36[36          22.000]1    0.0000     VOEL    37[37          22.000]1
    29     0.0000     VOEL    38[38          22.000]1    0.0000     VOEL    39[39          22.000]1
    31     3.3705     POWR    30[30          22.000]1    6.6238     POWR    31[31          22.000]1
    33     7.3917     POWR    32[32          22.000]1    7.2266     POWR    33[33          22.000]1
    35     5.9666     POWR    34[34          22.000]1    7.3898     POWR    35[35          22.000]1
    37     6.5011     POWR    36[36          22.000]1    6.3144     POWR    37[37          22.000]1
    39     0.0000     POWR    38[38          22.000]1    9.5830     POWR    39[39          22.000]1
    41     1.0420     VOLT      1 [1           345.00]   1.0430     VOLT      2 [2           345.00]
    43     1.0272     VOLT      3 [3           345.00]   1.0302     VOLT      4 [4           345.00]
    45     1.0492     VOLT      5 [5           345.00]   1.0507     VOLT      6 [6           345.00]
    47     1.0382     VOLT      7 [7           345.00]   1.0360     VOLT      8 [8           345.00]
    49     1.0409     VOLT      9 [9           345.00]   1.0381     VOLT     10 [10          345.00]
    51     1.0409     VOLT     11 [11          345.00]   1.0245     VOLT     12 [12          345.00]
    53     1.0329     VOLT     13 [13          345.00]   1.0239     VOLT     14 [14          345.00]
    55    0.99026     VOLT     15 [15          345.00]  0.99051     VOLT     16 [16          345.00]
    57     1.0033     VOLT     17 [17          345.00]   1.0111     VOLT     18 [18          345.00]
    59     1.0036     VOLT     19 [19          345.00]  0.93792     VOLT     20 [20          345.00]
    61    0.99363     VOLT     21 [21          345.00]   1.0171     VOLT     22 [22          345.00]
    63     1.0153     VOLT     23 [23          345.00]  0.99724     VOLT     24 [24          345.00]
    65     1.0378     VOLT     25 [25          345.00]   1.0281     VOLT     26 [26          345.00]
    67     1.0108     VOLT     27 [27          345.00]   1.0323     VOLT     28 [28          345.00]
    69     1.0298     VOLT     29 [29          345.00]   1.0418     VOLT     30 [30          22.000]
    71     1.0160     VOLT     31 [31          22.000]  0.97807     VOLT     32 [32          22.000]
    73    0.96310     VOLT     33 [33          22.000]  0.94959     VOLT     34 [34          22.000]
    75     1.0200     VOLT     35 [35          22.000]   1.0564     VOLT     36 [36          22.000]
    77     1.0084     VOLT     37 [37          22.000]   1.0047     VOLT     38 [38          22.000]
    79     1.0238     VOLT     39 [39          22.000]   5833.6     PMECH FOR ALL BUSES
    81     5850.8     PELEC FOR ALL BUSES               -17.201     PACCL FOR ALL BUSES
    83     5805.6     PLOAD FOR ALL BUSES                45.192     PE-PL FOR ALL BUSES

 14.0003 -4.31977E-03 -4.31016E-03 -4.29411E-03 -4.33021E-03 -4.32621E-03 -4.31742E-03
     7   -4.32157E-03 -4.30117E-03   0.0000     -4.28199E-03   1.2262       2.8811
    13     2.2636       2.6745       4.4498       2.4357       2.4796       2.2301
    19     0.0000       1.0437       0.0000       0.0000       0.0000       0.0000
    25     0.0000       0.0000       0.0000       0.0000       0.0000       0.0000
    31     3.3447       6.6009       7.3737       7.2012       5.9456       7.3709
    37     6.4776       6.2805       0.0000       9.7383       1.0420       1.0430
    43     1.0272       1.0302       1.0492       1.0507       1.0382       1.0360
    49     1.0409       1.0381       1.0409       1.0245       1.0329       1.0239
    55    0.99026      0.99051       1.0033       1.0111       1.0036      0.93792
    61    0.99363       1.0171       1.0153      0.99724       1.0378       1.0281
    67     1.0108       1.0323       1.0298       1.0418       1.0160      0.97807
    73    0.96310      0.94959       1.0200       1.0564       1.0084       1.0047
    79     1.0238       5833.6       5850.8      -17.201       5805.6       45.192

 Channel output file is "ne_2.out"

    TIME X- VALUE --X X--------- IDENTIFIER ---------X X- VALUE --X X--------- IDENTIFIER ---------X
 14.0003 -4.31977E-03 SPD     30[30          22.000]1  -4.31016E-03 SPD     31[31          22.000]1
     3   -4.29411E-03 SPD     32[32          22.000]1  -4.33021E-03 SPD     33[33          22.000]1
     5   -4.32621E-03 SPD     34[34          22.000]1  -4.31742E-03 SPD     35[35          22.000]1
     7   -4.32157E-03 SPD     36[36          22.000]1  -4.30117E-03 SPD     37[37          22.000]1
     9     0.0000     SPD     38[38          22.000]1  -4.28199E-03 SPD     39[39          22.000]1
    11     1.2262     EFD     30[30          22.000]1    2.8811     EFD     31[31          22.000]1
    13     2.2636     EFD     32[32          22.000]1    2.6745     EFD     33[33          22.000]1
    15     4.4498     EFD     34[34          22.000]1    2.4357     EFD     35[35          22.000]1
    17     2.4796     EFD     36[36          22.000]1    2.2301     EFD     37[37          22.000]1
    19     0.0000     EFD     38[38          22.000]1    1.0437     EFD     39[39          22.000]1
    21     0.0000     VOEL    30[30          22.000]1    0.0000     VOEL    31[31          22.000]1
    23     0.0000     VOEL    32[32          22.000]1    0.0000     VOEL    33[33          22.000]1
    25     0.0000     VOEL    34[34          22.000]1    0.0000     VOEL    35[35          22.000]1
    27     0.0000     VOEL    36[36          22.000]1    0.0000     VOEL    37[37          22.000]1
    29     0.0000     VOEL    38[38          22.000]1    0.0000     VOEL    39[39          22.000]1
    31     3.3446     POWR    30[30          22.000]1    6.6008     POWR    31[31          22.000]1
    33     7.3736     POWR    32[32          22.000]1    7.2011     POWR    33[33          22.000]1
    35     5.9456     POWR    34[34          22.000]1    7.3708     POWR    35[35          22.000]1
    37     6.4775     POWR    36[36          22.000]1    6.2804     POWR    37[37          22.000]1
    39     0.0000     POWR    38[38          22.000]1    9.7382     POWR    39[39          22.000]1
    41     1.0420     VOLT      1 [1           345.00]   1.0430     VOLT      2 [2           345.00]
    43     1.0272     VOLT      3 [3           345.00]   1.0302     VOLT      4 [4           345.00]
    45     1.0492     VOLT      5 [5           345.00]   1.0507     VOLT      6 [6           345.00]
    47     1.0382     VOLT      7 [7           345.00]   1.0360     VOLT      8 [8           345.00]
    49     1.0409     VOLT      9 [9           345.00]   1.0381     VOLT     10 [10          345.00]
    51     1.0409     VOLT     11 [11          345.00]   1.0245     VOLT     12 [12          345.00]
    53     1.0329     VOLT     13 [13          345.00]   1.0239     VOLT     14 [14          345.00]
    55    0.99026     VOLT     15 [15          345.00]  0.99051     VOLT     16 [16          345.00]
    57     1.0033     VOLT     17 [17          345.00]   1.0111     VOLT     18 [18          345.00]
    59     1.0036     VOLT     19 [19          345.00]  0.93792     VOLT     20 [20          345.00]
    61    0.99363     VOLT     21 [21          345.00]   1.0171     VOLT     22 [22          345.00]
    63     1.0153     VOLT     23 [23          345.00]  0.99724     VOLT     24 [24          345.00]
    65     1.0378     VOLT     25 [25          345.00]   1.0281     VOLT     26 [26          345.00]
    67     1.0108     VOLT     27 [27          345.00]   1.0323     VOLT     28 [28          345.00]
    69     1.0298     VOLT     29 [29          345.00]   1.0418     VOLT     30 [30          22.000]
    71     1.0160     VOLT     31 [31          22.000]  0.97807     VOLT     32 [32          22.000]
    73    0.96310     VOLT     33 [33          22.000]  0.94959     VOLT     34 [34          22.000]
    75     1.0200     VOLT     35 [35          22.000]   1.0564     VOLT     36 [36          22.000]
    77     1.0084     VOLT     37 [37          22.000]   1.0047     VOLT     38 [38          22.000]
    79     1.0238     VOLT     39 [39          22.000]   5833.6     PMECH FOR ALL BUSES
    81     5850.8     PELEC FOR ALL BUSES               -17.201     PACCL FOR ALL BUSES
    83     5805.6     PLOAD FOR ALL BUSES                45.192     PE-PL FOR ALL BUSES

 15.0003 -3.94397E-03 -3.94542E-03 -3.92997E-03 -3.95229E-03 -3.95620E-03 -3.94940E-03
     7   -3.95358E-03 -3.92282E-03   0.0000     -3.92589E-03   1.2303       2.8826
    13     2.2574       2.6634       4.4491       2.4365       2.4795       2.2171
    19     0.0000       1.0437       0.0000       0.0000       0.0000       0.0000
    25     0.0000       0.0000       0.0000       0.0000       0.0000       0.0000
    31     3.3310       6.5812       7.3562       7.1796       5.9263       7.3533
    37     6.4562       6.2558       0.0000       9.8728       1.0420       1.0430
    43     1.0272       1.0302       1.0492       1.0507       1.0382       1.0360
    49     1.0409       1.0381       1.0409       1.0245       1.0329       1.0239
    55    0.99026      0.99051       1.0033       1.0111       1.0036      0.93792
    61    0.99363       1.0171       1.0153      0.99724       1.0378       1.0281
    67     1.0108       1.0323       1.0298       1.0418       1.0160      0.97807
    73    0.96310      0.94959       1.0200       1.0564       1.0084       1.0047
    79     1.0238       5833.6       5850.8      -17.201       5805.6       45.192

 Channel output file is "ne_2.out"

    TIME X- VALUE --X X--------- IDENTIFIER ---------X X- VALUE --X X--------- IDENTIFIER ---------X
 15.0003 -3.94397E-03 SPD     30[30          22.000]1  -3.94542E-03 SPD     31[31          22.000]1
     3   -3.92997E-03 SPD     32[32          22.000]1  -3.95229E-03 SPD     33[33          22.000]1
     5   -3.95620E-03 SPD     34[34          22.000]1  -3.94940E-03 SPD     35[35          22.000]1
     7   -3.95358E-03 SPD     36[36          22.000]1  -3.92282E-03 SPD     37[37          22.000]1
     9     0.0000     SPD     38[38          22.000]1  -3.92589E-03 SPD     39[39          22.000]1
    11     1.2303     EFD     30[30          22.000]1    2.8826     EFD     31[31          22.000]1
    13     2.2574     EFD     32[32          22.000]1    2.6634     EFD     33[33          22.000]1
    15     4.4491     EFD     34[34          22.000]1    2.4365     EFD     35[35          22.000]1
    17     2.4795     EFD     36[36          22.000]1    2.2171     EFD     37[37          22.000]1
    19     0.0000     EFD     38[38          22.000]1    1.0437     EFD     39[39          22.000]1
    21     0.0000     VOEL    30[30          22.000]1    0.0000     VOEL    31[31          22.000]1
    23     0.0000     VOEL    32[32          22.000]1    0.0000     VOEL    33[33          22.000]1
    25     0.0000     VOEL    34[34          22.000]1    0.0000     VOEL    35[35          22.000]1
    27     0.0000     VOEL    36[36          22.000]1    0.0000     VOEL    37[37          22.000]1
    29     0.0000     VOEL    38[38          22.000]1    0.0000     VOEL    39[39          22.000]1
    31     3.3309     POWR    30[30          22.000]1    6.5811     POWR    31[31          22.000]1
    33     7.3561     POWR    32[32          22.000]1    7.1795     POWR    33[33          22.000]1
    35     5.9262     POWR    34[34          22.000]1    7.3531     POWR    35[35          22.000]1
    37     6.4561     POWR    36[36          22.000]1    6.2557     POWR    37[37          22.000]1
    39     0.0000     POWR    38[38          22.000]1    9.8727     POWR    39[39          22.000]1
    41     1.0420     VOLT      1 [1           345.00]   1.0430     VOLT      2 [2           345.00]
    43     1.0272     VOLT      3 [3           345.00]   1.0302     VOLT      4 [4           345.00]
    45     1.0492     VOLT      5 [5           345.00]   1.0507     VOLT      6 [6           345.00]
    47     1.0382     VOLT      7 [7           345.00]   1.0360     VOLT      8 [8           345.00]
    49     1.0409     VOLT      9 [9           345.00]   1.0381     VOLT     10 [10          345.00]
    51     1.0409     VOLT     11 [11          345.00]   1.0245     VOLT     12 [12          345.00]
    53     1.0329     VOLT     13 [13          345.00]   1.0239     VOLT     14 [14          345.00]
    55    0.99026     VOLT     15 [15          345.00]  0.99051     VOLT     16 [16          345.00]
    57     1.0033     VOLT     17 [17          345.00]   1.0111     VOLT     18 [18          345.00]
    59     1.0036     VOLT     19 [19          345.00]  0.93792     VOLT     20 [20          345.00]
    61    0.99363     VOLT     21 [21          345.00]   1.0171     VOLT     22 [22          345.00]
    63     1.0153     VOLT     23 [23          345.00]  0.99724     VOLT     24 [24          345.00]
    65     1.0378     VOLT     25 [25          345.00]   1.0281     VOLT     26 [26          345.00]
    67     1.0108     VOLT     27 [27          345.00]   1.0323     VOLT     28 [28          345.00]
    69     1.0298     VOLT     29 [29          345.00]   1.0418     VOLT     30 [30          22.000]
    71     1.0160     VOLT     31 [31          22.000]  0.97807     VOLT     32 [32          22.000]
    73    0.96310     VOLT     33 [33          22.000]  0.94959     VOLT     34 [34          22.000]
    75     1.0200     VOLT     35 [35          22.000]   1.0564     VOLT     36 [36          22.000]
    77     1.0084     VOLT     37 [37          22.000]   1.0047     VOLT     38 [38          22.000]
    79     1.0238     VOLT     39 [39          22.000]   5833.6     PMECH FOR ALL BUSES
    81     5850.8     PELEC FOR ALL BUSES               -17.201     PACCL FOR ALL BUSES
    83     5805.6     PLOAD FOR ALL BUSES                45.192     PE-PL FOR ALL BUSES

 16.0003 -3.77257E-03 -3.77837E-03 -3.76804E-03 -3.78026E-03 -3.79107E-03 -3.78318E-03
     7   -3.78528E-03 -3.75445E-03   0.0000     -3.76144E-03   1.2339       2.8839
    13     2.2587       2.6557       4.4474       2.4368       2.4764       2.2184
    19     0.0000       1.0437       0.0000       0.0000       0.0000       0.0000
    25     0.0000       0.0000       0.0000       0.0000       0.0000       0.0000
    31     3.3243       6.5675       7.3431       7.1648       5.9125       7.3405
    37     6.4405       6.2408       0.0000       9.9617       1.0420       1.0430
    43     1.0272       1.0302       1.0492       1.0507       1.0382       1.0360
    49     1.0409       1.0381       1.0409       1.0245       1.0329       1.0239
    55    0.99026      0.99051       1.0033       1.0111       1.0036      0.93792
    61    0.99363       1.0171       1.0153      0.99724       1.0378       1.0281
    67     1.0108       1.0323       1.0298       1.0418       1.0160      0.97807
    73    0.96310      0.94959       1.0200       1.0564       1.0084       1.0047
    79     1.0238       5833.6       5850.8      -17.201       5805.6       45.192

 Channel output file is "ne_2.out"

    TIME X- VALUE --X X--------- IDENTIFIER ---------X X- VALUE --X X--------- IDENTIFIER ---------X
 16.0003 -3.77257E-03 SPD     30[30          22.000]1  -3.77837E-03 SPD     31[31          22.000]1
     3   -3.76804E-03 SPD     32[32          22.000]1  -3.78026E-03 SPD     33[33          22.000]1
     5   -3.79107E-03 SPD     34[34          22.000]1  -3.78318E-03 SPD     35[35          22.000]1
     7   -3.78528E-03 SPD     36[36          22.000]1  -3.75445E-03 SPD     37[37          22.000]1
     9     0.0000     SPD     38[38          22.000]1  -3.76144E-03 SPD     39[39          22.000]1
    11     1.2339     EFD     30[30          22.000]1    2.8839     EFD     31[31          22.000]1
    13     2.2587     EFD     32[32          22.000]1    2.6557     EFD     33[33          22.000]1
    15     4.4474     EFD     34[34          22.000]1    2.4368     EFD     35[35          22.000]1
    17     2.4764     EFD     36[36          22.000]1    2.2184     EFD     37[37          22.000]1
    19     0.0000     EFD     38[38          22.000]1    1.0437     EFD     39[39          22.000]1
    21     0.0000     VOEL    30[30          22.000]1    0.0000     VOEL    31[31          22.000]1
    23     0.0000     VOEL    32[32          22.000]1    0.0000     VOEL    33[33          22.000]1
    25     0.0000     VOEL    34[34          22.000]1    0.0000     VOEL    35[35          22.000]1
    27     0.0000     VOEL    36[36          22.000]1    0.0000     VOEL    37[37          22.000]1
    29     0.0000     VOEL    38[38          22.000]1    0.0000     VOEL    39[39          22.000]1
    31     3.3242     POWR    30[30          22.000]1    6.5674     POWR    31[31          22.000]1
    33     7.3430     POWR    32[32          22.000]1    7.1647     POWR    33[33          22.000]1
    35     5.9124     POWR    34[34          22.000]1    7.3404     POWR    35[35          22.000]1
    37     6.4404     POWR    36[36          22.000]1    6.2407     POWR    37[37          22.000]1
    39     0.0000     POWR    38[38          22.000]1    9.9616     POWR    39[39          22.000]1
    41     1.0420     VOLT      1 [1           345.00]   1.0430     VOLT      2 [2           345.00]
    43     1.0272     VOLT      3 [3           345.00]   1.0302     VOLT      4 [4           345.00]
    45     1.0492     VOLT      5 [5           345.00]   1.0507     VOLT      6 [6           345.00]
    47     1.0382     VOLT      7 [7           345.00]   1.0360     VOLT      8 [8           345.00]
    49     1.0409     VOLT      9 [9           345.00]   1.0381     VOLT     10 [10          345.00]
    51     1.0409     VOLT     11 [11          345.00]   1.0245     VOLT     12 [12          345.00]
    53     1.0329     VOLT     13 [13          345.00]   1.0239     VOLT     14 [14          345.00]
    55    0.99026     VOLT     15 [15          345.00]  0.99051     VOLT     16 [16          345.00]
    57     1.0033     VOLT     17 [17          345.00]   1.0111     VOLT     18 [18          345.00]
    59     1.0036     VOLT     19 [19          345.00]  0.93792     VOLT     20 [20          345.00]
    61    0.99363     VOLT     21 [21          345.00]   1.0171     VOLT     22 [22          345.00]
    63     1.0153     VOLT     23 [23          345.00]  0.99724     VOLT     24 [24          345.00]
    65     1.0378     VOLT     25 [25          345.00]   1.0281     VOLT     26 [26          345.00]
    67     1.0108     VOLT     27 [27          345.00]   1.0323     VOLT     28 [28          345.00]
    69     1.0298     VOLT     29 [29          345.00]   1.0418     VOLT     30 [30          22.000]
    71     1.0160     VOLT     31 [31          22.000]  0.97807     VOLT     32 [32          22.000]
    73    0.96310     VOLT     33 [33          22.000]  0.94959     VOLT     34 [34          22.000]
    75     1.0200     VOLT     35 [35          22.000]   1.0564     VOLT     36 [36          22.000]
    77     1.0084     VOLT     37 [37          22.000]   1.0047     VOLT     38 [38          22.000]
    79     1.0238     VOLT     39 [39          22.000]   5833.6     PMECH FOR ALL BUSES
    81     5850.8     PELEC FOR ALL BUSES               -17.201     PACCL FOR ALL BUSES
    83     5805.6     PLOAD FOR ALL BUSES                45.192     PE-PL FOR ALL BUSES

 17.0002 -3.73888E-03 -3.74297E-03 -3.73703E-03 -3.74118E-03 -3.75014E-03 -3.74564E-03
     7   -3.74492E-03 -3.72662E-03   0.0000     -3.73389E-03   1.2361       2.8845
    13     2.2629       2.6501       4.4445       2.4364       2.4717       2.2280
    19     0.0000       1.0437       0.0000       0.0000       0.0000       0.0000
    25     0.0000       0.0000       0.0000       0.0000       0.0000       0.0000
    31     3.3208       6.5600       7.3358       7.1565       5.9048       7.3335
    37     6.4318       6.2327       0.0000       10.011       1.0420       1.0430
    43     1.0272       1.0302       1.0492       1.0507       1.0382       1.0360
    49     1.0409       1.0381       1.0409       1.0245       1.0329       1.0239
    55    0.99026      0.99051       1.0033       1.0111       1.0036      0.93792
    61    0.99363       1.0171       1.0153      0.99724       1.0378       1.0281
    67     1.0108       1.0323       1.0298       1.0418       1.0160      0.97807
    73    0.96310      0.94959       1.0200       1.0564       1.0084       1.0047
    79     1.0238       5833.6       5850.8      -17.201       5805.6       45.192

 Channel output file is "ne_2.out"

    TIME X- VALUE --X X--------- IDENTIFIER ---------X X- VALUE --X X--------- IDENTIFIER ---------X
 17.0002 -3.73888E-03 SPD     30[30          22.000]1  -3.74297E-03 SPD     31[31          22.000]1
     3   -3.73703E-03 SPD     32[32          22.000]1  -3.74118E-03 SPD     33[33          22.000]1
     5   -3.75014E-03 SPD     34[34          22.000]1  -3.74564E-03 SPD     35[35          22.000]1
     7   -3.74492E-03 SPD     36[36          22.000]1  -3.72662E-03 SPD     37[37          22.000]1
     9     0.0000     SPD     38[38          22.000]1  -3.73389E-03 SPD     39[39          22.000]1
    11     1.2361     EFD     30[30          22.000]1    2.8845     EFD     31[31          22.000]1
    13     2.2629     EFD     32[32          22.000]1    2.6501     EFD     33[33          22.000]1
    15     4.4445     EFD     34[34          22.000]1    2.4364     EFD     35[35          22.000]1
    17     2.4717     EFD     36[36          22.000]1    2.2280     EFD     37[37          22.000]1
    19     0.0000     EFD     38[38          22.000]1    1.0437     EFD     39[39          22.000]1
    21     0.0000     VOEL    30[30          22.000]1    0.0000     VOEL    31[31          22.000]1
    23     0.0000     VOEL    32[32          22.000]1    0.0000     VOEL    33[33          22.000]1
    25     0.0000     VOEL    34[34          22.000]1    0.0000     VOEL    35[35          22.000]1
    27     0.0000     VOEL    36[36          22.000]1    0.0000     VOEL    37[37          22.000]1
    29     0.0000     VOEL    38[38          22.000]1    0.0000     VOEL    39[39          22.000]1
    31     3.3207     POWR    30[30          22.000]1    6.5599     POWR    31[31          22.000]1
    33     7.3357     POWR    32[32          22.000]1    7.1564     POWR    33[33          22.000]1
    35     5.9047     POWR    34[34          22.000]1    7.3334     POWR    35[35          22.000]1
    37     6.4318     POWR    36[36          22.000]1    6.2326     POWR    37[37          22.000]1
    39     0.0000     POWR    38[38          22.000]1    10.011     POWR    39[39          22.000]1
    41     1.0420     VOLT      1 [1           345.00]   1.0430     VOLT      2 [2           345.00]
    43     1.0272     VOLT      3 [3           345.00]   1.0302     VOLT      4 [4           345.00]
    45     1.0492     VOLT      5 [5           345.00]   1.0507     VOLT      6 [6           345.00]
    47     1.0382     VOLT      7 [7           345.00]   1.0360     VOLT      8 [8           345.00]
    49     1.0409     VOLT      9 [9           345.00]   1.0381     VOLT     10 [10          345.00]
    51     1.0409     VOLT     11 [11          345.00]   1.0245     VOLT     12 [12          345.00]
    53     1.0329     VOLT     13 [13          345.00]   1.0239     VOLT     14 [14          345.00]
    55    0.99026     VOLT     15 [15          345.00]  0.99051     VOLT     16 [16          345.00]
    57     1.0033     VOLT     17 [17          345.00]   1.0111     VOLT     18 [18          345.00]
    59     1.0036     VOLT     19 [19          345.00]  0.93792     VOLT     20 [20          345.00]
    61    0.99363     VOLT     21 [21          345.00]   1.0171     VOLT     22 [22          345.00]
    63     1.0153     VOLT     23 [23          345.00]  0.99724     VOLT     24 [24          345.00]
    65     1.0378     VOLT     25 [25          345.00]   1.0281     VOLT     26 [26          345.00]
    67     1.0108     VOLT     27 [27          345.00]   1.0323     VOLT     28 [28          345.00]
    69     1.0298     VOLT     29 [29          345.00]   1.0418     VOLT     30 [30          22.000]
    71     1.0160     VOLT     31 [31          22.000]  0.97807     VOLT     32 [32          22.000]
    73    0.96310     VOLT     33 [33          22.000]  0.94959     VOLT     34 [34          22.000]
    75     1.0200     VOLT     35 [35          22.000]   1.0564     VOLT     36 [36          22.000]
    77     1.0084     VOLT     37 [37          22.000]   1.0047     VOLT     38 [38          22.000]
    79     1.0238     VOLT     39 [39          22.000]   5833.6     PMECH FOR ALL BUSES
    81     5850.8     PELEC FOR ALL BUSES               -17.201     PACCL FOR ALL BUSES
    83     5805.6     PLOAD FOR ALL BUSES                45.192     PE-PL FOR ALL BUSES

 18.0000 -3.78170E-03 -3.78317E-03 -3.78056E-03 -3.77981E-03 -3.78825E-03 -3.78428E-03
     7   -3.78335E-03 -3.77600E-03   0.0000     -3.77801E-03   1.2370       2.8847
    13     2.2675       2.6466       4.4424       2.4360       2.4691       2.2405
    19     0.0000       1.0437       0.0000       0.0000       0.0000       0.0000
    25     0.0000       0.0000       0.0000       0.0000       0.0000       0.0000
    31     3.3188       6.5566       7.3326       7.1523       5.9012       7.3304
    37     6.4276       6.2289       0.0000       10.036       1.0420       1.0430
    43     1.0272       1.0302       1.0492       1.0507       1.0382       1.0360
    49     1.0409       1.0381       1.0409       1.0245       1.0329       1.0239
    55    0.99026      0.99051       1.0033       1.0111       1.0036      0.93792
    61    0.99363       1.0171       1.0153      0.99724       1.0378       1.0281
    67     1.0108       1.0323       1.0298       1.0418       1.0160      0.97807
    73    0.96310      0.94959       1.0200       1.0564       1.0084       1.0047
    79     1.0238       5833.6       5850.8      -17.201       5805.6       45.192

 Channel output file is "ne_2.out"

    TIME X- VALUE --X X--------- IDENTIFIER ---------X X- VALUE --X X--------- IDENTIFIER ---------X
 18.0000 -3.78170E-03 SPD     30[30          22.000]1  -3.78317E-03 SPD     31[31          22.000]1
     3   -3.78056E-03 SPD     32[32          22.000]1  -3.77981E-03 SPD     33[33          22.000]1
     5   -3.78825E-03 SPD     34[34          22.000]1  -3.78428E-03 SPD     35[35          22.000]1
     7   -3.78335E-03 SPD     36[36          22.000]1  -3.77600E-03 SPD     37[37          22.000]1
     9     0.0000     SPD     38[38          22.000]1  -3.77801E-03 SPD     39[39          22.000]1
    11     1.2370     EFD     30[30          22.000]1    2.8847     EFD     31[31          22.000]1
    13     2.2675     EFD     32[32          22.000]1    2.6466     EFD     33[33          22.000]1
    15     4.4424     EFD     34[34          22.000]1    2.4360     EFD     35[35          22.000]1
    17     2.4691     EFD     36[36          22.000]1    2.2405     EFD     37[37          22.000]1
    19     0.0000     EFD     38[38          22.000]1    1.0437     EFD     39[39          22.000]1
    21     0.0000     VOEL    30[30          22.000]1    0.0000     VOEL    31[31          22.000]1
    23     0.0000     VOEL    32[32          22.000]1    0.0000     VOEL    33[33          22.000]1
    25     0.0000     VOEL    34[34          22.000]1    0.0000     VOEL    35[35          22.000]1
    27     0.0000     VOEL    36[36          22.000]1    0.0000     VOEL    37[37          22.000]1
    29     0.0000     VOEL    38[38          22.000]1    0.0000     VOEL    39[39          22.000]1
    31     3.3187     POWR    30[30          22.000]1    6.5565     POWR    31[31          22.000]1
    33     7.3325     POWR    32[32          22.000]1    7.1522     POWR    33[33          22.000]1
    35     5.9011     POWR    34[34          22.000]1    7.3303     POWR    35[35          22.000]1
    37     6.4275     POWR    36[36          22.000]1    6.2287     POWR    37[37          22.000]1
    39     0.0000     POWR    38[38          22.000]1    10.036     POWR    39[39          22.000]1
    41     1.0420     VOLT      1 [1           345.00]   1.0430     VOLT      2 [2           345.00]
    43     1.0272     VOLT      3 [3           345.00]   1.0302     VOLT      4 [4           345.00]
    45     1.0492     VOLT      5 [5           345.00]   1.0507     VOLT      6 [6           345.00]
    47     1.0382     VOLT      7 [7           345.00]   1.0360     VOLT      8 [8           345.00]
    49     1.0409     VOLT      9 [9           345.00]   1.0381     VOLT     10 [10          345.00]
    51     1.0409     VOLT     11 [11          345.00]   1.0245     VOLT     12 [12          345.00]
    53     1.0329     VOLT     13 [13          345.00]   1.0239     VOLT     14 [14          345.00]
    55    0.99026     VOLT     15 [15          345.00]  0.99051     VOLT     16 [16          345.00]
    57     1.0033     VOLT     17 [17          345.00]   1.0111     VOLT     18 [18          345.00]
    59     1.0036     VOLT     19 [19          345.00]  0.93792     VOLT     20 [20          345.00]
    61    0.99363     VOLT     21 [21          345.00]   1.0171     VOLT     22 [22          345.00]
    63     1.0153     VOLT     23 [23          345.00]  0.99724     VOLT     24 [24          345.00]
    65     1.0378     VOLT     25 [25          345.00]   1.0281     VOLT     26 [26          345.00]
    67     1.0108     VOLT     27 [27          345.00]   1.0323     VOLT     28 [28          345.00]
    69     1.0298     VOLT     29 [29          345.00]   1.0418     VOLT     30 [30          22.000]
    71     1.0160     VOLT     31 [31          22.000]  0.97807     VOLT     32 [32          22.000]
    73    0.96310     VOLT     33 [33          22.000]  0.94959     VOLT     34 [34          22.000]
    75     1.0200     VOLT     35 [35          22.000]   1.0564     VOLT     36 [36          22.000]
    77     1.0084     VOLT     37 [37          22.000]   1.0047     VOLT     38 [38          22.000]
    79     1.0238     VOLT     39 [39          22.000]   5833.6     PMECH FOR ALL BUSES
    81     5850.8     PELEC FOR ALL BUSES               -17.201     PACCL FOR ALL BUSES
    83     5805.6     PLOAD FOR ALL BUSES                45.192     PE-PL FOR ALL BUSES

 19.0048 -3.85091E-03 -3.85092E-03 -3.85052E-03 -3.84740E-03 -3.85360E-03 -3.85113E-03
     7   -3.84968E-03 -3.85143E-03   0.0000     -3.84852E-03   1.2369       2.8844
    13     2.2706       2.6445       4.4408       2.4355       2.4674       2.2519
    19     0.0000       1.0437       0.0000       0.0000       0.0000       0.0000
    25     0.0000       0.0000       0.0000       0.0000       0.0000       0.0000
    31     3.3174       6.5559       7.3320       7.1512       5.9008       7.3300
    37     6.4267       6.2278       0.0000       10.044       1.0420       1.0430
    43     1.0272       1.0302       1.0492       1.0507       1.0382       1.0360
    49     1.0409       1.0381       1.0409       1.0245       1.0329       1.0239
    55    0.99026      0.99051       1.0033       1.0111       1.0036      0.93792
    61    0.99363       1.0171       1.0153      0.99724       1.0378       1.0281
    67     1.0108       1.0323       1.0298       1.0418       1.0160      0.97807
    73    0.96310      0.94959       1.0200       1.0564       1.0084       1.0047
    79     1.0238       5833.6       5850.8      -17.201       5805.6       45.192

 Channel output file is "ne_2.out"

    TIME X- VALUE --X X--------- IDENTIFIER ---------X X- VALUE --X X--------- IDENTIFIER ---------X
 19.0048 -3.85091E-03 SPD     30[30          22.000]1  -3.85092E-03 SPD     31[31          22.000]1
     3   -3.85052E-03 SPD     32[32          22.000]1  -3.84740E-03 SPD     33[33          22.000]1
     5   -3.85360E-03 SPD     34[34          22.000]1  -3.85113E-03 SPD     35[35          22.000]1
     7   -3.84968E-03 SPD     36[36          22.000]1  -3.85143E-03 SPD     37[37          22.000]1
     9     0.0000     SPD     38[38          22.000]1  -3.84852E-03 SPD     39[39          22.000]1
    11     1.2369     EFD     30[30          22.000]1    2.8844     EFD     31[31          22.000]1
    13     2.2706     EFD     32[32          22.000]1    2.6445     EFD     33[33          22.000]1
    15     4.4408     EFD     34[34          22.000]1    2.4355     EFD     35[35          22.000]1
    17     2.4674     EFD     36[36          22.000]1    2.2519     EFD     37[37          22.000]1
    19     0.0000     EFD     38[38          22.000]1    1.0437     EFD     39[39          22.000]1
    21     0.0000     VOEL    30[30          22.000]1    0.0000     VOEL    31[31          22.000]1
    23     0.0000     VOEL    32[32          22.000]1    0.0000     VOEL    33[33          22.000]1
    25     0.0000     VOEL    34[34          22.000]1    0.0000     VOEL    35[35          22.000]1
    27     0.0000     VOEL    36[36          22.000]1    0.0000     VOEL    37[37          22.000]1
    29     0.0000     VOEL    38[38          22.000]1    0.0000     VOEL    39[39          22.000]1
    31     3.3173     POWR    30[30          22.000]1    6.5558     POWR    31[31          22.000]1
    33     7.3319     POWR    32[32          22.000]1    7.1511     POWR    33[33          22.000]1
    35     5.9007     POWR    34[34          22.000]1    7.3299     POWR    35[35          22.000]1
    37     6.4266     POWR    36[36          22.000]1    6.2277     POWR    37[37          22.000]1
    39     0.0000     POWR    38[38          22.000]1    10.044     POWR    39[39          22.000]1
    41     1.0420     VOLT      1 [1           345.00]   1.0430     VOLT      2 [2           345.00]
    43     1.0272     VOLT      3 [3           345.00]   1.0302     VOLT      4 [4           345.00]
    45     1.0492     VOLT      5 [5           345.00]   1.0507     VOLT      6 [6           345.00]
    47     1.0382     VOLT      7 [7           345.00]   1.0360     VOLT      8 [8           345.00]
    49     1.0409     VOLT      9 [9           345.00]   1.0381     VOLT     10 [10          345.00]
    51     1.0409     VOLT     11 [11          345.00]   1.0245     VOLT     12 [12          345.00]
    53     1.0329     VOLT     13 [13          345.00]   1.0239     VOLT     14 [14          345.00]
    55    0.99026     VOLT     15 [15          345.00]  0.99051     VOLT     16 [16          345.00]
    57     1.0033     VOLT     17 [17          345.00]   1.0111     VOLT     18 [18          345.00]
    59     1.0036     VOLT     19 [19          345.00]  0.93792     VOLT     20 [20          345.00]
    61    0.99363     VOLT     21 [21          345.00]   1.0171     VOLT     22 [22          345.00]
    63     1.0153     VOLT     23 [23          345.00]  0.99724     VOLT     24 [24          345.00]
    65     1.0378     VOLT     25 [25          345.00]   1.0281     VOLT     26 [26          345.00]
    67     1.0108     VOLT     27 [27          345.00]   1.0323     VOLT     28 [28          345.00]
    69     1.0298     VOLT     29 [29          345.00]   1.0418     VOLT     30 [30          22.000]
    71     1.0160     VOLT     31 [31          22.000]  0.97807     VOLT     32 [32          22.000]
    73    0.96310     VOLT     33 [33          22.000]  0.94959     VOLT     34 [34          22.000]
    75     1.0200     VOLT     35 [35          22.000]   1.0564     VOLT     36 [36          22.000]
    77     1.0084     VOLT     37 [37          22.000]   1.0047     VOLT     38 [38          22.000]
    79     1.0238     VOLT     39 [39          22.000]   5833.6     PMECH FOR ALL BUSES
    81     5850.8     PELEC FOR ALL BUSES               -17.201     PACCL FOR ALL BUSES
    83     5805.6     PLOAD FOR ALL BUSES                45.192     PE-PL FOR ALL BUSES

 20.0046 -3.91623E-03 -3.91589E-03 -3.91657E-03 -3.91270E-03 -3.91705E-03 -3.91578E-03
     7   -3.91432E-03 -3.92032E-03   0.0000     -3.91471E-03   1.2362       2.8838
    13     2.2719       2.6435       4.4397       2.4350       2.4663       2.2597
    19     0.0000       1.0437       0.0000       0.0000       0.0000       0.0000
    25     0.0000       0.0000       0.0000       0.0000       0.0000       0.0000
    31     3.3170       6.5564       7.3323       7.1513       5.9015       7.3305
    37     6.4271       6.2279       0.0000       10.047       1.0420       1.0430
    43     1.0272       1.0302       1.0492       1.0507       1.0382       1.0360
    49     1.0409       1.0381       1.0409       1.0245       1.0329       1.0239
    55    0.99026      0.99051       1.0033       1.0111       1.0036      0.93792
    61    0.99363       1.0171       1.0153      0.99724       1.0378       1.0281
    67     1.0108       1.0323       1.0298       1.0418       1.0160      0.97807
    73    0.96310      0.94959       1.0200       1.0564       1.0084       1.0047
    79     1.0238       5833.6       5850.8      -17.201       5805.6       45.192

 Channel output file is "ne_2.out"

    TIME X- VALUE --X X--------- IDENTIFIER ---------X X- VALUE --X X--------- IDENTIFIER ---------X
 20.0046 -3.91623E-03 SPD     30[30          22.000]1  -3.91589E-03 SPD     31[31          22.000]1
     3   -3.91657E-03 SPD     32[32          22.000]1  -3.91270E-03 SPD     33[33          22.000]1
     5   -3.91705E-03 SPD     34[34          22.000]1  -3.91578E-03 SPD     35[35          22.000]1
     7   -3.91432E-03 SPD     36[36          22.000]1  -3.92032E-03 SPD     37[37          22.000]1
     9     0.0000     SPD     38[38          22.000]1  -3.91471E-03 SPD     39[39          22.000]1
    11     1.2362     EFD     30[30          22.000]1    2.8838     EFD     31[31          22.000]1
    13     2.2719     EFD     32[32          22.000]1    2.6435     EFD     33[33          22.000]1
    15     4.4397     EFD     34[34          22.000]1    2.4350     EFD     35[35          22.000]1
    17     2.4663     EFD     36[36          22.000]1    2.2597     EFD     37[37          22.000]1
    19     0.0000     EFD     38[38          22.000]1    1.0437     EFD     39[39          22.000]1
    21     0.0000     VOEL    30[30          22.000]1    0.0000     VOEL    31[31          22.000]1
    23     0.0000     VOEL    32[32          22.000]1    0.0000     VOEL    33[33          22.000]1
    25     0.0000     VOEL    34[34          22.000]1    0.0000     VOEL    35[35          22.000]1
    27     0.0000     VOEL    36[36          22.000]1    0.0000     VOEL    37[37          22.000]1
    29     0.0000     VOEL    38[38          22.000]1    0.0000     VOEL    39[39          22.000]1
    31     3.3169     POWR    30[30          22.000]1    6.5563     POWR    31[31          22.000]1
    33     7.3322     POWR    32[32          22.000]1    7.1512     POWR    33[33          22.000]1
    35     5.9014     POWR    34[34          22.000]1    7.3304     POWR    35[35          22.000]1
    37     6.4270     POWR    36[36          22.000]1    6.2278     POWR    37[37          22.000]1
    39     0.0000     POWR    38[38          22.000]1    10.047     POWR    39[39          22.000]1
    41     1.0420     VOLT      1 [1           345.00]   1.0430     VOLT      2 [2           345.00]
    43     1.0272     VOLT      3 [3           345.00]   1.0302     VOLT      4 [4           345.00]
    45     1.0492     VOLT      5 [5           345.00]   1.0507     VOLT      6 [6           345.00]
    47     1.0382     VOLT      7 [7           345.00]   1.0360     VOLT      8 [8           345.00]
    49     1.0409     VOLT      9 [9           345.00]   1.0381     VOLT     10 [10          345.00]
    51     1.0409     VOLT     11 [11          345.00]   1.0245     VOLT     12 [12          345.00]
    53     1.0329     VOLT     13 [13          345.00]   1.0239     VOLT     14 [14          345.00]
    55    0.99026     VOLT     15 [15          345.00]  0.99051     VOLT     16 [16          345.00]
    57     1.0033     VOLT     17 [17          345.00]   1.0111     VOLT     18 [18          345.00]
    59     1.0036     VOLT     19 [19          345.00]  0.93792     VOLT     20 [20          345.00]
    61    0.99363     VOLT     21 [21          345.00]   1.0171     VOLT     22 [22          345.00]
    63     1.0153     VOLT     23 [23          345.00]  0.99724     VOLT     24 [24          345.00]
    65     1.0378     VOLT     25 [25          345.00]   1.0281     VOLT     26 [26          345.00]
    67     1.0108     VOLT     27 [27          345.00]   1.0323     VOLT     28 [28          345.00]
    69     1.0298     VOLT     29 [29          345.00]   1.0418     VOLT     30 [30          22.000]
    71     1.0160     VOLT     31 [31          22.000]  0.97807     VOLT     32 [32          22.000]
    73    0.96310     VOLT     33 [33          22.000]  0.94959     VOLT     34 [34          22.000]
    75     1.0200     VOLT     35 [35          22.000]   1.0564     VOLT     36 [36          22.000]
    77     1.0084     VOLT     37 [37          22.000]   1.0047     VOLT     38 [38          22.000]
    79     1.0238     VOLT     39 [39          22.000]   5833.6     PMECH FOR ALL BUSES
    81     5850.8     PELEC FOR ALL BUSES               -17.201     PACCL FOR ALL BUSES
    83     5805.6     PLOAD FOR ALL BUSES                45.192     PE-PL FOR ALL BUSES

 21.0045 -3.96417E-03 -3.96397E-03 -3.96480E-03 -3.96150E-03 -3.96431E-03 -3.96391E-03
     7   -3.96253E-03 -3.96954E-03   0.0000     -3.96321E-03   1.2352       2.8833
    13     2.2716       2.6431       4.4392       2.4345       2.4658       2.2634
    19     0.0000       1.0437       0.0000       0.0000       0.0000       0.0000
    25     0.0000       0.0000       0.0000       0.0000       0.0000       0.0000
    31     3.3167       6.5571       7.3327       7.1519       5.9027       7.3311
    37     6.4278       6.2286       0.0000       10.049       1.0420       1.0430
    43     1.0272       1.0302       1.0492       1.0507       1.0382       1.0360
    49     1.0409       1.0381       1.0409       1.0245       1.0329       1.0239
    55    0.99026      0.99051       1.0033       1.0111       1.0036      0.93792
    61    0.99363       1.0171       1.0153      0.99724       1.0378       1.0281
    67     1.0108       1.0323       1.0298       1.0418       1.0160      0.97807
    73    0.96310      0.94959       1.0200       1.0564       1.0084       1.0047
    79     1.0238       5833.6       5850.8      -17.201       5805.6       45.192

 Channel output file is "ne_2.out"

    TIME X- VALUE --X X--------- IDENTIFIER ---------X X- VALUE --X X--------- IDENTIFIER ---------X
 21.0045 -3.96417E-03 SPD     30[30          22.000]1  -3.96397E-03 SPD     31[31          22.000]1
     3   -3.96480E-03 SPD     32[32          22.000]1  -3.96150E-03 SPD     33[33          22.000]1
     5   -3.96431E-03 SPD     34[34          22.000]1  -3.96391E-03 SPD     35[35          22.000]1
     7   -3.96253E-03 SPD     36[36          22.000]1  -3.96954E-03 SPD     37[37          22.000]1
     9     0.0000     SPD     38[38          22.000]1  -3.96321E-03 SPD     39[39          22.000]1
    11     1.2352     EFD     30[30          22.000]1    2.8833     EFD     31[31          22.000]1
    13     2.2716     EFD     32[32          22.000]1    2.6431     EFD     33[33          22.000]1
    15     4.4392     EFD     34[34          22.000]1    2.4345     EFD     35[35          22.000]1
    17     2.4658     EFD     36[36          22.000]1    2.2634     EFD     37[37          22.000]1
    19     0.0000     EFD     38[38          22.000]1    1.0437     EFD     39[39          22.000]1
    21     0.0000     VOEL    30[30          22.000]1    0.0000     VOEL    31[31          22.000]1
    23     0.0000     VOEL    32[32          22.000]1    0.0000     VOEL    33[33          22.000]1
    25     0.0000     VOEL    34[34          22.000]1    0.0000     VOEL    35[35          22.000]1
    27     0.0000     VOEL    36[36          22.000]1    0.0000     VOEL    37[37          22.000]1
    29     0.0000     VOEL    38[38          22.000]1    0.0000     VOEL    39[39          22.000]1
    31     3.3166     POWR    30[30          22.000]1    6.5570     POWR    31[31          22.000]1
    33     7.3326     POWR    32[32          22.000]1    7.1518     POWR    33[33          22.000]1
    35     5.9026     POWR    34[34          22.000]1    7.3310     POWR    35[35          22.000]1
    37     6.4277     POWR    36[36          22.000]1    6.2285     POWR    37[37          22.000]1
    39     0.0000     POWR    38[38          22.000]1    10.049     POWR    39[39          22.000]1
    41     1.0420     VOLT      1 [1           345.00]   1.0430     VOLT      2 [2           345.00]
    43     1.0272     VOLT      3 [3           345.00]   1.0302     VOLT      4 [4           345.00]
    45     1.0492     VOLT      5 [5           345.00]   1.0507     VOLT      6 [6           345.00]
    47     1.0382     VOLT      7 [7           345.00]   1.0360     VOLT      8 [8           345.00]
    49     1.0409     VOLT      9 [9           345.00]   1.0381     VOLT     10 [10          345.00]
    51     1.0409     VOLT     11 [11          345.00]   1.0245     VOLT     12 [12          345.00]
    53     1.0329     VOLT     13 [13          345.00]   1.0239     VOLT     14 [14          345.00]
    55    0.99026     VOLT     15 [15          345.00]  0.99051     VOLT     16 [16          345.00]
    57     1.0033     VOLT     17 [17          345.00]   1.0111     VOLT     18 [18          345.00]
    59     1.0036     VOLT     19 [19          345.00]  0.93792     VOLT     20 [20          345.00]
    61    0.99363     VOLT     21 [21          345.00]   1.0171     VOLT     22 [22          345.00]
    63     1.0153     VOLT     23 [23          345.00]  0.99724     VOLT     24 [24          345.00]
    65     1.0378     VOLT     25 [25          345.00]   1.0281     VOLT     26 [26          345.00]
    67     1.0108     VOLT     27 [27          345.00]   1.0323     VOLT     28 [28          345.00]
    69     1.0298     VOLT     29 [29          345.00]   1.0418     VOLT     30 [30          22.000]
    71     1.0160     VOLT     31 [31          22.000]  0.97807     VOLT     32 [32          22.000]
    73    0.96310     VOLT     33 [33          22.000]  0.94959     VOLT     34 [34          22.000]
    75     1.0200     VOLT     35 [35          22.000]   1.0564     VOLT     36 [36          22.000]
    77     1.0084     VOLT     37 [37          22.000]   1.0047     VOLT     38 [38          22.000]
    79     1.0238     VOLT     39 [39          22.000]   5833.6     PMECH FOR ALL BUSES
    81     5850.8     PELEC FOR ALL BUSES               -17.201     PACCL FOR ALL BUSES
    83     5805.6     PLOAD FOR ALL BUSES                45.192     PE-PL FOR ALL BUSES

 22.0043 -3.99190E-03 -3.99199E-03 -3.99244E-03 -3.99025E-03 -3.99200E-03 -3.99202E-03
     7   -3.99108E-03 -3.99697E-03   0.0000     -3.99145E-03   1.2343       2.8828
    13     2.2705       2.6432       4.4390       2.4342       2.4658       2.2637
    19     0.0000       1.0437       0.0000       0.0000       0.0000       0.0000
    25     0.0000       0.0000       0.0000       0.0000       0.0000       0.0000
    31     3.3166       6.5576       7.3328       7.1522       5.9036       7.3315
    37     6.4283       6.2291       0.0000       10.050       1.0420       1.0430
    43     1.0272       1.0302       1.0492       1.0507       1.0382       1.0360
    49     1.0409       1.0381       1.0409       1.0245       1.0329       1.0239
    55    0.99026      0.99051       1.0033       1.0111       1.0036      0.93792
    61    0.99363       1.0171       1.0153      0.99724       1.0378       1.0281
    67     1.0108       1.0323       1.0298       1.0418       1.0160      0.97807
    73    0.96310      0.94959       1.0200       1.0564       1.0084       1.0047
    79     1.0238       5833.6       5850.8      -17.201       5805.6       45.192

 Channel output file is "ne_2.out"

    TIME X- VALUE --X X--------- IDENTIFIER ---------X X- VALUE --X X--------- IDENTIFIER ---------X
 22.0043 -3.99190E-03 SPD     30[30          22.000]1  -3.99199E-03 SPD     31[31          22.000]1
     3   -3.99244E-03 SPD     32[32          22.000]1  -3.99025E-03 SPD     33[33          22.000]1
     5   -3.99200E-03 SPD     34[34          22.000]1  -3.99202E-03 SPD     35[35          22.000]1
     7   -3.99108E-03 SPD     36[36          22.000]1  -3.99697E-03 SPD     37[37          22.000]1
     9     0.0000     SPD     38[38          22.000]1  -3.99145E-03 SPD     39[39          22.000]1
    11     1.2343     EFD     30[30          22.000]1    2.8828     EFD     31[31          22.000]1
    13     2.2705     EFD     32[32          22.000]1    2.6432     EFD     33[33          22.000]1
    15     4.4390     EFD     34[34          22.000]1    2.4342     EFD     35[35          22.000]1
    17     2.4658     EFD     36[36          22.000]1    2.2637     EFD     37[37          22.000]1
    19     0.0000     EFD     38[38          22.000]1    1.0437     EFD     39[39          22.000]1
    21     0.0000     VOEL    30[30          22.000]1    0.0000     VOEL    31[31          22.000]1
    23     0.0000     VOEL    32[32          22.000]1    0.0000     VOEL    33[33          22.000]1
    25     0.0000     VOEL    34[34          22.000]1    0.0000     VOEL    35[35          22.000]1
    27     0.0000     VOEL    36[36          22.000]1    0.0000     VOEL    37[37          22.000]1
    29     0.0000     VOEL    38[38          22.000]1    0.0000     VOEL    39[39          22.000]1
    31     3.3165     POWR    30[30          22.000]1    6.5575     POWR    31[31          22.000]1
    33     7.3327     POWR    32[32          22.000]1    7.1520     POWR    33[33          22.000]1
    35     5.9035     POWR    34[34          22.000]1    7.3314     POWR    35[35          22.000]1
    37     6.4282     POWR    36[36          22.000]1    6.2289     POWR    37[37          22.000]1
    39     0.0000     POWR    38[38          22.000]1    10.050     POWR    39[39          22.000]1
    41     1.0420     VOLT      1 [1           345.00]   1.0430     VOLT      2 [2           345.00]
    43     1.0272     VOLT      3 [3           345.00]   1.0302     VOLT      4 [4           345.00]
    45     1.0492     VOLT      5 [5           345.00]   1.0507     VOLT      6 [6           345.00]
    47     1.0382     VOLT      7 [7           345.00]   1.0360     VOLT      8 [8           345.00]
    49     1.0409     VOLT      9 [9           345.00]   1.0381     VOLT     10 [10          345.00]
    51     1.0409     VOLT     11 [11          345.00]   1.0245     VOLT     12 [12          345.00]
    53     1.0329     VOLT     13 [13          345.00]   1.0239     VOLT     14 [14          345.00]
    55    0.99026     VOLT     15 [15          345.00]  0.99051     VOLT     16 [16          345.00]
    57     1.0033     VOLT     17 [17          345.00]   1.0111     VOLT     18 [18          345.00]
    59     1.0036     VOLT     19 [19          345.00]  0.93792     VOLT     20 [20          345.00]
    61    0.99363     VOLT     21 [21          345.00]   1.0171     VOLT     22 [22          345.00]
    63     1.0153     VOLT     23 [23          345.00]  0.99724     VOLT     24 [24          345.00]
    65     1.0378     VOLT     25 [25          345.00]   1.0281     VOLT     26 [26          345.00]
    67     1.0108     VOLT     27 [27          345.00]   1.0323     VOLT     28 [28          345.00]
    69     1.0298     VOLT     29 [29          345.00]   1.0418     VOLT     30 [30          22.000]
    71     1.0160     VOLT     31 [31          22.000]  0.97807     VOLT     32 [32          22.000]
    73    0.96310     VOLT     33 [33          22.000]  0.94959     VOLT     34 [34          22.000]
    75     1.0200     VOLT     35 [35          22.000]   1.0564     VOLT     36 [36          22.000]
    77     1.0084     VOLT     37 [37          22.000]   1.0047     VOLT     38 [38          22.000]
    79     1.0238     VOLT     39 [39          22.000]   5833.6     PMECH FOR ALL BUSES
    81     5850.8     PELEC FOR ALL BUSES               -17.201     PACCL FOR ALL BUSES
    83     5805.6     PLOAD FOR ALL BUSES                45.192     PE-PL FOR ALL BUSES

 23.0041 -4.00384E-03 -4.00387E-03 -4.00383E-03 -4.00300E-03 -4.00397E-03 -4.00404E-03
     7   -4.00353E-03 -4.00726E-03   0.0000     -4.00336E-03   1.2338       2.8825
    13     2.2693       2.6436       4.4389       2.4340       2.4662       2.2619
    19     0.0000       1.0437       0.0000       0.0000       0.0000       0.0000
    25     0.0000       0.0000       0.0000       0.0000       0.0000       0.0000
    31     3.3164       6.5577       7.3326       7.1521       5.9041       7.3316
    37     6.4284       6.2291       0.0000       10.053       1.0420       1.0430
    43     1.0272       1.0302       1.0492       1.0507       1.0382       1.0360
    49     1.0409       1.0381       1.0409       1.0245       1.0329       1.0239
    55    0.99026      0.99051       1.0033       1.0111       1.0036      0.93792
    61    0.99363       1.0171       1.0153      0.99724       1.0378       1.0281
    67     1.0108       1.0323       1.0298       1.0418       1.0160      0.97807
    73    0.96310      0.94959       1.0200       1.0564       1.0084       1.0047
    79     1.0238       5833.6       5850.8      -17.201       5805.6       45.192

 Channel output file is "ne_2.out"

    TIME X- VALUE --X X--------- IDENTIFIER ---------X X- VALUE --X X--------- IDENTIFIER ---------X
 23.0041 -4.00384E-03 SPD     30[30          22.000]1  -4.00387E-03 SPD     31[31          22.000]1
     3   -4.00383E-03 SPD     32[32          22.000]1  -4.00300E-03 SPD     33[33          22.000]1
     5   -4.00397E-03 SPD     34[34          22.000]1  -4.00404E-03 SPD     35[35          22.000]1
     7   -4.00353E-03 SPD     36[36          22.000]1  -4.00726E-03 SPD     37[37          22.000]1
     9     0.0000     SPD     38[38          22.000]1  -4.00336E-03 SPD     39[39          22.000]1
    11     1.2338     EFD     30[30          22.000]1    2.8825     EFD     31[31          22.000]1
    13     2.2693     EFD     32[32          22.000]1    2.6436     EFD     33[33          22.000]1
    15     4.4389     EFD     34[34          22.000]1    2.4340     EFD     35[35          22.000]1
    17     2.4662     EFD     36[36          22.000]1    2.2619     EFD     37[37          22.000]1
    19     0.0000     EFD     38[38          22.000]1    1.0437     EFD     39[39          22.000]1
    21     0.0000     VOEL    30[30          22.000]1    0.0000     VOEL    31[31          22.000]1
    23     0.0000     VOEL    32[32          22.000]1    0.0000     VOEL    33[33          22.000]1
    25     0.0000     VOEL    34[34          22.000]1    0.0000     VOEL    35[35          22.000]1
    27     0.0000     VOEL    36[36          22.000]1    0.0000     VOEL    37[37          22.000]1
    29     0.0000     VOEL    38[38          22.000]1    0.0000     VOEL    39[39          22.000]1
    31     3.3162     POWR    30[30          22.000]1    6.5576     POWR    31[31          22.000]1
    33     7.3325     POWR    32[32          22.000]1    7.1520     POWR    33[33          22.000]1
    35     5.9040     POWR    34[34          22.000]1    7.3315     POWR    35[35          22.000]1
    37     6.4283     POWR    36[36          22.000]1    6.2290     POWR    37[37          22.000]1
    39     0.0000     POWR    38[38          22.000]1    10.053     POWR    39[39          22.000]1
    41     1.0420     VOLT      1 [1           345.00]   1.0430     VOLT      2 [2           345.00]
    43     1.0272     VOLT      3 [3           345.00]   1.0302     VOLT      4 [4           345.00]
    45     1.0492     VOLT      5 [5           345.00]   1.0507     VOLT      6 [6           345.00]
    47     1.0382     VOLT      7 [7           345.00]   1.0360     VOLT      8 [8           345.00]
    49     1.0409     VOLT      9 [9           345.00]   1.0381     VOLT     10 [10          345.00]
    51     1.0409     VOLT     11 [11          345.00]   1.0245     VOLT     12 [12          345.00]
    53     1.0329     VOLT     13 [13          345.00]   1.0239     VOLT     14 [14          345.00]
    55    0.99026     VOLT     15 [15          345.00]  0.99051     VOLT     16 [16          345.00]
    57     1.0033     VOLT     17 [17          345.00]   1.0111     VOLT     18 [18          345.00]
    59     1.0036     VOLT     19 [19          345.00]  0.93792     VOLT     20 [20          345.00]
    61    0.99363     VOLT     21 [21          345.00]   1.0171     VOLT     22 [22          345.00]
    63     1.0153     VOLT     23 [23          345.00]  0.99724     VOLT     24 [24          345.00]
    65     1.0378     VOLT     25 [25          345.00]   1.0281     VOLT     26 [26          345.00]
    67     1.0108     VOLT     27 [27          345.00]   1.0323     VOLT     28 [28          345.00]
    69     1.0298     VOLT     29 [29          345.00]   1.0418     VOLT     30 [30          22.000]
    71     1.0160     VOLT     31 [31          22.000]  0.97807     VOLT     32 [32          22.000]
    73    0.96310     VOLT     33 [33          22.000]  0.94959     VOLT     34 [34          22.000]
    75     1.0200     VOLT     35 [35          22.000]   1.0564     VOLT     36 [36          22.000]
    77     1.0084     VOLT     37 [37          22.000]   1.0047     VOLT     38 [38          22.000]
    79     1.0238     VOLT     39 [39          22.000]   5833.6     PMECH FOR ALL BUSES
    81     5850.8     PELEC FOR ALL BUSES               -17.201     PACCL FOR ALL BUSES
    83     5805.6     PLOAD FOR ALL BUSES                45.192     PE-PL FOR ALL BUSES

 24.0040 -4.00628E-03 -4.00640E-03 -4.00532E-03 -4.00556E-03 -4.00639E-03 -4.00635E-03
     7   -4.00655E-03 -4.00883E-03   0.0000     -4.00580E-03   1.2335       2.8824
    13     2.2684       2.6441       4.4389       2.4339       2.4664       2.2590
    19     0.0000       1.0437       0.0000       0.0000       0.0000       0.0000
    25     0.0000       0.0000       0.0000       0.0000       0.0000       0.0000
    31     3.3158       6.5574       7.3323       7.1521       5.9042       7.3314
    37     6.4283       6.2290       0.0000       10.055       1.0420       1.0430
    43     1.0272       1.0302       1.0492       1.0507       1.0382       1.0360
    49     1.0409       1.0381       1.0409       1.0245       1.0329       1.0239
    55    0.99026      0.99051       1.0033       1.0111       1.0036      0.93792
    61    0.99363       1.0171       1.0153      0.99724       1.0378       1.0281
    67     1.0108       1.0323       1.0298       1.0418       1.0160      0.97807
    73    0.96310      0.94959       1.0200       1.0564       1.0084       1.0047
    79     1.0238       5833.6       5850.8      -17.201       5805.6       45.192

 Channel output file is "ne_2.out"

    TIME X- VALUE --X X--------- IDENTIFIER ---------X X- VALUE --X X--------- IDENTIFIER ---------X
 24.0040 -4.00628E-03 SPD     30[30          22.000]1  -4.00640E-03 SPD     31[31          22.000]1
     3   -4.00532E-03 SPD     32[32          22.000]1  -4.00556E-03 SPD     33[33          22.000]1
     5   -4.00639E-03 SPD     34[34          22.000]1  -4.00635E-03 SPD     35[35          22.000]1
     7   -4.00655E-03 SPD     36[36          22.000]1  -4.00883E-03 SPD     37[37          22.000]1
     9     0.0000     SPD     38[38          22.000]1  -4.00580E-03 SPD     39[39          22.000]1
    11     1.2335     EFD     30[30          22.000]1    2.8824     EFD     31[31          22.000]1
    13     2.2684     EFD     32[32          22.000]1    2.6441     EFD     33[33          22.000]1
    15     4.4389     EFD     34[34          22.000]1    2.4339     EFD     35[35          22.000]1
    17     2.4664     EFD     36[36          22.000]1    2.2590     EFD     37[37          22.000]1
    19     0.0000     EFD     38[38          22.000]1    1.0437     EFD     39[39          22.000]1
    21     0.0000     VOEL    30[30          22.000]1    0.0000     VOEL    31[31          22.000]1
    23     0.0000     VOEL    32[32          22.000]1    0.0000     VOEL    33[33          22.000]1
    25     0.0000     VOEL    34[34          22.000]1    0.0000     VOEL    35[35          22.000]1
    27     0.0000     VOEL    36[36          22.000]1    0.0000     VOEL    37[37          22.000]1
    29     0.0000     VOEL    38[38          22.000]1    0.0000     VOEL    39[39          22.000]1
    31     3.3157     POWR    30[30          22.000]1    6.5573     POWR    31[31          22.000]1
    33     7.3322     POWR    32[32          22.000]1    7.1519     POWR    33[33          22.000]1
    35     5.9041     POWR    34[34          22.000]1    7.3313     POWR    35[35          22.000]1
    37     6.4282     POWR    36[36          22.000]1    6.2289     POWR    37[37          22.000]1
    39     0.0000     POWR    38[38          22.000]1    10.055     POWR    39[39          22.000]1
    41     1.0420     VOLT      1 [1           345.00]   1.0430     VOLT      2 [2           345.00]
    43     1.0272     VOLT      3 [3           345.00]   1.0302     VOLT      4 [4           345.00]
    45     1.0492     VOLT      5 [5           345.00]   1.0507     VOLT      6 [6           345.00]
    47     1.0382     VOLT      7 [7           345.00]   1.0360     VOLT      8 [8           345.00]
    49     1.0409     VOLT      9 [9           345.00]   1.0381     VOLT     10 [10          345.00]
    51     1.0409     VOLT     11 [11          345.00]   1.0245     VOLT     12 [12          345.00]
    53     1.0329     VOLT     13 [13          345.00]   1.0239     VOLT     14 [14          345.00]
    55    0.99026     VOLT     15 [15          345.00]  0.99051     VOLT     16 [16          345.00]
    57     1.0033     VOLT     17 [17          345.00]   1.0111     VOLT     18 [18          345.00]
    59     1.0036     VOLT     19 [19          345.00]  0.93792     VOLT     20 [20          345.00]
    61    0.99363     VOLT     21 [21          345.00]   1.0171     VOLT     22 [22          345.00]
    63     1.0153     VOLT     23 [23          345.00]  0.99724     VOLT     24 [24          345.00]
    65     1.0378     VOLT     25 [25          345.00]   1.0281     VOLT     26 [26          345.00]
    67     1.0108     VOLT     27 [27          345.00]   1.0323     VOLT     28 [28          345.00]
    69     1.0298     VOLT     29 [29          345.00]   1.0418     VOLT     30 [30          22.000]
    71     1.0160     VOLT     31 [31          22.000]  0.97807     VOLT     32 [32          22.000]
    73    0.96310     VOLT     33 [33          22.000]  0.94959     VOLT     34 [34          22.000]
    75     1.0200     VOLT     35 [35          22.000]   1.0564     VOLT     36 [36          22.000]
    77     1.0084     VOLT     37 [37          22.000]   1.0047     VOLT     38 [38          22.000]
    79     1.0238     VOLT     39 [39          22.000]   5833.6     PMECH FOR ALL BUSES
    81     5850.8     PELEC FOR ALL BUSES               -17.201     PACCL FOR ALL BUSES
    83     5805.6     PLOAD FOR ALL BUSES                45.192     PE-PL FOR ALL BUSES

 25.0038 -4.00469E-03 -4.00432E-03 -4.00488E-03 -4.00498E-03 -4.00497E-03 -4.00475E-03
     7   -4.00498E-03 -4.00518E-03   0.0000     -4.00476E-03   1.2334       2.8824
    13     2.2681       2.6445       4.4390       2.4338       2.4668       2.2563
    19     0.0000       1.0437       0.0000       0.0000       0.0000       0.0000
    25     0.0000       0.0000       0.0000       0.0000       0.0000       0.0000
    31     3.3159       6.5573       7.3318       7.1515       5.9042       7.3311
    37     6.4281       6.2281       0.0000       10.057       1.0420       1.0430
    43     1.0272       1.0302       1.0492       1.0507       1.0382       1.0360
    49     1.0409       1.0381       1.0409       1.0245       1.0329       1.0239
    55    0.99026      0.99051       1.0033       1.0111       1.0036      0.93792
    61    0.99363       1.0171       1.0153      0.99724       1.0378       1.0281
    67     1.0108       1.0323       1.0298       1.0418       1.0160      0.97807
    73    0.96310      0.94959       1.0200       1.0564       1.0084       1.0047
    79     1.0238       5833.6       5850.8      -17.201       5805.6       45.192

 Channel output file is "ne_2.out"

    TIME X- VALUE --X X--------- IDENTIFIER ---------X X- VALUE --X X--------- IDENTIFIER ---------X
 25.0038 -4.00469E-03 SPD     30[30          22.000]1  -4.00432E-03 SPD     31[31          22.000]1
     3   -4.00488E-03 SPD     32[32          22.000]1  -4.00498E-03 SPD     33[33          22.000]1
     5   -4.00497E-03 SPD     34[34          22.000]1  -4.00475E-03 SPD     35[35          22.000]1
     7   -4.00498E-03 SPD     36[36          22.000]1  -4.00518E-03 SPD     37[37          22.000]1
     9     0.0000     SPD     38[38          22.000]1  -4.00476E-03 SPD     39[39          22.000]1
    11     1.2334     EFD     30[30          22.000]1    2.8824     EFD     31[31          22.000]1
    13     2.2681     EFD     32[32          22.000]1    2.6445     EFD     33[33          22.000]1
    15     4.4390     EFD     34[34          22.000]1    2.4338     EFD     35[35          22.000]1
    17     2.4668     EFD     36[36          22.000]1    2.2563     EFD     37[37          22.000]1
    19     0.0000     EFD     38[38          22.000]1    1.0437     EFD     39[39          22.000]1
    21     0.0000     VOEL    30[30          22.000]1    0.0000     VOEL    31[31          22.000]1
    23     0.0000     VOEL    32[32          22.000]1    0.0000     VOEL    33[33          22.000]1
    25     0.0000     VOEL    34[34          22.000]1    0.0000     VOEL    35[35          22.000]1
    27     0.0000     VOEL    36[36          22.000]1    0.0000     VOEL    37[37          22.000]1
    29     0.0000     VOEL    38[38          22.000]1    0.0000     VOEL    39[39          22.000]1
    31     3.3158     POWR    30[30          22.000]1    6.5572     POWR    31[31          22.000]1
    33     7.3317     POWR    32[32          22.000]1    7.1514     POWR    33[33          22.000]1
    35     5.9041     POWR    34[34          22.000]1    7.3310     POWR    35[35          22.000]1
    37     6.4280     POWR    36[36          22.000]1    6.2280     POWR    37[37          22.000]1
    39     0.0000     POWR    38[38          22.000]1    10.057     POWR    39[39          22.000]1
    41     1.0420     VOLT      1 [1           345.00]   1.0430     VOLT      2 [2           345.00]
    43     1.0272     VOLT      3 [3           345.00]   1.0302     VOLT      4 [4           345.00]
    45     1.0492     VOLT      5 [5           345.00]   1.0507     VOLT      6 [6           345.00]
    47     1.0382     VOLT      7 [7           345.00]   1.0360     VOLT      8 [8           345.00]
    49     1.0409     VOLT      9 [9           345.00]   1.0381     VOLT     10 [10          345.00]
    51     1.0409     VOLT     11 [11          345.00]   1.0245     VOLT     12 [12          345.00]
    53     1.0329     VOLT     13 [13          345.00]   1.0239     VOLT     14 [14          345.00]
    55    0.99026     VOLT     15 [15          345.00]  0.99051     VOLT     16 [16          345.00]
    57     1.0033     VOLT     17 [17          345.00]   1.0111     VOLT     18 [18          345.00]
    59     1.0036     VOLT     19 [19          345.00]  0.93792     VOLT     20 [20          345.00]
    61    0.99363     VOLT     21 [21          345.00]   1.0171     VOLT     22 [22          345.00]
    63     1.0153     VOLT     23 [23          345.00]  0.99724     VOLT     24 [24          345.00]
    65     1.0378     VOLT     25 [25          345.00]   1.0281     VOLT     26 [26          345.00]
    67     1.0108     VOLT     27 [27          345.00]   1.0323     VOLT     28 [28          345.00]
    69     1.0298     VOLT     29 [29          345.00]   1.0418     VOLT     30 [30          22.000]
    71     1.0160     VOLT     31 [31          22.000]  0.97807     VOLT     32 [32          22.000]
    73    0.96310     VOLT     33 [33          22.000]  0.94959     VOLT     34 [34          22.000]
    75     1.0200     VOLT     35 [35          22.000]   1.0564     VOLT     36 [36          22.000]
    77     1.0084     VOLT     37 [37          22.000]   1.0047     VOLT     38 [38          22.000]
    79     1.0238     VOLT     39 [39          22.000]   5833.6     PMECH FOR ALL BUSES
    81     5850.8     PELEC FOR ALL BUSES               -17.201     PACCL FOR ALL BUSES
    83     5805.6     PLOAD FOR ALL BUSES                45.192     PE-PL FOR ALL BUSES

 26.0036 -4.00455E-03 -4.00404E-03 -4.00394E-03 -4.00408E-03 -4.00402E-03 -4.00406E-03
     7   -4.00419E-03 -4.00401E-03   0.0000     -4.00403E-03   1.2336       2.8826
    13     2.2683       2.6450       4.4392       2.4339       2.4672       2.2542
    19     0.0000       1.0437       0.0000       0.0000       0.0000       0.0000
    25     0.0000       0.0000       0.0000       0.0000       0.0000       0.0000
    31     3.3159       6.5573       7.3320       7.1514       5.9043       7.3310
    37     6.4280       6.2280       0.0000       10.054       1.0420       1.0430
    43     1.0272       1.0302       1.0492       1.0507       1.0382       1.0360
    49     1.0409       1.0381       1.0409       1.0245       1.0329       1.0239
    55    0.99026      0.99051       1.0033       1.0111       1.0036      0.93792
    61    0.99363       1.0171       1.0153      0.99724       1.0378       1.0281
    67     1.0108       1.0323       1.0298       1.0418       1.0160      0.97807
    73    0.96310      0.94959       1.0200       1.0564       1.0084       1.0047
    79     1.0238       5833.6       5850.8      -17.201       5805.6       45.192

 Channel output file is "ne_2.out"

    TIME X- VALUE --X X--------- IDENTIFIER ---------X X- VALUE --X X--------- IDENTIFIER ---------X
 26.0036 -4.00455E-03 SPD     30[30          22.000]1  -4.00404E-03 SPD     31[31          22.000]1
     3   -4.00394E-03 SPD     32[32          22.000]1  -4.00408E-03 SPD     33[33          22.000]1
     5   -4.00402E-03 SPD     34[34          22.000]1  -4.00406E-03 SPD     35[35          22.000]1
     7   -4.00419E-03 SPD     36[36          22.000]1  -4.00401E-03 SPD     37[37          22.000]1
     9     0.0000     SPD     38[38          22.000]1  -4.00403E-03 SPD     39[39          22.000]1
    11     1.2336     EFD     30[30          22.000]1    2.8826     EFD     31[31          22.000]1
    13     2.2683     EFD     32[32          22.000]1    2.6450     EFD     33[33          22.000]1
    15     4.4392     EFD     34[34          22.000]1    2.4339     EFD     35[35          22.000]1
    17     2.4672     EFD     36[36          22.000]1    2.2542     EFD     37[37          22.000]1
    19     0.0000     EFD     38[38          22.000]1    1.0437     EFD     39[39          22.000]1
    21     0.0000     VOEL    30[30          22.000]1    0.0000     VOEL    31[31          22.000]1
    23     0.0000     VOEL    32[32          22.000]1    0.0000     VOEL    33[33          22.000]1
    25     0.0000     VOEL    34[34          22.000]1    0.0000     VOEL    35[35          22.000]1
    27     0.0000     VOEL    36[36          22.000]1    0.0000     VOEL    37[37          22.000]1
    29     0.0000     VOEL    38[38          22.000]1    0.0000     VOEL    39[39          22.000]1
    31     3.3158     POWR    30[30          22.000]1    6.5572     POWR    31[31          22.000]1
    33     7.3319     POWR    32[32          22.000]1    7.1513     POWR    33[33          22.000]1
    35     5.9042     POWR    34[34          22.000]1    7.3309     POWR    35[35          22.000]1
    37     6.4280     POWR    36[36          22.000]1    6.2279     POWR    37[37          22.000]1
    39     0.0000     POWR    38[38          22.000]1    10.054     POWR    39[39          22.000]1
    41     1.0420     VOLT      1 [1           345.00]   1.0430     VOLT      2 [2           345.00]
    43     1.0272     VOLT      3 [3           345.00]   1.0302     VOLT      4 [4           345.00]
    45     1.0492     VOLT      5 [5           345.00]   1.0507     VOLT      6 [6           345.00]
    47     1.0382     VOLT      7 [7           345.00]   1.0360     VOLT      8 [8           345.00]
    49     1.0409     VOLT      9 [9           345.00]   1.0381     VOLT     10 [10          345.00]
    51     1.0409     VOLT     11 [11          345.00]   1.0245     VOLT     12 [12          345.00]
    53     1.0329     VOLT     13 [13          345.00]   1.0239     VOLT     14 [14          345.00]
    55    0.99026     VOLT     15 [15          345.00]  0.99051     VOLT     16 [16          345.00]
    57     1.0033     VOLT     17 [17          345.00]   1.0111     VOLT     18 [18          345.00]
    59     1.0036     VOLT     19 [19          345.00]  0.93792     VOLT     20 [20          345.00]
    61    0.99363     VOLT     21 [21          345.00]   1.0171     VOLT     22 [22          345.00]
    63     1.0153     VOLT     23 [23          345.00]  0.99724     VOLT     24 [24          345.00]
    65     1.0378     VOLT     25 [25          345.00]   1.0281     VOLT     26 [26          345.00]
    67     1.0108     VOLT     27 [27          345.00]   1.0323     VOLT     28 [28          345.00]
    69     1.0298     VOLT     29 [29          345.00]   1.0418     VOLT     30 [30          22.000]
    71     1.0160     VOLT     31 [31          22.000]  0.97807     VOLT     32 [32          22.000]
    73    0.96310     VOLT     33 [33          22.000]  0.94959     VOLT     34 [34          22.000]
    75     1.0200     VOLT     35 [35          22.000]   1.0564     VOLT     36 [36          22.000]
    77     1.0084     VOLT     37 [37          22.000]   1.0047     VOLT     38 [38          22.000]
    79     1.0238     VOLT     39 [39          22.000]   5833.6     PMECH FOR ALL BUSES
    81     5850.8     PELEC FOR ALL BUSES               -17.201     PACCL FOR ALL BUSES
    83     5805.6     PLOAD FOR ALL BUSES                45.192     PE-PL FOR ALL BUSES

 27.0035 -4.00557E-03 -4.00435E-03 -4.00393E-03 -4.00493E-03 -4.00451E-03 -4.00489E-03
     7   -4.00557E-03 -4.00331E-03   0.0000     -4.00565E-03   1.2339       2.8827
    13     2.2688       2.6454       4.4393       2.4340       2.4675       2.2531
    19     0.0000       1.0437       0.0000       0.0000       0.0000       0.0000
    25     0.0000       0.0000       0.0000       0.0000       0.0000       0.0000
    31     3.3152       6.5572       7.3314       7.1512       5.9043       7.3310
    37     6.4280       6.2280       0.0000       10.054       1.0420       1.0430
    43     1.0272       1.0302       1.0492       1.0507       1.0382       1.0360
    49     1.0409       1.0381       1.0409       1.0245       1.0329       1.0239
    55    0.99026      0.99051       1.0033       1.0111       1.0036      0.93792
    61    0.99363       1.0171       1.0153      0.99724       1.0378       1.0281
    67     1.0108       1.0323       1.0298       1.0418       1.0160      0.97807
    73    0.96310      0.94959       1.0200       1.0564       1.0084       1.0047
    79     1.0238       5833.6       5850.8      -17.201       5805.6       45.192

 Channel output file is "ne_2.out"

    TIME X- VALUE --X X--------- IDENTIFIER ---------X X- VALUE --X X--------- IDENTIFIER ---------X
 27.0035 -4.00557E-03 SPD     30[30          22.000]1  -4.00435E-03 SPD     31[31          22.000]1
     3   -4.00393E-03 SPD     32[32          22.000]1  -4.00493E-03 SPD     33[33          22.000]1
     5   -4.00451E-03 SPD     34[34          22.000]1  -4.00489E-03 SPD     35[35          22.000]1
     7   -4.00557E-03 SPD     36[36          22.000]1  -4.00331E-03 SPD     37[37          22.000]1
     9     0.0000     SPD     38[38          22.000]1  -4.00565E-03 SPD     39[39          22.000]1
    11     1.2339     EFD     30[30          22.000]1    2.8827     EFD     31[31          22.000]1
    13     2.2688     EFD     32[32          22.000]1    2.6454     EFD     33[33          22.000]1
    15     4.4393     EFD     34[34          22.000]1    2.4340     EFD     35[35          22.000]1
    17     2.4675     EFD     36[36          22.000]1    2.2531     EFD     37[37          22.000]1
    19     0.0000     EFD     38[38          22.000]1    1.0437     EFD     39[39          22.000]1
    21     0.0000     VOEL    30[30          22.000]1    0.0000     VOEL    31[31          22.000]1
    23     0.0000     VOEL    32[32          22.000]1    0.0000     VOEL    33[33          22.000]1
    25     0.0000     VOEL    34[34          22.000]1    0.0000     VOEL    35[35          22.000]1
    27     0.0000     VOEL    36[36          22.000]1    0.0000     VOEL    37[37          22.000]1
    29     0.0000     VOEL    38[38          22.000]1    0.0000     VOEL    39[39          22.000]1
    31     3.3150     POWR    30[30          22.000]1    6.5571     POWR    31[31          22.000]1
    33     7.3313     POWR    32[32          22.000]1    7.1511     POWR    33[33          22.000]1
    35     5.9043     POWR    34[34          22.000]1    7.3309     POWR    35[35          22.000]1
    37     6.4279     POWR    36[36          22.000]1    6.2279     POWR    37[37          22.000]1
    39     0.0000     POWR    38[38          22.000]1    10.054     POWR    39[39          22.000]1
    41     1.0420     VOLT      1 [1           345.00]   1.0430     VOLT      2 [2           345.00]
    43     1.0272     VOLT      3 [3           345.00]   1.0302     VOLT      4 [4           345.00]
    45     1.0492     VOLT      5 [5           345.00]   1.0507     VOLT      6 [6           345.00]
    47     1.0382     VOLT      7 [7           345.00]   1.0360     VOLT      8 [8           345.00]
    49     1.0409     VOLT      9 [9           345.00]   1.0381     VOLT     10 [10          345.00]
    51     1.0409     VOLT     11 [11          345.00]   1.0245     VOLT     12 [12          345.00]
    53     1.0329     VOLT     13 [13          345.00]   1.0239     VOLT     14 [14          345.00]
    55    0.99026     VOLT     15 [15          345.00]  0.99051     VOLT     16 [16          345.00]
    57     1.0033     VOLT     17 [17          345.00]   1.0111     VOLT     18 [18          345.00]
    59     1.0036     VOLT     19 [19          345.00]  0.93792     VOLT     20 [20          345.00]
    61    0.99363     VOLT     21 [21          345.00]   1.0171     VOLT     22 [22          345.00]
    63     1.0153     VOLT     23 [23          345.00]  0.99724     VOLT     24 [24          345.00]
    65     1.0378     VOLT     25 [25          345.00]   1.0281     VOLT     26 [26          345.00]
    67     1.0108     VOLT     27 [27          345.00]   1.0323     VOLT     28 [28          345.00]
    69     1.0298     VOLT     29 [29          345.00]   1.0418     VOLT     30 [30          22.000]
    71     1.0160     VOLT     31 [31          22.000]  0.97807     VOLT     32 [32          22.000]
    73    0.96310     VOLT     33 [33          22.000]  0.94959     VOLT     34 [34          22.000]
    75     1.0200     VOLT     35 [35          22.000]   1.0564     VOLT     36 [36          22.000]
    77     1.0084     VOLT     37 [37          22.000]   1.0047     VOLT     38 [38          22.000]
    79     1.0238     VOLT     39 [39          22.000]   5833.6     PMECH FOR ALL BUSES
    81     5850.8     PELEC FOR ALL BUSES               -17.201     PACCL FOR ALL BUSES
    83     5805.6     PLOAD FOR ALL BUSES                45.192     PE-PL FOR ALL BUSES

 28.0033 -4.00928E-03 -4.00856E-03 -4.00788E-03 -4.00891E-03 -4.00835E-03 -4.00703E-03
     7   -4.00886E-03 -4.00675E-03   0.0000     -4.00924E-03   1.2342       2.8829
    13     2.2694       2.6458       4.4395       2.4341       2.4678       2.2528
    19     0.0000       1.0437       0.0000       0.0000       0.0000       0.0000
    25     0.0000       0.0000       0.0000       0.0000       0.0000       0.0000
    31     3.3159       6.5571       7.3319       7.1512       5.9048       7.3318
    37     6.4280       6.2281       0.0000       10.049       1.0420       1.0430
    43     1.0272       1.0302       1.0492       1.0507       1.0382       1.0360
    49     1.0409       1.0381       1.0409       1.0245       1.0329       1.0239
    55    0.99026      0.99051       1.0033       1.0111       1.0036      0.93792
    61    0.99363       1.0171       1.0153      0.99724       1.0378       1.0281
    67     1.0108       1.0323       1.0298       1.0418       1.0160      0.97807
    73    0.96310      0.94959       1.0200       1.0564       1.0084       1.0047
    79     1.0238       5833.6       5850.8      -17.201       5805.6       45.192

 Channel output file is "ne_2.out"

    TIME X- VALUE --X X--------- IDENTIFIER ---------X X- VALUE --X X--------- IDENTIFIER ---------X
 28.0033 -4.00928E-03 SPD     30[30          22.000]1  -4.00856E-03 SPD     31[31          22.000]1
     3   -4.00788E-03 SPD     32[32          22.000]1  -4.00891E-03 SPD     33[33          22.000]1
     5   -4.00835E-03 SPD     34[34          22.000]1  -4.00703E-03 SPD     35[35          22.000]1
     7   -4.00886E-03 SPD     36[36          22.000]1  -4.00675E-03 SPD     37[37          22.000]1
     9     0.0000     SPD     38[38          22.000]1  -4.00924E-03 SPD     39[39          22.000]1
    11     1.2342     EFD     30[30          22.000]1    2.8829     EFD     31[31          22.000]1
    13     2.2694     EFD     32[32          22.000]1    2.6458     EFD     33[33          22.000]1
    15     4.4395     EFD     34[34          22.000]1    2.4341     EFD     35[35          22.000]1
    17     2.4678     EFD     36[36          22.000]1    2.2528     EFD     37[37          22.000]1
    19     0.0000     EFD     38[38          22.000]1    1.0437     EFD     39[39          22.000]1
    21     0.0000     VOEL    30[30          22.000]1    0.0000     VOEL    31[31          22.000]1
    23     0.0000     VOEL    32[32          22.000]1    0.0000     VOEL    33[33          22.000]1
    25     0.0000     VOEL    34[34          22.000]1    0.0000     VOEL    35[35          22.000]1
    27     0.0000     VOEL    36[36          22.000]1    0.0000     VOEL    37[37          22.000]1
    29     0.0000     VOEL    38[38          22.000]1    0.0000     VOEL    39[39          22.000]1
    31     3.3158     POWR    30[30          22.000]1    6.5570     POWR    31[31          22.000]1
    33     7.3318     POWR    32[32          22.000]1    7.1511     POWR    33[33          22.000]1
    35     5.9047     POWR    34[34          22.000]1    7.3317     POWR    35[35          22.000]1
    37     6.4279     POWR    36[36          22.000]1    6.2280     POWR    37[37          22.000]1
    39     0.0000     POWR    38[38          22.000]1    10.049     POWR    39[39          22.000]1
    41     1.0420     VOLT      1 [1           345.00]   1.0430     VOLT      2 [2           345.00]
    43     1.0272     VOLT      3 [3           345.00]   1.0302     VOLT      4 [4           345.00]
    45     1.0492     VOLT      5 [5           345.00]   1.0507     VOLT      6 [6           345.00]
    47     1.0382     VOLT      7 [7           345.00]   1.0360     VOLT      8 [8           345.00]
    49     1.0409     VOLT      9 [9           345.00]   1.0381     VOLT     10 [10          345.00]
    51     1.0409     VOLT     11 [11          345.00]   1.0245     VOLT     12 [12          345.00]
    53     1.0329     VOLT     13 [13          345.00]   1.0239     VOLT     14 [14          345.00]
    55    0.99026     VOLT     15 [15          345.00]  0.99051     VOLT     16 [16          345.00]
    57     1.0033     VOLT     17 [17          345.00]   1.0111     VOLT     18 [18          345.00]
    59     1.0036     VOLT     19 [19          345.00]  0.93792     VOLT     20 [20          345.00]
    61    0.99363     VOLT     21 [21          345.00]   1.0171     VOLT     22 [22          345.00]
    63     1.0153     VOLT     23 [23          345.00]  0.99724     VOLT     24 [24          345.00]
    65     1.0378     VOLT     25 [25          345.00]   1.0281     VOLT     26 [26          345.00]
    67     1.0108     VOLT     27 [27          345.00]   1.0323     VOLT     28 [28          345.00]
    69     1.0298     VOLT     29 [29          345.00]   1.0418     VOLT     30 [30          22.000]
    71     1.0160     VOLT     31 [31          22.000]  0.97807     VOLT     32 [32          22.000]
    73    0.96310     VOLT     33 [33          22.000]  0.94959     VOLT     34 [34          22.000]
    75     1.0200     VOLT     35 [35          22.000]   1.0564     VOLT     36 [36          22.000]
    77     1.0084     VOLT     37 [37          22.000]   1.0047     VOLT     38 [38          22.000]
    79     1.0238     VOLT     39 [39          22.000]   5833.6     PMECH FOR ALL BUSES
    81     5850.8     PELEC FOR ALL BUSES               -17.201     PACCL FOR ALL BUSES
    83     5805.6     PLOAD FOR ALL BUSES                45.192     PE-PL FOR ALL BUSES

 29.0031 -4.01318E-03 -4.01301E-03 -4.01357E-03 -4.01293E-03 -4.01296E-03 -4.01299E-03
     7   -4.01232E-03 -4.01280E-03   0.0000     -4.01381E-03   1.2344       2.8830
    13     2.2700       2.6461       4.4397       2.4342       2.4679       2.2531
    19     0.0000       1.0437       0.0000       0.0000       0.0000       0.0000
    25     0.0000       0.0000       0.0000       0.0000       0.0000       0.0000
    31     3.3166       6.5578       7.3321       7.1512       5.9052       7.3319
    37     6.4285       6.2281       0.0000       10.045       1.0420       1.0430
    43     1.0272       1.0302       1.0492       1.0507       1.0382       1.0360
    49     1.0409       1.0381       1.0409       1.0245       1.0329       1.0239
    55    0.99026      0.99051       1.0033       1.0111       1.0036      0.93792
    61    0.99363       1.0171       1.0153      0.99724       1.0378       1.0281
    67     1.0108       1.0323       1.0298       1.0418       1.0160      0.97807
    73    0.96310      0.94959       1.0200       1.0564       1.0084       1.0047
    79     1.0238       5833.6       5850.8      -17.201       5805.6       45.192

 Channel output file is "ne_2.out"

    TIME X- VALUE --X X--------- IDENTIFIER ---------X X- VALUE --X X--------- IDENTIFIER ---------X
 29.0031 -4.01318E-03 SPD     30[30          22.000]1  -4.01301E-03 SPD     31[31          22.000]1
     3   -4.01357E-03 SPD     32[32          22.000]1  -4.01293E-03 SPD     33[33          22.000]1
     5   -4.01296E-03 SPD     34[34          22.000]1  -4.01299E-03 SPD     35[35          22.000]1
     7   -4.01232E-03 SPD     36[36          22.000]1  -4.01280E-03 SPD     37[37          22.000]1
     9     0.0000     SPD     38[38          22.000]1  -4.01381E-03 SPD     39[39          22.000]1
    11     1.2344     EFD     30[30          22.000]1    2.8830     EFD     31[31          22.000]1
    13     2.2700     EFD     32[32          22.000]1    2.6461     EFD     33[33          22.000]1
    15     4.4397     EFD     34[34          22.000]1    2.4342     EFD     35[35          22.000]1
    17     2.4679     EFD     36[36          22.000]1    2.2531     EFD     37[37          22.000]1
    19     0.0000     EFD     38[38          22.000]1    1.0437     EFD     39[39          22.000]1
    21     0.0000     VOEL    30[30          22.000]1    0.0000     VOEL    31[31          22.000]1
    23     0.0000     VOEL    32[32          22.000]1    0.0000     VOEL    33[33          22.000]1
    25     0.0000     VOEL    34[34          22.000]1    0.0000     VOEL    35[35          22.000]1
    27     0.0000     VOEL    36[36          22.000]1    0.0000     VOEL    37[37          22.000]1
    29     0.0000     VOEL    38[38          22.000]1    0.0000     VOEL    39[39          22.000]1
    31     3.3165     POWR    30[30          22.000]1    6.5577     POWR    31[31          22.000]1
    33     7.3320     POWR    32[32          22.000]1    7.1511     POWR    33[33          22.000]1
    35     5.9051     POWR    34[34          22.000]1    7.3318     POWR    35[35          22.000]1
    37     6.4284     POWR    36[36          22.000]1    6.2279     POWR    37[37          22.000]1
    39     0.0000     POWR    38[38          22.000]1    10.044     POWR    39[39          22.000]1
    41     1.0420     VOLT      1 [1           345.00]   1.0430     VOLT      2 [2           345.00]
    43     1.0272     VOLT      3 [3           345.00]   1.0302     VOLT      4 [4           345.00]
    45     1.0492     VOLT      5 [5           345.00]   1.0507     VOLT      6 [6           345.00]
    47     1.0382     VOLT      7 [7           345.00]   1.0360     VOLT      8 [8           345.00]
    49     1.0409     VOLT      9 [9           345.00]   1.0381     VOLT     10 [10          345.00]
    51     1.0409     VOLT     11 [11          345.00]   1.0245     VOLT     12 [12          345.00]
    53     1.0329     VOLT     13 [13          345.00]   1.0239     VOLT     14 [14          345.00]
    55    0.99026     VOLT     15 [15          345.00]  0.99051     VOLT     16 [16          345.00]
    57     1.0033     VOLT     17 [17          345.00]   1.0111     VOLT     18 [18          345.00]
    59     1.0036     VOLT     19 [19          345.00]  0.93792     VOLT     20 [20          345.00]
    61    0.99363     VOLT     21 [21          345.00]   1.0171     VOLT     22 [22          345.00]
    63     1.0153     VOLT     23 [23          345.00]  0.99724     VOLT     24 [24          345.00]
    65     1.0378     VOLT     25 [25          345.00]   1.0281     VOLT     26 [26          345.00]
    67     1.0108     VOLT     27 [27          345.00]   1.0323     VOLT     28 [28          345.00]
    69     1.0298     VOLT     29 [29          345.00]   1.0418     VOLT     30 [30          22.000]
    71     1.0160     VOLT     31 [31          22.000]  0.97807     VOLT     32 [32          22.000]
    73    0.96310     VOLT     33 [33          22.000]  0.94959     VOLT     34 [34          22.000]
    75     1.0200     VOLT     35 [35          22.000]   1.0564     VOLT     36 [36          22.000]
    77     1.0084     VOLT     37 [37          22.000]   1.0047     VOLT     38 [38          22.000]
    79     1.0238     VOLT     39 [39          22.000]   5833.6     PMECH FOR ALL BUSES
    81     5850.8     PELEC FOR ALL BUSES               -17.201     PACCL FOR ALL BUSES
    83     5805.6     PLOAD FOR ALL BUSES                45.192     PE-PL FOR ALL BUSES

 30.0030 -4.01688E-03 -4.01786E-03 -4.01833E-03 -4.01843E-03 -4.01679E-03 -4.01596E-03
     7   -4.01781E-03 -4.01632E-03   0.0000     -4.01845E-03   1.2345       2.8830
    13     2.2704       2.6463       4.4399       2.4342       2.4679       2.2538
    19     0.0000       1.0437       0.0000       0.0000       0.0000       0.0000
    25     0.0000       0.0000       0.0000       0.0000       0.0000       0.0000
    31     3.3168       6.5581       7.3321       7.1520       5.9056       7.3320
    37     6.4289       6.2281       0.0000       10.042       1.0420       1.0430
    43     1.0272       1.0302       1.0492       1.0507       1.0382       1.0360
    49     1.0409       1.0381       1.0409       1.0245       1.0329       1.0239
    55    0.99026      0.99051       1.0033       1.0111       1.0036      0.93792
    61    0.99363       1.0171       1.0153      0.99724       1.0378       1.0281
    67     1.0108       1.0323       1.0298       1.0418       1.0160      0.97807
    73    0.96310      0.94959       1.0200       1.0564       1.0084       1.0047
    79     1.0238       5833.6       5850.8      -17.201       5805.6       45.192

 Channel output file is "ne_2.out"

    TIME X- VALUE --X X--------- IDENTIFIER ---------X X- VALUE --X X--------- IDENTIFIER ---------X
 30.0030 -4.01688E-03 SPD     30[30          22.000]1  -4.01786E-03 SPD     31[31          22.000]1
     3   -4.01833E-03 SPD     32[32          22.000]1  -4.01843E-03 SPD     33[33          22.000]1
     5   -4.01679E-03 SPD     34[34          22.000]1  -4.01596E-03 SPD     35[35          22.000]1
     7   -4.01781E-03 SPD     36[36          22.000]1  -4.01632E-03 SPD     37[37          22.000]1
     9     0.0000     SPD     38[38          22.000]1  -4.01845E-03 SPD     39[39          22.000]1
    11     1.2345     EFD     30[30          22.000]1    2.8830     EFD     31[31          22.000]1
    13     2.2704     EFD     32[32          22.000]1    2.6463     EFD     33[33          22.000]1
    15     4.4399     EFD     34[34          22.000]1    2.4342     EFD     35[35          22.000]1
    17     2.4679     EFD     36[36          22.000]1    2.2538     EFD     37[37          22.000]1
    19     0.0000     EFD     38[38          22.000]1    1.0437     EFD     39[39          22.000]1
    21     0.0000     VOEL    30[30          22.000]1    0.0000     VOEL    31[31          22.000]1
    23     0.0000     VOEL    32[32          22.000]1    0.0000     VOEL    33[33          22.000]1
    25     0.0000     VOEL    34[34          22.000]1    0.0000     VOEL    35[35          22.000]1
    27     0.0000     VOEL    36[36          22.000]1    0.0000     VOEL    37[37          22.000]1
    29     0.0000     VOEL    38[38          22.000]1    0.0000     VOEL    39[39          22.000]1
    31     3.3167     POWR    30[30          22.000]1    6.5580     POWR    31[31          22.000]1
    33     7.3320     POWR    32[32          22.000]1    7.1519     POWR    33[33          22.000]1
    35     5.9055     POWR    34[34          22.000]1    7.3319     POWR    35[35          22.000]1
    37     6.4288     POWR    36[36          22.000]1    6.2279     POWR    37[37          22.000]1
    39     0.0000     POWR    38[38          22.000]1    10.042     POWR    39[39          22.000]1
    41     1.0420     VOLT      1 [1           345.00]   1.0430     VOLT      2 [2           345.00]
    43     1.0272     VOLT      3 [3           345.00]   1.0302     VOLT      4 [4           345.00]
    45     1.0492     VOLT      5 [5           345.00]   1.0507     VOLT      6 [6           345.00]
    47     1.0382     VOLT      7 [7           345.00]   1.0360     VOLT      8 [8           345.00]
    49     1.0409     VOLT      9 [9           345.00]   1.0381     VOLT     10 [10          345.00]
    51     1.0409     VOLT     11 [11          345.00]   1.0245     VOLT     12 [12          345.00]
    53     1.0329     VOLT     13 [13          345.00]   1.0239     VOLT     14 [14          345.00]
    55    0.99026     VOLT     15 [15          345.00]  0.99051     VOLT     16 [16          345.00]
    57     1.0033     VOLT     17 [17          345.00]   1.0111     VOLT     18 [18          345.00]
    59     1.0036     VOLT     19 [19          345.00]  0.93792     VOLT     20 [20          345.00]
    61    0.99363     VOLT     21 [21          345.00]   1.0171     VOLT     22 [22          345.00]
    63     1.0153     VOLT     23 [23          345.00]  0.99724     VOLT     24 [24          345.00]
    65     1.0378     VOLT     25 [25          345.00]   1.0281     VOLT     26 [26          345.00]
    67     1.0108     VOLT     27 [27          345.00]   1.0323     VOLT     28 [28          345.00]
    69     1.0298     VOLT     29 [29          345.00]   1.0418     VOLT     30 [30          22.000]
    71     1.0160     VOLT     31 [31          22.000]  0.97807     VOLT     32 [32          22.000]
    73    0.96310     VOLT     33 [33          22.000]  0.94959     VOLT     34 [34          22.000]
    75     1.0200     VOLT     35 [35          22.000]   1.0564     VOLT     36 [36          22.000]
    77     1.0084     VOLT     37 [37          22.000]   1.0047     VOLT     38 [38          22.000]
    79     1.0238     VOLT     39 [39          22.000]   5833.6     PMECH FOR ALL BUSES
    81     5850.8     PELEC FOR ALL BUSES               -17.201     PACCL FOR ALL BUSES
    83     5805.6     PLOAD FOR ALL BUSES                45.192     PE-PL FOR ALL BUSES

 31.0028 -4.02062E-03 -4.02292E-03 -4.02295E-03 -4.02080E-03 -4.02070E-03 -4.02105E-03
     7   -4.02062E-03 -4.02100E-03   0.0000     -4.02157E-03   1.2345       2.8831
    13     2.2705       2.6465       4.4401       2.4343       2.4679       2.2545
    19     0.0000       1.0437       0.0000       0.0000       0.0000       0.0000
    25     0.0000       0.0000       0.0000       0.0000       0.0000       0.0000
    31     3.3166       6.5590       7.3329       7.1524       5.9061       7.3321
    37     6.4289       6.2283       0.0000       10.038       1.0420       1.0430
    43     1.0272       1.0302       1.0492       1.0507       1.0382       1.0360
    49     1.0409       1.0381       1.0409       1.0245       1.0329       1.0239
    55    0.99026      0.99051       1.0033       1.0111       1.0036      0.93792
    61    0.99363       1.0171       1.0153      0.99724       1.0378       1.0281
    67     1.0108       1.0323       1.0298       1.0418       1.0160      0.97807
    73    0.96310      0.94959       1.0200       1.0564       1.0084       1.0047
    79     1.0238       5833.6       5850.8      -17.201       5805.6       45.192

 Channel output file is "ne_2.out"

    TIME X- VALUE --X X--------- IDENTIFIER ---------X X- VALUE --X X--------- IDENTIFIER ---------X
 31.0028 -4.02062E-03 SPD     30[30          22.000]1  -4.02292E-03 SPD     31[31          22.000]1
     3   -4.02295E-03 SPD     32[32          22.000]1  -4.02080E-03 SPD     33[33          22.000]1
     5   -4.02070E-03 SPD     34[34          22.000]1  -4.02105E-03 SPD     35[35          22.000]1
     7   -4.02062E-03 SPD     36[36          22.000]1  -4.02100E-03 SPD     37[37          22.000]1
     9     0.0000     SPD     38[38          22.000]1  -4.02157E-03 SPD     39[39          22.000]1
    11     1.2345     EFD     30[30          22.000]1    2.8831     EFD     31[31          22.000]1
    13     2.2705     EFD     32[32          22.000]1    2.6465     EFD     33[33          22.000]1
    15     4.4401     EFD     34[34          22.000]1    2.4343     EFD     35[35          22.000]1
    17     2.4679     EFD     36[36          22.000]1    2.2545     EFD     37[37          22.000]1
    19     0.0000     EFD     38[38          22.000]1    1.0437     EFD     39[39          22.000]1
    21     0.0000     VOEL    30[30          22.000]1    0.0000     VOEL    31[31          22.000]1
    23     0.0000     VOEL    32[32          22.000]1    0.0000     VOEL    33[33          22.000]1
    25     0.0000     VOEL    34[34          22.000]1    0.0000     VOEL    35[35          22.000]1
    27     0.0000     VOEL    36[36          22.000]1    0.0000     VOEL    37[37          22.000]1
    29     0.0000     VOEL    38[38          22.000]1    0.0000     VOEL    39[39          22.000]1
    31     3.3165     POWR    30[30          22.000]1    6.5589     POWR    31[31          22.000]1
    33     7.3328     POWR    32[32          22.000]1    7.1523     POWR    33[33          22.000]1
    35     5.9060     POWR    34[34          22.000]1    7.3320     POWR    35[35          22.000]1
    37     6.4289     POWR    36[36          22.000]1    6.2282     POWR    37[37          22.000]1
    39     0.0000     POWR    38[38          22.000]1    10.038     POWR    39[39          22.000]1
    41     1.0420     VOLT      1 [1           345.00]   1.0430     VOLT      2 [2           345.00]
    43     1.0272     VOLT      3 [3           345.00]   1.0302     VOLT      4 [4           345.00]
    45     1.0492     VOLT      5 [5           345.00]   1.0507     VOLT      6 [6           345.00]
    47     1.0382     VOLT      7 [7           345.00]   1.0360     VOLT      8 [8           345.00]
    49     1.0409     VOLT      9 [9           345.00]   1.0381     VOLT     10 [10          345.00]
    51     1.0409     VOLT     11 [11          345.00]   1.0245     VOLT     12 [12          345.00]
    53     1.0329     VOLT     13 [13          345.00]   1.0239     VOLT     14 [14          345.00]
    55    0.99026     VOLT     15 [15          345.00]  0.99051     VOLT     16 [16          345.00]
    57     1.0033     VOLT     17 [17          345.00]   1.0111     VOLT     18 [18          345.00]
    59     1.0036     VOLT     19 [19          345.00]  0.93792     VOLT     20 [20          345.00]
    61    0.99363     VOLT     21 [21          345.00]   1.0171     VOLT     22 [22          345.00]
    63     1.0153     VOLT     23 [23          345.00]  0.99724     VOLT     24 [24          345.00]
    65     1.0378     VOLT     25 [25          345.00]   1.0281     VOLT     26 [26          345.00]
    67     1.0108     VOLT     27 [27          345.00]   1.0323     VOLT     28 [28          345.00]
    69     1.0298     VOLT     29 [29          345.00]   1.0418     VOLT     30 [30          22.000]
    71     1.0160     VOLT     31 [31          22.000]  0.97807     VOLT     32 [32          22.000]
    73    0.96310     VOLT     33 [33          22.000]  0.94959     VOLT     34 [34          22.000]
    75     1.0200     VOLT     35 [35          22.000]   1.0564     VOLT     36 [36          22.000]
    77     1.0084     VOLT     37 [37          22.000]   1.0047     VOLT     38 [38          22.000]
    79     1.0238     VOLT     39 [39          22.000]   5833.6     PMECH FOR ALL BUSES
    81     5850.8     PELEC FOR ALL BUSES               -17.201     PACCL FOR ALL BUSES
    83     5805.6     PLOAD FOR ALL BUSES                45.192     PE-PL FOR ALL BUSES

 32.0026 -4.02383E-03 -4.02474E-03 -4.02325E-03 -4.02426E-03 -4.02213E-03 -4.02289E-03
     7   -4.02373E-03 -4.02455E-03   0.0000     -4.02279E-03   1.2345       2.8831
    13     2.2705       2.6466       4.4403       2.4343       2.4680       2.2551
    19     0.0000       1.0437       0.0000       0.0000       0.0000       0.0000
    25     0.0000       0.0000       0.0000       0.0000       0.0000       0.0000
    31     3.3169       6.5589       7.3330       7.1526       5.9065       7.3324
    37     6.4293       6.2288       0.0000       10.036       1.0420       1.0430
    43     1.0272       1.0302       1.0492       1.0507       1.0382       1.0360
    49     1.0409       1.0381       1.0409       1.0245       1.0329       1.0239
    55    0.99026      0.99051       1.0033       1.0111       1.0036      0.93792
    61    0.99363       1.0171       1.0153      0.99724       1.0378       1.0281
    67     1.0108       1.0323       1.0298       1.0418       1.0160      0.97807
    73    0.96310      0.94959       1.0200       1.0564       1.0084       1.0047
    79     1.0238       5833.6       5850.8      -17.201       5805.6       45.192

 Channel output file is "ne_2.out"

    TIME X- VALUE --X X--------- IDENTIFIER ---------X X- VALUE --X X--------- IDENTIFIER ---------X
 32.0026 -4.02383E-03 SPD     30[30          22.000]1  -4.02474E-03 SPD     31[31          22.000]1
     3   -4.02325E-03 SPD     32[32          22.000]1  -4.02426E-03 SPD     33[33          22.000]1
     5   -4.02213E-03 SPD     34[34          22.000]1  -4.02289E-03 SPD     35[35          22.000]1
     7   -4.02373E-03 SPD     36[36          22.000]1  -4.02455E-03 SPD     37[37          22.000]1
     9     0.0000     SPD     38[38          22.000]1  -4.02279E-03 SPD     39[39          22.000]1
    11     1.2345     EFD     30[30          22.000]1    2.8831     EFD     31[31          22.000]1
    13     2.2705     EFD     32[32          22.000]1    2.6466     EFD     33[33          22.000]1
    15     4.4403     EFD     34[34          22.000]1    2.4343     EFD     35[35          22.000]1
    17     2.4680     EFD     36[36          22.000]1    2.2551     EFD     37[37          22.000]1
    19     0.0000     EFD     38[38          22.000]1    1.0437     EFD     39[39          22.000]1
    21     0.0000     VOEL    30[30          22.000]1    0.0000     VOEL    31[31          22.000]1
    23     0.0000     VOEL    32[32          22.000]1    0.0000     VOEL    33[33          22.000]1
    25     0.0000     VOEL    34[34          22.000]1    0.0000     VOEL    35[35          22.000]1
    27     0.0000     VOEL    36[36          22.000]1    0.0000     VOEL    37[37          22.000]1
    29     0.0000     VOEL    38[38          22.000]1    0.0000     VOEL    39[39          22.000]1
    31     3.3168     POWR    30[30          22.000]1    6.5588     POWR    31[31          22.000]1
    33     7.3329     POWR    32[32          22.000]1    7.1525     POWR    33[33          22.000]1
    35     5.9065     POWR    34[34          22.000]1    7.3323     POWR    35[35          22.000]1
    37     6.4292     POWR    36[36          22.000]1    6.2287     POWR    37[37          22.000]1
    39     0.0000     POWR    38[38          22.000]1    10.036     POWR    39[39          22.000]1
    41     1.0420     VOLT      1 [1           345.00]   1.0430     VOLT      2 [2           345.00]
    43     1.0272     VOLT      3 [3           345.00]   1.0302     VOLT      4 [4           345.00]
    45     1.0492     VOLT      5 [5           345.00]   1.0507     VOLT      6 [6           345.00]
    47     1.0382     VOLT      7 [7           345.00]   1.0360     VOLT      8 [8           345.00]
    49     1.0409     VOLT      9 [9           345.00]   1.0381     VOLT     10 [10          345.00]
    51     1.0409     VOLT     11 [11          345.00]   1.0245     VOLT     12 [12          345.00]
    53     1.0329     VOLT     13 [13          345.00]   1.0239     VOLT     14 [14          345.00]
    55    0.99026     VOLT     15 [15          345.00]  0.99051     VOLT     16 [16          345.00]
    57     1.0033     VOLT     17 [17          345.00]   1.0111     VOLT     18 [18          345.00]
    59     1.0036     VOLT     19 [19          345.00]  0.93792     VOLT     20 [20          345.00]
    61    0.99363     VOLT     21 [21          345.00]   1.0171     VOLT     22 [22          345.00]
    63     1.0153     VOLT     23 [23          345.00]  0.99724     VOLT     24 [24          345.00]
    65     1.0378     VOLT     25 [25          345.00]   1.0281     VOLT     26 [26          345.00]
    67     1.0108     VOLT     27 [27          345.00]   1.0323     VOLT     28 [28          345.00]
    69     1.0298     VOLT     29 [29          345.00]   1.0418     VOLT     30 [30          22.000]
    71     1.0160     VOLT     31 [31          22.000]  0.97807     VOLT     32 [32          22.000]
    73    0.96310     VOLT     33 [33          22.000]  0.94959     VOLT     34 [34          22.000]
    75     1.0200     VOLT     35 [35          22.000]   1.0564     VOLT     36 [36          22.000]
    77     1.0084     VOLT     37 [37          22.000]   1.0047     VOLT     38 [38          22.000]
    79     1.0238     VOLT     39 [39          22.000]   5833.6     PMECH FOR ALL BUSES
    81     5850.8     PELEC FOR ALL BUSES               -17.201     PACCL FOR ALL BUSES
    83     5805.6     PLOAD FOR ALL BUSES                45.192     PE-PL FOR ALL BUSES

 33.0028 -4.02286E-03 -4.02224E-03 -4.02255E-03 -4.02264E-03 -4.02219E-03 -4.02282E-03
     7   -4.02255E-03 -4.02229E-03   0.0000     -4.02285E-03   1.2344       2.8830
    13     2.2703       2.6466       4.4404       2.4343       2.4679       2.2555
    19     0.0000       1.0437       0.0000       0.0000       0.0000       0.0000
    25     0.0000       0.0000       0.0000       0.0000       0.0000       0.0000
    31     3.3171       6.5589       7.3326       7.1525       5.9065       7.3326
    37     6.4295       6.2286       0.0000       10.037       1.0420       1.0430
    43     1.0272       1.0302       1.0492       1.0507       1.0382       1.0360
    49     1.0409       1.0381       1.0409       1.0245       1.0329       1.0239
    55    0.99026      0.99051       1.0033       1.0111       1.0036      0.93792
    61    0.99363       1.0171       1.0153      0.99724       1.0378       1.0281
    67     1.0108       1.0323       1.0298       1.0418       1.0160      0.97807
    73    0.96310      0.94959       1.0200       1.0564       1.0084       1.0047
    79     1.0238       5833.6       5850.8      -17.201       5805.6       45.192

 Channel output file is "ne_2.out"

    TIME X- VALUE --X X--------- IDENTIFIER ---------X X- VALUE --X X--------- IDENTIFIER ---------X
 33.0028 -4.02286E-03 SPD     30[30          22.000]1  -4.02224E-03 SPD     31[31          22.000]1
     3   -4.02255E-03 SPD     32[32          22.000]1  -4.02264E-03 SPD     33[33          22.000]1
     5   -4.02219E-03 SPD     34[34          22.000]1  -4.02282E-03 SPD     35[35          22.000]1
     7   -4.02255E-03 SPD     36[36          22.000]1  -4.02229E-03 SPD     37[37          22.000]1
     9     0.0000     SPD     38[38          22.000]1  -4.02285E-03 SPD     39[39          22.000]1
    11     1.2344     EFD     30[30          22.000]1    2.8830     EFD     31[31          22.000]1
    13     2.2703     EFD     32[32          22.000]1    2.6466     EFD     33[33          22.000]1
    15     4.4404     EFD     34[34          22.000]1    2.4343     EFD     35[35          22.000]1
    17     2.4679     EFD     36[36          22.000]1    2.2555     EFD     37[37          22.000]1
    19     0.0000     EFD     38[38          22.000]1    1.0437     EFD     39[39          22.000]1
    21     0.0000     VOEL    30[30          22.000]1    0.0000     VOEL    31[31          22.000]1
    23     0.0000     VOEL    32[32          22.000]1    0.0000     VOEL    33[33          22.000]1
    25     0.0000     VOEL    34[34          22.000]1    0.0000     VOEL    35[35          22.000]1
    27     0.0000     VOEL    36[36          22.000]1    0.0000     VOEL    37[37          22.000]1
    29     0.0000     VOEL    38[38          22.000]1    0.0000     VOEL    39[39          22.000]1
    31     3.3169     POWR    30[30          22.000]1    6.5588     POWR    31[31          22.000]1
    33     7.3325     POWR    32[32          22.000]1    7.1524     POWR    33[33          22.000]1
    35     5.9065     POWR    34[34          22.000]1    7.3325     POWR    35[35          22.000]1
    37     6.4294     POWR    36[36          22.000]1    6.2284     POWR    37[37          22.000]1
    39     0.0000     POWR    38[38          22.000]1    10.037     POWR    39[39          22.000]1
    41     1.0420     VOLT      1 [1           345.00]   1.0430     VOLT      2 [2           345.00]
    43     1.0272     VOLT      3 [3           345.00]   1.0302     VOLT      4 [4           345.00]
    45     1.0492     VOLT      5 [5           345.00]   1.0507     VOLT      6 [6           345.00]
    47     1.0382     VOLT      7 [7           345.00]   1.0360     VOLT      8 [8           345.00]
    49     1.0409     VOLT      9 [9           345.00]   1.0381     VOLT     10 [10          345.00]
    51     1.0409     VOLT     11 [11          345.00]   1.0245     VOLT     12 [12          345.00]
    53     1.0329     VOLT     13 [13          345.00]   1.0239     VOLT     14 [14          345.00]
    55    0.99026     VOLT     15 [15          345.00]  0.99051     VOLT     16 [16          345.00]
    57     1.0033     VOLT     17 [17          345.00]   1.0111     VOLT     18 [18          345.00]
    59     1.0036     VOLT     19 [19          345.00]  0.93792     VOLT     20 [20          345.00]
    61    0.99363     VOLT     21 [21          345.00]   1.0171     VOLT     22 [22          345.00]
    63     1.0153     VOLT     23 [23          345.00]  0.99724     VOLT     24 [24          345.00]
    65     1.0378     VOLT     25 [25          345.00]   1.0281     VOLT     26 [26          345.00]
    67     1.0108     VOLT     27 [27          345.00]   1.0323     VOLT     28 [28          345.00]
    69     1.0298     VOLT     29 [29          345.00]   1.0418     VOLT     30 [30          22.000]
    71     1.0160     VOLT     31 [31          22.000]  0.97807     VOLT     32 [32          22.000]
    73    0.96310     VOLT     33 [33          22.000]  0.94959     VOLT     34 [34          22.000]
    75     1.0200     VOLT     35 [35          22.000]   1.0564     VOLT     36 [36          22.000]
    77     1.0084     VOLT     37 [37          22.000]   1.0047     VOLT     38 [38          22.000]
    79     1.0238     VOLT     39 [39          22.000]   5833.6     PMECH FOR ALL BUSES
    81     5850.8     PELEC FOR ALL BUSES               -17.201     PACCL FOR ALL BUSES
    83     5805.6     PLOAD FOR ALL BUSES                45.192     PE-PL FOR ALL BUSES

 34.0031 -4.02080E-03 -4.02044E-03 -4.02120E-03 -4.02205E-03 -4.02038E-03 -4.02171E-03
     7   -4.02042E-03 -4.02266E-03   0.0000     -4.02157E-03   1.2344       2.8830
    13     2.2701       2.6466       4.4405       2.4343       2.4677       2.2556
    19     0.0000       1.0437       0.0000       0.0000       0.0000       0.0000
    25     0.0000       0.0000       0.0000       0.0000       0.0000       0.0000
    31     3.3169       6.5592       7.3329       7.1524       5.9066       7.3325
    37     6.4296       6.2290       0.0000       10.036       1.0420       1.0430
    43     1.0272       1.0302       1.0492       1.0507       1.0382       1.0360
    49     1.0409       1.0381       1.0409       1.0245       1.0329       1.0239
    55    0.99026      0.99051       1.0033       1.0111       1.0036      0.93792
    61    0.99363       1.0171       1.0153      0.99724       1.0378       1.0281
    67     1.0108       1.0323       1.0298       1.0418       1.0160      0.97807
    73    0.96310      0.94959       1.0200       1.0564       1.0084       1.0047
    79     1.0238       5833.6       5850.8      -17.201       5805.6       45.192

 Channel output file is "ne_2.out"

    TIME X- VALUE --X X--------- IDENTIFIER ---------X X- VALUE --X X--------- IDENTIFIER ---------X
 34.0031 -4.02080E-03 SPD     30[30          22.000]1  -4.02044E-03 SPD     31[31          22.000]1
     3   -4.02120E-03 SPD     32[32          22.000]1  -4.02205E-03 SPD     33[33          22.000]1
     5   -4.02038E-03 SPD     34[34          22.000]1  -4.02171E-03 SPD     35[35          22.000]1
     7   -4.02042E-03 SPD     36[36          22.000]1  -4.02266E-03 SPD     37[37          22.000]1
     9     0.0000     SPD     38[38          22.000]1  -4.02157E-03 SPD     39[39          22.000]1
    11     1.2344     EFD     30[30          22.000]1    2.8830     EFD     31[31          22.000]1
    13     2.2701     EFD     32[32          22.000]1    2.6466     EFD     33[33          22.000]1
    15     4.4405     EFD     34[34          22.000]1    2.4343     EFD     35[35          22.000]1
    17     2.4677     EFD     36[36          22.000]1    2.2556     EFD     37[37          22.000]1
    19     0.0000     EFD     38[38          22.000]1    1.0437     EFD     39[39          22.000]1
    21     0.0000     VOEL    30[30          22.000]1    0.0000     VOEL    31[31          22.000]1
    23     0.0000     VOEL    32[32          22.000]1    0.0000     VOEL    33[33          22.000]1
    25     0.0000     VOEL    34[34          22.000]1    0.0000     VOEL    35[35          22.000]1
    27     0.0000     VOEL    36[36          22.000]1    0.0000     VOEL    37[37          22.000]1
    29     0.0000     VOEL    38[38          22.000]1    0.0000     VOEL    39[39          22.000]1
    31     3.3168     POWR    30[30          22.000]1    6.5591     POWR    31[31          22.000]1
    33     7.3328     POWR    32[32          22.000]1    7.1523     POWR    33[33          22.000]1
    35     5.9065     POWR    34[34          22.000]1    7.3323     POWR    35[35          22.000]1
    37     6.4296     POWR    36[36          22.000]1    6.2289     POWR    37[37          22.000]1
    39     0.0000     POWR    38[38          22.000]1    10.036     POWR    39[39          22.000]1
    41     1.0420     VOLT      1 [1           345.00]   1.0430     VOLT      2 [2           345.00]
    43     1.0272     VOLT      3 [3           345.00]   1.0302     VOLT      4 [4           345.00]
    45     1.0492     VOLT      5 [5           345.00]   1.0507     VOLT      6 [6           345.00]
    47     1.0382     VOLT      7 [7           345.00]   1.0360     VOLT      8 [8           345.00]
    49     1.0409     VOLT      9 [9           345.00]   1.0381     VOLT     10 [10          345.00]
    51     1.0409     VOLT     11 [11          345.00]   1.0245     VOLT     12 [12          345.00]
    53     1.0329     VOLT     13 [13          345.00]   1.0239     VOLT     14 [14          345.00]
    55    0.99026     VOLT     15 [15          345.00]  0.99051     VOLT     16 [16          345.00]
    57     1.0033     VOLT     17 [17          345.00]   1.0111     VOLT     18 [18          345.00]
    59     1.0036     VOLT     19 [19          345.00]  0.93792     VOLT     20 [20          345.00]
    61    0.99363     VOLT     21 [21          345.00]   1.0171     VOLT     22 [22          345.00]
    63     1.0153     VOLT     23 [23          345.00]  0.99724     VOLT     24 [24          345.00]
    65     1.0378     VOLT     25 [25          345.00]   1.0281     VOLT     26 [26          345.00]
    67     1.0108     VOLT     27 [27          345.00]   1.0323     VOLT     28 [28          345.00]
    69     1.0298     VOLT     29 [29          345.00]   1.0418     VOLT     30 [30          22.000]
    71     1.0160     VOLT     31 [31          22.000]  0.97807     VOLT     32 [32          22.000]
    73    0.96310     VOLT     33 [33          22.000]  0.94959     VOLT     34 [34          22.000]
    75     1.0200     VOLT     35 [35          22.000]   1.0564     VOLT     36 [36          22.000]
    77     1.0084     VOLT     37 [37          22.000]   1.0047     VOLT     38 [38          22.000]
    79     1.0238     VOLT     39 [39          22.000]   5833.6     PMECH FOR ALL BUSES
    81     5850.8     PELEC FOR ALL BUSES               -17.201     PACCL FOR ALL BUSES
    83     5805.6     PLOAD FOR ALL BUSES                45.192     PE-PL FOR ALL BUSES

 35.0033 -4.01860E-03 -4.02006E-03 -4.01985E-03 -4.01998E-03 -4.01977E-03 -4.01952E-03
     7   -4.01886E-03 -4.01861E-03   0.0000     -4.01909E-03   1.2344       2.8830
    13     2.2699       2.6466       4.4406       2.4343       2.4678       2.2556
    19     0.0000       1.0437       0.0000       0.0000       0.0000       0.0000
    25     0.0000       0.0000       0.0000       0.0000       0.0000       0.0000
    31     3.3163       6.5590       7.3329       7.1525       5.9066       7.3327
    37     6.4292       6.2294       0.0000       10.037       1.0420       1.0430
    43     1.0272       1.0302       1.0492       1.0507       1.0382       1.0360
    49     1.0409       1.0381       1.0409       1.0245       1.0329       1.0239
    55    0.99026      0.99051       1.0033       1.0111       1.0036      0.93792
    61    0.99363       1.0171       1.0153      0.99724       1.0378       1.0281
    67     1.0108       1.0323       1.0298       1.0418       1.0160      0.97807
    73    0.96310      0.94959       1.0200       1.0564       1.0084       1.0047
    79     1.0238       5833.6       5850.8      -17.201       5805.6       45.192

 Channel output file is "ne_2.out"

    TIME X- VALUE --X X--------- IDENTIFIER ---------X X- VALUE --X X--------- IDENTIFIER ---------X
 35.0033 -4.01860E-03 SPD     30[30          22.000]1  -4.02006E-03 SPD     31[31          22.000]1
     3   -4.01985E-03 SPD     32[32          22.000]1  -4.01998E-03 SPD     33[33          22.000]1
     5   -4.01977E-03 SPD     34[34          22.000]1  -4.01952E-03 SPD     35[35          22.000]1
     7   -4.01886E-03 SPD     36[36          22.000]1  -4.01861E-03 SPD     37[37          22.000]1
     9     0.0000     SPD     38[38          22.000]1  -4.01909E-03 SPD     39[39          22.000]1
    11     1.2344     EFD     30[30          22.000]1    2.8830     EFD     31[31          22.000]1
    13     2.2699     EFD     32[32          22.000]1    2.6466     EFD     33[33          22.000]1
    15     4.4406     EFD     34[34          22.000]1    2.4343     EFD     35[35          22.000]1
    17     2.4678     EFD     36[36          22.000]1    2.2556     EFD     37[37          22.000]1
    19     0.0000     EFD     38[38          22.000]1    1.0437     EFD     39[39          22.000]1
    21     0.0000     VOEL    30[30          22.000]1    0.0000     VOEL    31[31          22.000]1
    23     0.0000     VOEL    32[32          22.000]1    0.0000     VOEL    33[33          22.000]1
    25     0.0000     VOEL    34[34          22.000]1    0.0000     VOEL    35[35          22.000]1
    27     0.0000     VOEL    36[36          22.000]1    0.0000     VOEL    37[37          22.000]1
    29     0.0000     VOEL    38[38          22.000]1    0.0000     VOEL    39[39          22.000]1
    31     3.3162     POWR    30[30          22.000]1    6.5589     POWR    31[31          22.000]1
    33     7.3328     POWR    32[32          22.000]1    7.1524     POWR    33[33          22.000]1
    35     5.9065     POWR    34[34          22.000]1    7.3326     POWR    35[35          22.000]1
    37     6.4291     POWR    36[36          22.000]1    6.2293     POWR    37[37          22.000]1
    39     0.0000     POWR    38[38          22.000]1    10.037     POWR    39[39          22.000]1
    41     1.0420     VOLT      1 [1           345.00]   1.0430     VOLT      2 [2           345.00]
    43     1.0272     VOLT      3 [3           345.00]   1.0302     VOLT      4 [4           345.00]
    45     1.0492     VOLT      5 [5           345.00]   1.0507     VOLT      6 [6           345.00]
    47     1.0382     VOLT      7 [7           345.00]   1.0360     VOLT      8 [8           345.00]
    49     1.0409     VOLT      9 [9           345.00]   1.0381     VOLT     10 [10          345.00]
    51     1.0409     VOLT     11 [11          345.00]   1.0245     VOLT     12 [12          345.00]
    53     1.0329     VOLT     13 [13          345.00]   1.0239     VOLT     14 [14          345.00]
    55    0.99026     VOLT     15 [15          345.00]  0.99051     VOLT     16 [16          345.00]
    57     1.0033     VOLT     17 [17          345.00]   1.0111     VOLT     18 [18          345.00]
    59     1.0036     VOLT     19 [19          345.00]  0.93792     VOLT     20 [20          345.00]
    61    0.99363     VOLT     21 [21          345.00]   1.0171     VOLT     22 [22          345.00]
    63     1.0153     VOLT     23 [23          345.00]  0.99724     VOLT     24 [24          345.00]
    65     1.0378     VOLT     25 [25          345.00]   1.0281     VOLT     26 [26          345.00]
    67     1.0108     VOLT     27 [27          345.00]   1.0323     VOLT     28 [28          345.00]
    69     1.0298     VOLT     29 [29          345.00]   1.0418     VOLT     30 [30          22.000]
    71     1.0160     VOLT     31 [31          22.000]  0.97807     VOLT     32 [32          22.000]
    73    0.96310     VOLT     33 [33          22.000]  0.94959     VOLT     34 [34          22.000]
    75     1.0200     VOLT     35 [35          22.000]   1.0564     VOLT     36 [36          22.000]
    77     1.0084     VOLT     37 [37          22.000]   1.0047     VOLT     38 [38          22.000]
    79     1.0238     VOLT     39 [39          22.000]   5833.6     PMECH FOR ALL BUSES
    81     5850.8     PELEC FOR ALL BUSES               -17.201     PACCL FOR ALL BUSES
    83     5805.6     PLOAD FOR ALL BUSES                45.192     PE-PL FOR ALL BUSES

 36.0035 -4.01518E-03 -4.01543E-03 -4.01672E-03 -4.01539E-03 -4.01722E-03 -4.01727E-03
     7   -4.01725E-03 -4.01534E-03   0.0000     -4.01737E-03   1.2343       2.8829
    13     2.2697       2.6465       4.4405       2.4343       2.4676       2.2554
    19     0.0000       1.0437       0.0000       0.0000       0.0000       0.0000
    25     0.0000       0.0000       0.0000       0.0000       0.0000       0.0000
    31     3.3174       6.5587       7.3325       7.1528       5.9064       7.3324
    37     6.4289       6.2283       0.0000       10.039       1.0420       1.0430
    43     1.0272       1.0302       1.0492       1.0507       1.0382       1.0360
    49     1.0409       1.0381       1.0409       1.0245       1.0329       1.0239
    55    0.99026      0.99051       1.0033       1.0111       1.0036      0.93792
    61    0.99363       1.0171       1.0153      0.99724       1.0378       1.0281
    67     1.0108       1.0323       1.0298       1.0418       1.0160      0.97807
    73    0.96310      0.94959       1.0200       1.0564       1.0084       1.0047
    79     1.0238       5833.6       5850.8      -17.201       5805.6       45.192

 Channel output file is "ne_2.out"

    TIME X- VALUE --X X--------- IDENTIFIER ---------X X- VALUE --X X--------- IDENTIFIER ---------X
 36.0035 -4.01518E-03 SPD     30[30          22.000]1  -4.01543E-03 SPD     31[31          22.000]1
     3   -4.01672E-03 SPD     32[32          22.000]1  -4.01539E-03 SPD     33[33          22.000]1
     5   -4.01722E-03 SPD     34[34          22.000]1  -4.01727E-03 SPD     35[35          22.000]1
     7   -4.01725E-03 SPD     36[36          22.000]1  -4.01534E-03 SPD     37[37          22.000]1
     9     0.0000     SPD     38[38          22.000]1  -4.01737E-03 SPD     39[39          22.000]1
    11     1.2343     EFD     30[30          22.000]1    2.8829     EFD     31[31          22.000]1
    13     2.2697     EFD     32[32          22.000]1    2.6465     EFD     33[33          22.000]1
    15     4.4405     EFD     34[34          22.000]1    2.4343     EFD     35[35          22.000]1
    17     2.4676     EFD     36[36          22.000]1    2.2554     EFD     37[37          22.000]1
    19     0.0000     EFD     38[38          22.000]1    1.0437     EFD     39[39          22.000]1
    21     0.0000     VOEL    30[30          22.000]1    0.0000     VOEL    31[31          22.000]1
    23     0.0000     VOEL    32[32          22.000]1    0.0000     VOEL    33[33          22.000]1
    25     0.0000     VOEL    34[34          22.000]1    0.0000     VOEL    35[35          22.000]1
    27     0.0000     VOEL    36[36          22.000]1    0.0000     VOEL    37[37          22.000]1
    29     0.0000     VOEL    38[38          22.000]1    0.0000     VOEL    39[39          22.000]1
    31     3.3173     POWR    30[30          22.000]1    6.5586     POWR    31[31          22.000]1
    33     7.3324     POWR    32[32          22.000]1    7.1527     POWR    33[33          22.000]1
    35     5.9063     POWR    34[34          22.000]1    7.3323     POWR    35[35          22.000]1
    37     6.4288     POWR    36[36          22.000]1    6.2282     POWR    37[37          22.000]1
    39     0.0000     POWR    38[38          22.000]1    10.039     POWR    39[39          22.000]1
    41     1.0420     VOLT      1 [1           345.00]   1.0430     VOLT      2 [2           345.00]
    43     1.0272     VOLT      3 [3           345.00]   1.0302     VOLT      4 [4           345.00]
    45     1.0492     VOLT      5 [5           345.00]   1.0507     VOLT      6 [6           345.00]
    47     1.0382     VOLT      7 [7           345.00]   1.0360     VOLT      8 [8           345.00]
    49     1.0409     VOLT      9 [9           345.00]   1.0381     VOLT     10 [10          345.00]
    51     1.0409     VOLT     11 [11          345.00]   1.0245     VOLT     12 [12          345.00]
    53     1.0329     VOLT     13 [13          345.00]   1.0239     VOLT     14 [14          345.00]
    55    0.99026     VOLT     15 [15          345.00]  0.99051     VOLT     16 [16          345.00]
    57     1.0033     VOLT     17 [17          345.00]   1.0111     VOLT     18 [18          345.00]
    59     1.0036     VOLT     19 [19          345.00]  0.93792     VOLT     20 [20          345.00]
    61    0.99363     VOLT     21 [21          345.00]   1.0171     VOLT     22 [22          345.00]
    63     1.0153     VOLT     23 [23          345.00]  0.99724     VOLT     24 [24          345.00]
    65     1.0378     VOLT     25 [25          345.00]   1.0281     VOLT     26 [26          345.00]
    67     1.0108     VOLT     27 [27          345.00]   1.0323     VOLT     28 [28          345.00]
    69     1.0298     VOLT     29 [29          345.00]   1.0418     VOLT     30 [30          22.000]
    71     1.0160     VOLT     31 [31          22.000]  0.97807     VOLT     32 [32          22.000]
    73    0.96310     VOLT     33 [33          22.000]  0.94959     VOLT     34 [34          22.000]
    75     1.0200     VOLT     35 [35          22.000]   1.0564     VOLT     36 [36          22.000]
    77     1.0084     VOLT     37 [37          22.000]   1.0047     VOLT     38 [38          22.000]
    79     1.0238     VOLT     39 [39          22.000]   5833.6     PMECH FOR ALL BUSES
    81     5850.8     PELEC FOR ALL BUSES               -17.201     PACCL FOR ALL BUSES
    83     5805.6     PLOAD FOR ALL BUSES                45.192     PE-PL FOR ALL BUSES

 37.0037 -4.01410E-03 -4.01548E-03 -4.01540E-03 -4.01653E-03 -4.01555E-03 -4.01611E-03
     7   -4.01559E-03 -4.01453E-03   0.0000     -4.01504E-03   1.2343       2.8830
    13     2.2697       2.6465       4.4406       2.4343       2.4678       2.2552
    19     0.0000       1.0437       0.0000       0.0000       0.0000       0.0000
    25     0.0000       0.0000       0.0000       0.0000       0.0000       0.0000
    31     3.3158       6.5589       7.3330       7.1518       5.9066       7.3320
    37     6.4290       6.2282       0.0000       10.041       1.0420       1.0430
    43     1.0272       1.0302       1.0492       1.0507       1.0382       1.0360
    49     1.0409       1.0381       1.0409       1.0245       1.0329       1.0239
    55    0.99026      0.99051       1.0033       1.0111       1.0036      0.93792
    61    0.99363       1.0171       1.0153      0.99724       1.0378       1.0281
    67     1.0108       1.0323       1.0298       1.0418       1.0160      0.97807
    73    0.96310      0.94959       1.0200       1.0564       1.0084       1.0047
    79     1.0238       5833.6       5850.8      -17.201       5805.6       45.192

 Channel output file is "ne_2.out"

    TIME X- VALUE --X X--------- IDENTIFIER ---------X X- VALUE --X X--------- IDENTIFIER ---------X
 37.0037 -4.01410E-03 SPD     30[30          22.000]1  -4.01548E-03 SPD     31[31          22.000]1
     3   -4.01540E-03 SPD     32[32          22.000]1  -4.01653E-03 SPD     33[33          22.000]1
     5   -4.01555E-03 SPD     34[34          22.000]1  -4.01611E-03 SPD     35[35          22.000]1
     7   -4.01559E-03 SPD     36[36          22.000]1  -4.01453E-03 SPD     37[37          22.000]1
     9     0.0000     SPD     38[38          22.000]1  -4.01504E-03 SPD     39[39          22.000]1
    11     1.2343     EFD     30[30          22.000]1    2.8830     EFD     31[31          22.000]1
    13     2.2697     EFD     32[32          22.000]1    2.6465     EFD     33[33          22.000]1
    15     4.4406     EFD     34[34          22.000]1    2.4343     EFD     35[35          22.000]1
    17     2.4678     EFD     36[36          22.000]1    2.2552     EFD     37[37          22.000]1
    19     0.0000     EFD     38[38          22.000]1    1.0437     EFD     39[39          22.000]1
    21     0.0000     VOEL    30[30          22.000]1    0.0000     VOEL    31[31          22.000]1
    23     0.0000     VOEL    32[32          22.000]1    0.0000     VOEL    33[33          22.000]1
    25     0.0000     VOEL    34[34          22.000]1    0.0000     VOEL    35[35          22.000]1
    27     0.0000     VOEL    36[36          22.000]1    0.0000     VOEL    37[37          22.000]1
    29     0.0000     VOEL    38[38          22.000]1    0.0000     VOEL    39[39          22.000]1
    31     3.3157     POWR    30[30          22.000]1    6.5588     POWR    31[31          22.000]1
    33     7.3329     POWR    32[32          22.000]1    7.1517     POWR    33[33          22.000]1
    35     5.9065     POWR    34[34          22.000]1    7.3319     POWR    35[35          22.000]1
    37     6.4289     POWR    36[36          22.000]1    6.2281     POWR    37[37          22.000]1
    39     0.0000     POWR    38[38          22.000]1    10.041     POWR    39[39          22.000]1
    41     1.0420     VOLT      1 [1           345.00]   1.0430     VOLT      2 [2           345.00]
    43     1.0272     VOLT      3 [3           345.00]   1.0302     VOLT      4 [4           345.00]
    45     1.0492     VOLT      5 [5           345.00]   1.0507     VOLT      6 [6           345.00]
    47     1.0382     VOLT      7 [7           345.00]   1.0360     VOLT      8 [8           345.00]
    49     1.0409     VOLT      9 [9           345.00]   1.0381     VOLT     10 [10          345.00]
    51     1.0409     VOLT     11 [11          345.00]   1.0245     VOLT     12 [12          345.00]
    53     1.0329     VOLT     13 [13          345.00]   1.0239     VOLT     14 [14          345.00]
    55    0.99026     VOLT     15 [15          345.00]  0.99051     VOLT     16 [16          345.00]
    57     1.0033     VOLT     17 [17          345.00]   1.0111     VOLT     18 [18          345.00]
    59     1.0036     VOLT     19 [19          345.00]  0.93792     VOLT     20 [20          345.00]
    61    0.99363     VOLT     21 [21          345.00]   1.0171     VOLT     22 [22          345.00]
    63     1.0153     VOLT     23 [23          345.00]  0.99724     VOLT     24 [24          345.00]
    65     1.0378     VOLT     25 [25          345.00]   1.0281     VOLT     26 [26          345.00]
    67     1.0108     VOLT     27 [27          345.00]   1.0323     VOLT     28 [28          345.00]
    69     1.0298     VOLT     29 [29          345.00]   1.0418     VOLT     30 [30          22.000]
    71     1.0160     VOLT     31 [31          22.000]  0.97807     VOLT     32 [32          22.000]
    73    0.96310     VOLT     33 [33          22.000]  0.94959     VOLT     34 [34          22.000]
    75     1.0200     VOLT     35 [35          22.000]   1.0564     VOLT     36 [36          22.000]
    77     1.0084     VOLT     37 [37          22.000]   1.0047     VOLT     38 [38          22.000]
    79     1.0238     VOLT     39 [39          22.000]   5833.6     PMECH FOR ALL BUSES
    81     5850.8     PELEC FOR ALL BUSES               -17.201     PACCL FOR ALL BUSES
    83     5805.6     PLOAD FOR ALL BUSES                45.192     PE-PL FOR ALL BUSES

 38.0039 -4.01378E-03 -4.01343E-03 -4.01400E-03 -4.01362E-03 -4.01345E-03 -4.01329E-03
     7   -4.01500E-03 -4.01371E-03   0.0000     -4.01420E-03   1.2342       2.8830
    13     2.2696       2.6464       4.4406       2.4343       2.4677       2.2550
    19     0.0000       1.0437       0.0000       0.0000       0.0000       0.0000
    25     0.0000       0.0000       0.0000       0.0000       0.0000       0.0000
    31     3.3163       6.5590       7.3327       7.1518       5.9066       7.3324
    37     6.4291       6.2283       0.0000       10.040       1.0420       1.0430
    43     1.0272       1.0302       1.0492       1.0507       1.0382       1.0360
    49     1.0409       1.0381       1.0409       1.0245       1.0329       1.0239
    55    0.99026      0.99051       1.0033       1.0111       1.0036      0.93792
    61    0.99363       1.0171       1.0153      0.99724       1.0378       1.0281
    67     1.0108       1.0323       1.0298       1.0418       1.0160      0.97807
    73    0.96310      0.94959       1.0200       1.0564       1.0084       1.0047
    79     1.0238       5833.6       5850.8      -17.201       5805.6       45.192

 Channel output file is "ne_2.out"

    TIME X- VALUE --X X--------- IDENTIFIER ---------X X- VALUE --X X--------- IDENTIFIER ---------X
 38.0039 -4.01378E-03 SPD     30[30          22.000]1  -4.01343E-03 SPD     31[31          22.000]1
     3   -4.01400E-03 SPD     32[32          22.000]1  -4.01362E-03 SPD     33[33          22.000]1
     5   -4.01345E-03 SPD     34[34          22.000]1  -4.01329E-03 SPD     35[35          22.000]1
     7   -4.01500E-03 SPD     36[36          22.000]1  -4.01371E-03 SPD     37[37          22.000]1
     9     0.0000     SPD     38[38          22.000]1  -4.01420E-03 SPD     39[39          22.000]1
    11     1.2342     EFD     30[30          22.000]1    2.8830     EFD     31[31          22.000]1
    13     2.2696     EFD     32[32          22.000]1    2.6464     EFD     33[33          22.000]1
    15     4.4406     EFD     34[34          22.000]1    2.4343     EFD     35[35          22.000]1
    17     2.4677     EFD     36[36          22.000]1    2.2550     EFD     37[37          22.000]1
    19     0.0000     EFD     38[38          22.000]1    1.0437     EFD     39[39          22.000]1
    21     0.0000     VOEL    30[30          22.000]1    0.0000     VOEL    31[31          22.000]1
    23     0.0000     VOEL    32[32          22.000]1    0.0000     VOEL    33[33          22.000]1
    25     0.0000     VOEL    34[34          22.000]1    0.0000     VOEL    35[35          22.000]1
    27     0.0000     VOEL    36[36          22.000]1    0.0000     VOEL    37[37          22.000]1
    29     0.0000     VOEL    38[38          22.000]1    0.0000     VOEL    39[39          22.000]1
    31     3.3162     POWR    30[30          22.000]1    6.5589     POWR    31[31          22.000]1
    33     7.3326     POWR    32[32          22.000]1    7.1517     POWR    33[33          22.000]1
    35     5.9066     POWR    34[34          22.000]1    7.3323     POWR    35[35          22.000]1
    37     6.4291     POWR    36[36          22.000]1    6.2282     POWR    37[37          22.000]1
    39     0.0000     POWR    38[38          22.000]1    10.040     POWR    39[39          22.000]1
    41     1.0420     VOLT      1 [1           345.00]   1.0430     VOLT      2 [2           345.00]
    43     1.0272     VOLT      3 [3           345.00]   1.0302     VOLT      4 [4           345.00]
    45     1.0492     VOLT      5 [5           345.00]   1.0507     VOLT      6 [6           345.00]
    47     1.0382     VOLT      7 [7           345.00]   1.0360     VOLT      8 [8           345.00]
    49     1.0409     VOLT      9 [9           345.00]   1.0381     VOLT     10 [10          345.00]
    51     1.0409     VOLT     11 [11          345.00]   1.0245     VOLT     12 [12          345.00]
    53     1.0329     VOLT     13 [13          345.00]   1.0239     VOLT     14 [14          345.00]
    55    0.99026     VOLT     15 [15          345.00]  0.99051     VOLT     16 [16          345.00]
    57     1.0033     VOLT     17 [17          345.00]   1.0111     VOLT     18 [18          345.00]
    59     1.0036     VOLT     19 [19          345.00]  0.93792     VOLT     20 [20          345.00]
    61    0.99363     VOLT     21 [21          345.00]   1.0171     VOLT     22 [22          345.00]
    63     1.0153     VOLT     23 [23          345.00]  0.99724     VOLT     24 [24          345.00]
    65     1.0378     VOLT     25 [25          345.00]   1.0281     VOLT     26 [26          345.00]
    67     1.0108     VOLT     27 [27          345.00]   1.0323     VOLT     28 [28          345.00]
    69     1.0298     VOLT     29 [29          345.00]   1.0418     VOLT     30 [30          22.000]
    71     1.0160     VOLT     31 [31          22.000]  0.97807     VOLT     32 [32          22.000]
    73    0.96310     VOLT     33 [33          22.000]  0.94959     VOLT     34 [34          22.000]
    75     1.0200     VOLT     35 [35          22.000]   1.0564     VOLT     36 [36          22.000]
    77     1.0084     VOLT     37 [37          22.000]   1.0047     VOLT     38 [38          22.000]
    79     1.0238     VOLT     39 [39          22.000]   5833.6     PMECH FOR ALL BUSES
    81     5850.8     PELEC FOR ALL BUSES               -17.201     PACCL FOR ALL BUSES
    83     5805.6     PLOAD FOR ALL BUSES                45.192     PE-PL FOR ALL BUSES

 39.0041 -4.01273E-03 -4.01393E-03 -4.01310E-03 -4.01397E-03 -4.01380E-03 -4.01332E-03
     7   -4.01436E-03 -4.01318E-03   0.0000     -4.01321E-03   1.2343       2.8830
    13     2.2697       2.6464       4.4406       2.4343       2.4677       2.2549
    19     0.0000       1.0437       0.0000       0.0000       0.0000       0.0000
    25     0.0000       0.0000       0.0000       0.0000       0.0000       0.0000
    31     3.3165       6.5582       7.3325       7.1517       5.9065       7.3322
    37     6.4288       6.2281       0.0000       10.042       1.0420       1.0430
    43     1.0272       1.0302       1.0492       1.0507       1.0382       1.0360
    49     1.0409       1.0381       1.0409       1.0245       1.0329       1.0239
    55    0.99026      0.99051       1.0033       1.0111       1.0036      0.93792
    61    0.99363       1.0171       1.0153      0.99724       1.0378       1.0281
    67     1.0108       1.0323       1.0298       1.0418       1.0160      0.97807
    73    0.96310      0.94959       1.0200       1.0564       1.0084       1.0047
    79     1.0238       5833.6       5850.8      -17.201       5805.6       45.192

 Channel output file is "ne_2.out"

    TIME X- VALUE --X X--------- IDENTIFIER ---------X X- VALUE --X X--------- IDENTIFIER ---------X
 39.0041 -4.01273E-03 SPD     30[30          22.000]1  -4.01393E-03 SPD     31[31          22.000]1
     3   -4.01310E-03 SPD     32[32          22.000]1  -4.01397E-03 SPD     33[33          22.000]1
     5   -4.01380E-03 SPD     34[34          22.000]1  -4.01332E-03 SPD     35[35          22.000]1
     7   -4.01436E-03 SPD     36[36          22.000]1  -4.01318E-03 SPD     37[37          22.000]1
     9     0.0000     SPD     38[38          22.000]1  -4.01321E-03 SPD     39[39          22.000]1
    11     1.2343     EFD     30[30          22.000]1    2.8830     EFD     31[31          22.000]1
    13     2.2697     EFD     32[32          22.000]1    2.6464     EFD     33[33          22.000]1
    15     4.4406     EFD     34[34          22.000]1    2.4343     EFD     35[35          22.000]1
    17     2.4677     EFD     36[36          22.000]1    2.2549     EFD     37[37          22.000]1
    19     0.0000     EFD     38[38          22.000]1    1.0437     EFD     39[39          22.000]1
    21     0.0000     VOEL    30[30          22.000]1    0.0000     VOEL    31[31          22.000]1
    23     0.0000     VOEL    32[32          22.000]1    0.0000     VOEL    33[33          22.000]1
    25     0.0000     VOEL    34[34          22.000]1    0.0000     VOEL    35[35          22.000]1
    27     0.0000     VOEL    36[36          22.000]1    0.0000     VOEL    37[37          22.000]1
    29     0.0000     VOEL    38[38          22.000]1    0.0000     VOEL    39[39          22.000]1
    31     3.3164     POWR    30[30          22.000]1    6.5581     POWR    31[31          22.000]1
    33     7.3324     POWR    32[32          22.000]1    7.1516     POWR    33[33          22.000]1
    35     5.9064     POWR    34[34          22.000]1    7.3321     POWR    35[35          22.000]1
    37     6.4287     POWR    36[36          22.000]1    6.2279     POWR    37[37          22.000]1
    39     0.0000     POWR    38[38          22.000]1    10.042     POWR    39[39          22.000]1
    41     1.0420     VOLT      1 [1           345.00]   1.0430     VOLT      2 [2           345.00]
    43     1.0272     VOLT      3 [3           345.00]   1.0302     VOLT      4 [4           345.00]
    45     1.0492     VOLT      5 [5           345.00]   1.0507     VOLT      6 [6           345.00]
    47     1.0382     VOLT      7 [7           345.00]   1.0360     VOLT      8 [8           345.00]
    49     1.0409     VOLT      9 [9           345.00]   1.0381     VOLT     10 [10          345.00]
    51     1.0409     VOLT     11 [11          345.00]   1.0245     VOLT     12 [12          345.00]
    53     1.0329     VOLT     13 [13          345.00]   1.0239     VOLT     14 [14          345.00]
    55    0.99026     VOLT     15 [15          345.00]  0.99051     VOLT     16 [16          345.00]
    57     1.0033     VOLT     17 [17          345.00]   1.0111     VOLT     18 [18          345.00]
    59     1.0036     VOLT     19 [19          345.00]  0.93792     VOLT     20 [20          345.00]
    61    0.99363     VOLT     21 [21          345.00]   1.0171     VOLT     22 [22          345.00]
    63     1.0153     VOLT     23 [23          345.00]  0.99724     VOLT     24 [24          345.00]
    65     1.0378     VOLT     25 [25          345.00]   1.0281     VOLT     26 [26          345.00]
    67     1.0108     VOLT     27 [27          345.00]   1.0323     VOLT     28 [28          345.00]
    69     1.0298     VOLT     29 [29          345.00]   1.0418     VOLT     30 [30          22.000]
    71     1.0160     VOLT     31 [31          22.000]  0.97807     VOLT     32 [32          22.000]
    73    0.96310     VOLT     33 [33          22.000]  0.94959     VOLT     34 [34          22.000]
    75     1.0200     VOLT     35 [35          22.000]   1.0564     VOLT     36 [36          22.000]
    77     1.0084     VOLT     37 [37          22.000]   1.0047     VOLT     38 [38          22.000]
    79     1.0238     VOLT     39 [39          22.000]   5833.6     PMECH FOR ALL BUSES
    81     5850.8     PELEC FOR ALL BUSES               -17.201     PACCL FOR ALL BUSES
    83     5805.6     PLOAD FOR ALL BUSES                45.192     PE-PL FOR ALL BUSES

 40.0043 -4.01412E-03 -4.01332E-03 -4.01337E-03 -4.01323E-03 -4.01346E-03 -4.01319E-03
     7   -4.01337E-03 -4.01307E-03   0.0000     -4.01311E-03   1.2343       2.8830
    13     2.2697       2.6463       4.4406       2.4343       2.4677       2.2548
    19     0.0000       1.0437       0.0000       0.0000       0.0000       0.0000
    25     0.0000       0.0000       0.0000       0.0000       0.0000       0.0000
    31     3.3163       6.5585       7.3324       7.1517       5.9064       7.3324
    37     6.4290       6.2281       0.0000       10.041       1.0420       1.0430
    43     1.0272       1.0302       1.0492       1.0507       1.0382       1.0360
    49     1.0409       1.0381       1.0409       1.0245       1.0329       1.0239
    55    0.99026      0.99051       1.0033       1.0111       1.0036      0.93792
    61    0.99363       1.0171       1.0153      0.99724       1.0378       1.0281
    67     1.0108       1.0323       1.0298       1.0418       1.0160      0.97807
    73    0.96310      0.94959       1.0200       1.0564       1.0084       1.0047
    79     1.0238       5833.6       5850.8      -17.201       5805.6       45.192

 Channel output file is "ne_2.out"

    TIME X- VALUE --X X--------- IDENTIFIER ---------X X- VALUE --X X--------- IDENTIFIER ---------X
 40.0043 -4.01412E-03 SPD     30[30          22.000]1  -4.01332E-03 SPD     31[31          22.000]1
     3   -4.01337E-03 SPD     32[32          22.000]1  -4.01323E-03 SPD     33[33          22.000]1
     5   -4.01346E-03 SPD     34[34          22.000]1  -4.01319E-03 SPD     35[35          22.000]1
     7   -4.01337E-03 SPD     36[36          22.000]1  -4.01307E-03 SPD     37[37          22.000]1
     9     0.0000     SPD     38[38          22.000]1  -4.01311E-03 SPD     39[39          22.000]1
    11     1.2343     EFD     30[30          22.000]1    2.8830     EFD     31[31          22.000]1
    13     2.2697     EFD     32[32          22.000]1    2.6463     EFD     33[33          22.000]1
    15     4.4406     EFD     34[34          22.000]1    2.4343     EFD     35[35          22.000]1
    17     2.4677     EFD     36[36          22.000]1    2.2548     EFD     37[37          22.000]1
    19     0.0000     EFD     38[38          22.000]1    1.0437     EFD     39[39          22.000]1
    21     0.0000     VOEL    30[30          22.000]1    0.0000     VOEL    31[31          22.000]1
    23     0.0000     VOEL    32[32          22.000]1    0.0000     VOEL    33[33          22.000]1
    25     0.0000     VOEL    34[34          22.000]1    0.0000     VOEL    35[35          22.000]1
    27     0.0000     VOEL    36[36          22.000]1    0.0000     VOEL    37[37          22.000]1
    29     0.0000     VOEL    38[38          22.000]1    0.0000     VOEL    39[39          22.000]1
    31     3.3162     POWR    30[30          22.000]1    6.5584     POWR    31[31          22.000]1
    33     7.3323     POWR    32[32          22.000]1    7.1516     POWR    33[33          22.000]1
    35     5.9063     POWR    34[34          22.000]1    7.3323     POWR    35[35          22.000]1
    37     6.4289     POWR    36[36          22.000]1    6.2280     POWR    37[37          22.000]1
    39     0.0000     POWR    38[38          22.000]1    10.041     POWR    39[39          22.000]1
    41     1.0420     VOLT      1 [1           345.00]   1.0430     VOLT      2 [2           345.00]
    43     1.0272     VOLT      3 [3           345.00]   1.0302     VOLT      4 [4           345.00]
    45     1.0492     VOLT      5 [5           345.00]   1.0507     VOLT      6 [6           345.00]
    47     1.0382     VOLT      7 [7           345.00]   1.0360     VOLT      8 [8           345.00]
    49     1.0409     VOLT      9 [9           345.00]   1.0381     VOLT     10 [10          345.00]
    51     1.0409     VOLT     11 [11          345.00]   1.0245     VOLT     12 [12          345.00]
    53     1.0329     VOLT     13 [13          345.00]   1.0239     VOLT     14 [14          345.00]
    55    0.99026     VOLT     15 [15          345.00]  0.99051     VOLT     16 [16          345.00]
    57     1.0033     VOLT     17 [17          345.00]   1.0111     VOLT     18 [18          345.00]
    59     1.0036     VOLT     19 [19          345.00]  0.93792     VOLT     20 [20          345.00]
    61    0.99363     VOLT     21 [21          345.00]   1.0171     VOLT     22 [22          345.00]
    63     1.0153     VOLT     23 [23          345.00]  0.99724     VOLT     24 [24          345.00]
    65     1.0378     VOLT     25 [25          345.00]   1.0281     VOLT     26 [26          345.00]
    67     1.0108     VOLT     27 [27          345.00]   1.0323     VOLT     28 [28          345.00]
    69     1.0298     VOLT     29 [29          345.00]   1.0418     VOLT     30 [30          22.000]
    71     1.0160     VOLT     31 [31          22.000]  0.97807     VOLT     32 [32          22.000]
    73    0.96310     VOLT     33 [33          22.000]  0.94959     VOLT     34 [34          22.000]
    75     1.0200     VOLT     35 [35          22.000]   1.0564     VOLT     36 [36          22.000]
    77     1.0084     VOLT     37 [37          22.000]   1.0047     VOLT     38 [38          22.000]
    79     1.0238     VOLT     39 [39          22.000]   5833.6     PMECH FOR ALL BUSES
    81     5850.8     PELEC FOR ALL BUSES               -17.201     PACCL FOR ALL BUSES
    83     5805.6     PLOAD FOR ALL BUSES                45.192     PE-PL FOR ALL BUSES

 41.0046 -4.01421E-03 -4.01336E-03 -4.01367E-03 -4.01350E-03 -4.01325E-03 -4.01336E-03
     7   -4.01403E-03 -4.01345E-03   0.0000     -4.01335E-03   1.2343       2.8830
    13     2.2698       2.6463       4.4406       2.4343       2.4678       2.2547
    19     0.0000       1.0437       0.0000       0.0000       0.0000       0.0000
    25     0.0000       0.0000       0.0000       0.0000       0.0000       0.0000
    31     3.3165       6.5585       7.3324       7.1518       5.9065       7.3323
    37     6.4288       6.2281       0.0000       10.041       1.0420       1.0430
    43     1.0272       1.0302       1.0492       1.0507       1.0382       1.0360
    49     1.0409       1.0381       1.0409       1.0245       1.0329       1.0239
    55    0.99026      0.99051       1.0033       1.0111       1.0036      0.93792
    61    0.99363       1.0171       1.0153      0.99724       1.0378       1.0281
    67     1.0108       1.0323       1.0298       1.0418       1.0160      0.97807
    73    0.96310      0.94959       1.0200       1.0564       1.0084       1.0047
    79     1.0238       5833.6       5850.8      -17.201       5805.6       45.192

 Channel output file is "ne_2.out"

    TIME X- VALUE --X X--------- IDENTIFIER ---------X X- VALUE --X X--------- IDENTIFIER ---------X
 41.0046 -4.01421E-03 SPD     30[30          22.000]1  -4.01336E-03 SPD     31[31          22.000]1
     3   -4.01367E-03 SPD     32[32          22.000]1  -4.01350E-03 SPD     33[33          22.000]1
     5   -4.01325E-03 SPD     34[34          22.000]1  -4.01336E-03 SPD     35[35          22.000]1
     7   -4.01403E-03 SPD     36[36          22.000]1  -4.01345E-03 SPD     37[37          22.000]1
     9     0.0000     SPD     38[38          22.000]1  -4.01335E-03 SPD     39[39          22.000]1
    11     1.2343     EFD     30[30          22.000]1    2.8830     EFD     31[31          22.000]1
    13     2.2698     EFD     32[32          22.000]1    2.6463     EFD     33[33          22.000]1
    15     4.4406     EFD     34[34          22.000]1    2.4343     EFD     35[35          22.000]1
    17     2.4678     EFD     36[36          22.000]1    2.2547     EFD     37[37          22.000]1
    19     0.0000     EFD     38[38          22.000]1    1.0437     EFD     39[39          22.000]1
    21     0.0000     VOEL    30[30          22.000]1    0.0000     VOEL    31[31          22.000]1
    23     0.0000     VOEL    32[32          22.000]1    0.0000     VOEL    33[33          22.000]1
    25     0.0000     VOEL    34[34          22.000]1    0.0000     VOEL    35[35          22.000]1
    27     0.0000     VOEL    36[36          22.000]1    0.0000     VOEL    37[37          22.000]1
    29     0.0000     VOEL    38[38          22.000]1    0.0000     VOEL    39[39          22.000]1
    31     3.3164     POWR    30[30          22.000]1    6.5584     POWR    31[31          22.000]1
    33     7.3323     POWR    32[32          22.000]1    7.1517     POWR    33[33          22.000]1
    35     5.9064     POWR    34[34          22.000]1    7.3322     POWR    35[35          22.000]1
    37     6.4287     POWR    36[36          22.000]1    6.2279     POWR    37[37          22.000]1
    39     0.0000     POWR    38[38          22.000]1    10.041     POWR    39[39          22.000]1
    41     1.0420     VOLT      1 [1           345.00]   1.0430     VOLT      2 [2           345.00]
    43     1.0272     VOLT      3 [3           345.00]   1.0302     VOLT      4 [4           345.00]
    45     1.0492     VOLT      5 [5           345.00]   1.0507     VOLT      6 [6           345.00]
    47     1.0382     VOLT      7 [7           345.00]   1.0360     VOLT      8 [8           345.00]
    49     1.0409     VOLT      9 [9           345.00]   1.0381     VOLT     10 [10          345.00]
    51     1.0409     VOLT     11 [11          345.00]   1.0245     VOLT     12 [12          345.00]
    53     1.0329     VOLT     13 [13          345.00]   1.0239     VOLT     14 [14          345.00]
    55    0.99026     VOLT     15 [15          345.00]  0.99051     VOLT     16 [16          345.00]
    57     1.0033     VOLT     17 [17          345.00]   1.0111     VOLT     18 [18          345.00]
    59     1.0036     VOLT     19 [19          345.00]  0.93792     VOLT     20 [20          345.00]
    61    0.99363     VOLT     21 [21          345.00]   1.0171     VOLT     22 [22          345.00]
    63     1.0153     VOLT     23 [23          345.00]  0.99724     VOLT     24 [24          345.00]
    65     1.0378     VOLT     25 [25          345.00]   1.0281     VOLT     26 [26          345.00]
    67     1.0108     VOLT     27 [27          345.00]   1.0323     VOLT     28 [28          345.00]
    69     1.0298     VOLT     29 [29          345.00]   1.0418     VOLT     30 [30          22.000]
    71     1.0160     VOLT     31 [31          22.000]  0.97807     VOLT     32 [32          22.000]
    73    0.96310     VOLT     33 [33          22.000]  0.94959     VOLT     34 [34          22.000]
    75     1.0200     VOLT     35 [35          22.000]   1.0564     VOLT     36 [36          22.000]
    77     1.0084     VOLT     37 [37          22.000]   1.0047     VOLT     38 [38          22.000]
    79     1.0238     VOLT     39 [39          22.000]   5833.6     PMECH FOR ALL BUSES
    81     5850.8     PELEC FOR ALL BUSES               -17.201     PACCL FOR ALL BUSES
    83     5805.6     PLOAD FOR ALL BUSES                45.192     PE-PL FOR ALL BUSES

 Model MAXEX1 Bus 37 [37          22.000] Machine "1 " :
 AT TIME=  41.12 TIMER TIMED OUT, LIMITER APPLIED

 42.0048 -3.97320E-03 -3.96845E-03 -3.96638E-03 -3.95990E-03 -3.95756E-03 -3.95862E-03
     7   -3.96268E-03 -3.89406E-03   0.0000     -4.00412E-03   1.2422       2.8860
    13     2.2738       2.6502       4.4472       2.4375       2.4820       2.0089
    19     0.0000       1.0437       0.0000       0.0000       0.0000       0.0000
    25     0.0000       0.0000       0.0000     -1.92517E-02   0.0000       0.0000
    31     3.3246       6.5525       7.3243       7.1458       5.8975       7.3230
    37     6.4228       6.2174       0.0000       9.9706       1.0420       1.0430
    43     1.0272       1.0302       1.0492       1.0507       1.0382       1.0360
    49     1.0409       1.0381       1.0409       1.0245       1.0329       1.0239
    55    0.99026      0.99051       1.0033       1.0111       1.0036      0.93792
    61    0.99363       1.0171       1.0153      0.99724       1.0378       1.0281
    67     1.0108       1.0323       1.0298       1.0418       1.0160      0.97807
    73    0.96310      0.94959       1.0200       1.0564       1.0084       1.0047
    79     1.0238       5833.6       5850.8      -17.201       5805.6       45.192

 Channel output file is "ne_2.out"

    TIME X- VALUE --X X--------- IDENTIFIER ---------X X- VALUE --X X--------- IDENTIFIER ---------X
 42.0048 -3.97320E-03 SPD     30[30          22.000]1  -3.96845E-03 SPD     31[31          22.000]1
     3   -3.96638E-03 SPD     32[32          22.000]1  -3.95990E-03 SPD     33[33          22.000]1
     5   -3.95756E-03 SPD     34[34          22.000]1  -3.95862E-03 SPD     35[35          22.000]1
     7   -3.96268E-03 SPD     36[36          22.000]1  -3.89406E-03 SPD     37[37          22.000]1
     9     0.0000     SPD     38[38          22.000]1  -4.00412E-03 SPD     39[39          22.000]1
    11     1.2422     EFD     30[30          22.000]1    2.8860     EFD     31[31          22.000]1
    13     2.2738     EFD     32[32          22.000]1    2.6502     EFD     33[33          22.000]1
    15     4.4472     EFD     34[34          22.000]1    2.4375     EFD     35[35          22.000]1
    17     2.4820     EFD     36[36          22.000]1    2.0089     EFD     37[37          22.000]1
    19     0.0000     EFD     38[38          22.000]1    1.0437     EFD     39[39          22.000]1
    21     0.0000     VOEL    30[30          22.000]1    0.0000     VOEL    31[31          22.000]1
    23     0.0000     VOEL    32[32          22.000]1    0.0000     VOEL    33[33          22.000]1
    25     0.0000     VOEL    34[34          22.000]1    0.0000     VOEL    35[35          22.000]1
    27     0.0000     VOEL    36[36          22.000]1  -1.92517E-02 VOEL    37[37          22.000]1
    29     0.0000     VOEL    38[38          22.000]1    0.0000     VOEL    39[39          22.000]1
    31     3.3245     POWR    30[30          22.000]1    6.5524     POWR    31[31          22.000]1
    33     7.3242     POWR    32[32          22.000]1    7.1457     POWR    33[33          22.000]1
    35     5.8974     POWR    34[34          22.000]1    7.3228     POWR    35[35          22.000]1
    37     6.4227     POWR    36[36          22.000]1    6.2172     POWR    37[37          22.000]1
    39     0.0000     POWR    38[38          22.000]1    9.9705     POWR    39[39          22.000]1
    41     1.0420     VOLT      1 [1           345.00]   1.0430     VOLT      2 [2           345.00]
    43     1.0272     VOLT      3 [3           345.00]   1.0302     VOLT      4 [4           345.00]
    45     1.0492     VOLT      5 [5           345.00]   1.0507     VOLT      6 [6           345.00]
    47     1.0382     VOLT      7 [7           345.00]   1.0360     VOLT      8 [8           345.00]
    49     1.0409     VOLT      9 [9           345.00]   1.0381     VOLT     10 [10          345.00]
    51     1.0409     VOLT     11 [11          345.00]   1.0245     VOLT     12 [12          345.00]
    53     1.0329     VOLT     13 [13          345.00]   1.0239     VOLT     14 [14          345.00]
    55    0.99026     VOLT     15 [15          345.00]  0.99051     VOLT     16 [16          345.00]
    57     1.0033     VOLT     17 [17          345.00]   1.0111     VOLT     18 [18          345.00]
    59     1.0036     VOLT     19 [19          345.00]  0.93792     VOLT     20 [20          345.00]
    61    0.99363     VOLT     21 [21          345.00]   1.0171     VOLT     22 [22          345.00]
    63     1.0153     VOLT     23 [23          345.00]  0.99724     VOLT     24 [24          345.00]
    65     1.0378     VOLT     25 [25          345.00]   1.0281     VOLT     26 [26          345.00]
    67     1.0108     VOLT     27 [27          345.00]   1.0323     VOLT     28 [28          345.00]
    69     1.0298     VOLT     29 [29          345.00]   1.0418     VOLT     30 [30          22.000]
    71     1.0160     VOLT     31 [31          22.000]  0.97807     VOLT     32 [32          22.000]
    73    0.96310     VOLT     33 [33          22.000]  0.94959     VOLT     34 [34          22.000]
    75     1.0200     VOLT     35 [35          22.000]   1.0564     VOLT     36 [36          22.000]
    77     1.0084     VOLT     37 [37          22.000]   1.0047     VOLT     38 [38          22.000]
    79     1.0238     VOLT     39 [39          22.000]   5833.6     PMECH FOR ALL BUSES
    81     5850.8     PELEC FOR ALL BUSES               -17.201     PACCL FOR ALL BUSES
    83     5805.6     PLOAD FOR ALL BUSES                45.192     PE-PL FOR ALL BUSES

 Model MAXEX1 Bus 33 [33          22.000] Machine "1 " :
 AT TIME=  42.51 TIMER TIMED OUT, LIMITER APPLIED

 43.0000 -3.90799E-03 -3.87680E-03 -3.87926E-03 -3.63974E-03 -3.84037E-03 -3.86931E-03
     7   -3.88108E-03 -3.78642E-03   0.0000     -3.88621E-03   1.2592       2.8946
    13     2.2927       2.3670       4.4764       2.4483       2.5254       2.0155
    19     0.0000       1.0437       0.0000       0.0000       0.0000     -3.31933E-02
    25     0.0000       0.0000       0.0000     -2.51530E-02   0.0000       0.0000
    31     3.2907       6.5374       7.3073       7.1084       5.8673       7.2990
    37     6.4015       6.2022       0.0000       9.9096       1.0420       1.0430
    43     1.0272       1.0302       1.0492       1.0507       1.0382       1.0360
    49     1.0409       1.0381       1.0409       1.0245       1.0329       1.0239
    55    0.99026      0.99051       1.0033       1.0111       1.0036      0.93792
    61    0.99363       1.0171       1.0153      0.99724       1.0378       1.0281
    67     1.0108       1.0323       1.0298       1.0418       1.0160      0.97807
    73    0.96310      0.94959       1.0200       1.0564       1.0084       1.0047
    79     1.0238       5833.6       5850.8      -17.201       5805.6       45.192

 Channel output file is "ne_2.out"

    TIME X- VALUE --X X--------- IDENTIFIER ---------X X- VALUE --X X--------- IDENTIFIER ---------X
 43.0000 -3.90799E-03 SPD     30[30          22.000]1  -3.87680E-03 SPD     31[31          22.000]1
     3   -3.87926E-03 SPD     32[32          22.000]1  -3.63974E-03 SPD     33[33          22.000]1
     5   -3.84037E-03 SPD     34[34          22.000]1  -3.86931E-03 SPD     35[35          22.000]1
     7   -3.88108E-03 SPD     36[36          22.000]1  -3.78642E-03 SPD     37[37          22.000]1
     9     0.0000     SPD     38[38          22.000]1  -3.88621E-03 SPD     39[39          22.000]1
    11     1.2592     EFD     30[30          22.000]1    2.8946     EFD     31[31          22.000]1
    13     2.2927     EFD     32[32          22.000]1    2.3670     EFD     33[33          22.000]1
    15     4.4764     EFD     34[34          22.000]1    2.4483     EFD     35[35          22.000]1
    17     2.5254     EFD     36[36          22.000]1    2.0155     EFD     37[37          22.000]1
    19     0.0000     EFD     38[38          22.000]1    1.0437     EFD     39[39          22.000]1
    21     0.0000     VOEL    30[30          22.000]1    0.0000     VOEL    31[31          22.000]1
    23     0.0000     VOEL    32[32          22.000]1  -3.31933E-02 VOEL    33[33          22.000]1
    25     0.0000     VOEL    34[34          22.000]1    0.0000     VOEL    35[35          22.000]1
    27     0.0000     VOEL    36[36          22.000]1  -2.51530E-02 VOEL    37[37          22.000]1
    29     0.0000     VOEL    38[38          22.000]1    0.0000     VOEL    39[39          22.000]1
    31     3.2905     POWR    30[30          22.000]1    6.5373     POWR    31[31          22.000]1
    33     7.3072     POWR    32[32          22.000]1    7.1083     POWR    33[33          22.000]1
    35     5.8672     POWR    34[34          22.000]1    7.2989     POWR    35[35          22.000]1
    37     6.4014     POWR    36[36          22.000]1    6.2020     POWR    37[37          22.000]1
    39     0.0000     POWR    38[38          22.000]1    9.9095     POWR    39[39          22.000]1
    41     1.0420     VOLT      1 [1           345.00]   1.0430     VOLT      2 [2           345.00]
    43     1.0272     VOLT      3 [3           345.00]   1.0302     VOLT      4 [4           345.00]
    45     1.0492     VOLT      5 [5           345.00]   1.0507     VOLT      6 [6           345.00]
    47     1.0382     VOLT      7 [7           345.00]   1.0360     VOLT      8 [8           345.00]
    49     1.0409     VOLT      9 [9           345.00]   1.0381     VOLT     10 [10          345.00]
    51     1.0409     VOLT     11 [11          345.00]   1.0245     VOLT     12 [12          345.00]
    53     1.0329     VOLT     13 [13          345.00]   1.0239     VOLT     14 [14          345.00]
    55    0.99026     VOLT     15 [15          345.00]  0.99051     VOLT     16 [16          345.00]
    57     1.0033     VOLT     17 [17          345.00]   1.0111     VOLT     18 [18          345.00]
    59     1.0036     VOLT     19 [19          345.00]  0.93792     VOLT     20 [20          345.00]
    61    0.99363     VOLT     21 [21          345.00]   1.0171     VOLT     22 [22          345.00]
    63     1.0153     VOLT     23 [23          345.00]  0.99724     VOLT     24 [24          345.00]
    65     1.0378     VOLT     25 [25          345.00]   1.0281     VOLT     26 [26          345.00]
    67     1.0108     VOLT     27 [27          345.00]   1.0323     VOLT     28 [28          345.00]
    69     1.0298     VOLT     29 [29          345.00]   1.0418     VOLT     30 [30          22.000]
    71     1.0160     VOLT     31 [31          22.000]  0.97807     VOLT     32 [32          22.000]
    73    0.96310     VOLT     33 [33          22.000]  0.94959     VOLT     34 [34          22.000]
    75     1.0200     VOLT     35 [35          22.000]   1.0564     VOLT     36 [36          22.000]
    77     1.0084     VOLT     37 [37          22.000]   1.0047     VOLT     38 [38          22.000]
    79     1.0238     VOLT     39 [39          22.000]   5833.6     PMECH FOR ALL BUSES
    81     5850.8     PELEC FOR ALL BUSES               -17.201     PACCL FOR ALL BUSES
    83     5805.6     PLOAD FOR ALL BUSES                45.192     PE-PL FOR ALL BUSES

 44.0002 -3.54784E-03 -3.54177E-03 -3.55351E-03 -3.39097E-03 -3.46045E-03 -3.52215E-03
     7   -3.56787E-03 -3.46964E-03   0.0000     -3.56854E-03   1.2871       2.9148
    13     2.3380       2.3865       4.5738       2.4795       2.6451       2.0287
    19     0.0000       1.0437       0.0000       0.0000       0.0000     -5.07502E-02
    25     0.0000       0.0000       0.0000     -3.70577E-02   0.0000       0.0000
    31     3.2523       6.5123       7.2872       7.1111       5.8597       7.2818
    37     6.3889       6.1727       0.0000       9.5162       1.0420       1.0430
    43     1.0272       1.0302       1.0492       1.0507       1.0382       1.0360
    49     1.0409       1.0381       1.0409       1.0245       1.0329       1.0239
    55    0.99026      0.99051       1.0033       1.0111       1.0036      0.93792
    61    0.99363       1.0171       1.0153      0.99724       1.0378       1.0281
    67     1.0108       1.0323       1.0298       1.0418       1.0160      0.97807
    73    0.96310      0.94959       1.0200       1.0564       1.0084       1.0047
    79     1.0238       5833.6       5850.8      -17.201       5805.6       45.192

 Channel output file is "ne_2.out"

    TIME X- VALUE --X X--------- IDENTIFIER ---------X X- VALUE --X X--------- IDENTIFIER ---------X
 44.0002 -3.54784E-03 SPD     30[30          22.000]1  -3.54177E-03 SPD     31[31          22.000]1
     3   -3.55351E-03 SPD     32[32          22.000]1  -3.39097E-03 SPD     33[33          22.000]1
     5   -3.46045E-03 SPD     34[34          22.000]1  -3.52215E-03 SPD     35[35          22.000]1
     7   -3.56787E-03 SPD     36[36          22.000]1  -3.46964E-03 SPD     37[37          22.000]1
     9     0.0000     SPD     38[38          22.000]1  -3.56854E-03 SPD     39[39          22.000]1
    11     1.2871     EFD     30[30          22.000]1    2.9148     EFD     31[31          22.000]1
    13     2.3380     EFD     32[32          22.000]1    2.3865     EFD     33[33          22.000]1
    15     4.5738     EFD     34[34          22.000]1    2.4795     EFD     35[35          22.000]1
    17     2.6451     EFD     36[36          22.000]1    2.0287     EFD     37[37          22.000]1
    19     0.0000     EFD     38[38          22.000]1    1.0437     EFD     39[39          22.000]1
    21     0.0000     VOEL    30[30          22.000]1    0.0000     VOEL    31[31          22.000]1
    23     0.0000     VOEL    32[32          22.000]1  -5.07502E-02 VOEL    33[33          22.000]1
    25     0.0000     VOEL    34[34          22.000]1    0.0000     VOEL    35[35          22.000]1
    27     0.0000     VOEL    36[36          22.000]1  -3.70577E-02 VOEL    37[37          22.000]1
    29     0.0000     VOEL    38[38          22.000]1    0.0000     VOEL    39[39          22.000]1
    31     3.2522     POWR    30[30          22.000]1    6.5122     POWR    31[31          22.000]1
    33     7.2871     POWR    32[32          22.000]1    7.1109     POWR    33[33          22.000]1
    35     5.8597     POWR    34[34          22.000]1    7.2816     POWR    35[35          22.000]1
    37     6.3888     POWR    36[36          22.000]1    6.1726     POWR    37[37          22.000]1
    39     0.0000     POWR    38[38          22.000]1    9.5161     POWR    39[39          22.000]1
    41     1.0420     VOLT      1 [1           345.00]   1.0430     VOLT      2 [2           345.00]
    43     1.0272     VOLT      3 [3           345.00]   1.0302     VOLT      4 [4           345.00]
    45     1.0492     VOLT      5 [5           345.00]   1.0507     VOLT      6 [6           345.00]
    47     1.0382     VOLT      7 [7           345.00]   1.0360     VOLT      8 [8           345.00]
    49     1.0409     VOLT      9 [9           345.00]   1.0381     VOLT     10 [10          345.00]
    51     1.0409     VOLT     11 [11          345.00]   1.0245     VOLT     12 [12          345.00]
    53     1.0329     VOLT     13 [13          345.00]   1.0239     VOLT     14 [14          345.00]
    55    0.99026     VOLT     15 [15          345.00]  0.99051     VOLT     16 [16          345.00]
    57     1.0033     VOLT     17 [17          345.00]   1.0111     VOLT     18 [18          345.00]
    59     1.0036     VOLT     19 [19          345.00]  0.93792     VOLT     20 [20          345.00]
    61    0.99363     VOLT     21 [21          345.00]   1.0171     VOLT     22 [22          345.00]
    63     1.0153     VOLT     23 [23          345.00]  0.99724     VOLT     24 [24          345.00]
    65     1.0378     VOLT     25 [25          345.00]   1.0281     VOLT     26 [26          345.00]
    67     1.0108     VOLT     27 [27          345.00]   1.0323     VOLT     28 [28          345.00]
    69     1.0298     VOLT     29 [29          345.00]   1.0418     VOLT     30 [30          22.000]
    71     1.0160     VOLT     31 [31          22.000]  0.97807     VOLT     32 [32          22.000]
    73    0.96310     VOLT     33 [33          22.000]  0.94959     VOLT     34 [34          22.000]
    75     1.0200     VOLT     35 [35          22.000]   1.0564     VOLT     36 [36          22.000]
    77     1.0084     VOLT     37 [37          22.000]   1.0047     VOLT     38 [38          22.000]
    79     1.0238     VOLT     39 [39          22.000]   5833.6     PMECH FOR ALL BUSES
    81     5850.8     PELEC FOR ALL BUSES               -17.201     PACCL FOR ALL BUSES
    83     5805.6     PLOAD FOR ALL BUSES                45.192     PE-PL FOR ALL BUSES

 Model MAXEX1 Bus 35 [35          22.000] Machine "1 " :
 AT TIME=  44.27 TIMER ACTIVATED EFD =   2.49

 45.0004 -3.15490E-03 -3.17149E-03 -3.20961E-03 -3.09005E-03 -3.21095E-03 -3.17862E-03
     7   -3.22857E-03 -3.08973E-03   0.0000     -3.11808E-03   1.3005       2.9235
    13     2.3814       2.3974       4.6147       2.4943       2.6531       2.0370
    19     0.0000       1.0437       0.0000       0.0000       0.0000     -6.06048E-02
    25     0.0000       0.0000       0.0000     -4.45544E-02   0.0000       0.0000
    31     3.2276       6.4770       7.2505       7.0533       5.8251       7.2447
    37     6.3520       6.1371       0.0000       9.7080       1.0420       1.0430
    43     1.0272       1.0302       1.0492       1.0507       1.0382       1.0360
    49     1.0409       1.0381       1.0409       1.0245       1.0329       1.0239
    55    0.99026      0.99051       1.0033       1.0111       1.0036      0.93792
    61    0.99363       1.0171       1.0153      0.99724       1.0378       1.0281
    67     1.0108       1.0323       1.0298       1.0418       1.0160      0.97807
    73    0.96310      0.94959       1.0200       1.0564       1.0084       1.0047
    79     1.0238       5833.6       5850.8      -17.201       5805.6       45.192

 Channel output file is "ne_2.out"

    TIME X- VALUE --X X--------- IDENTIFIER ---------X X- VALUE --X X--------- IDENTIFIER ---------X
 45.0004 -3.15490E-03 SPD     30[30          22.000]1  -3.17149E-03 SPD     31[31          22.000]1
     3   -3.20961E-03 SPD     32[32          22.000]1  -3.09005E-03 SPD     33[33          22.000]1
     5   -3.21095E-03 SPD     34[34          22.000]1  -3.17862E-03 SPD     35[35          22.000]1
     7   -3.22857E-03 SPD     36[36          22.000]1  -3.08973E-03 SPD     37[37          22.000]1
     9     0.0000     SPD     38[38          22.000]1  -3.11808E-03 SPD     39[39          22.000]1
    11     1.3005     EFD     30[30          22.000]1    2.9235     EFD     31[31          22.000]1
    13     2.3814     EFD     32[32          22.000]1    2.3974     EFD     33[33          22.000]1
    15     4.6147     EFD     34[34          22.000]1    2.4943     EFD     35[35          22.000]1
    17     2.6531     EFD     36[36          22.000]1    2.0370     EFD     37[37          22.000]1
    19     0.0000     EFD     38[38          22.000]1    1.0437     EFD     39[39          22.000]1
    21     0.0000     VOEL    30[30          22.000]1    0.0000     VOEL    31[31          22.000]1
    23     0.0000     VOEL    32[32          22.000]1  -6.06048E-02 VOEL    33[33          22.000]1
    25     0.0000     VOEL    34[34          22.000]1    0.0000     VOEL    35[35          22.000]1
    27     0.0000     VOEL    36[36          22.000]1  -4.45544E-02 VOEL    37[37          22.000]1
    29     0.0000     VOEL    38[38          22.000]1    0.0000     VOEL    39[39          22.000]1
    31     3.2275     POWR    30[30          22.000]1    6.4769     POWR    31[31          22.000]1
    33     7.2504     POWR    32[32          22.000]1    7.0532     POWR    33[33          22.000]1
    35     5.8250     POWR    34[34          22.000]1    7.2446     POWR    35[35          22.000]1
    37     6.3519     POWR    36[36          22.000]1    6.1369     POWR    37[37          22.000]1
    39     0.0000     POWR    38[38          22.000]1    9.7079     POWR    39[39          22.000]1
    41     1.0420     VOLT      1 [1           345.00]   1.0430     VOLT      2 [2           345.00]
    43     1.0272     VOLT      3 [3           345.00]   1.0302     VOLT      4 [4           345.00]
    45     1.0492     VOLT      5 [5           345.00]   1.0507     VOLT      6 [6           345.00]
    47     1.0382     VOLT      7 [7           345.00]   1.0360     VOLT      8 [8           345.00]
    49     1.0409     VOLT      9 [9           345.00]   1.0381     VOLT     10 [10          345.00]
    51     1.0409     VOLT     11 [11          345.00]   1.0245     VOLT     12 [12          345.00]
    53     1.0329     VOLT     13 [13          345.00]   1.0239     VOLT     14 [14          345.00]
    55    0.99026     VOLT     15 [15          345.00]  0.99051     VOLT     16 [16          345.00]
    57     1.0033     VOLT     17 [17          345.00]   1.0111     VOLT     18 [18          345.00]
    59     1.0036     VOLT     19 [19          345.00]  0.93792     VOLT     20 [20          345.00]
    61    0.99363     VOLT     21 [21          345.00]   1.0171     VOLT     22 [22          345.00]
    63     1.0153     VOLT     23 [23          345.00]  0.99724     VOLT     24 [24          345.00]
    65     1.0378     VOLT     25 [25          345.00]   1.0281     VOLT     26 [26          345.00]
    67     1.0108     VOLT     27 [27          345.00]   1.0323     VOLT     28 [28          345.00]
    69     1.0298     VOLT     29 [29          345.00]   1.0418     VOLT     30 [30          22.000]
    71     1.0160     VOLT     31 [31          22.000]  0.97807     VOLT     32 [32          22.000]
    73    0.96310     VOLT     33 [33          22.000]  0.94959     VOLT     34 [34          22.000]
    75     1.0200     VOLT     35 [35          22.000]   1.0564     VOLT     36 [36          22.000]
    77     1.0084     VOLT     37 [37          22.000]   1.0047     VOLT     38 [38          22.000]
    79     1.0238     VOLT     39 [39          22.000]   5833.6     PMECH FOR ALL BUSES
    81     5850.8     PELEC FOR ALL BUSES               -17.201     PACCL FOR ALL BUSES
    83     5805.6     PLOAD FOR ALL BUSES                45.192     PE-PL FOR ALL BUSES

 46.0006 -2.92587E-03 -2.93870E-03 -2.97540E-03 -2.86039E-03 -2.97892E-03 -2.94663E-03
     7   -2.94949E-03 -2.87001E-03   0.0000     -2.89078E-03   1.2992       2.9179
    13     2.3802       2.4023       4.6169       2.4885       2.5696       2.0413
    19     0.0000       1.0437       0.0000       0.0000       0.0000     -6.50307E-02
    25     0.0000       0.0000       0.0000     -4.84318E-02   0.0000       0.0000
    31     3.2112       6.4551       7.2303       7.0355       5.8080       7.2280
    37     6.3280       6.1164       0.0000       9.8939       1.0420       1.0430
    43     1.0272       1.0302       1.0492       1.0507       1.0382       1.0360
    49     1.0409       1.0381       1.0409       1.0245       1.0329       1.0239
    55    0.99026      0.99051       1.0033       1.0111       1.0036      0.93792
    61    0.99363       1.0171       1.0153      0.99724       1.0378       1.0281
    67     1.0108       1.0323       1.0298       1.0418       1.0160      0.97807
    73    0.96310      0.94959       1.0200       1.0564       1.0084       1.0047
    79     1.0238       5833.6       5850.8      -17.201       5805.6       45.192

 Channel output file is "ne_2.out"

    TIME X- VALUE --X X--------- IDENTIFIER ---------X X- VALUE --X X--------- IDENTIFIER ---------X
 46.0006 -2.92587E-03 SPD     30[30          22.000]1  -2.93870E-03 SPD     31[31          22.000]1
     3   -2.97540E-03 SPD     32[32          22.000]1  -2.86039E-03 SPD     33[33          22.000]1
     5   -2.97892E-03 SPD     34[34          22.000]1  -2.94663E-03 SPD     35[35          22.000]1
     7   -2.94949E-03 SPD     36[36          22.000]1  -2.87001E-03 SPD     37[37          22.000]1
     9     0.0000     SPD     38[38          22.000]1  -2.89078E-03 SPD     39[39          22.000]1
    11     1.2992     EFD     30[30          22.000]1    2.9179     EFD     31[31          22.000]1
    13     2.3802     EFD     32[32          22.000]1    2.4023     EFD     33[33          22.000]1
    15     4.6169     EFD     34[34          22.000]1    2.4885     EFD     35[35          22.000]1
    17     2.5696     EFD     36[36          22.000]1    2.0413     EFD     37[37          22.000]1
    19     0.0000     EFD     38[38          22.000]1    1.0437     EFD     39[39          22.000]1
    21     0.0000     VOEL    30[30          22.000]1    0.0000     VOEL    31[31          22.000]1
    23     0.0000     VOEL    32[32          22.000]1  -6.50307E-02 VOEL    33[33          22.000]1
    25     0.0000     VOEL    34[34          22.000]1    0.0000     VOEL    35[35          22.000]1
    27     0.0000     VOEL    36[36          22.000]1  -4.84318E-02 VOEL    37[37          22.000]1
    29     0.0000     VOEL    38[38          22.000]1    0.0000     VOEL    39[39          22.000]1
    31     3.2111     POWR    30[30          22.000]1    6.4550     POWR    31[31          22.000]1
    33     7.2302     POWR    32[32          22.000]1    7.0354     POWR    33[33          22.000]1
    35     5.8079     POWR    34[34          22.000]1    7.2279     POWR    35[35          22.000]1
    37     6.3279     POWR    36[36          22.000]1    6.1162     POWR    37[37          22.000]1
    39     0.0000     POWR    38[38          22.000]1    9.8938     POWR    39[39          22.000]1
    41     1.0420     VOLT      1 [1           345.00]   1.0430     VOLT      2 [2           345.00]
    43     1.0272     VOLT      3 [3           345.00]   1.0302     VOLT      4 [4           345.00]
    45     1.0492     VOLT      5 [5           345.00]   1.0507     VOLT      6 [6           345.00]
    47     1.0382     VOLT      7 [7           345.00]   1.0360     VOLT      8 [8           345.00]
    49     1.0409     VOLT      9 [9           345.00]   1.0381     VOLT     10 [10          345.00]
    51     1.0409     VOLT     11 [11          345.00]   1.0245     VOLT     12 [12          345.00]
    53     1.0329     VOLT     13 [13          345.00]   1.0239     VOLT     14 [14          345.00]
    55    0.99026     VOLT     15 [15          345.00]  0.99051     VOLT     16 [16          345.00]
    57     1.0033     VOLT     17 [17          345.00]   1.0111     VOLT     18 [18          345.00]
    59     1.0036     VOLT     19 [19          345.00]  0.93792     VOLT     20 [20          345.00]
    61    0.99363     VOLT     21 [21          345.00]   1.0171     VOLT     22 [22          345.00]
    63     1.0153     VOLT     23 [23          345.00]  0.99724     VOLT     24 [24          345.00]
    65     1.0378     VOLT     25 [25          345.00]   1.0281     VOLT     26 [26          345.00]
    67     1.0108     VOLT     27 [27          345.00]   1.0323     VOLT     28 [28          345.00]
    69     1.0298     VOLT     29 [29          345.00]   1.0418     VOLT     30 [30          22.000]
    71     1.0160     VOLT     31 [31          22.000]  0.97807     VOLT     32 [32          22.000]
    73    0.96310     VOLT     33 [33          22.000]  0.94959     VOLT     34 [34          22.000]
    75     1.0200     VOLT     35 [35          22.000]   1.0564     VOLT     36 [36          22.000]
    77     1.0084     VOLT     37 [37          22.000]   1.0047     VOLT     38 [38          22.000]
    79     1.0238     VOLT     39 [39          22.000]   5833.6     PMECH FOR ALL BUSES
    81     5850.8     PELEC FOR ALL BUSES               -17.201     PACCL FOR ALL BUSES
    83     5805.6     PLOAD FOR ALL BUSES                45.192     PE-PL FOR ALL BUSES

 Model MAXEX1 Bus 35 [35          22.000] Machine "1 " :
 AT TIME=  46.17 TIMER RESET EFD =   2.49

 47.0008 -2.86287E-03 -2.87167E-03 -2.89431E-03 -2.81109E-03 -2.89990E-03 -2.87527E-03
     7   -2.86047E-03 -2.81881E-03   0.0000     -2.84358E-03   1.2972       2.9110
    13     2.3576       2.4059       4.6113       2.4842       2.5332       2.0450
    19     0.0000       1.0437       0.0000       0.0000       0.0000     -6.82066E-02
    25     0.0000       0.0000       0.0000     -5.17294E-02   0.0000       0.0000
    31     3.1986       6.4377       7.2130       7.0212       5.7874       7.2098
    37     6.3087       6.0983       0.0000       10.050       1.0420       1.0430
    43     1.0272       1.0302       1.0492       1.0507       1.0382       1.0360
    49     1.0409       1.0381       1.0409       1.0245       1.0329       1.0239
    55    0.99026      0.99051       1.0033       1.0111       1.0036      0.93792
    61    0.99363       1.0171       1.0153      0.99724       1.0378       1.0281
    67     1.0108       1.0323       1.0298       1.0418       1.0160      0.97807
    73    0.96310      0.94959       1.0200       1.0564       1.0084       1.0047
    79     1.0238       5833.6       5850.8      -17.201       5805.6       45.192

 Channel output file is "ne_2.out"

    TIME X- VALUE --X X--------- IDENTIFIER ---------X X- VALUE --X X--------- IDENTIFIER ---------X
 47.0008 -2.86287E-03 SPD     30[30          22.000]1  -2.87167E-03 SPD     31[31          22.000]1
     3   -2.89431E-03 SPD     32[32          22.000]1  -2.81109E-03 SPD     33[33          22.000]1
     5   -2.89990E-03 SPD     34[34          22.000]1  -2.87527E-03 SPD     35[35          22.000]1
     7   -2.86047E-03 SPD     36[36          22.000]1  -2.81881E-03 SPD     37[37          22.000]1
     9     0.0000     SPD     38[38          22.000]1  -2.84358E-03 SPD     39[39          22.000]1
    11     1.2972     EFD     30[30          22.000]1    2.9110     EFD     31[31          22.000]1
    13     2.3576     EFD     32[32          22.000]1    2.4059     EFD     33[33          22.000]1
    15     4.6113     EFD     34[34          22.000]1    2.4842     EFD     35[35          22.000]1
    17     2.5332     EFD     36[36          22.000]1    2.0450     EFD     37[37          22.000]1
    19     0.0000     EFD     38[38          22.000]1    1.0437     EFD     39[39          22.000]1
    21     0.0000     VOEL    30[30          22.000]1    0.0000     VOEL    31[31          22.000]1
    23     0.0000     VOEL    32[32          22.000]1  -6.82066E-02 VOEL    33[33          22.000]1
    25     0.0000     VOEL    34[34          22.000]1    0.0000     VOEL    35[35          22.000]1
    27     0.0000     VOEL    36[36          22.000]1  -5.17294E-02 VOEL    37[37          22.000]1
    29     0.0000     VOEL    38[38          22.000]1    0.0000     VOEL    39[39          22.000]1
    31     3.1985     POWR    30[30          22.000]1    6.4376     POWR    31[31          22.000]1
    33     7.2129     POWR    32[32          22.000]1    7.0211     POWR    33[33          22.000]1
    35     5.7874     POWR    34[34          22.000]1    7.2097     POWR    35[35          22.000]1
    37     6.3086     POWR    36[36          22.000]1    6.0982     POWR    37[37          22.000]1
    39     0.0000     POWR    38[38          22.000]1    10.050     POWR    39[39          22.000]1
    41     1.0420     VOLT      1 [1           345.00]   1.0430     VOLT      2 [2           345.00]
    43     1.0272     VOLT      3 [3           345.00]   1.0302     VOLT      4 [4           345.00]
    45     1.0492     VOLT      5 [5           345.00]   1.0507     VOLT      6 [6           345.00]
    47     1.0382     VOLT      7 [7           345.00]   1.0360     VOLT      8 [8           345.00]
    49     1.0409     VOLT      9 [9           345.00]   1.0381     VOLT     10 [10          345.00]
    51     1.0409     VOLT     11 [11          345.00]   1.0245     VOLT     12 [12          345.00]
    53     1.0329     VOLT     13 [13          345.00]   1.0239     VOLT     14 [14          345.00]
    55    0.99026     VOLT     15 [15          345.00]  0.99051     VOLT     16 [16          345.00]
    57     1.0033     VOLT     17 [17          345.00]   1.0111     VOLT     18 [18          345.00]
    59     1.0036     VOLT     19 [19          345.00]  0.93792     VOLT     20 [20          345.00]
    61    0.99363     VOLT     21 [21          345.00]   1.0171     VOLT     22 [22          345.00]
    63     1.0153     VOLT     23 [23          345.00]  0.99724     VOLT     24 [24          345.00]
    65     1.0378     VOLT     25 [25          345.00]   1.0281     VOLT     26 [26          345.00]
    67     1.0108     VOLT     27 [27          345.00]   1.0323     VOLT     28 [28          345.00]
    69     1.0298     VOLT     29 [29          345.00]   1.0418     VOLT     30 [30          22.000]
    71     1.0160     VOLT     31 [31          22.000]  0.97807     VOLT     32 [32          22.000]
    73    0.96310     VOLT     33 [33          22.000]  0.94959     VOLT     34 [34          22.000]
    75     1.0200     VOLT     35 [35          22.000]   1.0564     VOLT     36 [36          22.000]
    77     1.0084     VOLT     37 [37          22.000]   1.0047     VOLT     38 [38          22.000]
    79     1.0238     VOLT     39 [39          22.000]   5833.6     PMECH FOR ALL BUSES
    81     5850.8     PELEC FOR ALL BUSES               -17.201     PACCL FOR ALL BUSES
    83     5805.6     PLOAD FOR ALL BUSES                45.192     PE-PL FOR ALL BUSES

 48.0010 -2.90183E-03 -2.90599E-03 -2.91392E-03 -2.86190E-03 -2.92726E-03 -2.90848E-03
     7   -2.89858E-03 -2.86240E-03   0.0000     -2.89143E-03   1.2976       2.9078
    13     2.3338       2.4096       4.6104       2.4838       2.5363       2.0488
    19     0.0000       1.0437       0.0000       0.0000       0.0000     -7.15809E-02
    25     0.0000       0.0000       0.0000     -5.52062E-02   0.0000       0.0000
    31     3.1901       6.4276       7.2026       7.0106       5.7772       7.2007
    37     6.2982       6.0876       0.0000       10.096       1.0420       1.0430
    43     1.0272       1.0302       1.0492       1.0507       1.0382       1.0360
    49     1.0409       1.0381       1.0409       1.0245       1.0329       1.0239
    55    0.99026      0.99051       1.0033       1.0111       1.0036      0.93792
    61    0.99363       1.0171       1.0153      0.99724       1.0378       1.0281
    67     1.0108       1.0323       1.0298       1.0418       1.0160      0.97807
    73    0.96310      0.94959       1.0200       1.0564       1.0084       1.0047
    79     1.0238       5833.6       5850.8      -17.201       5805.6       45.192

 Channel output file is "ne_2.out"

    TIME X- VALUE --X X--------- IDENTIFIER ---------X X- VALUE --X X--------- IDENTIFIER ---------X
 48.0010 -2.90183E-03 SPD     30[30          22.000]1  -2.90599E-03 SPD     31[31          22.000]1
     3   -2.91392E-03 SPD     32[32          22.000]1  -2.86190E-03 SPD     33[33          22.000]1
     5   -2.92726E-03 SPD     34[34          22.000]1  -2.90848E-03 SPD     35[35          22.000]1
     7   -2.89858E-03 SPD     36[36          22.000]1  -2.86240E-03 SPD     37[37          22.000]1
     9     0.0000     SPD     38[38          22.000]1  -2.89143E-03 SPD     39[39          22.000]1
    11     1.2976     EFD     30[30          22.000]1    2.9078     EFD     31[31          22.000]1
    13     2.3338     EFD     32[32          22.000]1    2.4096     EFD     33[33          22.000]1
    15     4.6104     EFD     34[34          22.000]1    2.4838     EFD     35[35          22.000]1
    17     2.5363     EFD     36[36          22.000]1    2.0488     EFD     37[37          22.000]1
    19     0.0000     EFD     38[38          22.000]1    1.0437     EFD     39[39          22.000]1
    21     0.0000     VOEL    30[30          22.000]1    0.0000     VOEL    31[31          22.000]1
    23     0.0000     VOEL    32[32          22.000]1  -7.15809E-02 VOEL    33[33          22.000]1
    25     0.0000     VOEL    34[34          22.000]1    0.0000     VOEL    35[35          22.000]1
    27     0.0000     VOEL    36[36          22.000]1  -5.52062E-02 VOEL    37[37          22.000]1
    29     0.0000     VOEL    38[38          22.000]1    0.0000     VOEL    39[39          22.000]1
    31     3.1900     POWR    30[30          22.000]1    6.4275     POWR    31[31          22.000]1
    33     7.2025     POWR    32[32          22.000]1    7.0105     POWR    33[33          22.000]1
    35     5.7772     POWR    34[34          22.000]1    7.2006     POWR    35[35          22.000]1
    37     6.2981     POWR    36[36          22.000]1    6.0875     POWR    37[37          22.000]1
    39     0.0000     POWR    38[38          22.000]1    10.096     POWR    39[39          22.000]1
    41     1.0420     VOLT      1 [1           345.00]   1.0430     VOLT      2 [2           345.00]
    43     1.0272     VOLT      3 [3           345.00]   1.0302     VOLT      4 [4           345.00]
    45     1.0492     VOLT      5 [5           345.00]   1.0507     VOLT      6 [6           345.00]
    47     1.0382     VOLT      7 [7           345.00]   1.0360     VOLT      8 [8           345.00]
    49     1.0409     VOLT      9 [9           345.00]   1.0381     VOLT     10 [10          345.00]
    51     1.0409     VOLT     11 [11          345.00]   1.0245     VOLT     12 [12          345.00]
    53     1.0329     VOLT     13 [13          345.00]   1.0239     VOLT     14 [14          345.00]
    55    0.99026     VOLT     15 [15          345.00]  0.99051     VOLT     16 [16          345.00]
    57     1.0033     VOLT     17 [17          345.00]   1.0111     VOLT     18 [18          345.00]
    59     1.0036     VOLT     19 [19          345.00]  0.93792     VOLT     20 [20          345.00]
    61    0.99363     VOLT     21 [21          345.00]   1.0171     VOLT     22 [22          345.00]
    63     1.0153     VOLT     23 [23          345.00]  0.99724     VOLT     24 [24          345.00]
    65     1.0378     VOLT     25 [25          345.00]   1.0281     VOLT     26 [26          345.00]
    67     1.0108     VOLT     27 [27          345.00]   1.0323     VOLT     28 [28          345.00]
    69     1.0298     VOLT     29 [29          345.00]   1.0418     VOLT     30 [30          22.000]
    71     1.0160     VOLT     31 [31          22.000]  0.97807     VOLT     32 [32          22.000]
    73    0.96310     VOLT     33 [33          22.000]  0.94959     VOLT     34 [34          22.000]
    75     1.0200     VOLT     35 [35          22.000]   1.0564     VOLT     36 [36          22.000]
    77     1.0084     VOLT     37 [37          22.000]   1.0047     VOLT     38 [38          22.000]
    79     1.0238     VOLT     39 [39          22.000]   5833.6     PMECH FOR ALL BUSES
    81     5850.8     PELEC FOR ALL BUSES               -17.201     PACCL FOR ALL BUSES
    83     5805.6     PLOAD FOR ALL BUSES                45.192     PE-PL FOR ALL BUSES

 49.0013 -2.97279E-03 -2.97392E-03 -2.97184E-03 -2.93799E-03 -2.98929E-03 -2.97563E-03
     7   -2.97161E-03 -2.93902E-03   0.0000     -2.96978E-03   1.2994       2.9075
    13     2.3181       2.4129       4.6104       2.4845       2.5466       2.0525
    19     0.0000       1.0437       0.0000       0.0000       0.0000     -7.45311E-02
    25     0.0000       0.0000       0.0000     -5.84579E-02   0.0000       0.0000
    31     3.1830       6.4203       7.1951       7.0033       5.7694       7.1939
    37     6.2906       6.0811       0.0000       10.110       1.0420       1.0430
    43     1.0272       1.0302       1.0492       1.0507       1.0382       1.0360
    49     1.0409       1.0381       1.0409       1.0245       1.0329       1.0239
    55    0.99026      0.99051       1.0033       1.0111       1.0036      0.93792
    61    0.99363       1.0171       1.0153      0.99724       1.0378       1.0281
    67     1.0108       1.0323       1.0298       1.0418       1.0160      0.97807
    73    0.96310      0.94959       1.0200       1.0564       1.0084       1.0047
    79     1.0238       5833.6       5850.8      -17.201       5805.6       45.192

 Channel output file is "ne_2.out"

    TIME X- VALUE --X X--------- IDENTIFIER ---------X X- VALUE --X X--------- IDENTIFIER ---------X
 49.0013 -2.97279E-03 SPD     30[30          22.000]1  -2.97392E-03 SPD     31[31          22.000]1
     3   -2.97184E-03 SPD     32[32          22.000]1  -2.93799E-03 SPD     33[33          22.000]1
     5   -2.98929E-03 SPD     34[34          22.000]1  -2.97563E-03 SPD     35[35          22.000]1
     7   -2.97161E-03 SPD     36[36          22.000]1  -2.93902E-03 SPD     37[37          22.000]1
     9     0.0000     SPD     38[38          22.000]1  -2.96978E-03 SPD     39[39          22.000]1
    11     1.2994     EFD     30[30          22.000]1    2.9075     EFD     31[31          22.000]1
    13     2.3181     EFD     32[32          22.000]1    2.4129     EFD     33[33          22.000]1
    15     4.6104     EFD     34[34          22.000]1    2.4845     EFD     35[35          22.000]1
    17     2.5466     EFD     36[36          22.000]1    2.0525     EFD     37[37          22.000]1
    19     0.0000     EFD     38[38          22.000]1    1.0437     EFD     39[39          22.000]1
    21     0.0000     VOEL    30[30          22.000]1    0.0000     VOEL    31[31          22.000]1
    23     0.0000     VOEL    32[32          22.000]1  -7.45311E-02 VOEL    33[33          22.000]1
    25     0.0000     VOEL    34[34          22.000]1    0.0000     VOEL    35[35          22.000]1
    27     0.0000     VOEL    36[36          22.000]1  -5.84579E-02 VOEL    37[37          22.000]1
    29     0.0000     VOEL    38[38          22.000]1    0.0000     VOEL    39[39          22.000]1
    31     3.1829     POWR    30[30          22.000]1    6.4202     POWR    31[31          22.000]1
    33     7.1950     POWR    32[32          22.000]1    7.0032     POWR    33[33          22.000]1
    35     5.7693     POWR    34[34          22.000]1    7.1937     POWR    35[35          22.000]1
    37     6.2905     POWR    36[36          22.000]1    6.0810     POWR    37[37          22.000]1
    39     0.0000     POWR    38[38          22.000]1    10.110     POWR    39[39          22.000]1
    41     1.0420     VOLT      1 [1           345.00]   1.0430     VOLT      2 [2           345.00]
    43     1.0272     VOLT      3 [3           345.00]   1.0302     VOLT      4 [4           345.00]
    45     1.0492     VOLT      5 [5           345.00]   1.0507     VOLT      6 [6           345.00]
    47     1.0382     VOLT      7 [7           345.00]   1.0360     VOLT      8 [8           345.00]
    49     1.0409     VOLT      9 [9           345.00]   1.0381     VOLT     10 [10          345.00]
    51     1.0409     VOLT     11 [11          345.00]   1.0245     VOLT     12 [12          345.00]
    53     1.0329     VOLT     13 [13          345.00]   1.0239     VOLT     14 [14          345.00]
    55    0.99026     VOLT     15 [15          345.00]  0.99051     VOLT     16 [16          345.00]
    57     1.0033     VOLT     17 [17          345.00]   1.0111     VOLT     18 [18          345.00]
    59     1.0036     VOLT     19 [19          345.00]  0.93792     VOLT     20 [20          345.00]
    61    0.99363     VOLT     21 [21          345.00]   1.0171     VOLT     22 [22          345.00]
    63     1.0153     VOLT     23 [23          345.00]  0.99724     VOLT     24 [24          345.00]
    65     1.0378     VOLT     25 [25          345.00]   1.0281     VOLT     26 [26          345.00]
    67     1.0108     VOLT     27 [27          345.00]   1.0323     VOLT     28 [28          345.00]
    69     1.0298     VOLT     29 [29          345.00]   1.0418     VOLT     30 [30          22.000]
    71     1.0160     VOLT     31 [31          22.000]  0.97807     VOLT     32 [32          22.000]
    73    0.96310     VOLT     33 [33          22.000]  0.94959     VOLT     34 [34          22.000]
    75     1.0200     VOLT     35 [35          22.000]   1.0564     VOLT     36 [36          22.000]
    77     1.0084     VOLT     37 [37          22.000]   1.0047     VOLT     38 [38          22.000]
    79     1.0238     VOLT     39 [39          22.000]   5833.6     PMECH FOR ALL BUSES
    81     5850.8     PELEC FOR ALL BUSES               -17.201     PACCL FOR ALL BUSES
    83     5805.6     PLOAD FOR ALL BUSES                45.192     PE-PL FOR ALL BUSES

 50.0015 -3.04558E-03 -3.04528E-03 -3.03963E-03 -3.01702E-03 -3.05839E-03 -3.04750E-03
     7   -3.04683E-03 -3.01659E-03   0.0000     -3.04463E-03   1.3018       2.9089
    13     2.3117       2.4159       4.6119       2.4856       2.5543       2.0558
    19     0.0000       1.0437       0.0000       0.0000       0.0000     -7.71820E-02
    25     0.0000       0.0000       0.0000     -6.14487E-02   0.0000       0.0000
    31     3.1778       6.4154       7.1900       6.9996       5.7648       7.1891
    37     6.2861       6.0768       0.0000       10.098       1.0420       1.0430
    43     1.0272       1.0302       1.0492       1.0507       1.0382       1.0360
    49     1.0409       1.0381       1.0409       1.0245       1.0329       1.0239
    55    0.99026      0.99051       1.0033       1.0111       1.0036      0.93792
    61    0.99363       1.0171       1.0153      0.99724       1.0378       1.0281
    67     1.0108       1.0323       1.0298       1.0418       1.0160      0.97807
    73    0.96310      0.94959       1.0200       1.0564       1.0084       1.0047
    79     1.0238       5833.6       5850.8      -17.201       5805.6       45.192

 Channel output file is "ne_2.out"

    TIME X- VALUE --X X--------- IDENTIFIER ---------X X- VALUE --X X--------- IDENTIFIER ---------X
 50.0015 -3.04558E-03 SPD     30[30          22.000]1  -3.04528E-03 SPD     31[31          22.000]1
     3   -3.03963E-03 SPD     32[32          22.000]1  -3.01702E-03 SPD     33[33          22.000]1
     5   -3.05839E-03 SPD     34[34          22.000]1  -3.04750E-03 SPD     35[35          22.000]1
     7   -3.04683E-03 SPD     36[36          22.000]1  -3.01659E-03 SPD     37[37          22.000]1
     9     0.0000     SPD     38[38          22.000]1  -3.04463E-03 SPD     39[39          22.000]1
    11     1.3018     EFD     30[30          22.000]1    2.9089     EFD     31[31          22.000]1
    13     2.3117     EFD     32[32          22.000]1    2.4159     EFD     33[33          22.000]1
    15     4.6119     EFD     34[34          22.000]1    2.4856     EFD     35[35          22.000]1
    17     2.5543     EFD     36[36          22.000]1    2.0558     EFD     37[37          22.000]1
    19     0.0000     EFD     38[38          22.000]1    1.0437     EFD     39[39          22.000]1
    21     0.0000     VOEL    30[30          22.000]1    0.0000     VOEL    31[31          22.000]1
    23     0.0000     VOEL    32[32          22.000]1  -7.71820E-02 VOEL    33[33          22.000]1
    25     0.0000     VOEL    34[34          22.000]1    0.0000     VOEL    35[35          22.000]1
    27     0.0000     VOEL    36[36          22.000]1  -6.14487E-02 VOEL    37[37          22.000]1
    29     0.0000     VOEL    38[38          22.000]1    0.0000     VOEL    39[39          22.000]1
    31     3.1777     POWR    30[30          22.000]1    6.4153     POWR    31[31          22.000]1
    33     7.1899     POWR    32[32          22.000]1    6.9995     POWR    33[33          22.000]1
    35     5.7648     POWR    34[34          22.000]1    7.1890     POWR    35[35          22.000]1
    37     6.2861     POWR    36[36          22.000]1    6.0767     POWR    37[37          22.000]1
    39     0.0000     POWR    38[38          22.000]1    10.098     POWR    39[39          22.000]1
    41     1.0420     VOLT      1 [1           345.00]   1.0430     VOLT      2 [2           345.00]
    43     1.0272     VOLT      3 [3           345.00]   1.0302     VOLT      4 [4           345.00]
    45     1.0492     VOLT      5 [5           345.00]   1.0507     VOLT      6 [6           345.00]
    47     1.0382     VOLT      7 [7           345.00]   1.0360     VOLT      8 [8           345.00]
    49     1.0409     VOLT      9 [9           345.00]   1.0381     VOLT     10 [10          345.00]
    51     1.0409     VOLT     11 [11          345.00]   1.0245     VOLT     12 [12          345.00]
    53     1.0329     VOLT     13 [13          345.00]   1.0239     VOLT     14 [14          345.00]
    55    0.99026     VOLT     15 [15          345.00]  0.99051     VOLT     16 [16          345.00]
    57     1.0033     VOLT     17 [17          345.00]   1.0111     VOLT     18 [18          345.00]
    59     1.0036     VOLT     19 [19          345.00]  0.93792     VOLT     20 [20          345.00]
    61    0.99363     VOLT     21 [21          345.00]   1.0171     VOLT     22 [22          345.00]
    63     1.0153     VOLT     23 [23          345.00]  0.99724     VOLT     24 [24          345.00]
    65     1.0378     VOLT     25 [25          345.00]   1.0281     VOLT     26 [26          345.00]
    67     1.0108     VOLT     27 [27          345.00]   1.0323     VOLT     28 [28          345.00]
    69     1.0298     VOLT     29 [29          345.00]   1.0418     VOLT     30 [30          22.000]
    71     1.0160     VOLT     31 [31          22.000]  0.97807     VOLT     32 [32          22.000]
    73    0.96310     VOLT     33 [33          22.000]  0.94959     VOLT     34 [34          22.000]
    75     1.0200     VOLT     35 [35          22.000]   1.0564     VOLT     36 [36          22.000]
    77     1.0084     VOLT     37 [37          22.000]   1.0047     VOLT     38 [38          22.000]
    79     1.0238     VOLT     39 [39          22.000]   5833.6     PMECH FOR ALL BUSES
    81     5850.8     PELEC FOR ALL BUSES               -17.201     PACCL FOR ALL BUSES
    83     5805.6     PLOAD FOR ALL BUSES                45.192     PE-PL FOR ALL BUSES

 51.0017 -3.10332E-03 -3.10284E-03 -3.09763E-03 -3.07990E-03 -3.11186E-03 -3.10422E-03
     7   -3.10531E-03 -3.07813E-03   0.0000     -3.10373E-03   1.3041       2.9109
    13     2.3124       2.4183       4.6135       2.4865       2.5581       2.0587
    19     0.0000       1.0437       0.0000       0.0000       0.0000     -7.93895E-02
    25     0.0000       0.0000       0.0000     -6.40659E-02   0.0000       0.0000
    31     3.1736       6.4121       7.1864       6.9970       5.7616       7.1858
    37     6.2828       6.0741       0.0000       10.080       1.0420       1.0430
    43     1.0272       1.0302       1.0492       1.0507       1.0382       1.0360
    49     1.0409       1.0381       1.0409       1.0245       1.0329       1.0239
    55    0.99026      0.99051       1.0033       1.0111       1.0036      0.93792
    61    0.99363       1.0171       1.0153      0.99724       1.0378       1.0281
    67     1.0108       1.0323       1.0298       1.0418       1.0160      0.97807
    73    0.96310      0.94959       1.0200       1.0564       1.0084       1.0047
    79     1.0238       5833.6       5850.8      -17.201       5805.6       45.192

 Channel output file is "ne_2.out"

    TIME X- VALUE --X X--------- IDENTIFIER ---------X X- VALUE --X X--------- IDENTIFIER ---------X
 51.0017 -3.10332E-03 SPD     30[30          22.000]1  -3.10284E-03 SPD     31[31          22.000]1
     3   -3.09763E-03 SPD     32[32          22.000]1  -3.07990E-03 SPD     33[33          22.000]1
     5   -3.11186E-03 SPD     34[34          22.000]1  -3.10422E-03 SPD     35[35          22.000]1
     7   -3.10531E-03 SPD     36[36          22.000]1  -3.07813E-03 SPD     37[37          22.000]1
     9     0.0000     SPD     38[38          22.000]1  -3.10373E-03 SPD     39[39          22.000]1
    11     1.3041     EFD     30[30          22.000]1    2.9109     EFD     31[31          22.000]1
    13     2.3124     EFD     32[32          22.000]1    2.4183     EFD     33[33          22.000]1
    15     4.6135     EFD     34[34          22.000]1    2.4865     EFD     35[35          22.000]1
    17     2.5581     EFD     36[36          22.000]1    2.0587     EFD     37[37          22.000]1
    19     0.0000     EFD     38[38          22.000]1    1.0437     EFD     39[39          22.000]1
    21     0.0000     VOEL    30[30          22.000]1    0.0000     VOEL    31[31          22.000]1
    23     0.0000     VOEL    32[32          22.000]1  -7.93895E-02 VOEL    33[33          22.000]1
    25     0.0000     VOEL    34[34          22.000]1    0.0000     VOEL    35[35          22.000]1
    27     0.0000     VOEL    36[36          22.000]1  -6.40659E-02 VOEL    37[37          22.000]1
    29     0.0000     VOEL    38[38          22.000]1    0.0000     VOEL    39[39          22.000]1
    31     3.1735     POWR    30[30          22.000]1    6.4120     POWR    31[31          22.000]1
    33     7.1863     POWR    32[32          22.000]1    6.9969     POWR    33[33          22.000]1
    35     5.7615     POWR    34[34          22.000]1    7.1857     POWR    35[35          22.000]1
    37     6.2827     POWR    36[36          22.000]1    6.0739     POWR    37[37          22.000]1
    39     0.0000     POWR    38[38          22.000]1    10.080     POWR    39[39          22.000]1
    41     1.0420     VOLT      1 [1           345.00]   1.0430     VOLT      2 [2           345.00]
    43     1.0272     VOLT      3 [3           345.00]   1.0302     VOLT      4 [4           345.00]
    45     1.0492     VOLT      5 [5           345.00]   1.0507     VOLT      6 [6           345.00]
    47     1.0382     VOLT      7 [7           345.00]   1.0360     VOLT      8 [8           345.00]
    49     1.0409     VOLT      9 [9           345.00]   1.0381     VOLT     10 [10          345.00]
    51     1.0409     VOLT     11 [11          345.00]   1.0245     VOLT     12 [12          345.00]
    53     1.0329     VOLT     13 [13          345.00]   1.0239     VOLT     14 [14          345.00]
    55    0.99026     VOLT     15 [15          345.00]  0.99051     VOLT     16 [16          345.00]
    57     1.0033     VOLT     17 [17          345.00]   1.0111     VOLT     18 [18          345.00]
    59     1.0036     VOLT     19 [19          345.00]  0.93792     VOLT     20 [20          345.00]
    61    0.99363     VOLT     21 [21          345.00]   1.0171     VOLT     22 [22          345.00]
    63     1.0153     VOLT     23 [23          345.00]  0.99724     VOLT     24 [24          345.00]
    65     1.0378     VOLT     25 [25          345.00]   1.0281     VOLT     26 [26          345.00]
    67     1.0108     VOLT     27 [27          345.00]   1.0323     VOLT     28 [28          345.00]
    69     1.0298     VOLT     29 [29          345.00]   1.0418     VOLT     30 [30          22.000]
    71     1.0160     VOLT     31 [31          22.000]  0.97807     VOLT     32 [32          22.000]
    73    0.96310     VOLT     33 [33          22.000]  0.94959     VOLT     34 [34          22.000]
    75     1.0200     VOLT     35 [35          22.000]   1.0564     VOLT     36 [36          22.000]
    77     1.0084     VOLT     37 [37          22.000]   1.0047     VOLT     38 [38          22.000]
    79     1.0238     VOLT     39 [39          22.000]   5833.6     PMECH FOR ALL BUSES
    81     5850.8     PELEC FOR ALL BUSES               -17.201     PACCL FOR ALL BUSES
    83     5805.6     PLOAD FOR ALL BUSES                45.192     PE-PL FOR ALL BUSES

 Model MAXEX1 Bus 36 [36          22.000] Machine "1 " :
 AT TIME=  51.57 TIMER TIMED OUT, LIMITER APPLIED

 Model MAXEX1 Bus 35 [35          22.000] Machine "1 " :
 AT TIME=  51.76 TIMER ACTIVATED EFD =   2.49

 52.0019 -3.14767E-03 -3.13723E-03 -3.13244E-03 -3.09886E-03 -3.12466E-03 -3.10166E-03
     7   -2.89726E-03 -3.11668E-03   0.0000     -3.14851E-03   1.3076       2.9141
    13     2.3183       2.4216       4.6208       2.4915       2.2926       2.0621
    19     0.0000       1.0437       0.0000       0.0000       0.0000     -8.23449E-02
    25     0.0000       0.0000     -2.15562E-02 -6.71053E-02   0.0000       0.0000
    31     3.1597       6.4017       7.1743       6.9778       5.7479       7.1492
    37     6.2700       6.0662       0.0000       10.072       1.0420       1.0430
    43     1.0272       1.0302       1.0492       1.0507       1.0382       1.0360
    49     1.0409       1.0381       1.0409       1.0245       1.0329       1.0239
    55    0.99026      0.99051       1.0033       1.0111       1.0036      0.93792
    61    0.99363       1.0171       1.0153      0.99724       1.0378       1.0281
    67     1.0108       1.0323       1.0298       1.0418       1.0160      0.97807
    73    0.96310      0.94959       1.0200       1.0564       1.0084       1.0047
    79     1.0238       5833.6       5850.8      -17.201       5805.6       45.192

 Channel output file is "ne_2.out"

    TIME X- VALUE --X X--------- IDENTIFIER ---------X X- VALUE --X X--------- IDENTIFIER ---------X
 52.0019 -3.14767E-03 SPD     30[30          22.000]1  -3.13723E-03 SPD     31[31          22.000]1
     3   -3.13244E-03 SPD     32[32          22.000]1  -3.09886E-03 SPD     33[33          22.000]1
     5   -3.12466E-03 SPD     34[34          22.000]1  -3.10166E-03 SPD     35[35          22.000]1
     7   -2.89726E-03 SPD     36[36          22.000]1  -3.11668E-03 SPD     37[37          22.000]1
     9     0.0000     SPD     38[38          22.000]1  -3.14851E-03 SPD     39[39          22.000]1
    11     1.3076     EFD     30[30          22.000]1    2.9141     EFD     31[31          22.000]1
    13     2.3183     EFD     32[32          22.000]1    2.4216     EFD     33[33          22.000]1
    15     4.6208     EFD     34[34          22.000]1    2.4915     EFD     35[35          22.000]1
    17     2.2926     EFD     36[36          22.000]1    2.0621     EFD     37[37          22.000]1
    19     0.0000     EFD     38[38          22.000]1    1.0437     EFD     39[39          22.000]1
    21     0.0000     VOEL    30[30          22.000]1    0.0000     VOEL    31[31          22.000]1
    23     0.0000     VOEL    32[32          22.000]1  -8.23449E-02 VOEL    33[33          22.000]1
    25     0.0000     VOEL    34[34          22.000]1    0.0000     VOEL    35[35          22.000]1
    27   -2.15562E-02 VOEL    36[36          22.000]1  -6.71053E-02 VOEL    37[37          22.000]1
    29     0.0000     VOEL    38[38          22.000]1    0.0000     VOEL    39[39          22.000]1
    31     3.1596     POWR    30[30          22.000]1    6.4016     POWR    31[31          22.000]1
    33     7.1742     POWR    32[32          22.000]1    6.9777     POWR    33[33          22.000]1
    35     5.7478     POWR    34[34          22.000]1    7.1490     POWR    35[35          22.000]1
    37     6.2699     POWR    36[36          22.000]1    6.0660     POWR    37[37          22.000]1
    39     0.0000     POWR    38[38          22.000]1    10.072     POWR    39[39          22.000]1
    41     1.0420     VOLT      1 [1           345.00]   1.0430     VOLT      2 [2           345.00]
    43     1.0272     VOLT      3 [3           345.00]   1.0302     VOLT      4 [4           345.00]
    45     1.0492     VOLT      5 [5           345.00]   1.0507     VOLT      6 [6           345.00]
    47     1.0382     VOLT      7 [7           345.00]   1.0360     VOLT      8 [8           345.00]
    49     1.0409     VOLT      9 [9           345.00]   1.0381     VOLT     10 [10          345.00]
    51     1.0409     VOLT     11 [11          345.00]   1.0245     VOLT     12 [12          345.00]
    53     1.0329     VOLT     13 [13          345.00]   1.0239     VOLT     14 [14          345.00]
    55    0.99026     VOLT     15 [15          345.00]  0.99051     VOLT     16 [16          345.00]
    57     1.0033     VOLT     17 [17          345.00]   1.0111     VOLT     18 [18          345.00]
    59     1.0036     VOLT     19 [19          345.00]  0.93792     VOLT     20 [20          345.00]
    61    0.99363     VOLT     21 [21          345.00]   1.0171     VOLT     22 [22          345.00]
    63     1.0153     VOLT     23 [23          345.00]  0.99724     VOLT     24 [24          345.00]
    65     1.0378     VOLT     25 [25          345.00]   1.0281     VOLT     26 [26          345.00]
    67     1.0108     VOLT     27 [27          345.00]   1.0323     VOLT     28 [28          345.00]
    69     1.0298     VOLT     29 [29          345.00]   1.0418     VOLT     30 [30          22.000]
    71     1.0160     VOLT     31 [31          22.000]  0.97807     VOLT     32 [32          22.000]
    73    0.96310     VOLT     33 [33          22.000]  0.94959     VOLT     34 [34          22.000]
    75     1.0200     VOLT     35 [35          22.000]   1.0564     VOLT     36 [36          22.000]
    77     1.0084     VOLT     37 [37          22.000]   1.0047     VOLT     38 [38          22.000]
    79     1.0238     VOLT     39 [39          22.000]   5833.6     PMECH FOR ALL BUSES
    81     5850.8     PELEC FOR ALL BUSES               -17.201     PACCL FOR ALL BUSES
    83     5805.6     PLOAD FOR ALL BUSES                45.192     PE-PL FOR ALL BUSES

 Model MAXEX1 Bus 30 [30          22.000] Machine "1 " :
 AT TIME=  52.71 TIMER ACTIVATED EFD =   1.32

 53.0021 -2.99649E-03 -2.99246E-03 -2.99722E-03 -2.91899E-03 -2.92657E-03 -2.92804E-03
     7   -2.85521E-03 -2.97534E-03   0.0000     -3.01114E-03   1.3250       2.9306
    13     2.3515       2.4339       4.6709       2.5312       2.3128       2.0706
    19     0.0000       1.0437       0.0000       0.0000       0.0000     -9.34387E-02
    25     0.0000       0.0000     -3.97769E-02 -7.48112E-02   0.0000       0.0000
    31     3.1350       6.3851       7.1599       6.9675       5.7405       7.1525
    37     6.2502       6.0489       0.0000       9.7329       1.0420       1.0430
    43     1.0272       1.0302       1.0492       1.0507       1.0382       1.0360
    49     1.0409       1.0381       1.0409       1.0245       1.0329       1.0239
    55    0.99026      0.99051       1.0033       1.0111       1.0036      0.93792
    61    0.99363       1.0171       1.0153      0.99724       1.0378       1.0281
    67     1.0108       1.0323       1.0298       1.0418       1.0160      0.97807
    73    0.96310      0.94959       1.0200       1.0564       1.0084       1.0047
    79     1.0238       5833.6       5850.8      -17.201       5805.6       45.192

 Channel output file is "ne_2.out"

    TIME X- VALUE --X X--------- IDENTIFIER ---------X X- VALUE --X X--------- IDENTIFIER ---------X
 53.0021 -2.99649E-03 SPD     30[30          22.000]1  -2.99246E-03 SPD     31[31          22.000]1
     3   -2.99722E-03 SPD     32[32          22.000]1  -2.91899E-03 SPD     33[33          22.000]1
     5   -2.92657E-03 SPD     34[34          22.000]1  -2.92804E-03 SPD     35[35          22.000]1
     7   -2.85521E-03 SPD     36[36          22.000]1  -2.97534E-03 SPD     37[37          22.000]1
     9     0.0000     SPD     38[38          22.000]1  -3.01114E-03 SPD     39[39          22.000]1
    11     1.3250     EFD     30[30          22.000]1    2.9306     EFD     31[31          22.000]1
    13     2.3515     EFD     32[32          22.000]1    2.4339     EFD     33[33          22.000]1
    15     4.6709     EFD     34[34          22.000]1    2.5312     EFD     35[35          22.000]1
    17     2.3128     EFD     36[36          22.000]1    2.0706     EFD     37[37          22.000]1
    19     0.0000     EFD     38[38          22.000]1    1.0437     EFD     39[39          22.000]1
    21     0.0000     VOEL    30[30          22.000]1    0.0000     VOEL    31[31          22.000]1
    23     0.0000     VOEL    32[32          22.000]1  -9.34387E-02 VOEL    33[33          22.000]1
    25     0.0000     VOEL    34[34          22.000]1    0.0000     VOEL    35[35          22.000]1
    27   -3.97769E-02 VOEL    36[36          22.000]1  -7.48112E-02 VOEL    37[37          22.000]1
    29     0.0000     VOEL    38[38          22.000]1    0.0000     VOEL    39[39          22.000]1
    31     3.1349     POWR    30[30          22.000]1    6.3850     POWR    31[31          22.000]1
    33     7.1597     POWR    32[32          22.000]1    6.9674     POWR    33[33          22.000]1
    35     5.7404     POWR    34[34          22.000]1    7.1523     POWR    35[35          22.000]1
    37     6.2501     POWR    36[36          22.000]1    6.0488     POWR    37[37          22.000]1
    39     0.0000     POWR    38[38          22.000]1    9.7328     POWR    39[39          22.000]1
    41     1.0420     VOLT      1 [1           345.00]   1.0430     VOLT      2 [2           345.00]
    43     1.0272     VOLT      3 [3           345.00]   1.0302     VOLT      4 [4           345.00]
    45     1.0492     VOLT      5 [5           345.00]   1.0507     VOLT      6 [6           345.00]
    47     1.0382     VOLT      7 [7           345.00]   1.0360     VOLT      8 [8           345.00]
    49     1.0409     VOLT      9 [9           345.00]   1.0381     VOLT     10 [10          345.00]
    51     1.0409     VOLT     11 [11          345.00]   1.0245     VOLT     12 [12          345.00]
    53     1.0329     VOLT     13 [13          345.00]   1.0239     VOLT     14 [14          345.00]
    55    0.99026     VOLT     15 [15          345.00]  0.99051     VOLT     16 [16          345.00]
    57     1.0033     VOLT     17 [17          345.00]   1.0111     VOLT     18 [18          345.00]
    59     1.0036     VOLT     19 [19          345.00]  0.93792     VOLT     20 [20          345.00]
    61    0.99363     VOLT     21 [21          345.00]   1.0171     VOLT     22 [22          345.00]
    63     1.0153     VOLT     23 [23          345.00]  0.99724     VOLT     24 [24          345.00]
    65     1.0378     VOLT     25 [25          345.00]   1.0281     VOLT     26 [26          345.00]
    67     1.0108     VOLT     27 [27          345.00]   1.0323     VOLT     28 [28          345.00]
    69     1.0298     VOLT     29 [29          345.00]   1.0418     VOLT     30 [30          22.000]
    71     1.0160     VOLT     31 [31          22.000]  0.97807     VOLT     32 [32          22.000]
    73    0.96310     VOLT     33 [33          22.000]  0.94959     VOLT     34 [34          22.000]
    75     1.0200     VOLT     35 [35          22.000]   1.0564     VOLT     36 [36          22.000]
    77     1.0084     VOLT     37 [37          22.000]   1.0047     VOLT     38 [38          22.000]
    79     1.0238     VOLT     39 [39          22.000]   5833.6     PMECH FOR ALL BUSES
    81     5850.8     PELEC FOR ALL BUSES               -17.201     PACCL FOR ALL BUSES
    83     5805.6     PLOAD FOR ALL BUSES                45.192     PE-PL FOR ALL BUSES

 54.0023 -2.70086E-03 -2.71113E-03 -2.73592E-03 -2.66395E-03 -2.69827E-03 -2.69030E-03
     7   -2.59814E-03 -2.68827E-03   0.0000     -2.68807E-03   1.3385       2.9441
    13     2.3977       2.4438       4.7045       2.5691       2.3289       2.0770
    19     0.0000       1.0437       0.0000       0.0000       0.0000     -0.10235
    25     0.0000       0.0000     -5.42152E-02 -8.05258E-02   0.0000       0.0000
    31     3.1086       6.3575       7.1311       6.9420       5.7059       7.1269
    37     6.2154       6.0216       0.0000       9.7111       1.0420       1.0430
    43     1.0272       1.0302       1.0492       1.0507       1.0382       1.0360
    49     1.0409       1.0381       1.0409       1.0245       1.0329       1.0239
    55    0.99026      0.99051       1.0033       1.0111       1.0036      0.93792
    61    0.99363       1.0171       1.0153      0.99724       1.0378       1.0281
    67     1.0108       1.0323       1.0298       1.0418       1.0160      0.97807
    73    0.96310      0.94959       1.0200       1.0564       1.0084       1.0047
    79     1.0238       5833.6       5850.8      -17.201       5805.6       45.192

 Channel output file is "ne_2.out"

    TIME X- VALUE --X X--------- IDENTIFIER ---------X X- VALUE --X X--------- IDENTIFIER ---------X
 54.0023 -2.70086E-03 SPD     30[30          22.000]1  -2.71113E-03 SPD     31[31          22.000]1
     3   -2.73592E-03 SPD     32[32          22.000]1  -2.66395E-03 SPD     33[33          22.000]1
     5   -2.69827E-03 SPD     34[34          22.000]1  -2.69030E-03 SPD     35[35          22.000]1
     7   -2.59814E-03 SPD     36[36          22.000]1  -2.68827E-03 SPD     37[37          22.000]1
     9     0.0000     SPD     38[38          22.000]1  -2.68807E-03 SPD     39[39          22.000]1
    11     1.3385     EFD     30[30          22.000]1    2.9441     EFD     31[31          22.000]1
    13     2.3977     EFD     32[32          22.000]1    2.4438     EFD     33[33          22.000]1
    15     4.7045     EFD     34[34          22.000]1    2.5691     EFD     35[35          22.000]1
    17     2.3289     EFD     36[36          22.000]1    2.0770     EFD     37[37          22.000]1
    19     0.0000     EFD     38[38          22.000]1    1.0437     EFD     39[39          22.000]1
    21     0.0000     VOEL    30[30          22.000]1    0.0000     VOEL    31[31          22.000]1
    23     0.0000     VOEL    32[32          22.000]1  -0.10235     VOEL    33[33          22.000]1
    25     0.0000     VOEL    34[34          22.000]1    0.0000     VOEL    35[35          22.000]1
    27   -5.42152E-02 VOEL    36[36          22.000]1  -8.05258E-02 VOEL    37[37          22.000]1
    29     0.0000     VOEL    38[38          22.000]1    0.0000     VOEL    39[39          22.000]1
    31     3.1084     POWR    30[30          22.000]1    6.3574     POWR    31[31          22.000]1
    33     7.1310     POWR    32[32          22.000]1    6.9419     POWR    33[33          22.000]1
    35     5.7058     POWR    34[34          22.000]1    7.1268     POWR    35[35          22.000]1
    37     6.2153     POWR    36[36          22.000]1    6.0214     POWR    37[37          22.000]1
    39     0.0000     POWR    38[38          22.000]1    9.7110     POWR    39[39          22.000]1
    41     1.0420     VOLT      1 [1           345.00]   1.0430     VOLT      2 [2           345.00]
    43     1.0272     VOLT      3 [3           345.00]   1.0302     VOLT      4 [4           345.00]
    45     1.0492     VOLT      5 [5           345.00]   1.0507     VOLT      6 [6           345.00]
    47     1.0382     VOLT      7 [7           345.00]   1.0360     VOLT      8 [8           345.00]
    49     1.0409     VOLT      9 [9           345.00]   1.0381     VOLT     10 [10          345.00]
    51     1.0409     VOLT     11 [11          345.00]   1.0245     VOLT     12 [12          345.00]
    53     1.0329     VOLT     13 [13          345.00]   1.0239     VOLT     14 [14          345.00]
    55    0.99026     VOLT     15 [15          345.00]  0.99051     VOLT     16 [16          345.00]
    57     1.0033     VOLT     17 [17          345.00]   1.0111     VOLT     18 [18          345.00]
    59     1.0036     VOLT     19 [19          345.00]  0.93792     VOLT     20 [20          345.00]
    61    0.99363     VOLT     21 [21          345.00]   1.0171     VOLT     22 [22          345.00]
    63     1.0153     VOLT     23 [23          345.00]  0.99724     VOLT     24 [24          345.00]
    65     1.0378     VOLT     25 [25          345.00]   1.0281     VOLT     26 [26          345.00]
    67     1.0108     VOLT     27 [27          345.00]   1.0323     VOLT     28 [28          345.00]
    69     1.0298     VOLT     29 [29          345.00]   1.0418     VOLT     30 [30          22.000]
    71     1.0160     VOLT     31 [31          22.000]  0.97807     VOLT     32 [32          22.000]
    73    0.96310     VOLT     33 [33          22.000]  0.94959     VOLT     34 [34          22.000]
    75     1.0200     VOLT     35 [35          22.000]   1.0564     VOLT     36 [36          22.000]
    77     1.0084     VOLT     37 [37          22.000]   1.0047     VOLT     38 [38          22.000]
    79     1.0238     VOLT     39 [39          22.000]   5833.6     PMECH FOR ALL BUSES
    81     5850.8     PELEC FOR ALL BUSES               -17.201     PACCL FOR ALL BUSES
    83     5805.6     PLOAD FOR ALL BUSES                45.192     PE-PL FOR ALL BUSES

 55.0025 -2.44754E-03 -2.46403E-03 -2.49768E-03 -2.45046E-03 -2.50140E-03 -2.46713E-03
     7   -2.39204E-03 -2.44089E-03   0.0000     -2.41190E-03   1.3414       2.9461
    13     2.4189       2.4478       4.7110       2.5882       2.3385       2.0793
    19     0.0000       1.0437       0.0000       0.0000       0.0000     -0.10591
    25     0.0000       0.0000     -6.29175E-02 -8.26542E-02   0.0000       0.0000
    31     3.0913       6.3359       7.1107       6.9226       5.6882       7.1057
    37     6.1992       6.0002       0.0000       9.8162       1.0420       1.0430
    43     1.0272       1.0302       1.0492       1.0507       1.0382       1.0360
    49     1.0409       1.0381       1.0409       1.0245       1.0329       1.0239
    55    0.99026      0.99051       1.0033       1.0111       1.0036      0.93792
    61    0.99363       1.0171       1.0153      0.99724       1.0378       1.0281
    67     1.0108       1.0323       1.0298       1.0418       1.0160      0.97807
    73    0.96310      0.94959       1.0200       1.0564       1.0084       1.0047
    79     1.0238       5833.6       5850.8      -17.201       5805.6       45.192

 Channel output file is "ne_2.out"

    TIME X- VALUE --X X--------- IDENTIFIER ---------X X- VALUE --X X--------- IDENTIFIER ---------X
 55.0025 -2.44754E-03 SPD     30[30          22.000]1  -2.46403E-03 SPD     31[31          22.000]1
     3   -2.49768E-03 SPD     32[32          22.000]1  -2.45046E-03 SPD     33[33          22.000]1
     5   -2.50140E-03 SPD     34[34          22.000]1  -2.46713E-03 SPD     35[35          22.000]1
     7   -2.39204E-03 SPD     36[36          22.000]1  -2.44089E-03 SPD     37[37          22.000]1
     9     0.0000     SPD     38[38          22.000]1  -2.41190E-03 SPD     39[39          22.000]1
    11     1.3414     EFD     30[30          22.000]1    2.9461     EFD     31[31          22.000]1
    13     2.4189     EFD     32[32          22.000]1    2.4478     EFD     33[33          22.000]1
    15     4.7110     EFD     34[34          22.000]1    2.5882     EFD     35[35          22.000]1
    17     2.3385     EFD     36[36          22.000]1    2.0793     EFD     37[37          22.000]1
    19     0.0000     EFD     38[38          22.000]1    1.0437     EFD     39[39          22.000]1
    21     0.0000     VOEL    30[30          22.000]1    0.0000     VOEL    31[31          22.000]1
    23     0.0000     VOEL    32[32          22.000]1  -0.10591     VOEL    33[33          22.000]1
    25     0.0000     VOEL    34[34          22.000]1    0.0000     VOEL    35[35          22.000]1
    27   -6.29175E-02 VOEL    36[36          22.000]1  -8.26542E-02 VOEL    37[37          22.000]1
    29     0.0000     VOEL    38[38          22.000]1    0.0000     VOEL    39[39          22.000]1
    31     3.0912     POWR    30[30          22.000]1    6.3358     POWR    31[31          22.000]1
    33     7.1106     POWR    32[32          22.000]1    6.9225     POWR    33[33          22.000]1
    35     5.6882     POWR    34[34          22.000]1    7.1056     POWR    35[35          22.000]1
    37     6.1991     POWR    36[36          22.000]1    6.0001     POWR    37[37          22.000]1
    39     0.0000     POWR    38[38          22.000]1    9.8161     POWR    39[39          22.000]1
    41     1.0420     VOLT      1 [1           345.00]   1.0430     VOLT      2 [2           345.00]
    43     1.0272     VOLT      3 [3           345.00]   1.0302     VOLT      4 [4           345.00]
    45     1.0492     VOLT      5 [5           345.00]   1.0507     VOLT      6 [6           345.00]
    47     1.0382     VOLT      7 [7           345.00]   1.0360     VOLT      8 [8           345.00]
    49     1.0409     VOLT      9 [9           345.00]   1.0381     VOLT     10 [10          345.00]
    51     1.0409     VOLT     11 [11          345.00]   1.0245     VOLT     12 [12          345.00]
    53     1.0329     VOLT     13 [13          345.00]   1.0239     VOLT     14 [14          345.00]
    55    0.99026     VOLT     15 [15          345.00]  0.99051     VOLT     16 [16          345.00]
    57     1.0033     VOLT     17 [17          345.00]   1.0111     VOLT     18 [18          345.00]
    59     1.0036     VOLT     19 [19          345.00]  0.93792     VOLT     20 [20          345.00]
    61    0.99363     VOLT     21 [21          345.00]   1.0171     VOLT     22 [22          345.00]
    63     1.0153     VOLT     23 [23          345.00]  0.99724     VOLT     24 [24          345.00]
    65     1.0378     VOLT     25 [25          345.00]   1.0281     VOLT     26 [26          345.00]
    67     1.0108     VOLT     27 [27          345.00]   1.0323     VOLT     28 [28          345.00]
    69     1.0298     VOLT     29 [29          345.00]   1.0418     VOLT     30 [30          22.000]
    71     1.0160     VOLT     31 [31          22.000]  0.97807     VOLT     32 [32          22.000]
    73    0.96310     VOLT     33 [33          22.000]  0.94959     VOLT     34 [34          22.000]
    75     1.0200     VOLT     35 [35          22.000]   1.0564     VOLT     36 [36          22.000]
    77     1.0084     VOLT     37 [37          22.000]   1.0047     VOLT     38 [38          22.000]
    79     1.0238     VOLT     39 [39          22.000]   5833.6     PMECH FOR ALL BUSES
    81     5850.8     PELEC FOR ALL BUSES               -17.201     PACCL FOR ALL BUSES
    83     5805.6     PLOAD FOR ALL BUSES                45.192     PE-PL FOR ALL BUSES

 56.0028 -2.35584E-03 -2.37095E-03 -2.39674E-03 -2.37307E-03 -2.42237E-03 -2.38052E-03
     7   -2.32793E-03 -2.35429E-03   0.0000     -2.32116E-03   1.3356       2.9379
    13     2.4071       2.4455       4.6898       2.5889       2.3417       2.0782
    19     0.0000       1.0437       0.0000       0.0000       0.0000     -0.10389
    25     0.0000       0.0000     -6.57686E-02 -8.16011E-02   0.0000       0.0000
    31     3.0843       6.3223       7.0976       6.9082       5.6735       7.0946
    37     6.1842       5.9862       0.0000       10.042       1.0420       1.0430
    43     1.0272       1.0302       1.0492       1.0507       1.0382       1.0360
    49     1.0409       1.0381       1.0409       1.0245       1.0329       1.0239
    55    0.99026      0.99051       1.0033       1.0111       1.0036      0.93792
    61    0.99363       1.0171       1.0153      0.99724       1.0378       1.0281
    67     1.0108       1.0323       1.0298       1.0418       1.0160      0.97807
    73    0.96310      0.94959       1.0200       1.0564       1.0084       1.0047
    79     1.0238       5833.6       5850.8      -17.201       5805.6       45.192

 Channel output file is "ne_2.out"

    TIME X- VALUE --X X--------- IDENTIFIER ---------X X- VALUE --X X--------- IDENTIFIER ---------X
 56.0028 -2.35584E-03 SPD     30[30          22.000]1  -2.37095E-03 SPD     31[31          22.000]1
     3   -2.39674E-03 SPD     32[32          22.000]1  -2.37307E-03 SPD     33[33          22.000]1
     5   -2.42237E-03 SPD     34[34          22.000]1  -2.38052E-03 SPD     35[35          22.000]1
     7   -2.32793E-03 SPD     36[36          22.000]1  -2.35429E-03 SPD     37[37          22.000]1
     9     0.0000     SPD     38[38          22.000]1  -2.32116E-03 SPD     39[39          22.000]1
    11     1.3356     EFD     30[30          22.000]1    2.9379     EFD     31[31          22.000]1
    13     2.4071     EFD     32[32          22.000]1    2.4455     EFD     33[33          22.000]1
    15     4.6898     EFD     34[34          22.000]1    2.5889     EFD     35[35          22.000]1
    17     2.3417     EFD     36[36          22.000]1    2.0782     EFD     37[37          22.000]1
    19     0.0000     EFD     38[38          22.000]1    1.0437     EFD     39[39          22.000]1
    21     0.0000     VOEL    30[30          22.000]1    0.0000     VOEL    31[31          22.000]1
    23     0.0000     VOEL    32[32          22.000]1  -0.10389     VOEL    33[33          22.000]1
    25     0.0000     VOEL    34[34          22.000]1    0.0000     VOEL    35[35          22.000]1
    27   -6.57686E-02 VOEL    36[36          22.000]1  -8.16011E-02 VOEL    37[37          22.000]1
    29     0.0000     VOEL    38[38          22.000]1    0.0000     VOEL    39[39          22.000]1
    31     3.0842     POWR    30[30          22.000]1    6.3222     POWR    31[31          22.000]1
    33     7.0975     POWR    32[32          22.000]1    6.9081     POWR    33[33          22.000]1
    35     5.6735     POWR    34[34          22.000]1    7.0945     POWR    35[35          22.000]1
    37     6.1842     POWR    36[36          22.000]1    5.9861     POWR    37[37          22.000]1
    39     0.0000     POWR    38[38          22.000]1    10.042     POWR    39[39          22.000]1
    41     1.0420     VOLT      1 [1           345.00]   1.0430     VOLT      2 [2           345.00]
    43     1.0272     VOLT      3 [3           345.00]   1.0302     VOLT      4 [4           345.00]
    45     1.0492     VOLT      5 [5           345.00]   1.0507     VOLT      6 [6           345.00]
    47     1.0382     VOLT      7 [7           345.00]   1.0360     VOLT      8 [8           345.00]
    49     1.0409     VOLT      9 [9           345.00]   1.0381     VOLT     10 [10          345.00]
    51     1.0409     VOLT     11 [11          345.00]   1.0245     VOLT     12 [12          345.00]
    53     1.0329     VOLT     13 [13          345.00]   1.0239     VOLT     14 [14          345.00]
    55    0.99026     VOLT     15 [15          345.00]  0.99051     VOLT     16 [16          345.00]
    57     1.0033     VOLT     17 [17          345.00]   1.0111     VOLT     18 [18          345.00]
    59     1.0036     VOLT     19 [19          345.00]  0.93792     VOLT     20 [20          345.00]
    61    0.99363     VOLT     21 [21          345.00]   1.0171     VOLT     22 [22          345.00]
    63     1.0153     VOLT     23 [23          345.00]  0.99724     VOLT     24 [24          345.00]
    65     1.0378     VOLT     25 [25          345.00]   1.0281     VOLT     26 [26          345.00]
    67     1.0108     VOLT     27 [27          345.00]   1.0323     VOLT     28 [28          345.00]
    69     1.0298     VOLT     29 [29          345.00]   1.0418     VOLT     30 [30          22.000]
    71     1.0160     VOLT     31 [31          22.000]  0.97807     VOLT     32 [32          22.000]
    73    0.96310     VOLT     33 [33          22.000]  0.94959     VOLT     34 [34          22.000]
    75     1.0200     VOLT     35 [35          22.000]   1.0564     VOLT     36 [36          22.000]
    77     1.0084     VOLT     37 [37          22.000]   1.0047     VOLT     38 [38          22.000]
    79     1.0238     VOLT     39 [39          22.000]   5833.6     PMECH FOR ALL BUSES
    81     5850.8     PELEC FOR ALL BUSES               -17.201     PACCL FOR ALL BUSES
    83     5805.6     PLOAD FOR ALL BUSES                45.192     PE-PL FOR ALL BUSES

 57.0030 -2.44317E-03 -2.45071E-03 -2.46122E-03 -2.45409E-03 -2.48818E-03 -2.45942E-03
     7   -2.41825E-03 -2.44036E-03   0.0000     -2.42331E-03   1.3280       2.9277
    13     2.3754       2.4415       4.6643       2.5813       2.3425       2.0762
    19     0.0000       1.0437       0.0000       0.0000       0.0000     -0.10031
    25     0.0000       0.0000     -6.64973E-02 -7.98626E-02   0.0000       0.0000
    31     3.0843       6.3188       7.0941       6.9058       5.6695       7.0929
    37     6.1802       5.9827       0.0000       10.191       1.0420       1.0430
    43     1.0272       1.0302       1.0492       1.0507       1.0382       1.0360
    49     1.0409       1.0381       1.0409       1.0245       1.0329       1.0239
    55    0.99026      0.99051       1.0033       1.0111       1.0036      0.93792
    61    0.99363       1.0171       1.0153      0.99724       1.0378       1.0281
    67     1.0108       1.0323       1.0298       1.0418       1.0160      0.97807
    73    0.96310      0.94959       1.0200       1.0564       1.0084       1.0047
    79     1.0238       5833.6       5850.8      -17.201       5805.6       45.192

 Channel output file is "ne_2.out"

    TIME X- VALUE --X X--------- IDENTIFIER ---------X X- VALUE --X X--------- IDENTIFIER ---------X
 57.0030 -2.44317E-03 SPD     30[30          22.000]1  -2.45071E-03 SPD     31[31          22.000]1
     3   -2.46122E-03 SPD     32[32          22.000]1  -2.45409E-03 SPD     33[33          22.000]1
     5   -2.48818E-03 SPD     34[34          22.000]1  -2.45942E-03 SPD     35[35          22.000]1
     7   -2.41825E-03 SPD     36[36          22.000]1  -2.44036E-03 SPD     37[37          22.000]1
     9     0.0000     SPD     38[38          22.000]1  -2.42331E-03 SPD     39[39          22.000]1
    11     1.3280     EFD     30[30          22.000]1    2.9277     EFD     31[31          22.000]1
    13     2.3754     EFD     32[32          22.000]1    2.4415     EFD     33[33          22.000]1
    15     4.6643     EFD     34[34          22.000]1    2.5813     EFD     35[35          22.000]1
    17     2.3425     EFD     36[36          22.000]1    2.0762     EFD     37[37          22.000]1
    19     0.0000     EFD     38[38          22.000]1    1.0437     EFD     39[39          22.000]1
    21     0.0000     VOEL    30[30          22.000]1    0.0000     VOEL    31[31          22.000]1
    23     0.0000     VOEL    32[32          22.000]1  -0.10031     VOEL    33[33          22.000]1
    25     0.0000     VOEL    34[34          22.000]1    0.0000     VOEL    35[35          22.000]1
    27   -6.64973E-02 VOEL    36[36          22.000]1  -7.98626E-02 VOEL    37[37          22.000]1
    29     0.0000     VOEL    38[38          22.000]1    0.0000     VOEL    39[39          22.000]1
    31     3.0842     POWR    30[30          22.000]1    6.3187     POWR    31[31          22.000]1
    33     7.0940     POWR    32[32          22.000]1    6.9057     POWR    33[33          22.000]1
    35     5.6694     POWR    34[34          22.000]1    7.0928     POWR    35[35          22.000]1
    37     6.1801     POWR    36[36          22.000]1    5.9826     POWR    37[37          22.000]1
    39     0.0000     POWR    38[38          22.000]1    10.191     POWR    39[39          22.000]1
    41     1.0420     VOLT      1 [1           345.00]   1.0430     VOLT      2 [2           345.00]
    43     1.0272     VOLT      3 [3           345.00]   1.0302     VOLT      4 [4           345.00]
    45     1.0492     VOLT      5 [5           345.00]   1.0507     VOLT      6 [6           345.00]
    47     1.0382     VOLT      7 [7           345.00]   1.0360     VOLT      8 [8           345.00]
    49     1.0409     VOLT      9 [9           345.00]   1.0381     VOLT     10 [10          345.00]
    51     1.0409     VOLT     11 [11          345.00]   1.0245     VOLT     12 [12          345.00]
    53     1.0329     VOLT     13 [13          345.00]   1.0239     VOLT     14 [14          345.00]
    55    0.99026     VOLT     15 [15          345.00]  0.99051     VOLT     16 [16          345.00]
    57     1.0033     VOLT     17 [17          345.00]   1.0111     VOLT     18 [18          345.00]
    59     1.0036     VOLT     19 [19          345.00]  0.93792     VOLT     20 [20          345.00]
    61    0.99363     VOLT     21 [21          345.00]   1.0171     VOLT     22 [22          345.00]
    63     1.0153     VOLT     23 [23          345.00]  0.99724     VOLT     24 [24          345.00]
    65     1.0378     VOLT     25 [25          345.00]   1.0281     VOLT     26 [26          345.00]
    67     1.0108     VOLT     27 [27          345.00]   1.0323     VOLT     28 [28          345.00]
    69     1.0298     VOLT     29 [29          345.00]   1.0418     VOLT     30 [30          22.000]
    71     1.0160     VOLT     31 [31          22.000]  0.97807     VOLT     32 [32          22.000]
    73    0.96310     VOLT     33 [33          22.000]  0.94959     VOLT     34 [34          22.000]
    75     1.0200     VOLT     35 [35          22.000]   1.0564     VOLT     36 [36          22.000]
    77     1.0084     VOLT     37 [37          22.000]   1.0047     VOLT     38 [38          22.000]
    79     1.0238     VOLT     39 [39          22.000]   5833.6     PMECH FOR ALL BUSES
    81     5850.8     PELEC FOR ALL BUSES               -17.201     PACCL FOR ALL BUSES
    83     5805.6     PLOAD FOR ALL BUSES                45.192     PE-PL FOR ALL BUSES

 58.0032 -2.61506E-03 -2.61537E-03 -2.61051E-03 -2.61422E-03 -2.62672E-03 -2.61698E-03
     7   -2.58524E-03 -2.61126E-03   0.0000     -2.61638E-03   1.3239       2.9221
    13     2.3454       2.4391       4.6486       2.5755       2.3439       2.0754
    19     0.0000       1.0437       0.0000       0.0000       0.0000     -9.80828E-02
    25     0.0000       0.0000     -6.77148E-02 -7.91206E-02   0.0000       0.0000
    31     3.0866       6.3202       7.0957       6.9083       5.6698       7.0945
    37     6.1821       5.9846       0.0000       10.222       1.0420       1.0430
    43     1.0272       1.0302       1.0492       1.0507       1.0382       1.0360
    49     1.0409       1.0381       1.0409       1.0245       1.0329       1.0239
    55    0.99026      0.99051       1.0033       1.0111       1.0036      0.93792
    61    0.99363       1.0171       1.0153      0.99724       1.0378       1.0281
    67     1.0108       1.0323       1.0298       1.0418       1.0160      0.97807
    73    0.96310      0.94959       1.0200       1.0564       1.0084       1.0047
    79     1.0238       5833.6       5850.8      -17.201       5805.6       45.192

 Channel output file is "ne_2.out"

    TIME X- VALUE --X X--------- IDENTIFIER ---------X X- VALUE --X X--------- IDENTIFIER ---------X
 58.0032 -2.61506E-03 SPD     30[30          22.000]1  -2.61537E-03 SPD     31[31          22.000]1
     3   -2.61051E-03 SPD     32[32          22.000]1  -2.61422E-03 SPD     33[33          22.000]1
     5   -2.62672E-03 SPD     34[34          22.000]1  -2.61698E-03 SPD     35[35          22.000]1
     7   -2.58524E-03 SPD     36[36          22.000]1  -2.61126E-03 SPD     37[37          22.000]1
     9     0.0000     SPD     38[38          22.000]1  -2.61638E-03 SPD     39[39          22.000]1
    11     1.3239     EFD     30[30          22.000]1    2.9221     EFD     31[31          22.000]1
    13     2.3454     EFD     32[32          22.000]1    2.4391     EFD     33[33          22.000]1
    15     4.6486     EFD     34[34          22.000]1    2.5755     EFD     35[35          22.000]1
    17     2.3439     EFD     36[36          22.000]1    2.0754     EFD     37[37          22.000]1
    19     0.0000     EFD     38[38          22.000]1    1.0437     EFD     39[39          22.000]1
    21     0.0000     VOEL    30[30          22.000]1    0.0000     VOEL    31[31          22.000]1
    23     0.0000     VOEL    32[32          22.000]1  -9.80828E-02 VOEL    33[33          22.000]1
    25     0.0000     VOEL    34[34          22.000]1    0.0000     VOEL    35[35          22.000]1
    27   -6.77148E-02 VOEL    36[36          22.000]1  -7.91206E-02 VOEL    37[37          22.000]1
    29     0.0000     VOEL    38[38          22.000]1    0.0000     VOEL    39[39          22.000]1
    31     3.0865     POWR    30[30          22.000]1    6.3201     POWR    31[31          22.000]1
    33     7.0956     POWR    32[32          22.000]1    6.9082     POWR    33[33          22.000]1
    35     5.6697     POWR    34[34          22.000]1    7.0944     POWR    35[35          22.000]1
    37     6.1820     POWR    36[36          22.000]1    5.9845     POWR    37[37          22.000]1
    39     0.0000     POWR    38[38          22.000]1    10.222     POWR    39[39          22.000]1
    41     1.0420     VOLT      1 [1           345.00]   1.0430     VOLT      2 [2           345.00]
    43     1.0272     VOLT      3 [3           345.00]   1.0302     VOLT      4 [4           345.00]
    45     1.0492     VOLT      5 [5           345.00]   1.0507     VOLT      6 [6           345.00]
    47     1.0382     VOLT      7 [7           345.00]   1.0360     VOLT      8 [8           345.00]
    49     1.0409     VOLT      9 [9           345.00]   1.0381     VOLT     10 [10          345.00]
    51     1.0409     VOLT     11 [11          345.00]   1.0245     VOLT     12 [12          345.00]
    53     1.0329     VOLT     13 [13          345.00]   1.0239     VOLT     14 [14          345.00]
    55    0.99026     VOLT     15 [15          345.00]  0.99051     VOLT     16 [16          345.00]
    57     1.0033     VOLT     17 [17          345.00]   1.0111     VOLT     18 [18          345.00]
    59     1.0036     VOLT     19 [19          345.00]  0.93792     VOLT     20 [20          345.00]
    61    0.99363     VOLT     21 [21          345.00]   1.0171     VOLT     22 [22          345.00]
    63     1.0153     VOLT     23 [23          345.00]  0.99724     VOLT     24 [24          345.00]
    65     1.0378     VOLT     25 [25          345.00]   1.0281     VOLT     26 [26          345.00]
    67     1.0108     VOLT     27 [27          345.00]   1.0323     VOLT     28 [28          345.00]
    69     1.0298     VOLT     29 [29          345.00]   1.0418     VOLT     30 [30          22.000]
    71     1.0160     VOLT     31 [31          22.000]  0.97807     VOLT     32 [32          22.000]
    73    0.96310     VOLT     33 [33          22.000]  0.94959     VOLT     34 [34          22.000]
    75     1.0200     VOLT     35 [35          22.000]   1.0564     VOLT     36 [36          22.000]
    77     1.0084     VOLT     37 [37          22.000]   1.0047     VOLT     38 [38          22.000]
    79     1.0238     VOLT     39 [39          22.000]   5833.6     PMECH FOR ALL BUSES
    81     5850.8     PELEC FOR ALL BUSES               -17.201     PACCL FOR ALL BUSES
    83     5805.6     PLOAD FOR ALL BUSES                45.192     PE-PL FOR ALL BUSES

 59.0034 -2.76989E-03 -2.76622E-03 -2.75392E-03 -2.75933E-03 -2.76034E-03 -2.76302E-03
     7   -2.73736E-03 -2.76391E-03   0.0000     -2.78231E-03   1.3249       2.9230
    13     2.3317       2.4394       4.6477       2.5764       2.3469       2.0763
    19     0.0000       1.0437       0.0000       0.0000       0.0000     -9.83585E-02
    25     0.0000       0.0000     -7.04781E-02 -7.98924E-02   0.0000       0.0000
    31     3.0873       6.3226       7.0971       6.9109       5.6718       7.0964
    37     6.1854       5.9879       0.0000       10.153       1.0420       1.0430
    43     1.0272       1.0302       1.0492       1.0507       1.0382       1.0360
    49     1.0409       1.0381       1.0409       1.0245       1.0329       1.0239
    55    0.99026      0.99051       1.0033       1.0111       1.0036      0.93792
    61    0.99363       1.0171       1.0153      0.99724       1.0378       1.0281
    67     1.0108       1.0323       1.0298       1.0418       1.0160      0.97807
    73    0.96310      0.94959       1.0200       1.0564       1.0084       1.0047
    79     1.0238       5833.6       5850.8      -17.201       5805.6       45.192

 Channel output file is "ne_2.out"

    TIME X- VALUE --X X--------- IDENTIFIER ---------X X- VALUE --X X--------- IDENTIFIER ---------X
 59.0034 -2.76989E-03 SPD     30[30          22.000]1  -2.76622E-03 SPD     31[31          22.000]1
     3   -2.75392E-03 SPD     32[32          22.000]1  -2.75933E-03 SPD     33[33          22.000]1
     5   -2.76034E-03 SPD     34[34          22.000]1  -2.76302E-03 SPD     35[35          22.000]1
     7   -2.73736E-03 SPD     36[36          22.000]1  -2.76391E-03 SPD     37[37          22.000]1
     9     0.0000     SPD     38[38          22.000]1  -2.78231E-03 SPD     39[39          22.000]1
    11     1.3249     EFD     30[30          22.000]1    2.9230     EFD     31[31          22.000]1
    13     2.3317     EFD     32[32          22.000]1    2.4394     EFD     33[33          22.000]1
    15     4.6477     EFD     34[34          22.000]1    2.5764     EFD     35[35          22.000]1
    17     2.3469     EFD     36[36          22.000]1    2.0763     EFD     37[37          22.000]1
    19     0.0000     EFD     38[38          22.000]1    1.0437     EFD     39[39          22.000]1
    21     0.0000     VOEL    30[30          22.000]1    0.0000     VOEL    31[31          22.000]1
    23     0.0000     VOEL    32[32          22.000]1  -9.83585E-02 VOEL    33[33          22.000]1
    25     0.0000     VOEL    34[34          22.000]1    0.0000     VOEL    35[35          22.000]1
    27   -7.04781E-02 VOEL    36[36          22.000]1  -7.98924E-02 VOEL    37[37          22.000]1
    29     0.0000     VOEL    38[38          22.000]1    0.0000     VOEL    39[39          22.000]1
    31     3.0872     POWR    30[30          22.000]1    6.3225     POWR    31[31          22.000]1
    33     7.0970     POWR    32[32          22.000]1    6.9108     POWR    33[33          22.000]1
    35     5.6717     POWR    34[34          22.000]1    7.0963     POWR    35[35          22.000]1
    37     6.1853     POWR    36[36          22.000]1    5.9878     POWR    37[37          22.000]1
    39     0.0000     POWR    38[38          22.000]1    10.153     POWR    39[39          22.000]1
    41     1.0420     VOLT      1 [1           345.00]   1.0430     VOLT      2 [2           345.00]
    43     1.0272     VOLT      3 [3           345.00]   1.0302     VOLT      4 [4           345.00]
    45     1.0492     VOLT      5 [5           345.00]   1.0507     VOLT      6 [6           345.00]
    47     1.0382     VOLT      7 [7           345.00]   1.0360     VOLT      8 [8           345.00]
    49     1.0409     VOLT      9 [9           345.00]   1.0381     VOLT     10 [10          345.00]
    51     1.0409     VOLT     11 [11          345.00]   1.0245     VOLT     12 [12          345.00]
    53     1.0329     VOLT     13 [13          345.00]   1.0239     VOLT     14 [14          345.00]
    55    0.99026     VOLT     15 [15          345.00]  0.99051     VOLT     16 [16          345.00]
    57     1.0033     VOLT     17 [17          345.00]   1.0111     VOLT     18 [18          345.00]
    59     1.0036     VOLT     19 [19          345.00]  0.93792     VOLT     20 [20          345.00]
    61    0.99363     VOLT     21 [21          345.00]   1.0171     VOLT     22 [22          345.00]
    63     1.0153     VOLT     23 [23          345.00]  0.99724     VOLT     24 [24          345.00]
    65     1.0378     VOLT     25 [25          345.00]   1.0281     VOLT     26 [26          345.00]
    67     1.0108     VOLT     27 [27          345.00]   1.0323     VOLT     28 [28          345.00]
    69     1.0298     VOLT     29 [29          345.00]   1.0418     VOLT     30 [30          22.000]
    71     1.0160     VOLT     31 [31          22.000]  0.97807     VOLT     32 [32          22.000]
    73    0.96310     VOLT     33 [33          22.000]  0.94959     VOLT     34 [34          22.000]
    75     1.0200     VOLT     35 [35          22.000]   1.0564     VOLT     36 [36          22.000]
    77     1.0084     VOLT     37 [37          22.000]   1.0047     VOLT     38 [38          22.000]
    79     1.0238     VOLT     39 [39          22.000]   5833.6     PMECH FOR ALL BUSES
    81     5850.8     PELEC FOR ALL BUSES               -17.201     PACCL FOR ALL BUSES
    83     5805.6     PLOAD FOR ALL BUSES                45.192     PE-PL FOR ALL BUSES

 60.0036 -2.84470E-03 -2.84081E-03 -2.82996E-03 -2.82994E-03 -2.82830E-03 -2.83576E-03
     7   -2.81357E-03 -2.83755E-03   0.0000     -2.85831E-03   1.3290       2.9280
    13     2.3364       2.4416       4.6565       2.5828       2.3511       2.0782
    19     0.0000       1.0437       0.0000       0.0000       0.0000     -0.10039
    25     0.0000       0.0000     -7.42006E-02 -8.15931E-02   0.0000       0.0000
    31     3.0848       6.3225       7.0963       6.9114       5.6719       7.0956
    37     6.1862       5.9890       0.0000       10.055       1.0420       1.0430
    43     1.0272       1.0302       1.0492       1.0507       1.0382       1.0360
    49     1.0409       1.0381       1.0409       1.0245       1.0329       1.0239
    55    0.99026      0.99051       1.0033       1.0111       1.0036      0.93792
    61    0.99363       1.0171       1.0153      0.99724       1.0378       1.0281
    67     1.0108       1.0323       1.0298       1.0418       1.0160      0.97807
    73    0.96310      0.94959       1.0200       1.0564       1.0084       1.0047
    79     1.0238       5833.6       5850.8      -17.201       5805.6       45.192

 Channel output file is "ne_2.out"

    TIME X- VALUE --X X--------- IDENTIFIER ---------X X- VALUE --X X--------- IDENTIFIER ---------X
 60.0036 -2.84470E-03 SPD     30[30          22.000]1  -2.84081E-03 SPD     31[31          22.000]1
     3   -2.82996E-03 SPD     32[32          22.000]1  -2.82994E-03 SPD     33[33          22.000]1
     5   -2.82830E-03 SPD     34[34          22.000]1  -2.83576E-03 SPD     35[35          22.000]1
     7   -2.81357E-03 SPD     36[36          22.000]1  -2.83755E-03 SPD     37[37          22.000]1
     9     0.0000     SPD     38[38          22.000]1  -2.85831E-03 SPD     39[39          22.000]1
    11     1.3290     EFD     30[30          22.000]1    2.9280     EFD     31[31          22.000]1
    13     2.3364     EFD     32[32          22.000]1    2.4416     EFD     33[33          22.000]1
    15     4.6565     EFD     34[34          22.000]1    2.5828     EFD     35[35          22.000]1
    17     2.3511     EFD     36[36          22.000]1    2.0782     EFD     37[37          22.000]1
    19     0.0000     EFD     38[38          22.000]1    1.0437     EFD     39[39          22.000]1
    21     0.0000     VOEL    30[30          22.000]1    0.0000     VOEL    31[31          22.000]1
    23     0.0000     VOEL    32[32          22.000]1  -0.10039     VOEL    33[33          22.000]1
    25     0.0000     VOEL    34[34          22.000]1    0.0000     VOEL    35[35          22.000]1
    27   -7.42006E-02 VOEL    36[36          22.000]1  -8.15931E-02 VOEL    37[37          22.000]1
    29     0.0000     VOEL    38[38          22.000]1    0.0000     VOEL    39[39          22.000]1
    31     3.0847     POWR    30[30          22.000]1    6.3224     POWR    31[31          22.000]1
    33     7.0962     POWR    32[32          22.000]1    6.9113     POWR    33[33          22.000]1
    35     5.6718     POWR    34[34          22.000]1    7.0955     POWR    35[35          22.000]1
    37     6.1861     POWR    36[36          22.000]1    5.9888     POWR    37[37          22.000]1
    39     0.0000     POWR    38[38          22.000]1    10.055     POWR    39[39          22.000]1
    41     1.0420     VOLT      1 [1           345.00]   1.0430     VOLT      2 [2           345.00]
    43     1.0272     VOLT      3 [3           345.00]   1.0302     VOLT      4 [4           345.00]
    45     1.0492     VOLT      5 [5           345.00]   1.0507     VOLT      6 [6           345.00]
    47     1.0382     VOLT      7 [7           345.00]   1.0360     VOLT      8 [8           345.00]
    49     1.0409     VOLT      9 [9           345.00]   1.0381     VOLT     10 [10          345.00]
    51     1.0409     VOLT     11 [11          345.00]   1.0245     VOLT     12 [12          345.00]
    53     1.0329     VOLT     13 [13          345.00]   1.0239     VOLT     14 [14          345.00]
    55    0.99026     VOLT     15 [15          345.00]  0.99051     VOLT     16 [16          345.00]
    57     1.0033     VOLT     17 [17          345.00]   1.0111     VOLT     18 [18          345.00]
    59     1.0036     VOLT     19 [19          345.00]  0.93792     VOLT     20 [20          345.00]
    61    0.99363     VOLT     21 [21          345.00]   1.0171     VOLT     22 [22          345.00]
    63     1.0153     VOLT     23 [23          345.00]  0.99724     VOLT     24 [24          345.00]
    65     1.0378     VOLT     25 [25          345.00]   1.0281     VOLT     26 [26          345.00]
    67     1.0108     VOLT     27 [27          345.00]   1.0323     VOLT     28 [28          345.00]
    69     1.0298     VOLT     29 [29          345.00]   1.0418     VOLT     30 [30          22.000]
    71     1.0160     VOLT     31 [31          22.000]  0.97807     VOLT     32 [32          22.000]
    73    0.96310     VOLT     33 [33          22.000]  0.94959     VOLT     34 [34          22.000]
    75     1.0200     VOLT     35 [35          22.000]   1.0564     VOLT     36 [36          22.000]
    77     1.0084     VOLT     37 [37          22.000]   1.0047     VOLT     38 [38          22.000]
    79     1.0238     VOLT     39 [39          22.000]   5833.6     PMECH FOR ALL BUSES
    81     5850.8     PELEC FOR ALL BUSES               -17.201     PACCL FOR ALL BUSES
    83     5805.6     PLOAD FOR ALL BUSES                45.192     PE-PL FOR ALL BUSES

 Model MAXEX1 Bus 32 [32          22.000] Machine "1 " :
 AT TIME=  60.27 TIMER TIMED OUT, LIMITER APPLIED

 61.0038 -2.81346E-03 -2.77230E-03 -2.65106E-03 -2.77993E-03 -2.78640E-03 -2.79274E-03
     7   -2.76792E-03 -2.80402E-03   0.0000     -2.84796E-03   1.3363       2.9388
    13     2.1570       2.4457       4.6730       2.5937       2.3566       2.0815
    19     0.0000       1.0437       0.0000       0.0000     -2.70789E-02 -0.10406
    25     0.0000       0.0000     -7.91936E-02 -8.45871E-02   0.0000       0.0000
    31     3.0645       6.3068       7.0969       6.8964       5.6590       7.0777
    37     6.1724       5.9789       0.0000       9.9476       1.0420       1.0430
    43     1.0272       1.0302       1.0492       1.0507       1.0382       1.0360
    49     1.0409       1.0381       1.0409       1.0245       1.0329       1.0239
    55    0.99026      0.99051       1.0033       1.0111       1.0036      0.93792
    61    0.99363       1.0171       1.0153      0.99724       1.0378       1.0281
    67     1.0108       1.0323       1.0298       1.0418       1.0160      0.97807
    73    0.96310      0.94959       1.0200       1.0564       1.0084       1.0047
    79     1.0238       5833.6       5850.8      -17.201       5805.6       45.192

 Channel output file is "ne_2.out"

    TIME X- VALUE --X X--------- IDENTIFIER ---------X X- VALUE --X X--------- IDENTIFIER ---------X
 61.0038 -2.81346E-03 SPD     30[30          22.000]1  -2.77230E-03 SPD     31[31          22.000]1
     3   -2.65106E-03 SPD     32[32          22.000]1  -2.77993E-03 SPD     33[33          22.000]1
     5   -2.78640E-03 SPD     34[34          22.000]1  -2.79274E-03 SPD     35[35          22.000]1
     7   -2.76792E-03 SPD     36[36          22.000]1  -2.80402E-03 SPD     37[37          22.000]1
     9     0.0000     SPD     38[38          22.000]1  -2.84796E-03 SPD     39[39          22.000]1
    11     1.3363     EFD     30[30          22.000]1    2.9388     EFD     31[31          22.000]1
    13     2.1570     EFD     32[32          22.000]1    2.4457     EFD     33[33          22.000]1
    15     4.6730     EFD     34[34          22.000]1    2.5937     EFD     35[35          22.000]1
    17     2.3566     EFD     36[36          22.000]1    2.0815     EFD     37[37          22.000]1
    19     0.0000     EFD     38[38          22.000]1    1.0437     EFD     39[39          22.000]1
    21     0.0000     VOEL    30[30          22.000]1    0.0000     VOEL    31[31          22.000]1
    23   -2.70789E-02 VOEL    32[32          22.000]1  -0.10406     VOEL    33[33          22.000]1
    25     0.0000     VOEL    34[34          22.000]1    0.0000     VOEL    35[35          22.000]1
    27   -7.91936E-02 VOEL    36[36          22.000]1  -8.45871E-02 VOEL    37[37          22.000]1
    29     0.0000     VOEL    38[38          22.000]1    0.0000     VOEL    39[39          22.000]1
    31     3.0643     POWR    30[30          22.000]1    6.3066     POWR    31[31          22.000]1
    33     7.0968     POWR    32[32          22.000]1    6.8963     POWR    33[33          22.000]1
    35     5.6589     POWR    34[34          22.000]1    7.0776     POWR    35[35          22.000]1
    37     6.1723     POWR    36[36          22.000]1    5.9788     POWR    37[37          22.000]1
    39     0.0000     POWR    38[38          22.000]1    9.9475     POWR    39[39          22.000]1
    41     1.0420     VOLT      1 [1           345.00]   1.0430     VOLT      2 [2           345.00]
    43     1.0272     VOLT      3 [3           345.00]   1.0302     VOLT      4 [4           345.00]
    45     1.0492     VOLT      5 [5           345.00]   1.0507     VOLT      6 [6           345.00]
    47     1.0382     VOLT      7 [7           345.00]   1.0360     VOLT      8 [8           345.00]
    49     1.0409     VOLT      9 [9           345.00]   1.0381     VOLT     10 [10          345.00]
    51     1.0409     VOLT     11 [11          345.00]   1.0245     VOLT     12 [12          345.00]
    53     1.0329     VOLT     13 [13          345.00]   1.0239     VOLT     14 [14          345.00]
    55    0.99026     VOLT     15 [15          345.00]  0.99051     VOLT     16 [16          345.00]
    57     1.0033     VOLT     17 [17          345.00]   1.0111     VOLT     18 [18          345.00]
    59     1.0036     VOLT     19 [19          345.00]  0.93792     VOLT     20 [20          345.00]
    61    0.99363     VOLT     21 [21          345.00]   1.0171     VOLT     22 [22          345.00]
    63     1.0153     VOLT     23 [23          345.00]  0.99724     VOLT     24 [24          345.00]
    65     1.0378     VOLT     25 [25          345.00]   1.0281     VOLT     26 [26          345.00]
    67     1.0108     VOLT     27 [27          345.00]   1.0323     VOLT     28 [28          345.00]
    69     1.0298     VOLT     29 [29          345.00]   1.0418     VOLT     30 [30          22.000]
    71     1.0160     VOLT     31 [31          22.000]  0.97807     VOLT     32 [32          22.000]
    73    0.96310     VOLT     33 [33          22.000]  0.94959     VOLT     34 [34          22.000]
    75     1.0200     VOLT     35 [35          22.000]   1.0564     VOLT     36 [36          22.000]
    77     1.0084     VOLT     37 [37          22.000]   1.0047     VOLT     38 [38          22.000]
    79     1.0238     VOLT     39 [39          22.000]   5833.6     PMECH FOR ALL BUSES
    81     5850.8     PELEC FOR ALL BUSES               -17.201     PACCL FOR ALL BUSES
    83     5805.6     PLOAD FOR ALL BUSES                45.192     PE-PL FOR ALL BUSES

 62.0040 -2.61260E-03 -2.58509E-03 -2.50070E-03 -2.58819E-03 -2.59236E-03 -2.61315E-03
     7   -2.58801E-03 -2.60914E-03   0.0000     -2.63318E-03   1.3521       2.9631
    13     2.1677       2.4548       4.7110       2.6178       2.3662       2.0881
    19     0.0000       1.0437       0.0000       0.0000     -3.67246E-02 -0.11225
    25     0.0000       0.0000     -8.78312E-02 -9.05416E-02   0.0000       0.0000
    31     3.0441       6.2949       7.0611       6.8827       5.6497       7.0618
    37     6.1579       5.9595       0.0000       9.7198       1.0420       1.0430
    43     1.0272       1.0302       1.0492       1.0507       1.0382       1.0360
    49     1.0409       1.0381       1.0409       1.0245       1.0329       1.0239
    55    0.99026      0.99051       1.0033       1.0111       1.0036      0.93792
    61    0.99363       1.0171       1.0153      0.99724       1.0378       1.0281
    67     1.0108       1.0323       1.0298       1.0418       1.0160      0.97807
    73    0.96310      0.94959       1.0200       1.0564       1.0084       1.0047
    79     1.0238       5833.6       5850.8      -17.201       5805.6       45.192

 Channel output file is "ne_2.out"

    TIME X- VALUE --X X--------- IDENTIFIER ---------X X- VALUE --X X--------- IDENTIFIER ---------X
 62.0040 -2.61260E-03 SPD     30[30          22.000]1  -2.58509E-03 SPD     31[31          22.000]1
     3   -2.50070E-03 SPD     32[32          22.000]1  -2.58819E-03 SPD     33[33          22.000]1
     5   -2.59236E-03 SPD     34[34          22.000]1  -2.61315E-03 SPD     35[35          22.000]1
     7   -2.58801E-03 SPD     36[36          22.000]1  -2.60914E-03 SPD     37[37          22.000]1
     9     0.0000     SPD     38[38          22.000]1  -2.63318E-03 SPD     39[39          22.000]1
    11     1.3521     EFD     30[30          22.000]1    2.9631     EFD     31[31          22.000]1
    13     2.1677     EFD     32[32          22.000]1    2.4548     EFD     33[33          22.000]1
    15     4.7110     EFD     34[34          22.000]1    2.6178     EFD     35[35          22.000]1
    17     2.3662     EFD     36[36          22.000]1    2.0881     EFD     37[37          22.000]1
    19     0.0000     EFD     38[38          22.000]1    1.0437     EFD     39[39          22.000]1
    21     0.0000     VOEL    30[30          22.000]1    0.0000     VOEL    31[31          22.000]1
    23   -3.67246E-02 VOEL    32[32          22.000]1  -0.11225     VOEL    33[33          22.000]1
    25     0.0000     VOEL    34[34          22.000]1    0.0000     VOEL    35[35          22.000]1
    27   -8.78312E-02 VOEL    36[36          22.000]1  -9.05416E-02 VOEL    37[37          22.000]1
    29     0.0000     VOEL    38[38          22.000]1    0.0000     VOEL    39[39          22.000]1
    31     3.0440     POWR    30[30          22.000]1    6.2948     POWR    31[31          22.000]1
    33     7.0610     POWR    32[32          22.000]1    6.8826     POWR    33[33          22.000]1
    35     5.6496     POWR    34[34          22.000]1    7.0617     POWR    35[35          22.000]1
    37     6.1578     POWR    36[36          22.000]1    5.9594     POWR    37[37          22.000]1
    39     0.0000     POWR    38[38          22.000]1    9.7197     POWR    39[39          22.000]1
    41     1.0420     VOLT      1 [1           345.00]   1.0430     VOLT      2 [2           345.00]
    43     1.0272     VOLT      3 [3           345.00]   1.0302     VOLT      4 [4           345.00]
    45     1.0492     VOLT      5 [5           345.00]   1.0507     VOLT      6 [6           345.00]
    47     1.0382     VOLT      7 [7           345.00]   1.0360     VOLT      8 [8           345.00]
    49     1.0409     VOLT      9 [9           345.00]   1.0381     VOLT     10 [10          345.00]
    51     1.0409     VOLT     11 [11          345.00]   1.0245     VOLT     12 [12          345.00]
    53     1.0329     VOLT     13 [13          345.00]   1.0239     VOLT     14 [14          345.00]
    55    0.99026     VOLT     15 [15          345.00]  0.99051     VOLT     16 [16          345.00]
    57     1.0033     VOLT     17 [17          345.00]   1.0111     VOLT     18 [18          345.00]
    59     1.0036     VOLT     19 [19          345.00]  0.93792     VOLT     20 [20          345.00]
    61    0.99363     VOLT     21 [21          345.00]   1.0171     VOLT     22 [22          345.00]
    63     1.0153     VOLT     23 [23          345.00]  0.99724     VOLT     24 [24          345.00]
    65     1.0378     VOLT     25 [25          345.00]   1.0281     VOLT     26 [26          345.00]
    67     1.0108     VOLT     27 [27          345.00]   1.0323     VOLT     28 [28          345.00]
    69     1.0298     VOLT     29 [29          345.00]   1.0418     VOLT     30 [30          22.000]
    71     1.0160     VOLT     31 [31          22.000]  0.97807     VOLT     32 [32          22.000]
    73    0.96310     VOLT     33 [33          22.000]  0.94959     VOLT     34 [34          22.000]
    75     1.0200     VOLT     35 [35          22.000]   1.0564     VOLT     36 [36          22.000]
    77     1.0084     VOLT     37 [37          22.000]   1.0047     VOLT     38 [38          22.000]
    79     1.0238     VOLT     39 [39          22.000]   5833.6     PMECH FOR ALL BUSES
    81     5850.8     PELEC FOR ALL BUSES               -17.201     PACCL FOR ALL BUSES
    83     5805.6     PLOAD FOR ALL BUSES                45.192     PE-PL FOR ALL BUSES

 63.0043 -2.30476E-03 -2.30016E-03 -2.21898E-03 -2.29472E-03 -2.30784E-03 -2.31992E-03
     7   -2.29839E-03 -2.30140E-03   0.0000     -2.30179E-03   1.3635       2.9836
    13     2.1787       2.4615       4.7334       2.6389       2.3731       2.0929
    19     0.0000       1.0437       0.0000       0.0000     -4.66185E-02 -0.11824
    25     0.0000       0.0000     -9.40524E-02 -9.48992E-02   0.0000       0.0000
    31     3.0206       6.2698       7.0284       6.8568       5.6215       7.0361
    37     6.1330       5.9356       0.0000       9.6934       1.0420       1.0430
    43     1.0272       1.0302       1.0492       1.0507       1.0382       1.0360
    49     1.0409       1.0381       1.0409       1.0245       1.0329       1.0239
    55    0.99026      0.99051       1.0033       1.0111       1.0036      0.93792
    61    0.99363       1.0171       1.0153      0.99724       1.0378       1.0281
    67     1.0108       1.0323       1.0298       1.0418       1.0160      0.97807
    73    0.96310      0.94959       1.0200       1.0564       1.0084       1.0047
    79     1.0238       5833.6       5850.8      -17.201       5805.6       45.192

 Channel output file is "ne_2.out"

    TIME X- VALUE --X X--------- IDENTIFIER ---------X X- VALUE --X X--------- IDENTIFIER ---------X
 63.0043 -2.30476E-03 SPD     30[30          22.000]1  -2.30016E-03 SPD     31[31          22.000]1
     3   -2.21898E-03 SPD     32[32          22.000]1  -2.29472E-03 SPD     33[33          22.000]1
     5   -2.30784E-03 SPD     34[34          22.000]1  -2.31992E-03 SPD     35[35          22.000]1
     7   -2.29839E-03 SPD     36[36          22.000]1  -2.30140E-03 SPD     37[37          22.000]1
     9     0.0000     SPD     38[38          22.000]1  -2.30179E-03 SPD     39[39          22.000]1
    11     1.3635     EFD     30[30          22.000]1    2.9836     EFD     31[31          22.000]1
    13     2.1787     EFD     32[32          22.000]1    2.4615     EFD     33[33          22.000]1
    15     4.7334     EFD     34[34          22.000]1    2.6389     EFD     35[35          22.000]1
    17     2.3731     EFD     36[36          22.000]1    2.0929     EFD     37[37          22.000]1
    19     0.0000     EFD     38[38          22.000]1    1.0437     EFD     39[39          22.000]1
    21     0.0000     VOEL    30[30          22.000]1    0.0000     VOEL    31[31          22.000]1
    23   -4.66185E-02 VOEL    32[32          22.000]1  -0.11824     VOEL    33[33          22.000]1
    25     0.0000     VOEL    34[34          22.000]1    0.0000     VOEL    35[35          22.000]1
    27   -9.40524E-02 VOEL    36[36          22.000]1  -9.48992E-02 VOEL    37[37          22.000]1
    29     0.0000     VOEL    38[38          22.000]1    0.0000     VOEL    39[39          22.000]1
    31     3.0205     POWR    30[30          22.000]1    6.2697     POWR    31[31          22.000]1
    33     7.0283     POWR    32[32          22.000]1    6.8566     POWR    33[33          22.000]1
    35     5.6214     POWR    34[34          22.000]1    7.0359     POWR    35[35          22.000]1
    37     6.1329     POWR    36[36          22.000]1    5.9355     POWR    37[37          22.000]1
    39     0.0000     POWR    38[38          22.000]1    9.6932     POWR    39[39          22.000]1
    41     1.0420     VOLT      1 [1           345.00]   1.0430     VOLT      2 [2           345.00]
    43     1.0272     VOLT      3 [3           345.00]   1.0302     VOLT      4 [4           345.00]
    45     1.0492     VOLT      5 [5           345.00]   1.0507     VOLT      6 [6           345.00]
    47     1.0382     VOLT      7 [7           345.00]   1.0360     VOLT      8 [8           345.00]
    49     1.0409     VOLT      9 [9           345.00]   1.0381     VOLT     10 [10          345.00]
    51     1.0409     VOLT     11 [11          345.00]   1.0245     VOLT     12 [12          345.00]
    53     1.0329     VOLT     13 [13          345.00]   1.0239     VOLT     14 [14          345.00]
    55    0.99026     VOLT     15 [15          345.00]  0.99051     VOLT     16 [16          345.00]
    57     1.0033     VOLT     17 [17          345.00]   1.0111     VOLT     18 [18          345.00]
    59     1.0036     VOLT     19 [19          345.00]  0.93792     VOLT     20 [20          345.00]
    61    0.99363     VOLT     21 [21          345.00]   1.0171     VOLT     22 [22          345.00]
    63     1.0153     VOLT     23 [23          345.00]  0.99724     VOLT     24 [24          345.00]
    65     1.0378     VOLT     25 [25          345.00]   1.0281     VOLT     26 [26          345.00]
    67     1.0108     VOLT     27 [27          345.00]   1.0323     VOLT     28 [28          345.00]
    69     1.0298     VOLT     29 [29          345.00]   1.0418     VOLT     30 [30          22.000]
    71     1.0160     VOLT     31 [31          22.000]  0.97807     VOLT     32 [32          22.000]
    73    0.96310     VOLT     33 [33          22.000]  0.94959     VOLT     34 [34          22.000]
    75     1.0200     VOLT     35 [35          22.000]   1.0564     VOLT     36 [36          22.000]
    77     1.0084     VOLT     37 [37          22.000]   1.0047     VOLT     38 [38          22.000]
    79     1.0238     VOLT     39 [39          22.000]   5833.6     PMECH FOR ALL BUSES
    81     5850.8     PELEC FOR ALL BUSES               -17.201     PACCL FOR ALL BUSES
    83     5805.6     PLOAD FOR ALL BUSES                45.192     PE-PL FOR ALL BUSES

 64.0045 -2.02994E-03 -2.03802E-03 -1.96808E-03 -2.04528E-03 -2.07590E-03 -2.06178E-03
     7   -2.04546E-03 -2.03212E-03   0.0000     -2.00318E-03   1.3681       2.9955
    13     2.1869       2.4641       4.7369       2.6490       2.3761       2.0951
    19     0.0000       1.0437       0.0000       0.0000     -5.39622E-02 -0.12060
    25     0.0000       0.0000     -9.67434E-02 -9.68412E-02   0.0000       0.0000
    31     3.0013       6.2442       7.0054       6.8341       5.5981       7.0151
    37     6.1114       5.9131       0.0000       9.7796       1.0420       1.0430
    43     1.0272       1.0302       1.0492       1.0507       1.0382       1.0360
    49     1.0409       1.0381       1.0409       1.0245       1.0329       1.0239
    55    0.99026      0.99051       1.0033       1.0111       1.0036      0.93792
    61    0.99363       1.0171       1.0153      0.99724       1.0378       1.0281
    67     1.0108       1.0323       1.0298       1.0418       1.0160      0.97807
    73    0.96310      0.94959       1.0200       1.0564       1.0084       1.0047
    79     1.0238       5833.6       5850.8      -17.201       5805.6       45.192

 Channel output file is "ne_2.out"

    TIME X- VALUE --X X--------- IDENTIFIER ---------X X- VALUE --X X--------- IDENTIFIER ---------X
 64.0045 -2.02994E-03 SPD     30[30          22.000]1  -2.03802E-03 SPD     31[31          22.000]1
     3   -1.96808E-03 SPD     32[32          22.000]1  -2.04528E-03 SPD     33[33          22.000]1
     5   -2.07590E-03 SPD     34[34          22.000]1  -2.06178E-03 SPD     35[35          22.000]1
     7   -2.04546E-03 SPD     36[36          22.000]1  -2.03212E-03 SPD     37[37          22.000]1
     9     0.0000     SPD     38[38          22.000]1  -2.00318E-03 SPD     39[39          22.000]1
    11     1.3681     EFD     30[30          22.000]1    2.9955     EFD     31[31          22.000]1
    13     2.1869     EFD     32[32          22.000]1    2.4641     EFD     33[33          22.000]1
    15     4.7369     EFD     34[34          22.000]1    2.6490     EFD     35[35          22.000]1
    17     2.3761     EFD     36[36          22.000]1    2.0951     EFD     37[37          22.000]1
    19     0.0000     EFD     38[38          22.000]1    1.0437     EFD     39[39          22.000]1
    21     0.0000     VOEL    30[30          22.000]1    0.0000     VOEL    31[31          22.000]1
    23   -5.39622E-02 VOEL    32[32          22.000]1  -0.12060     VOEL    33[33          22.000]1
    25     0.0000     VOEL    34[34          22.000]1    0.0000     VOEL    35[35          22.000]1
    27   -9.67434E-02 VOEL    36[36          22.000]1  -9.68412E-02 VOEL    37[37          22.000]1
    29     0.0000     VOEL    38[38          22.000]1    0.0000     VOEL    39[39          22.000]1
    31     3.0012     POWR    30[30          22.000]1    6.2441     POWR    31[31          22.000]1
    33     7.0053     POWR    32[32          22.000]1    6.8340     POWR    33[33          22.000]1
    35     5.5981     POWR    34[34          22.000]1    7.0150     POWR    35[35          22.000]1
    37     6.1113     POWR    36[36          22.000]1    5.9130     POWR    37[37          22.000]1
    39     0.0000     POWR    38[38          22.000]1    9.7795     POWR    39[39          22.000]1
    41     1.0420     VOLT      1 [1           345.00]   1.0430     VOLT      2 [2           345.00]
    43     1.0272     VOLT      3 [3           345.00]   1.0302     VOLT      4 [4           345.00]
    45     1.0492     VOLT      5 [5           345.00]   1.0507     VOLT      6 [6           345.00]
    47     1.0382     VOLT      7 [7           345.00]   1.0360     VOLT      8 [8           345.00]
    49     1.0409     VOLT      9 [9           345.00]   1.0381     VOLT     10 [10          345.00]
    51     1.0409     VOLT     11 [11          345.00]   1.0245     VOLT     12 [12          345.00]
    53     1.0329     VOLT     13 [13          345.00]   1.0239     VOLT     14 [14          345.00]
    55    0.99026     VOLT     15 [15          345.00]  0.99051     VOLT     16 [16          345.00]
    57     1.0033     VOLT     17 [17          345.00]   1.0111     VOLT     18 [18          345.00]
    59     1.0036     VOLT     19 [19          345.00]  0.93792     VOLT     20 [20          345.00]
    61    0.99363     VOLT     21 [21          345.00]   1.0171     VOLT     22 [22          345.00]
    63     1.0153     VOLT     23 [23          345.00]  0.99724     VOLT     24 [24          345.00]
    65     1.0378     VOLT     25 [25          345.00]   1.0281     VOLT     26 [26          345.00]
    67     1.0108     VOLT     27 [27          345.00]   1.0323     VOLT     28 [28          345.00]
    69     1.0298     VOLT     29 [29          345.00]   1.0418     VOLT     30 [30          22.000]
    71     1.0160     VOLT     31 [31          22.000]  0.97807     VOLT     32 [32          22.000]
    73    0.96310     VOLT     33 [33          22.000]  0.94959     VOLT     34 [34          22.000]
    75     1.0200     VOLT     35 [35          22.000]   1.0564     VOLT     36 [36          22.000]
    77     1.0084     VOLT     37 [37          22.000]   1.0047     VOLT     38 [38          22.000]
    79     1.0238     VOLT     39 [39          22.000]   5833.6     PMECH FOR ALL BUSES
    81     5850.8     PELEC FOR ALL BUSES               -17.201     PACCL FOR ALL BUSES
    83     5805.6     PLOAD FOR ALL BUSES                45.192     PE-PL FOR ALL BUSES

 65.0039 -1.88667E-03 -1.89682E-03 -1.84256E-03 -1.91538E-03 -1.94983E-03 -1.92065E-03
     7   -1.91187E-03 -1.89389E-03   0.0000     -1.85508E-03   1.3656       2.9979
    13     2.1911       2.4619       4.7190       2.6460       2.3747       2.0943
    19     0.0000       1.0437       0.0000       0.0000     -5.77696E-02 -0.11858
    25     0.0000       0.0000     -9.54768E-02 -9.61283E-02   0.0000       0.0000
    31     2.9895       6.2261       6.9902       6.8174       5.5800       6.9997
    37     6.0945       5.8958       0.0000       9.9639       1.0420       1.0430
    43     1.0272       1.0302       1.0492       1.0507       1.0382       1.0360
    49     1.0409       1.0381       1.0409       1.0245       1.0329       1.0239
    55    0.99026      0.99051       1.0033       1.0111       1.0036      0.93792
    61    0.99363       1.0171       1.0153      0.99724       1.0378       1.0281
    67     1.0108       1.0323       1.0298       1.0418       1.0160      0.97807
    73    0.96310      0.94959       1.0200       1.0564       1.0084       1.0047
    79     1.0238       5833.6       5850.8      -17.201       5805.6       45.192

 Channel output file is "ne_2.out"

    TIME X- VALUE --X X--------- IDENTIFIER ---------X X- VALUE --X X--------- IDENTIFIER ---------X
 65.0039 -1.88667E-03 SPD     30[30          22.000]1  -1.89682E-03 SPD     31[31          22.000]1
     3   -1.84256E-03 SPD     32[32          22.000]1  -1.91538E-03 SPD     33[33          22.000]1
     5   -1.94983E-03 SPD     34[34          22.000]1  -1.92065E-03 SPD     35[35          22.000]1
     7   -1.91187E-03 SPD     36[36          22.000]1  -1.89389E-03 SPD     37[37          22.000]1
     9     0.0000     SPD     38[38          22.000]1  -1.85508E-03 SPD     39[39          22.000]1
    11     1.3656     EFD     30[30          22.000]1    2.9979     EFD     31[31          22.000]1
    13     2.1911     EFD     32[32          22.000]1    2.4619     EFD     33[33          22.000]1
    15     4.7190     EFD     34[34          22.000]1    2.6460     EFD     35[35          22.000]1
    17     2.3747     EFD     36[36          22.000]1    2.0943     EFD     37[37          22.000]1
    19     0.0000     EFD     38[38          22.000]1    1.0437     EFD     39[39          22.000]1
    21     0.0000     VOEL    30[30          22.000]1    0.0000     VOEL    31[31          22.000]1
    23   -5.77696E-02 VOEL    32[32          22.000]1  -0.11858     VOEL    33[33          22.000]1
    25     0.0000     VOEL    34[34          22.000]1    0.0000     VOEL    35[35          22.000]1
    27   -9.54768E-02 VOEL    36[36          22.000]1  -9.61283E-02 VOEL    37[37          22.000]1
    29     0.0000     VOEL    38[38          22.000]1    0.0000     VOEL    39[39          22.000]1
    31     2.9894     POWR    30[30          22.000]1    6.2260     POWR    31[31          22.000]1
    33     6.9902     POWR    32[32          22.000]1    6.8173     POWR    33[33          22.000]1
    35     5.5799     POWR    34[34          22.000]1    6.9996     POWR    35[35          22.000]1
    37     6.0944     POWR    36[36          22.000]1    5.8957     POWR    37[37          22.000]1
    39     0.0000     POWR    38[38          22.000]1    9.9638     POWR    39[39          22.000]1
    41     1.0420     VOLT      1 [1           345.00]   1.0430     VOLT      2 [2           345.00]
    43     1.0272     VOLT      3 [3           345.00]   1.0302     VOLT      4 [4           345.00]
    45     1.0492     VOLT      5 [5           345.00]   1.0507     VOLT      6 [6           345.00]
    47     1.0382     VOLT      7 [7           345.00]   1.0360     VOLT      8 [8           345.00]
    49     1.0409     VOLT      9 [9           345.00]   1.0381     VOLT     10 [10          345.00]
    51     1.0409     VOLT     11 [11          345.00]   1.0245     VOLT     12 [12          345.00]
    53     1.0329     VOLT     13 [13          345.00]   1.0239     VOLT     14 [14          345.00]
    55    0.99026     VOLT     15 [15          345.00]  0.99051     VOLT     16 [16          345.00]
    57     1.0033     VOLT     17 [17          345.00]   1.0111     VOLT     18 [18          345.00]
    59     1.0036     VOLT     19 [19          345.00]  0.93792     VOLT     20 [20          345.00]
    61    0.99363     VOLT     21 [21          345.00]   1.0171     VOLT     22 [22          345.00]
    63     1.0153     VOLT     23 [23          345.00]  0.99724     VOLT     24 [24          345.00]
    65     1.0378     VOLT     25 [25          345.00]   1.0281     VOLT     26 [26          345.00]
    67     1.0108     VOLT     27 [27          345.00]   1.0323     VOLT     28 [28          345.00]
    69     1.0298     VOLT     29 [29          345.00]   1.0418     VOLT     30 [30          22.000]
    71     1.0160     VOLT     31 [31          22.000]  0.97807     VOLT     32 [32          22.000]
    73    0.96310     VOLT     33 [33          22.000]  0.94959     VOLT     34 [34          22.000]
    75     1.0200     VOLT     35 [35          22.000]   1.0564     VOLT     36 [36          22.000]
    77     1.0084     VOLT     37 [37          22.000]   1.0047     VOLT     38 [38          22.000]
    79     1.0238     VOLT     39 [39          22.000]   5833.6     PMECH FOR ALL BUSES
    81     5850.8     PELEC FOR ALL BUSES               -17.201     PACCL FOR ALL BUSES
    83     5805.6     PLOAD FOR ALL BUSES                45.192     PE-PL FOR ALL BUSES

 66.0034 -1.91152E-03 -1.91998E-03 -1.87807E-03 -1.94189E-03 -1.96478E-03 -1.93705E-03
     7   -1.93326E-03 -1.91887E-03   0.0000     -1.88683E-03   1.3598       2.9948
    13     2.1930       2.4572       4.6928       2.6350       2.3712       2.0921
    19     0.0000       1.0437       0.0000       0.0000     -5.94320E-02 -0.11442
    25     0.0000       0.0000     -9.23094E-02 -9.41298E-02   0.0000       0.0000
    31     2.9864       6.2189       6.9848       6.8101       5.5720       6.9936
    37     6.0867       5.8879       0.0000       10.127       1.0420       1.0430
    43     1.0272       1.0302       1.0492       1.0507       1.0382       1.0360
    49     1.0409       1.0381       1.0409       1.0245       1.0329       1.0239
    55    0.99026      0.99051       1.0033       1.0111       1.0036      0.93792
    61    0.99363       1.0171       1.0153      0.99724       1.0378       1.0281
    67     1.0108       1.0323       1.0298       1.0418       1.0160      0.97807
    73    0.96310      0.94959       1.0200       1.0564       1.0084       1.0047
    79     1.0238       5833.6       5850.8      -17.201       5805.6       45.192

 Channel output file is "ne_2.out"

    TIME X- VALUE --X X--------- IDENTIFIER ---------X X- VALUE --X X--------- IDENTIFIER ---------X
 66.0034 -1.91152E-03 SPD     30[30          22.000]1  -1.91998E-03 SPD     31[31          22.000]1
     3   -1.87807E-03 SPD     32[32          22.000]1  -1.94189E-03 SPD     33[33          22.000]1
     5   -1.96478E-03 SPD     34[34          22.000]1  -1.93705E-03 SPD     35[35          22.000]1
     7   -1.93326E-03 SPD     36[36          22.000]1  -1.91887E-03 SPD     37[37          22.000]1
     9     0.0000     SPD     38[38          22.000]1  -1.88683E-03 SPD     39[39          22.000]1
    11     1.3598     EFD     30[30          22.000]1    2.9948     EFD     31[31          22.000]1
    13     2.1930     EFD     32[32          22.000]1    2.4572     EFD     33[33          22.000]1
    15     4.6928     EFD     34[34          22.000]1    2.6350     EFD     35[35          22.000]1
    17     2.3712     EFD     36[36          22.000]1    2.0921     EFD     37[37          22.000]1
    19     0.0000     EFD     38[38          22.000]1    1.0437     EFD     39[39          22.000]1
    21     0.0000     VOEL    30[30          22.000]1    0.0000     VOEL    31[31          22.000]1
    23   -5.94320E-02 VOEL    32[32          22.000]1  -0.11442     VOEL    33[33          22.000]1
    25     0.0000     VOEL    34[34          22.000]1    0.0000     VOEL    35[35          22.000]1
    27   -9.23094E-02 VOEL    36[36          22.000]1  -9.41298E-02 VOEL    37[37          22.000]1
    29     0.0000     VOEL    38[38          22.000]1    0.0000     VOEL    39[39          22.000]1
    31     2.9863     POWR    30[30          22.000]1    6.2188     POWR    31[31          22.000]1
    33     6.9848     POWR    32[32          22.000]1    6.8100     POWR    33[33          22.000]1
    35     5.5720     POWR    34[34          22.000]1    6.9935     POWR    35[35          22.000]1
    37     6.0866     POWR    36[36          22.000]1    5.8878     POWR    37[37          22.000]1
    39     0.0000     POWR    38[38          22.000]1    10.126     POWR    39[39          22.000]1
    41     1.0420     VOLT      1 [1           345.00]   1.0430     VOLT      2 [2           345.00]
    43     1.0272     VOLT      3 [3           345.00]   1.0302     VOLT      4 [4           345.00]
    45     1.0492     VOLT      5 [5           345.00]   1.0507     VOLT      6 [6           345.00]
    47     1.0382     VOLT      7 [7           345.00]   1.0360     VOLT      8 [8           345.00]
    49     1.0409     VOLT      9 [9           345.00]   1.0381     VOLT     10 [10          345.00]
    51     1.0409     VOLT     11 [11          345.00]   1.0245     VOLT     12 [12          345.00]
    53     1.0329     VOLT     13 [13          345.00]   1.0239     VOLT     14 [14          345.00]
    55    0.99026     VOLT     15 [15          345.00]  0.99051     VOLT     16 [16          345.00]
    57     1.0033     VOLT     17 [17          345.00]   1.0111     VOLT     18 [18          345.00]
    59     1.0036     VOLT     19 [19          345.00]  0.93792     VOLT     20 [20          345.00]
    61    0.99363     VOLT     21 [21          345.00]   1.0171     VOLT     22 [22          345.00]
    63     1.0153     VOLT     23 [23          345.00]  0.99724     VOLT     24 [24          345.00]
    65     1.0378     VOLT     25 [25          345.00]   1.0281     VOLT     26 [26          345.00]
    67     1.0108     VOLT     27 [27          345.00]   1.0323     VOLT     28 [28          345.00]
    69     1.0298     VOLT     29 [29          345.00]   1.0418     VOLT     30 [30          22.000]
    71     1.0160     VOLT     31 [31          22.000]  0.97807     VOLT     32 [32          22.000]
    73    0.96310     VOLT     33 [33          22.000]  0.94959     VOLT     34 [34          22.000]
    75     1.0200     VOLT     35 [35          22.000]   1.0564     VOLT     36 [36          22.000]
    77     1.0084     VOLT     37 [37          22.000]   1.0047     VOLT     38 [38          22.000]
    79     1.0238     VOLT     39 [39          22.000]   5833.6     PMECH FOR ALL BUSES
    81     5850.8     PELEC FOR ALL BUSES               -17.201     PACCL FOR ALL BUSES
    83     5805.6     PLOAD FOR ALL BUSES                45.192     PE-PL FOR ALL BUSES

 67.0028 -2.05615E-03 -2.05884E-03 -2.02610E-03 -2.07445E-03 -2.08545E-03 -2.06800E-03
     7   -2.06832E-03 -2.06250E-03   0.0000     -2.04664E-03   1.3544       2.9909
    13     2.1941       2.4527       4.6696       2.6231       2.3678       2.0899
    19     0.0000       1.0437       0.0000       0.0000     -6.04877E-02 -0.11034
    25     0.0000       0.0000     -8.92433E-02 -9.21790E-02   0.0000       0.0000
    31     2.9885       6.2192       6.9867       6.8104       5.5711       6.9944
    37     6.0869       5.8877       0.0000       10.214       1.0420       1.0430
    43     1.0272       1.0302       1.0492       1.0507       1.0382       1.0360
    49     1.0409       1.0381       1.0409       1.0245       1.0329       1.0239
    55    0.99026      0.99051       1.0033       1.0111       1.0036      0.93792
    61    0.99363       1.0171       1.0153      0.99724       1.0378       1.0281
    67     1.0108       1.0323       1.0298       1.0418       1.0160      0.97807
    73    0.96310      0.94959       1.0200       1.0564       1.0084       1.0047
    79     1.0238       5833.6       5850.8      -17.201       5805.6       45.192

 Channel output file is "ne_2.out"

    TIME X- VALUE --X X--------- IDENTIFIER ---------X X- VALUE --X X--------- IDENTIFIER ---------X
 67.0028 -2.05615E-03 SPD     30[30          22.000]1  -2.05884E-03 SPD     31[31          22.000]1
     3   -2.02610E-03 SPD     32[32          22.000]1  -2.07445E-03 SPD     33[33          22.000]1
     5   -2.08545E-03 SPD     34[34          22.000]1  -2.06800E-03 SPD     35[35          22.000]1
     7   -2.06832E-03 SPD     36[36          22.000]1  -2.06250E-03 SPD     37[37          22.000]1
     9     0.0000     SPD     38[38          22.000]1  -2.04664E-03 SPD     39[39          22.000]1
    11     1.3544     EFD     30[30          22.000]1    2.9909     EFD     31[31          22.000]1
    13     2.1941     EFD     32[32          22.000]1    2.4527     EFD     33[33          22.000]1
    15     4.6696     EFD     34[34          22.000]1    2.6231     EFD     35[35          22.000]1
    17     2.3678     EFD     36[36          22.000]1    2.0899     EFD     37[37          22.000]1
    19     0.0000     EFD     38[38          22.000]1    1.0437     EFD     39[39          22.000]1
    21     0.0000     VOEL    30[30          22.000]1    0.0000     VOEL    31[31          22.000]1
    23   -6.04877E-02 VOEL    32[32          22.000]1  -0.11034     VOEL    33[33          22.000]1
    25     0.0000     VOEL    34[34          22.000]1    0.0000     VOEL    35[35          22.000]1
    27   -8.92433E-02 VOEL    36[36          22.000]1  -9.21790E-02 VOEL    37[37          22.000]1
    29     0.0000     VOEL    38[38          22.000]1    0.0000     VOEL    39[39          22.000]1
    31     2.9884     POWR    30[30          22.000]1    6.2191     POWR    31[31          22.000]1
    33     6.9866     POWR    32[32          22.000]1    6.8103     POWR    33[33          22.000]1
    35     5.5710     POWR    34[34          22.000]1    6.9943     POWR    35[35          22.000]1
    37     6.0868     POWR    36[36          22.000]1    5.8876     POWR    37[37          22.000]1
    39     0.0000     POWR    38[38          22.000]1    10.214     POWR    39[39          22.000]1
    41     1.0420     VOLT      1 [1           345.00]   1.0430     VOLT      2 [2           345.00]
    43     1.0272     VOLT      3 [3           345.00]   1.0302     VOLT      4 [4           345.00]
    45     1.0492     VOLT      5 [5           345.00]   1.0507     VOLT      6 [6           345.00]
    47     1.0382     VOLT      7 [7           345.00]   1.0360     VOLT      8 [8           345.00]
    49     1.0409     VOLT      9 [9           345.00]   1.0381     VOLT     10 [10          345.00]
    51     1.0409     VOLT     11 [11          345.00]   1.0245     VOLT     12 [12          345.00]
    53     1.0329     VOLT     13 [13          345.00]   1.0239     VOLT     14 [14          345.00]
    55    0.99026     VOLT     15 [15          345.00]  0.99051     VOLT     16 [16          345.00]
    57     1.0033     VOLT     17 [17          345.00]   1.0111     VOLT     18 [18          345.00]
    59     1.0036     VOLT     19 [19          345.00]  0.93792     VOLT     20 [20          345.00]
    61    0.99363     VOLT     21 [21          345.00]   1.0171     VOLT     22 [22          345.00]
    63     1.0153     VOLT     23 [23          345.00]  0.99724     VOLT     24 [24          345.00]
    65     1.0378     VOLT     25 [25          345.00]   1.0281     VOLT     26 [26          345.00]
    67     1.0108     VOLT     27 [27          345.00]   1.0323     VOLT     28 [28          345.00]
    69     1.0298     VOLT     29 [29          345.00]   1.0418     VOLT     30 [30          22.000]
    71     1.0160     VOLT     31 [31          22.000]  0.97807     VOLT     32 [32          22.000]
    73    0.96310     VOLT     33 [33          22.000]  0.94959     VOLT     34 [34          22.000]
    75     1.0200     VOLT     35 [35          22.000]   1.0564     VOLT     36 [36          22.000]
    77     1.0084     VOLT     37 [37          22.000]   1.0047     VOLT     38 [38          22.000]
    79     1.0238     VOLT     39 [39          22.000]   5833.6     PMECH FOR ALL BUSES
    81     5850.8     PELEC FOR ALL BUSES               -17.201     PACCL FOR ALL BUSES
    83     5805.6     PLOAD FOR ALL BUSES                45.192     PE-PL FOR ALL BUSES

 68.0023 -2.24079E-03 -2.23859E-03 -2.21167E-03 -2.24643E-03 -2.24618E-03 -2.24069E-03
     7   -2.24186E-03 -2.24386E-03   0.0000     -2.24410E-03   1.3517       2.9895
    13     2.1959       2.4500       4.6567       2.6152       2.3659       2.0888
    19     0.0000       1.0437       0.0000       0.0000     -6.20753E-02 -0.10789
    25     0.0000       0.0000     -8.75797E-02 -9.11426E-02   0.0000       0.0000
    31     2.9923       6.2240       6.9916       6.8155       5.5746       6.9986
    37     6.0913       5.8920       0.0000       10.210       1.0420       1.0430
    43     1.0272       1.0302       1.0492       1.0507       1.0382       1.0360
    49     1.0409       1.0381       1.0409       1.0245       1.0329       1.0239
    55    0.99026      0.99051       1.0033       1.0111       1.0036      0.93792
    61    0.99363       1.0171       1.0153      0.99724       1.0378       1.0281
    67     1.0108       1.0323       1.0298       1.0418       1.0160      0.97807
    73    0.96310      0.94959       1.0200       1.0564       1.0084       1.0047
    79     1.0238       5833.6       5850.8      -17.201       5805.6       45.192

 Channel output file is "ne_2.out"

    TIME X- VALUE --X X--------- IDENTIFIER ---------X X- VALUE --X X--------- IDENTIFIER ---------X
 68.0023 -2.24079E-03 SPD     30[30          22.000]1  -2.23859E-03 SPD     31[31          22.000]1
     3   -2.21167E-03 SPD     32[32          22.000]1  -2.24643E-03 SPD     33[33          22.000]1
     5   -2.24618E-03 SPD     34[34          22.000]1  -2.24069E-03 SPD     35[35          22.000]1
     7   -2.24186E-03 SPD     36[36          22.000]1  -2.24386E-03 SPD     37[37          22.000]1
     9     0.0000     SPD     38[38          22.000]1  -2.24410E-03 SPD     39[39          22.000]1
    11     1.3517     EFD     30[30          22.000]1    2.9895     EFD     31[31          22.000]1
    13     2.1959     EFD     32[32          22.000]1    2.4500     EFD     33[33          22.000]1
    15     4.6567     EFD     34[34          22.000]1    2.6152     EFD     35[35          22.000]1
    17     2.3659     EFD     36[36          22.000]1    2.0888     EFD     37[37          22.000]1
    19     0.0000     EFD     38[38          22.000]1    1.0437     EFD     39[39          22.000]1
    21     0.0000     VOEL    30[30          22.000]1    0.0000     VOEL    31[31          22.000]1
    23   -6.20753E-02 VOEL    32[32          22.000]1  -0.10789     VOEL    33[33          22.000]1
    25     0.0000     VOEL    34[34          22.000]1    0.0000     VOEL    35[35          22.000]1
    27   -8.75797E-02 VOEL    36[36          22.000]1  -9.11426E-02 VOEL    37[37          22.000]1
    29     0.0000     VOEL    38[38          22.000]1    0.0000     VOEL    39[39          22.000]1
    31     2.9922     POWR    30[30          22.000]1    6.2239     POWR    31[31          22.000]1
    33     6.9915     POWR    32[32          22.000]1    6.8154     POWR    33[33          22.000]1
    35     5.5745     POWR    34[34          22.000]1    6.9985     POWR    35[35          22.000]1
    37     6.0912     POWR    36[36          22.000]1    5.8918     POWR    37[37          22.000]1
    39     0.0000     POWR    38[38          22.000]1    10.210     POWR    39[39          22.000]1
    41     1.0420     VOLT      1 [1           345.00]   1.0430     VOLT      2 [2           345.00]
    43     1.0272     VOLT      3 [3           345.00]   1.0302     VOLT      4 [4           345.00]
    45     1.0492     VOLT      5 [5           345.00]   1.0507     VOLT      6 [6           345.00]
    47     1.0382     VOLT      7 [7           345.00]   1.0360     VOLT      8 [8           345.00]
    49     1.0409     VOLT      9 [9           345.00]   1.0381     VOLT     10 [10          345.00]
    51     1.0409     VOLT     11 [11          345.00]   1.0245     VOLT     12 [12          345.00]
    53     1.0329     VOLT     13 [13          345.00]   1.0239     VOLT     14 [14          345.00]
    55    0.99026     VOLT     15 [15          345.00]  0.99051     VOLT     16 [16          345.00]
    57     1.0033     VOLT     17 [17          345.00]   1.0111     VOLT     18 [18          345.00]
    59     1.0036     VOLT     19 [19          345.00]  0.93792     VOLT     20 [20          345.00]
    61    0.99363     VOLT     21 [21          345.00]   1.0171     VOLT     22 [22          345.00]
    63     1.0153     VOLT     23 [23          345.00]  0.99724     VOLT     24 [24          345.00]
    65     1.0378     VOLT     25 [25          345.00]   1.0281     VOLT     26 [26          345.00]
    67     1.0108     VOLT     27 [27          345.00]   1.0323     VOLT     28 [28          345.00]
    69     1.0298     VOLT     29 [29          345.00]   1.0418     VOLT     30 [30          22.000]
    71     1.0160     VOLT     31 [31          22.000]  0.97807     VOLT     32 [32          22.000]
    73    0.96310     VOLT     33 [33          22.000]  0.94959     VOLT     34 [34          22.000]
    75     1.0200     VOLT     35 [35          22.000]   1.0564     VOLT     36 [36          22.000]
    77     1.0084     VOLT     37 [37          22.000]   1.0047     VOLT     38 [38          22.000]
    79     1.0238     VOLT     39 [39          22.000]   5833.6     PMECH FOR ALL BUSES
    81     5850.8     PELEC FOR ALL BUSES               -17.201     PACCL FOR ALL BUSES
    83     5805.6     PLOAD FOR ALL BUSES                45.192     PE-PL FOR ALL BUSES

 69.0017 -2.39010E-03 -2.38607E-03 -2.36210E-03 -2.38694E-03 -2.37966E-03 -2.38259E-03
     7   -2.38318E-03 -2.39076E-03   0.0000     -2.40193E-03   1.3523       2.9915
    13     2.1986       2.4494       4.6546       2.6132       2.3659       2.0888
    19     0.0000       1.0437       0.0000       0.0000     -6.44863E-02 -0.10736
    25     0.0000       0.0000     -8.75497E-02 -9.11808E-02   0.0000       0.0000
    31     2.9947       6.2286       6.9963       6.8202       5.5787       7.0026
    37     6.0963       5.8973       0.0000       10.145       1.0420       1.0430
    43     1.0272       1.0302       1.0492       1.0507       1.0382       1.0360
    49     1.0409       1.0381       1.0409       1.0245       1.0329       1.0239
    55    0.99026      0.99051       1.0033       1.0111       1.0036      0.93792
    61    0.99363       1.0171       1.0153      0.99724       1.0378       1.0281
    67     1.0108       1.0323       1.0298       1.0418       1.0160      0.97807
    73    0.96310      0.94959       1.0200       1.0564       1.0084       1.0047
    79     1.0238       5833.6       5850.8      -17.201       5805.6       45.192

 Channel output file is "ne_2.out"

    TIME X- VALUE --X X--------- IDENTIFIER ---------X X- VALUE --X X--------- IDENTIFIER ---------X
 69.0017 -2.39010E-03 SPD     30[30          22.000]1  -2.38607E-03 SPD     31[31          22.000]1
     3   -2.36210E-03 SPD     32[32          22.000]1  -2.38694E-03 SPD     33[33          22.000]1
     5   -2.37966E-03 SPD     34[34          22.000]1  -2.38259E-03 SPD     35[35          22.000]1
     7   -2.38318E-03 SPD     36[36          22.000]1  -2.39076E-03 SPD     37[37          22.000]1
     9     0.0000     SPD     38[38          22.000]1  -2.40193E-03 SPD     39[39          22.000]1
    11     1.3523     EFD     30[30          22.000]1    2.9915     EFD     31[31          22.000]1
    13     2.1986     EFD     32[32          22.000]1    2.4494     EFD     33[33          22.000]1
    15     4.6546     EFD     34[34          22.000]1    2.6132     EFD     35[35          22.000]1
    17     2.3659     EFD     36[36          22.000]1    2.0888     EFD     37[37          22.000]1
    19     0.0000     EFD     38[38          22.000]1    1.0437     EFD     39[39          22.000]1
    21     0.0000     VOEL    30[30          22.000]1    0.0000     VOEL    31[31          22.000]1
    23   -6.44863E-02 VOEL    32[32          22.000]1  -0.10736     VOEL    33[33          22.000]1
    25     0.0000     VOEL    34[34          22.000]1    0.0000     VOEL    35[35          22.000]1
    27   -8.75497E-02 VOEL    36[36          22.000]1  -9.11808E-02 VOEL    37[37          22.000]1
    29     0.0000     VOEL    38[38          22.000]1    0.0000     VOEL    39[39          22.000]1
    31     2.9945     POWR    30[30          22.000]1    6.2285     POWR    31[31          22.000]1
    33     6.9962     POWR    32[32          22.000]1    6.8201     POWR    33[33          22.000]1
    35     5.5786     POWR    34[34          22.000]1    7.0025     POWR    35[35          22.000]1
    37     6.0962     POWR    36[36          22.000]1    5.8971     POWR    37[37          22.000]1
    39     0.0000     POWR    38[38          22.000]1    10.145     POWR    39[39          22.000]1
    41     1.0420     VOLT      1 [1           345.00]   1.0430     VOLT      2 [2           345.00]
    43     1.0272     VOLT      3 [3           345.00]   1.0302     VOLT      4 [4           345.00]
    45     1.0492     VOLT      5 [5           345.00]   1.0507     VOLT      6 [6           345.00]
    47     1.0382     VOLT      7 [7           345.00]   1.0360     VOLT      8 [8           345.00]
    49     1.0409     VOLT      9 [9           345.00]   1.0381     VOLT     10 [10          345.00]
    51     1.0409     VOLT     11 [11          345.00]   1.0245     VOLT     12 [12          345.00]
    53     1.0329     VOLT     13 [13          345.00]   1.0239     VOLT     14 [14          345.00]
    55    0.99026     VOLT     15 [15          345.00]  0.99051     VOLT     16 [16          345.00]
    57     1.0033     VOLT     17 [17          345.00]   1.0111     VOLT     18 [18          345.00]
    59     1.0036     VOLT     19 [19          345.00]  0.93792     VOLT     20 [20          345.00]
    61    0.99363     VOLT     21 [21          345.00]   1.0171     VOLT     22 [22          345.00]
    63     1.0153     VOLT     23 [23          345.00]  0.99724     VOLT     24 [24          345.00]
    65     1.0378     VOLT     25 [25          345.00]   1.0281     VOLT     26 [26          345.00]
    67     1.0108     VOLT     27 [27          345.00]   1.0323     VOLT     28 [28          345.00]
    69     1.0298     VOLT     29 [29          345.00]   1.0418     VOLT     30 [30          22.000]
    71     1.0160     VOLT     31 [31          22.000]  0.97807     VOLT     32 [32          22.000]
    73    0.96310     VOLT     33 [33          22.000]  0.94959     VOLT     34 [34          22.000]
    75     1.0200     VOLT     35 [35          22.000]   1.0564     VOLT     36 [36          22.000]
    77     1.0084     VOLT     37 [37          22.000]   1.0047     VOLT     38 [38          22.000]
    79     1.0238     VOLT     39 [39          22.000]   5833.6     PMECH FOR ALL BUSES
    81     5850.8     PELEC FOR ALL BUSES               -17.201     PACCL FOR ALL BUSES
    83     5805.6     PLOAD FOR ALL BUSES                45.192     PE-PL FOR ALL BUSES

 70.0012 -2.46591E-03 -2.46174E-03 -2.43963E-03 -2.45811E-03 -2.45017E-03 -2.45659E-03
     7   -2.45543E-03 -2.46492E-03   0.0000     -2.47858E-03   1.3550       2.9961
    13     2.2019       2.4505       4.6604       2.6160       2.3672       2.0898
    19     0.0000       1.0437       0.0000       0.0000     -6.75127E-02 -0.10835
    25     0.0000       0.0000     -8.87687E-02 -9.20383E-02   0.0000       0.0000
    31     2.9948       6.2310       6.9981       6.8222       5.5811       7.0040
    37     6.0993       5.9004       0.0000       10.057       1.0420       1.0430
    43     1.0272       1.0302       1.0492       1.0507       1.0382       1.0360
    49     1.0409       1.0381       1.0409       1.0245       1.0329       1.0239
    55    0.99026      0.99051       1.0033       1.0111       1.0036      0.93792
    61    0.99363       1.0171       1.0153      0.99724       1.0378       1.0281
    67     1.0108       1.0323       1.0298       1.0418       1.0160      0.97807
    73    0.96310      0.94959       1.0200       1.0564       1.0084       1.0047
    79     1.0238       5833.6       5850.8      -17.201       5805.6       45.192

 Channel output file is "ne_2.out"

    TIME X- VALUE --X X--------- IDENTIFIER ---------X X- VALUE --X X--------- IDENTIFIER ---------X
 70.0012 -2.46591E-03 SPD     30[30          22.000]1  -2.46174E-03 SPD     31[31          22.000]1
     3   -2.43963E-03 SPD     32[32          22.000]1  -2.45811E-03 SPD     33[33          22.000]1
     5   -2.45017E-03 SPD     34[34          22.000]1  -2.45659E-03 SPD     35[35          22.000]1
     7   -2.45543E-03 SPD     36[36          22.000]1  -2.46492E-03 SPD     37[37          22.000]1
     9     0.0000     SPD     38[38          22.000]1  -2.47858E-03 SPD     39[39          22.000]1
    11     1.3550     EFD     30[30          22.000]1    2.9961     EFD     31[31          22.000]1
    13     2.2019     EFD     32[32          22.000]1    2.4505     EFD     33[33          22.000]1
    15     4.6604     EFD     34[34          22.000]1    2.6160     EFD     35[35          22.000]1
    17     2.3672     EFD     36[36          22.000]1    2.0898     EFD     37[37          22.000]1
    19     0.0000     EFD     38[38          22.000]1    1.0437     EFD     39[39          22.000]1
    21     0.0000     VOEL    30[30          22.000]1    0.0000     VOEL    31[31          22.000]1
    23   -6.75127E-02 VOEL    32[32          22.000]1  -0.10835     VOEL    33[33          22.000]1
    25     0.0000     VOEL    34[34          22.000]1    0.0000     VOEL    35[35          22.000]1
    27   -8.87687E-02 VOEL    36[36          22.000]1  -9.20383E-02 VOEL    37[37          22.000]1
    29     0.0000     VOEL    38[38          22.000]1    0.0000     VOEL    39[39          22.000]1
    31     2.9947     POWR    30[30          22.000]1    6.2308     POWR    31[31          22.000]1
    33     6.9980     POWR    32[32          22.000]1    6.8221     POWR    33[33          22.000]1
    35     5.5810     POWR    34[34          22.000]1    7.0039     POWR    35[35          22.000]1
    37     6.0992     POWR    36[36          22.000]1    5.9003     POWR    37[37          22.000]1
    39     0.0000     POWR    38[38          22.000]1    10.057     POWR    39[39          22.000]1
    41     1.0420     VOLT      1 [1           345.00]   1.0430     VOLT      2 [2           345.00]
    43     1.0272     VOLT      3 [3           345.00]   1.0302     VOLT      4 [4           345.00]
    45     1.0492     VOLT      5 [5           345.00]   1.0507     VOLT      6 [6           345.00]
    47     1.0382     VOLT      7 [7           345.00]   1.0360     VOLT      8 [8           345.00]
    49     1.0409     VOLT      9 [9           345.00]   1.0381     VOLT     10 [10          345.00]
    51     1.0409     VOLT     11 [11          345.00]   1.0245     VOLT     12 [12          345.00]
    53     1.0329     VOLT     13 [13          345.00]   1.0239     VOLT     14 [14          345.00]
    55    0.99026     VOLT     15 [15          345.00]  0.99051     VOLT     16 [16          345.00]
    57     1.0033     VOLT     17 [17          345.00]   1.0111     VOLT     18 [18          345.00]
    59     1.0036     VOLT     19 [19          345.00]  0.93792     VOLT     20 [20          345.00]
    61    0.99363     VOLT     21 [21          345.00]   1.0171     VOLT     22 [22          345.00]
    63     1.0153     VOLT     23 [23          345.00]  0.99724     VOLT     24 [24          345.00]
    65     1.0378     VOLT     25 [25          345.00]   1.0281     VOLT     26 [26          345.00]
    67     1.0108     VOLT     27 [27          345.00]   1.0323     VOLT     28 [28          345.00]
    69     1.0298     VOLT     29 [29          345.00]   1.0418     VOLT     30 [30          22.000]
    71     1.0160     VOLT     31 [31          22.000]  0.97807     VOLT     32 [32          22.000]
    73    0.96310     VOLT     33 [33          22.000]  0.94959     VOLT     34 [34          22.000]
    75     1.0200     VOLT     35 [35          22.000]   1.0564     VOLT     36 [36          22.000]
    77     1.0084     VOLT     37 [37          22.000]   1.0047     VOLT     38 [38          22.000]
    79     1.0238     VOLT     39 [39          22.000]   5833.6     PMECH FOR ALL BUSES
    81     5850.8     PELEC FOR ALL BUSES               -17.201     PACCL FOR ALL BUSES
    83     5805.6     PLOAD FOR ALL BUSES                45.192     PE-PL FOR ALL BUSES

 71.0006 -2.46278E-03 -2.46159E-03 -2.44195E-03 -2.45734E-03 -2.45314E-03 -2.45754E-03
     7   -2.45447E-03 -2.46659E-03   0.0000     -2.47260E-03   1.3586       3.0017
    13     2.2054       2.4524       4.6692       2.6215       2.3692       2.0911
    19     0.0000       1.0437       0.0000       0.0000     -7.06466E-02 -0.11005
    25     0.0000       0.0000     -9.05031E-02 -9.32425E-02   0.0000       0.0000
    31     2.9927       6.2303       6.9958       6.8217       5.5801       7.0028
    37     6.0983       5.8995       0.0000       9.9852       1.0420       1.0430
    43     1.0272       1.0302       1.0492       1.0507       1.0382       1.0360
    49     1.0409       1.0381       1.0409       1.0245       1.0329       1.0239
    55    0.99026      0.99051       1.0033       1.0111       1.0036      0.93792
    61    0.99363       1.0171       1.0153      0.99724       1.0378       1.0281
    67     1.0108       1.0323       1.0298       1.0418       1.0160      0.97807
    73    0.96310      0.94959       1.0200       1.0564       1.0084       1.0047
    79     1.0238       5833.6       5850.8      -17.201       5805.6       45.192

 Channel output file is "ne_2.out"

    TIME X- VALUE --X X--------- IDENTIFIER ---------X X- VALUE --X X--------- IDENTIFIER ---------X
 71.0006 -2.46278E-03 SPD     30[30          22.000]1  -2.46159E-03 SPD     31[31          22.000]1
     3   -2.44195E-03 SPD     32[32          22.000]1  -2.45734E-03 SPD     33[33          22.000]1
     5   -2.45314E-03 SPD     34[34          22.000]1  -2.45754E-03 SPD     35[35          22.000]1
     7   -2.45447E-03 SPD     36[36          22.000]1  -2.46659E-03 SPD     37[37          22.000]1
     9     0.0000     SPD     38[38          22.000]1  -2.47260E-03 SPD     39[39          22.000]1
    11     1.3586     EFD     30[30          22.000]1    3.0017     EFD     31[31          22.000]1
    13     2.2054     EFD     32[32          22.000]1    2.4524     EFD     33[33          22.000]1
    15     4.6692     EFD     34[34          22.000]1    2.6215     EFD     35[35          22.000]1
    17     2.3692     EFD     36[36          22.000]1    2.0911     EFD     37[37          22.000]1
    19     0.0000     EFD     38[38          22.000]1    1.0437     EFD     39[39          22.000]1
    21     0.0000     VOEL    30[30          22.000]1    0.0000     VOEL    31[31          22.000]1
    23   -7.06466E-02 VOEL    32[32          22.000]1  -0.11005     VOEL    33[33          22.000]1
    25     0.0000     VOEL    34[34          22.000]1    0.0000     VOEL    35[35          22.000]1
    27   -9.05031E-02 VOEL    36[36          22.000]1  -9.32425E-02 VOEL    37[37          22.000]1
    29     0.0000     VOEL    38[38          22.000]1    0.0000     VOEL    39[39          22.000]1
    31     2.9926     POWR    30[30          22.000]1    6.2302     POWR    31[31          22.000]1
    33     6.9957     POWR    32[32          22.000]1    6.8216     POWR    33[33          22.000]1
    35     5.5800     POWR    34[34          22.000]1    7.0026     POWR    35[35          22.000]1
    37     6.0982     POWR    36[36          22.000]1    5.8994     POWR    37[37          22.000]1
    39     0.0000     POWR    38[38          22.000]1    9.9851     POWR    39[39          22.000]1
    41     1.0420     VOLT      1 [1           345.00]   1.0430     VOLT      2 [2           345.00]
    43     1.0272     VOLT      3 [3           345.00]   1.0302     VOLT      4 [4           345.00]
    45     1.0492     VOLT      5 [5           345.00]   1.0507     VOLT      6 [6           345.00]
    47     1.0382     VOLT      7 [7           345.00]   1.0360     VOLT      8 [8           345.00]
    49     1.0409     VOLT      9 [9           345.00]   1.0381     VOLT     10 [10          345.00]
    51     1.0409     VOLT     11 [11          345.00]   1.0245     VOLT     12 [12          345.00]
    53     1.0329     VOLT     13 [13          345.00]   1.0239     VOLT     14 [14          345.00]
    55    0.99026     VOLT     15 [15          345.00]  0.99051     VOLT     16 [16          345.00]
    57     1.0033     VOLT     17 [17          345.00]   1.0111     VOLT     18 [18          345.00]
    59     1.0036     VOLT     19 [19          345.00]  0.93792     VOLT     20 [20          345.00]
    61    0.99363     VOLT     21 [21          345.00]   1.0171     VOLT     22 [22          345.00]
    63     1.0153     VOLT     23 [23          345.00]  0.99724     VOLT     24 [24          345.00]
    65     1.0378     VOLT     25 [25          345.00]   1.0281     VOLT     26 [26          345.00]
    67     1.0108     VOLT     27 [27          345.00]   1.0323     VOLT     28 [28          345.00]
    69     1.0298     VOLT     29 [29          345.00]   1.0418     VOLT     30 [30          22.000]
    71     1.0160     VOLT     31 [31          22.000]  0.97807     VOLT     32 [32          22.000]
    73    0.96310     VOLT     33 [33          22.000]  0.94959     VOLT     34 [34          22.000]
    75     1.0200     VOLT     35 [35          22.000]   1.0564     VOLT     36 [36          22.000]
    77     1.0084     VOLT     37 [37          22.000]   1.0047     VOLT     38 [38          22.000]
    79     1.0238     VOLT     39 [39          22.000]   5833.6     PMECH FOR ALL BUSES
    81     5850.8     PELEC FOR ALL BUSES               -17.201     PACCL FOR ALL BUSES
    83     5805.6     PLOAD FOR ALL BUSES                45.192     PE-PL FOR ALL BUSES

 72.0001 -2.41164E-03 -2.40983E-03 -2.39159E-03 -2.40578E-03 -2.40622E-03 -2.40715E-03
     7   -2.40405E-03 -2.40923E-03   0.0000     -2.41266E-03   1.3616       3.0067
    13     2.2084       2.4541       4.6765       2.6268       2.3709       2.0922
    19     0.0000       1.0437       0.0000       0.0000     -7.33438E-02 -0.11158
    25     0.0000       0.0000     -9.20202E-02 -9.42692E-02   0.0000       0.0000
    31     2.9881       6.2263       6.9925       6.8178       5.5769       6.9983
    37     6.0958       5.8965       0.0000       9.9489       1.0420       1.0430
    43     1.0272       1.0302       1.0492       1.0507       1.0382       1.0360
    49     1.0409       1.0381       1.0409       1.0245       1.0329       1.0239
    55    0.99026      0.99051       1.0033       1.0111       1.0036      0.93792
    61    0.99363       1.0171       1.0153      0.99724       1.0378       1.0281
    67     1.0108       1.0323       1.0298       1.0418       1.0160      0.97807
    73    0.96310      0.94959       1.0200       1.0564       1.0084       1.0047
    79     1.0238       5833.6       5850.8      -17.201       5805.6       45.192

 Channel output file is "ne_2.out"

    TIME X- VALUE --X X--------- IDENTIFIER ---------X X- VALUE --X X--------- IDENTIFIER ---------X
 72.0001 -2.41164E-03 SPD     30[30          22.000]1  -2.40983E-03 SPD     31[31          22.000]1
     3   -2.39159E-03 SPD     32[32          22.000]1  -2.40578E-03 SPD     33[33          22.000]1
     5   -2.40622E-03 SPD     34[34          22.000]1  -2.40715E-03 SPD     35[35          22.000]1
     7   -2.40405E-03 SPD     36[36          22.000]1  -2.40923E-03 SPD     37[37          22.000]1
     9     0.0000     SPD     38[38          22.000]1  -2.41266E-03 SPD     39[39          22.000]1
    11     1.3616     EFD     30[30          22.000]1    3.0067     EFD     31[31          22.000]1
    13     2.2084     EFD     32[32          22.000]1    2.4541     EFD     33[33          22.000]1
    15     4.6765     EFD     34[34          22.000]1    2.6268     EFD     35[35          22.000]1
    17     2.3709     EFD     36[36          22.000]1    2.0922     EFD     37[37          22.000]1
    19     0.0000     EFD     38[38          22.000]1    1.0437     EFD     39[39          22.000]1
    21     0.0000     VOEL    30[30          22.000]1    0.0000     VOEL    31[31          22.000]1
    23   -7.33438E-02 VOEL    32[32          22.000]1  -0.11158     VOEL    33[33          22.000]1
    25     0.0000     VOEL    34[34          22.000]1    0.0000     VOEL    35[35          22.000]1
    27   -9.20202E-02 VOEL    36[36          22.000]1  -9.42692E-02 VOEL    37[37          22.000]1
    29     0.0000     VOEL    38[38          22.000]1    0.0000     VOEL    39[39          22.000]1
    31     2.9879     POWR    30[30          22.000]1    6.2262     POWR    31[31          22.000]1
    33     6.9924     POWR    32[32          22.000]1    6.8177     POWR    33[33          22.000]1
    35     5.5768     POWR    34[34          22.000]1    6.9982     POWR    35[35          22.000]1
    37     6.0957     POWR    36[36          22.000]1    5.8963     POWR    37[37          22.000]1
    39     0.0000     POWR    38[38          22.000]1    9.9488     POWR    39[39          22.000]1
    41     1.0420     VOLT      1 [1           345.00]   1.0430     VOLT      2 [2           345.00]
    43     1.0272     VOLT      3 [3           345.00]   1.0302     VOLT      4 [4           345.00]
    45     1.0492     VOLT      5 [5           345.00]   1.0507     VOLT      6 [6           345.00]
    47     1.0382     VOLT      7 [7           345.00]   1.0360     VOLT      8 [8           345.00]
    49     1.0409     VOLT      9 [9           345.00]   1.0381     VOLT     10 [10          345.00]
    51     1.0409     VOLT     11 [11          345.00]   1.0245     VOLT     12 [12          345.00]
    53     1.0329     VOLT     13 [13          345.00]   1.0239     VOLT     14 [14          345.00]
    55    0.99026     VOLT     15 [15          345.00]  0.99051     VOLT     16 [16          345.00]
    57     1.0033     VOLT     17 [17          345.00]   1.0111     VOLT     18 [18          345.00]
    59     1.0036     VOLT     19 [19          345.00]  0.93792     VOLT     20 [20          345.00]
    61    0.99363     VOLT     21 [21          345.00]   1.0171     VOLT     22 [22          345.00]
    63     1.0153     VOLT     23 [23          345.00]  0.99724     VOLT     24 [24          345.00]
    65     1.0378     VOLT     25 [25          345.00]   1.0281     VOLT     26 [26          345.00]
    67     1.0108     VOLT     27 [27          345.00]   1.0323     VOLT     28 [28          345.00]
    69     1.0298     VOLT     29 [29          345.00]   1.0418     VOLT     30 [30          22.000]
    71     1.0160     VOLT     31 [31          22.000]  0.97807     VOLT     32 [32          22.000]
    73    0.96310     VOLT     33 [33          22.000]  0.94959     VOLT     34 [34          22.000]
    75     1.0200     VOLT     35 [35          22.000]   1.0564     VOLT     36 [36          22.000]
    77     1.0084     VOLT     37 [37          22.000]   1.0047     VOLT     38 [38          22.000]
    79     1.0238     VOLT     39 [39          22.000]   5833.6     PMECH FOR ALL BUSES
    81     5850.8     PELEC FOR ALL BUSES               -17.201     PACCL FOR ALL BUSES
    83     5805.6     PLOAD FOR ALL BUSES                45.192     PE-PL FOR ALL BUSES

 73.0045 -2.34052E-03 -2.34120E-03 -2.32614E-03 -2.34069E-03 -2.34542E-03 -2.34185E-03
     7   -2.33962E-03 -2.34123E-03   0.0000     -2.33593E-03   1.3632       3.0100
    13     2.2106       2.4550       4.6797       2.6303       2.3718       2.0929
    19     0.0000       1.0437       0.0000       0.0000     -7.53029E-02 -0.11244
    25     0.0000       0.0000     -9.28617E-02 -9.48593E-02   0.0000       0.0000
    31     2.9825       6.2213       6.9884       6.8132       5.5724       6.9937
    37     6.0910       5.8921       0.0000       9.9518       1.0420       1.0430
    43     1.0272       1.0302       1.0492       1.0507       1.0382       1.0360
    49     1.0409       1.0381       1.0409       1.0245       1.0329       1.0239
    55    0.99026      0.99051       1.0033       1.0111       1.0036      0.93792
    61    0.99363       1.0171       1.0153      0.99724       1.0378       1.0281
    67     1.0108       1.0323       1.0298       1.0418       1.0160      0.97807
    73    0.96310      0.94959       1.0200       1.0564       1.0084       1.0047
    79     1.0238       5833.6       5850.8      -17.201       5805.6       45.192

 Channel output file is "ne_2.out"

    TIME X- VALUE --X X--------- IDENTIFIER ---------X X- VALUE --X X--------- IDENTIFIER ---------X
 73.0045 -2.34052E-03 SPD     30[30          22.000]1  -2.34120E-03 SPD     31[31          22.000]1
     3   -2.32614E-03 SPD     32[32          22.000]1  -2.34069E-03 SPD     33[33          22.000]1
     5   -2.34542E-03 SPD     34[34          22.000]1  -2.34185E-03 SPD     35[35          22.000]1
     7   -2.33962E-03 SPD     36[36          22.000]1  -2.34123E-03 SPD     37[37          22.000]1
     9     0.0000     SPD     38[38          22.000]1  -2.33593E-03 SPD     39[39          22.000]1
    11     1.3632     EFD     30[30          22.000]1    3.0100     EFD     31[31          22.000]1
    13     2.2106     EFD     32[32          22.000]1    2.4550     EFD     33[33          22.000]1
    15     4.6797     EFD     34[34          22.000]1    2.6303     EFD     35[35          22.000]1
    17     2.3718     EFD     36[36          22.000]1    2.0929     EFD     37[37          22.000]1
    19     0.0000     EFD     38[38          22.000]1    1.0437     EFD     39[39          22.000]1
    21     0.0000     VOEL    30[30          22.000]1    0.0000     VOEL    31[31          22.000]1
    23   -7.53029E-02 VOEL    32[32          22.000]1  -0.11244     VOEL    33[33          22.000]1
    25     0.0000     VOEL    34[34          22.000]1    0.0000     VOEL    35[35          22.000]1
    27   -9.28617E-02 VOEL    36[36          22.000]1  -9.48593E-02 VOEL    37[37          22.000]1
    29     0.0000     VOEL    38[38          22.000]1    0.0000     VOEL    39[39          22.000]1
    31     2.9823     POWR    30[30          22.000]1    6.2212     POWR    31[31          22.000]1
    33     6.9883     POWR    32[32          22.000]1    6.8131     POWR    33[33          22.000]1
    35     5.5723     POWR    34[34          22.000]1    6.9936     POWR    35[35          22.000]1
    37     6.0909     POWR    36[36          22.000]1    5.8920     POWR    37[37          22.000]1
    39     0.0000     POWR    38[38          22.000]1    9.9517     POWR    39[39          22.000]1
    41     1.0420     VOLT      1 [1           345.00]   1.0430     VOLT      2 [2           345.00]
    43     1.0272     VOLT      3 [3           345.00]   1.0302     VOLT      4 [4           345.00]
    45     1.0492     VOLT      5 [5           345.00]   1.0507     VOLT      6 [6           345.00]
    47     1.0382     VOLT      7 [7           345.00]   1.0360     VOLT      8 [8           345.00]
    49     1.0409     VOLT      9 [9           345.00]   1.0381     VOLT     10 [10          345.00]
    51     1.0409     VOLT     11 [11          345.00]   1.0245     VOLT     12 [12          345.00]
    53     1.0329     VOLT     13 [13          345.00]   1.0239     VOLT     14 [14          345.00]
    55    0.99026     VOLT     15 [15          345.00]  0.99051     VOLT     16 [16          345.00]
    57     1.0033     VOLT     17 [17          345.00]   1.0111     VOLT     18 [18          345.00]
    59     1.0036     VOLT     19 [19          345.00]  0.93792     VOLT     20 [20          345.00]
    61    0.99363     VOLT     21 [21          345.00]   1.0171     VOLT     22 [22          345.00]
    63     1.0153     VOLT     23 [23          345.00]  0.99724     VOLT     24 [24          345.00]
    65     1.0378     VOLT     25 [25          345.00]   1.0281     VOLT     26 [26          345.00]
    67     1.0108     VOLT     27 [27          345.00]   1.0323     VOLT     28 [28          345.00]
    69     1.0298     VOLT     29 [29          345.00]   1.0418     VOLT     30 [30          22.000]
    71     1.0160     VOLT     31 [31          22.000]  0.97807     VOLT     32 [32          22.000]
    73    0.96310     VOLT     33 [33          22.000]  0.94959     VOLT     34 [34          22.000]
    75     1.0200     VOLT     35 [35          22.000]   1.0564     VOLT     36 [36          22.000]
    77     1.0084     VOLT     37 [37          22.000]   1.0047     VOLT     38 [38          22.000]
    79     1.0238     VOLT     39 [39          22.000]   5833.6     PMECH FOR ALL BUSES
    81     5850.8     PELEC FOR ALL BUSES               -17.201     PACCL FOR ALL BUSES
    83     5805.6     PLOAD FOR ALL BUSES                45.192     PE-PL FOR ALL BUSES

 74.0040 -2.28526E-03 -2.28699E-03 -2.27555E-03 -2.28985E-03 -2.29612E-03 -2.29008E-03
     7   -2.28861E-03 -2.28797E-03   0.0000     -2.27830E-03   1.3633       3.0112
    13     2.2118       2.4550       4.6782       2.6309       2.3718       2.0929
    19     0.0000       1.0437       0.0000       0.0000     -7.64080E-02 -0.11240
    25     0.0000       0.0000     -9.28791E-02 -9.48868E-02   0.0000       0.0000
    31     2.9793       6.2173       6.9848       6.8092       5.5683       6.9896
    37     6.0871       5.8874       0.0000       9.9815       1.0420       1.0430
    43     1.0272       1.0302       1.0492       1.0507       1.0382       1.0360
    49     1.0409       1.0381       1.0409       1.0245       1.0329       1.0239
    55    0.99026      0.99051       1.0033       1.0111       1.0036      0.93792
    61    0.99363       1.0171       1.0153      0.99724       1.0378       1.0281
    67     1.0108       1.0323       1.0298       1.0418       1.0160      0.97807
    73    0.96310      0.94959       1.0200       1.0564       1.0084       1.0047
    79     1.0238       5833.6       5850.8      -17.201       5805.6       45.192

 Channel output file is "ne_2.out"

    TIME X- VALUE --X X--------- IDENTIFIER ---------X X- VALUE --X X--------- IDENTIFIER ---------X
 74.0040 -2.28526E-03 SPD     30[30          22.000]1  -2.28699E-03 SPD     31[31          22.000]1
     3   -2.27555E-03 SPD     32[32          22.000]1  -2.28985E-03 SPD     33[33          22.000]1
     5   -2.29612E-03 SPD     34[34          22.000]1  -2.29008E-03 SPD     35[35          22.000]1
     7   -2.28861E-03 SPD     36[36          22.000]1  -2.28797E-03 SPD     37[37          22.000]1
     9     0.0000     SPD     38[38          22.000]1  -2.27830E-03 SPD     39[39          22.000]1
    11     1.3633     EFD     30[30          22.000]1    3.0112     EFD     31[31          22.000]1
    13     2.2118     EFD     32[32          22.000]1    2.4550     EFD     33[33          22.000]1
    15     4.6782     EFD     34[34          22.000]1    2.6309     EFD     35[35          22.000]1
    17     2.3718     EFD     36[36          22.000]1    2.0929     EFD     37[37          22.000]1
    19     0.0000     EFD     38[38          22.000]1    1.0437     EFD     39[39          22.000]1
    21     0.0000     VOEL    30[30          22.000]1    0.0000     VOEL    31[31          22.000]1
    23   -7.64080E-02 VOEL    32[32          22.000]1  -0.11240     VOEL    33[33          22.000]1
    25     0.0000     VOEL    34[34          22.000]1    0.0000     VOEL    35[35          22.000]1
    27   -9.28791E-02 VOEL    36[36          22.000]1  -9.48868E-02 VOEL    37[37          22.000]1
    29     0.0000     VOEL    38[38          22.000]1    0.0000     VOEL    39[39          22.000]1
    31     2.9792     POWR    30[30          22.000]1    6.2172     POWR    31[31          22.000]1
    33     6.9847     POWR    32[32          22.000]1    6.8090     POWR    33[33          22.000]1
    35     5.5682     POWR    34[34          22.000]1    6.9895     POWR    35[35          22.000]1
    37     6.0870     POWR    36[36          22.000]1    5.8872     POWR    37[37          22.000]1
    39     0.0000     POWR    38[38          22.000]1    9.9814     POWR    39[39          22.000]1
    41     1.0420     VOLT      1 [1           345.00]   1.0430     VOLT      2 [2           345.00]
    43     1.0272     VOLT      3 [3           345.00]   1.0302     VOLT      4 [4           345.00]
    45     1.0492     VOLT      5 [5           345.00]   1.0507     VOLT      6 [6           345.00]
    47     1.0382     VOLT      7 [7           345.00]   1.0360     VOLT      8 [8           345.00]
    49     1.0409     VOLT      9 [9           345.00]   1.0381     VOLT     10 [10          345.00]
    51     1.0409     VOLT     11 [11          345.00]   1.0245     VOLT     12 [12          345.00]
    53     1.0329     VOLT     13 [13          345.00]   1.0239     VOLT     14 [14          345.00]
    55    0.99026     VOLT     15 [15          345.00]  0.99051     VOLT     16 [16          345.00]
    57     1.0033     VOLT     17 [17          345.00]   1.0111     VOLT     18 [18          345.00]
    59     1.0036     VOLT     19 [19          345.00]  0.93792     VOLT     20 [20          345.00]
    61    0.99363     VOLT     21 [21          345.00]   1.0171     VOLT     22 [22          345.00]
    63     1.0153     VOLT     23 [23          345.00]  0.99724     VOLT     24 [24          345.00]
    65     1.0378     VOLT     25 [25          345.00]   1.0281     VOLT     26 [26          345.00]
    67     1.0108     VOLT     27 [27          345.00]   1.0323     VOLT     28 [28          345.00]
    69     1.0298     VOLT     29 [29          345.00]   1.0418     VOLT     30 [30          22.000]
    71     1.0160     VOLT     31 [31          22.000]  0.97807     VOLT     32 [32          22.000]
    73    0.96310     VOLT     33 [33          22.000]  0.94959     VOLT     34 [34          22.000]
    75     1.0200     VOLT     35 [35          22.000]   1.0564     VOLT     36 [36          22.000]
    77     1.0084     VOLT     37 [37          22.000]   1.0047     VOLT     38 [38          22.000]
    79     1.0238     VOLT     39 [39          22.000]   5833.6     PMECH FOR ALL BUSES
    81     5850.8     PELEC FOR ALL BUSES               -17.201     PACCL FOR ALL BUSES
    83     5805.6     PLOAD FOR ALL BUSES                45.192     PE-PL FOR ALL BUSES

 75.0034 -2.26477E-03 -2.26550E-03 -2.25569E-03 -2.26980E-03 -2.27461E-03 -2.26903E-03
     7   -2.26932E-03 -2.26596E-03   0.0000     -2.25602E-03   1.3623       3.0109
    13     2.2123       2.4542       4.6736       2.6294       2.3712       2.0925
    19     0.0000       1.0437       0.0000       0.0000     -7.68773E-02 -0.11170
    25     0.0000       0.0000     -9.23283E-02 -9.45239E-02   0.0000       0.0000
    31     2.9789       6.2152       6.9827       6.8071       5.5653       6.9877
    37     6.0846       5.8838       0.0000       10.017       1.0420       1.0430
    43     1.0272       1.0302       1.0492       1.0507       1.0382       1.0360
    49     1.0409       1.0381       1.0409       1.0245       1.0329       1.0239
    55    0.99026      0.99051       1.0033       1.0111       1.0036      0.93792
    61    0.99363       1.0171       1.0153      0.99724       1.0378       1.0281
    67     1.0108       1.0323       1.0298       1.0418       1.0160      0.97807
    73    0.96310      0.94959       1.0200       1.0564       1.0084       1.0047
    79     1.0238       5833.6       5850.8      -17.201       5805.6       45.192

 Channel output file is "ne_2.out"

    TIME X- VALUE --X X--------- IDENTIFIER ---------X X- VALUE --X X--------- IDENTIFIER ---------X
 75.0034 -2.26477E-03 SPD     30[30          22.000]1  -2.26550E-03 SPD     31[31          22.000]1
     3   -2.25569E-03 SPD     32[32          22.000]1  -2.26980E-03 SPD     33[33          22.000]1
     5   -2.27461E-03 SPD     34[34          22.000]1  -2.26903E-03 SPD     35[35          22.000]1
     7   -2.26932E-03 SPD     36[36          22.000]1  -2.26596E-03 SPD     37[37          22.000]1
     9     0.0000     SPD     38[38          22.000]1  -2.25602E-03 SPD     39[39          22.000]1
    11     1.3623     EFD     30[30          22.000]1    3.0109     EFD     31[31          22.000]1
    13     2.2123     EFD     32[32          22.000]1    2.4542     EFD     33[33          22.000]1
    15     4.6736     EFD     34[34          22.000]1    2.6294     EFD     35[35          22.000]1
    17     2.3712     EFD     36[36          22.000]1    2.0925     EFD     37[37          22.000]1
    19     0.0000     EFD     38[38          22.000]1    1.0437     EFD     39[39          22.000]1
    21     0.0000     VOEL    30[30          22.000]1    0.0000     VOEL    31[31          22.000]1
    23   -7.68773E-02 VOEL    32[32          22.000]1  -0.11170     VOEL    33[33          22.000]1
    25     0.0000     VOEL    34[34          22.000]1    0.0000     VOEL    35[35          22.000]1
    27   -9.23283E-02 VOEL    36[36          22.000]1  -9.45239E-02 VOEL    37[37          22.000]1
    29     0.0000     VOEL    38[38          22.000]1    0.0000     VOEL    39[39          22.000]1
    31     2.9788     POWR    30[30          22.000]1    6.2151     POWR    31[31          22.000]1
    33     6.9826     POWR    32[32          22.000]1    6.8070     POWR    33[33          22.000]1
    35     5.5652     POWR    34[34          22.000]1    6.9876     POWR    35[35          22.000]1
    37     6.0845     POWR    36[36          22.000]1    5.8837     POWR    37[37          22.000]1
    39     0.0000     POWR    38[38          22.000]1    10.017     POWR    39[39          22.000]1
    41     1.0420     VOLT      1 [1           345.00]   1.0430     VOLT      2 [2           345.00]
    43     1.0272     VOLT      3 [3           345.00]   1.0302     VOLT      4 [4           345.00]
    45     1.0492     VOLT      5 [5           345.00]   1.0507     VOLT      6 [6           345.00]
    47     1.0382     VOLT      7 [7           345.00]   1.0360     VOLT      8 [8           345.00]
    49     1.0409     VOLT      9 [9           345.00]   1.0381     VOLT     10 [10          345.00]
    51     1.0409     VOLT     11 [11          345.00]   1.0245     VOLT     12 [12          345.00]
    53     1.0329     VOLT     13 [13          345.00]   1.0239     VOLT     14 [14          345.00]
    55    0.99026     VOLT     15 [15          345.00]  0.99051     VOLT     16 [16          345.00]
    57     1.0033     VOLT     17 [17          345.00]   1.0111     VOLT     18 [18          345.00]
    59     1.0036     VOLT     19 [19          345.00]  0.93792     VOLT     20 [20          345.00]
    61    0.99363     VOLT     21 [21          345.00]   1.0171     VOLT     22 [22          345.00]
    63     1.0153     VOLT     23 [23          345.00]  0.99724     VOLT     24 [24          345.00]
    65     1.0378     VOLT     25 [25          345.00]   1.0281     VOLT     26 [26          345.00]
    67     1.0108     VOLT     27 [27          345.00]   1.0323     VOLT     28 [28          345.00]
    69     1.0298     VOLT     29 [29          345.00]   1.0418     VOLT     30 [30          22.000]
    71     1.0160     VOLT     31 [31          22.000]  0.97807     VOLT     32 [32          22.000]
    73    0.96310     VOLT     33 [33          22.000]  0.94959     VOLT     34 [34          22.000]
    75     1.0200     VOLT     35 [35          22.000]   1.0564     VOLT     36 [36          22.000]
    77     1.0084     VOLT     37 [37          22.000]   1.0047     VOLT     38 [38          22.000]
    79     1.0238     VOLT     39 [39          22.000]   5833.6     PMECH FOR ALL BUSES
    81     5850.8     PELEC FOR ALL BUSES               -17.201     PACCL FOR ALL BUSES
    83     5805.6     PLOAD FOR ALL BUSES                45.192     PE-PL FOR ALL BUSES

 76.0029 -2.27297E-03 -2.27489E-03 -2.26786E-03 -2.27998E-03 -2.28201E-03 -2.27725E-03
     7   -2.27561E-03 -2.27522E-03   0.0000     -2.26897E-03   1.3609       3.0100
    13     2.2125       2.4532       4.6681       2.6268       2.3703       2.0920
    19     0.0000       1.0437       0.0000       0.0000     -7.70371E-02 -0.11075
    25     0.0000       0.0000     -9.15251E-02 -9.40115E-02   0.0000       0.0000
    31     2.9768       6.2148       6.9826       6.8067       5.5637       6.9873
    37     6.0822       5.8837       0.0000       10.049       1.0420       1.0430
    43     1.0272       1.0302       1.0492       1.0507       1.0382       1.0360
    49     1.0409       1.0381       1.0409       1.0245       1.0329       1.0239
    55    0.99026      0.99051       1.0033       1.0111       1.0036      0.93792
    61    0.99363       1.0171       1.0153      0.99724       1.0378       1.0281
    67     1.0108       1.0323       1.0298       1.0418       1.0160      0.97807
    73    0.96310      0.94959       1.0200       1.0564       1.0084       1.0047
    79     1.0238       5833.6       5850.8      -17.201       5805.6       45.192

 Channel output file is "ne_2.out"

    TIME X- VALUE --X X--------- IDENTIFIER ---------X X- VALUE --X X--------- IDENTIFIER ---------X
 76.0029 -2.27297E-03 SPD     30[30          22.000]1  -2.27489E-03 SPD     31[31          22.000]1
     3   -2.26786E-03 SPD     32[32          22.000]1  -2.27998E-03 SPD     33[33          22.000]1
     5   -2.28201E-03 SPD     34[34          22.000]1  -2.27725E-03 SPD     35[35          22.000]1
     7   -2.27561E-03 SPD     36[36          22.000]1  -2.27522E-03 SPD     37[37          22.000]1
     9     0.0000     SPD     38[38          22.000]1  -2.26897E-03 SPD     39[39          22.000]1
    11     1.3609     EFD     30[30          22.000]1    3.0100     EFD     31[31          22.000]1
    13     2.2125     EFD     32[32          22.000]1    2.4532     EFD     33[33          22.000]1
    15     4.6681     EFD     34[34          22.000]1    2.6268     EFD     35[35          22.000]1
    17     2.3703     EFD     36[36          22.000]1    2.0920     EFD     37[37          22.000]1
    19     0.0000     EFD     38[38          22.000]1    1.0437     EFD     39[39          22.000]1
    21     0.0000     VOEL    30[30          22.000]1    0.0000     VOEL    31[31          22.000]1
    23   -7.70371E-02 VOEL    32[32          22.000]1  -0.11075     VOEL    33[33          22.000]1
    25     0.0000     VOEL    34[34          22.000]1    0.0000     VOEL    35[35          22.000]1
    27   -9.15251E-02 VOEL    36[36          22.000]1  -9.40115E-02 VOEL    37[37          22.000]1
    29     0.0000     VOEL    38[38          22.000]1    0.0000     VOEL    39[39          22.000]1
    31     2.9767     POWR    30[30          22.000]1    6.2147     POWR    31[31          22.000]1
    33     6.9825     POWR    32[32          22.000]1    6.8066     POWR    33[33          22.000]1
    35     5.5637     POWR    34[34          22.000]1    6.9872     POWR    35[35          22.000]1
    37     6.0821     POWR    36[36          22.000]1    5.8835     POWR    37[37          22.000]1
    39     0.0000     POWR    38[38          22.000]1    10.049     POWR    39[39          22.000]1
    41     1.0420     VOLT      1 [1           345.00]   1.0430     VOLT      2 [2           345.00]
    43     1.0272     VOLT      3 [3           345.00]   1.0302     VOLT      4 [4           345.00]
    45     1.0492     VOLT      5 [5           345.00]   1.0507     VOLT      6 [6           345.00]
    47     1.0382     VOLT      7 [7           345.00]   1.0360     VOLT      8 [8           345.00]
    49     1.0409     VOLT      9 [9           345.00]   1.0381     VOLT     10 [10          345.00]
    51     1.0409     VOLT     11 [11          345.00]   1.0245     VOLT     12 [12          345.00]
    53     1.0329     VOLT     13 [13          345.00]   1.0239     VOLT     14 [14          345.00]
    55    0.99026     VOLT     15 [15          345.00]  0.99051     VOLT     16 [16          345.00]
    57     1.0033     VOLT     17 [17          345.00]   1.0111     VOLT     18 [18          345.00]
    59     1.0036     VOLT     19 [19          345.00]  0.93792     VOLT     20 [20          345.00]
    61    0.99363     VOLT     21 [21          345.00]   1.0171     VOLT     22 [22          345.00]
    63     1.0153     VOLT     23 [23          345.00]  0.99724     VOLT     24 [24          345.00]
    65     1.0378     VOLT     25 [25          345.00]   1.0281     VOLT     26 [26          345.00]
    67     1.0108     VOLT     27 [27          345.00]   1.0323     VOLT     28 [28          345.00]
    69     1.0298     VOLT     29 [29          345.00]   1.0418     VOLT     30 [30          22.000]
    71     1.0160     VOLT     31 [31          22.000]  0.97807     VOLT     32 [32          22.000]
    73    0.96310     VOLT     33 [33          22.000]  0.94959     VOLT     34 [34          22.000]
    75     1.0200     VOLT     35 [35          22.000]   1.0564     VOLT     36 [36          22.000]
    77     1.0084     VOLT     37 [37          22.000]   1.0047     VOLT     38 [38          22.000]
    79     1.0238     VOLT     39 [39          22.000]   5833.6     PMECH FOR ALL BUSES
    81     5850.8     PELEC FOR ALL BUSES               -17.201     PACCL FOR ALL BUSES
    83     5805.6     PLOAD FOR ALL BUSES                45.192     PE-PL FOR ALL BUSES

 77.0023 -2.30333E-03 -2.30548E-03 -2.29821E-03 -2.30940E-03 -2.30826E-03 -2.30654E-03
     7   -2.30494E-03 -2.30551E-03   0.0000     -2.30259E-03   1.3599       3.0092
    13     2.2127       2.4523       4.6640       2.6244       2.3696       2.0915
    19     0.0000       1.0437       0.0000       0.0000     -7.71965E-02 -0.10996
    25     0.0000       0.0000     -9.09116E-02 -9.36025E-02   0.0000       0.0000
    31     2.9787       6.2146       6.9840       6.8062       5.5646       6.9868
    37     6.0843       5.8838       0.0000       10.060       1.0420       1.0430
    43     1.0272       1.0302       1.0492       1.0507       1.0382       1.0360
    49     1.0409       1.0381       1.0409       1.0245       1.0329       1.0239
    55    0.99026      0.99051       1.0033       1.0111       1.0036      0.93792
    61    0.99363       1.0171       1.0153      0.99724       1.0378       1.0281
    67     1.0108       1.0323       1.0298       1.0418       1.0160      0.97807
    73    0.96310      0.94959       1.0200       1.0564       1.0084       1.0047
    79     1.0238       5833.6       5850.8      -17.201       5805.6       45.192

 Channel output file is "ne_2.out"

    TIME X- VALUE --X X--------- IDENTIFIER ---------X X- VALUE --X X--------- IDENTIFIER ---------X
 77.0023 -2.30333E-03 SPD     30[30          22.000]1  -2.30548E-03 SPD     31[31          22.000]1
     3   -2.29821E-03 SPD     32[32          22.000]1  -2.30940E-03 SPD     33[33          22.000]1
     5   -2.30826E-03 SPD     34[34          22.000]1  -2.30654E-03 SPD     35[35          22.000]1
     7   -2.30494E-03 SPD     36[36          22.000]1  -2.30551E-03 SPD     37[37          22.000]1
     9     0.0000     SPD     38[38          22.000]1  -2.30259E-03 SPD     39[39          22.000]1
    11     1.3599     EFD     30[30          22.000]1    3.0092     EFD     31[31          22.000]1
    13     2.2127     EFD     32[32          22.000]1    2.4523     EFD     33[33          22.000]1
    15     4.6640     EFD     34[34          22.000]1    2.6244     EFD     35[35          22.000]1
    17     2.3696     EFD     36[36          22.000]1    2.0915     EFD     37[37          22.000]1
    19     0.0000     EFD     38[38          22.000]1    1.0437     EFD     39[39          22.000]1
    21     0.0000     VOEL    30[30          22.000]1    0.0000     VOEL    31[31          22.000]1
    23   -7.71965E-02 VOEL    32[32          22.000]1  -0.10996     VOEL    33[33          22.000]1
    25     0.0000     VOEL    34[34          22.000]1    0.0000     VOEL    35[35          22.000]1
    27   -9.09116E-02 VOEL    36[36          22.000]1  -9.36025E-02 VOEL    37[37          22.000]1
    29     0.0000     VOEL    38[38          22.000]1    0.0000     VOEL    39[39          22.000]1
    31     2.9786     POWR    30[30          22.000]1    6.2145     POWR    31[31          22.000]1
    33     6.9839     POWR    32[32          22.000]1    6.8061     POWR    33[33          22.000]1
    35     5.5645     POWR    34[34          22.000]1    6.9866     POWR    35[35          22.000]1
    37     6.0842     POWR    36[36          22.000]1    5.8837     POWR    37[37          22.000]1
    39     0.0000     POWR    38[38          22.000]1    10.060     POWR    39[39          22.000]1
    41     1.0420     VOLT      1 [1           345.00]   1.0430     VOLT      2 [2           345.00]
    43     1.0272     VOLT      3 [3           345.00]   1.0302     VOLT      4 [4           345.00]
    45     1.0492     VOLT      5 [5           345.00]   1.0507     VOLT      6 [6           345.00]
    47     1.0382     VOLT      7 [7           345.00]   1.0360     VOLT      8 [8           345.00]
    49     1.0409     VOLT      9 [9           345.00]   1.0381     VOLT     10 [10          345.00]
    51     1.0409     VOLT     11 [11          345.00]   1.0245     VOLT     12 [12          345.00]
    53     1.0329     VOLT     13 [13          345.00]   1.0239     VOLT     14 [14          345.00]
    55    0.99026     VOLT     15 [15          345.00]  0.99051     VOLT     16 [16          345.00]
    57     1.0033     VOLT     17 [17          345.00]   1.0111     VOLT     18 [18          345.00]
    59     1.0036     VOLT     19 [19          345.00]  0.93792     VOLT     20 [20          345.00]
    61    0.99363     VOLT     21 [21          345.00]   1.0171     VOLT     22 [22          345.00]
    63     1.0153     VOLT     23 [23          345.00]  0.99724     VOLT     24 [24          345.00]
    65     1.0378     VOLT     25 [25          345.00]   1.0281     VOLT     26 [26          345.00]
    67     1.0108     VOLT     27 [27          345.00]   1.0323     VOLT     28 [28          345.00]
    69     1.0298     VOLT     29 [29          345.00]   1.0418     VOLT     30 [30          22.000]
    71     1.0160     VOLT     31 [31          22.000]  0.97807     VOLT     32 [32          22.000]
    73    0.96310     VOLT     33 [33          22.000]  0.94959     VOLT     34 [34          22.000]
    75     1.0200     VOLT     35 [35          22.000]   1.0564     VOLT     36 [36          22.000]
    77     1.0084     VOLT     37 [37          22.000]   1.0047     VOLT     38 [38          22.000]
    79     1.0238     VOLT     39 [39          22.000]   5833.6     PMECH FOR ALL BUSES
    81     5850.8     PELEC FOR ALL BUSES               -17.201     PACCL FOR ALL BUSES
    83     5805.6     PLOAD FOR ALL BUSES                45.192     PE-PL FOR ALL BUSES

 78.0018 -2.33846E-03 -2.33791E-03 -2.33233E-03 -2.33893E-03 -2.33799E-03 -2.33713E-03
     7   -2.33887E-03 -2.33860E-03   0.0000     -2.33942E-03   1.3595       3.0090
    13     2.2130       2.4518       4.6619       2.6230       2.3693       2.0913
    19     0.0000       1.0437       0.0000       0.0000     -7.75006E-02 -0.10950
    25     0.0000       0.0000     -9.05926E-02 -9.33948E-02   0.0000       0.0000
    31     2.9795       6.2151       6.9854       6.8072       5.5652       6.9878
    37     6.0852       5.8851       0.0000       10.056       1.0420       1.0430
    43     1.0272       1.0302       1.0492       1.0507       1.0382       1.0360
    49     1.0409       1.0381       1.0409       1.0245       1.0329       1.0239
    55    0.99026      0.99051       1.0033       1.0111       1.0036      0.93792
    61    0.99363       1.0171       1.0153      0.99724       1.0378       1.0281
    67     1.0108       1.0323       1.0298       1.0418       1.0160      0.97807
    73    0.96310      0.94959       1.0200       1.0564       1.0084       1.0047
    79     1.0238       5833.6       5850.8      -17.201       5805.6       45.192

 Channel output file is "ne_2.out"

    TIME X- VALUE --X X--------- IDENTIFIER ---------X X- VALUE --X X--------- IDENTIFIER ---------X
 78.0018 -2.33846E-03 SPD     30[30          22.000]1  -2.33791E-03 SPD     31[31          22.000]1
     3   -2.33233E-03 SPD     32[32          22.000]1  -2.33893E-03 SPD     33[33          22.000]1
     5   -2.33799E-03 SPD     34[34          22.000]1  -2.33713E-03 SPD     35[35          22.000]1
     7   -2.33887E-03 SPD     36[36          22.000]1  -2.33860E-03 SPD     37[37          22.000]1
     9     0.0000     SPD     38[38          22.000]1  -2.33942E-03 SPD     39[39          22.000]1
    11     1.3595     EFD     30[30          22.000]1    3.0090     EFD     31[31          22.000]1
    13     2.2130     EFD     32[32          22.000]1    2.4518     EFD     33[33          22.000]1
    15     4.6619     EFD     34[34          22.000]1    2.6230     EFD     35[35          22.000]1
    17     2.3693     EFD     36[36          22.000]1    2.0913     EFD     37[37          22.000]1
    19     0.0000     EFD     38[38          22.000]1    1.0437     EFD     39[39          22.000]1
    21     0.0000     VOEL    30[30          22.000]1    0.0000     VOEL    31[31          22.000]1
    23   -7.75006E-02 VOEL    32[32          22.000]1  -0.10950     VOEL    33[33          22.000]1
    25     0.0000     VOEL    34[34          22.000]1    0.0000     VOEL    35[35          22.000]1
    27   -9.05926E-02 VOEL    36[36          22.000]1  -9.33948E-02 VOEL    37[37          22.000]1
    29     0.0000     VOEL    38[38          22.000]1    0.0000     VOEL    39[39          22.000]1
    31     2.9794     POWR    30[30          22.000]1    6.2150     POWR    31[31          22.000]1
    33     6.9853     POWR    32[32          22.000]1    6.8071     POWR    33[33          22.000]1
    35     5.5651     POWR    34[34          22.000]1    6.9877     POWR    35[35          22.000]1
    37     6.0851     POWR    36[36          22.000]1    5.8850     POWR    37[37          22.000]1
    39     0.0000     POWR    38[38          22.000]1    10.056     POWR    39[39          22.000]1
    41     1.0420     VOLT      1 [1           345.00]   1.0430     VOLT      2 [2           345.00]
    43     1.0272     VOLT      3 [3           345.00]   1.0302     VOLT      4 [4           345.00]
    45     1.0492     VOLT      5 [5           345.00]   1.0507     VOLT      6 [6           345.00]
    47     1.0382     VOLT      7 [7           345.00]   1.0360     VOLT      8 [8           345.00]
    49     1.0409     VOLT      9 [9           345.00]   1.0381     VOLT     10 [10          345.00]
    51     1.0409     VOLT     11 [11          345.00]   1.0245     VOLT     12 [12          345.00]
    53     1.0329     VOLT     13 [13          345.00]   1.0239     VOLT     14 [14          345.00]
    55    0.99026     VOLT     15 [15          345.00]  0.99051     VOLT     16 [16          345.00]
    57     1.0033     VOLT     17 [17          345.00]   1.0111     VOLT     18 [18          345.00]
    59     1.0036     VOLT     19 [19          345.00]  0.93792     VOLT     20 [20          345.00]
    61    0.99363     VOLT     21 [21          345.00]   1.0171     VOLT     22 [22          345.00]
    63     1.0153     VOLT     23 [23          345.00]  0.99724     VOLT     24 [24          345.00]
    65     1.0378     VOLT     25 [25          345.00]   1.0281     VOLT     26 [26          345.00]
    67     1.0108     VOLT     27 [27          345.00]   1.0323     VOLT     28 [28          345.00]
    69     1.0298     VOLT     29 [29          345.00]   1.0418     VOLT     30 [30          22.000]
    71     1.0160     VOLT     31 [31          22.000]  0.97807     VOLT     32 [32          22.000]
    73    0.96310     VOLT     33 [33          22.000]  0.94959     VOLT     34 [34          22.000]
    75     1.0200     VOLT     35 [35          22.000]   1.0564     VOLT     36 [36          22.000]
    77     1.0084     VOLT     37 [37          22.000]   1.0047     VOLT     38 [38          22.000]
    79     1.0238     VOLT     39 [39          22.000]   5833.6     PMECH FOR ALL BUSES
    81     5850.8     PELEC FOR ALL BUSES               -17.201     PACCL FOR ALL BUSES
    83     5805.6     PLOAD FOR ALL BUSES                45.192     PE-PL FOR ALL BUSES

 79.0012 -2.36285E-03 -2.36149E-03 -2.35739E-03 -2.36190E-03 -2.36060E-03 -2.36158E-03
     7   -2.36122E-03 -2.36376E-03   0.0000     -2.36530E-03   1.3598       3.0095
    13     2.2136       2.4517       4.6619       2.6229       2.3693       2.0913
    19     0.0000       1.0437       0.0000       0.0000     -7.80051E-02 -0.10945
    25     0.0000       0.0000     -9.06155E-02 -9.34182E-02   0.0000       0.0000
    31     2.9802       6.2161       6.9864       6.8084       5.5658       6.9890
    37     6.0857       5.8859       0.0000       10.041       1.0420       1.0430
    43     1.0272       1.0302       1.0492       1.0507       1.0382       1.0360
    49     1.0409       1.0381       1.0409       1.0245       1.0329       1.0239
    55    0.99026      0.99051       1.0033       1.0111       1.0036      0.93792
    61    0.99363       1.0171       1.0153      0.99724       1.0378       1.0281
    67     1.0108       1.0323       1.0298       1.0418       1.0160      0.97807
    73    0.96310      0.94959       1.0200       1.0564       1.0084       1.0047
    79     1.0238       5833.6       5850.8      -17.201       5805.6       45.192

 Channel output file is "ne_2.out"

    TIME X- VALUE --X X--------- IDENTIFIER ---------X X- VALUE --X X--------- IDENTIFIER ---------X
 79.0012 -2.36285E-03 SPD     30[30          22.000]1  -2.36149E-03 SPD     31[31          22.000]1
     3   -2.35739E-03 SPD     32[32          22.000]1  -2.36190E-03 SPD     33[33          22.000]1
     5   -2.36060E-03 SPD     34[34          22.000]1  -2.36158E-03 SPD     35[35          22.000]1
     7   -2.36122E-03 SPD     36[36          22.000]1  -2.36376E-03 SPD     37[37          22.000]1
     9     0.0000     SPD     38[38          22.000]1  -2.36530E-03 SPD     39[39          22.000]1
    11     1.3598     EFD     30[30          22.000]1    3.0095     EFD     31[31          22.000]1
    13     2.2136     EFD     32[32          22.000]1    2.4517     EFD     33[33          22.000]1
    15     4.6619     EFD     34[34          22.000]1    2.6229     EFD     35[35          22.000]1
    17     2.3693     EFD     36[36          22.000]1    2.0913     EFD     37[37          22.000]1
    19     0.0000     EFD     38[38          22.000]1    1.0437     EFD     39[39          22.000]1
    21     0.0000     VOEL    30[30          22.000]1    0.0000     VOEL    31[31          22.000]1
    23   -7.80051E-02 VOEL    32[32          22.000]1  -0.10945     VOEL    33[33          22.000]1
    25     0.0000     VOEL    34[34          22.000]1    0.0000     VOEL    35[35          22.000]1
    27   -9.06155E-02 VOEL    36[36          22.000]1  -9.34182E-02 VOEL    37[37          22.000]1
    29     0.0000     VOEL    38[38          22.000]1    0.0000     VOEL    39[39          22.000]1
    31     2.9801     POWR    30[30          22.000]1    6.2159     POWR    31[31          22.000]1
    33     6.9863     POWR    32[32          22.000]1    6.8083     POWR    33[33          22.000]1
    35     5.5657     POWR    34[34          22.000]1    6.9888     POWR    35[35          22.000]1
    37     6.0857     POWR    36[36          22.000]1    5.8858     POWR    37[37          22.000]1
    39     0.0000     POWR    38[38          22.000]1    10.041     POWR    39[39          22.000]1
    41     1.0420     VOLT      1 [1           345.00]   1.0430     VOLT      2 [2           345.00]
    43     1.0272     VOLT      3 [3           345.00]   1.0302     VOLT      4 [4           345.00]
    45     1.0492     VOLT      5 [5           345.00]   1.0507     VOLT      6 [6           345.00]
    47     1.0382     VOLT      7 [7           345.00]   1.0360     VOLT      8 [8           345.00]
    49     1.0409     VOLT      9 [9           345.00]   1.0381     VOLT     10 [10          345.00]
    51     1.0409     VOLT     11 [11          345.00]   1.0245     VOLT     12 [12          345.00]
    53     1.0329     VOLT     13 [13          345.00]   1.0239     VOLT     14 [14          345.00]
    55    0.99026     VOLT     15 [15          345.00]  0.99051     VOLT     16 [16          345.00]
    57     1.0033     VOLT     17 [17          345.00]   1.0111     VOLT     18 [18          345.00]
    59     1.0036     VOLT     19 [19          345.00]  0.93792     VOLT     20 [20          345.00]
    61    0.99363     VOLT     21 [21          345.00]   1.0171     VOLT     22 [22          345.00]
    63     1.0153     VOLT     23 [23          345.00]  0.99724     VOLT     24 [24          345.00]
    65     1.0378     VOLT     25 [25          345.00]   1.0281     VOLT     26 [26          345.00]
    67     1.0108     VOLT     27 [27          345.00]   1.0323     VOLT     28 [28          345.00]
    69     1.0298     VOLT     29 [29          345.00]   1.0418     VOLT     30 [30          22.000]
    71     1.0160     VOLT     31 [31          22.000]  0.97807     VOLT     32 [32          22.000]
    73    0.96310     VOLT     33 [33          22.000]  0.94959     VOLT     34 [34          22.000]
    75     1.0200     VOLT     35 [35          22.000]   1.0564     VOLT     36 [36          22.000]
    77     1.0084     VOLT     37 [37          22.000]   1.0047     VOLT     38 [38          22.000]
    79     1.0238     VOLT     39 [39          22.000]   5833.6     PMECH FOR ALL BUSES
    81     5850.8     PELEC FOR ALL BUSES               -17.201     PACCL FOR ALL BUSES
    83     5805.6     PLOAD FOR ALL BUSES                45.192     PE-PL FOR ALL BUSES

 80.0007 -2.37314E-03 -2.36987E-03 -2.36817E-03 -2.36864E-03 -2.36868E-03 -2.37187E-03
     7   -2.36884E-03 -2.37388E-03   0.0000     -2.37445E-03   1.3604       3.0105
    13     2.2143       2.4519       4.6631       2.6235       2.3696       2.0915
    19     0.0000       1.0437       0.0000       0.0000     -7.86233E-02 -0.10966
    25     0.0000       0.0000     -9.08627E-02 -9.35875E-02   0.0000       0.0000
    31     2.9789       6.2169       6.9868       6.8088       5.5657       6.9892
    37     6.0863       5.8870       0.0000       10.023       1.0420       1.0430
    43     1.0272       1.0302       1.0492       1.0507       1.0382       1.0360
    49     1.0409       1.0381       1.0409       1.0245       1.0329       1.0239
    55    0.99026      0.99051       1.0033       1.0111       1.0036      0.93792
    61    0.99363       1.0171       1.0153      0.99724       1.0378       1.0281
    67     1.0108       1.0323       1.0298       1.0418       1.0160      0.97807
    73    0.96310      0.94959       1.0200       1.0564       1.0084       1.0047
    79     1.0238       5833.6       5850.8      -17.201       5805.6       45.192

 Channel output file is "ne_2.out"

    TIME X- VALUE --X X--------- IDENTIFIER ---------X X- VALUE --X X--------- IDENTIFIER ---------X
 80.0007 -2.37314E-03 SPD     30[30          22.000]1  -2.36987E-03 SPD     31[31          22.000]1
     3   -2.36817E-03 SPD     32[32          22.000]1  -2.36864E-03 SPD     33[33          22.000]1
     5   -2.36868E-03 SPD     34[34          22.000]1  -2.37187E-03 SPD     35[35          22.000]1
     7   -2.36884E-03 SPD     36[36          22.000]1  -2.37388E-03 SPD     37[37          22.000]1
     9     0.0000     SPD     38[38          22.000]1  -2.37445E-03 SPD     39[39          22.000]1
    11     1.3604     EFD     30[30          22.000]1    3.0105     EFD     31[31          22.000]1
    13     2.2143     EFD     32[32          22.000]1    2.4519     EFD     33[33          22.000]1
    15     4.6631     EFD     34[34          22.000]1    2.6235     EFD     35[35          22.000]1
    17     2.3696     EFD     36[36          22.000]1    2.0915     EFD     37[37          22.000]1
    19     0.0000     EFD     38[38          22.000]1    1.0437     EFD     39[39          22.000]1
    21     0.0000     VOEL    30[30          22.000]1    0.0000     VOEL    31[31          22.000]1
    23   -7.86233E-02 VOEL    32[32          22.000]1  -0.10966     VOEL    33[33          22.000]1
    25     0.0000     VOEL    34[34          22.000]1    0.0000     VOEL    35[35          22.000]1
    27   -9.08627E-02 VOEL    36[36          22.000]1  -9.35875E-02 VOEL    37[37          22.000]1
    29     0.0000     VOEL    38[38          22.000]1    0.0000     VOEL    39[39          22.000]1
    31     2.9787     POWR    30[30          22.000]1    6.2168     POWR    31[31          22.000]1
    33     6.9867     POWR    32[32          22.000]1    6.8087     POWR    33[33          22.000]1
    35     5.5656     POWR    34[34          22.000]1    6.9891     POWR    35[35          22.000]1
    37     6.0862     POWR    36[36          22.000]1    5.8869     POWR    37[37          22.000]1
    39     0.0000     POWR    38[38          22.000]1    10.023     POWR    39[39          22.000]1
    41     1.0420     VOLT      1 [1           345.00]   1.0430     VOLT      2 [2           345.00]
    43     1.0272     VOLT      3 [3           345.00]   1.0302     VOLT      4 [4           345.00]
    45     1.0492     VOLT      5 [5           345.00]   1.0507     VOLT      6 [6           345.00]
    47     1.0382     VOLT      7 [7           345.00]   1.0360     VOLT      8 [8           345.00]
    49     1.0409     VOLT      9 [9           345.00]   1.0381     VOLT     10 [10          345.00]
    51     1.0409     VOLT     11 [11          345.00]   1.0245     VOLT     12 [12          345.00]
    53     1.0329     VOLT     13 [13          345.00]   1.0239     VOLT     14 [14          345.00]
    55    0.99026     VOLT     15 [15          345.00]  0.99051     VOLT     16 [16          345.00]
    57     1.0033     VOLT     17 [17          345.00]   1.0111     VOLT     18 [18          345.00]
    59     1.0036     VOLT     19 [19          345.00]  0.93792     VOLT     20 [20          345.00]
    61    0.99363     VOLT     21 [21          345.00]   1.0171     VOLT     22 [22          345.00]
    63     1.0153     VOLT     23 [23          345.00]  0.99724     VOLT     24 [24          345.00]
    65     1.0378     VOLT     25 [25          345.00]   1.0281     VOLT     26 [26          345.00]
    67     1.0108     VOLT     27 [27          345.00]   1.0323     VOLT     28 [28          345.00]
    69     1.0298     VOLT     29 [29          345.00]   1.0418     VOLT     30 [30          22.000]
    71     1.0160     VOLT     31 [31          22.000]  0.97807     VOLT     32 [32          22.000]
    73    0.96310     VOLT     33 [33          22.000]  0.94959     VOLT     34 [34          22.000]
    75     1.0200     VOLT     35 [35          22.000]   1.0564     VOLT     36 [36          22.000]
    77     1.0084     VOLT     37 [37          22.000]   1.0047     VOLT     38 [38          22.000]
    79     1.0238     VOLT     39 [39          22.000]   5833.6     PMECH FOR ALL BUSES
    81     5850.8     PELEC FOR ALL BUSES               -17.201     PACCL FOR ALL BUSES
    83     5805.6     PLOAD FOR ALL BUSES                45.192     PE-PL FOR ALL BUSES

 81.0001 -2.36643E-03 -2.36822E-03 -2.36217E-03 -2.36476E-03 -2.36761E-03 -2.36515E-03
     7   -2.36676E-03 -2.36673E-03   0.0000     -2.36795E-03   1.3611       3.0117
    13     2.2149       2.4523       4.6649       2.6247       2.3699       2.0917
    19     0.0000       1.0437       0.0000       0.0000     -7.92245E-02 -0.10998
    25     0.0000       0.0000     -9.11779E-02 -9.37888E-02   0.0000       0.0000
    31     2.9791       6.2165       6.9859       6.8074       5.5660       6.9886
    37     6.0860       5.8859       0.0000       10.012       1.0420       1.0430
    43     1.0272       1.0302       1.0492       1.0507       1.0382       1.0360
    49     1.0409       1.0381       1.0409       1.0245       1.0329       1.0239
    55    0.99026      0.99051       1.0033       1.0111       1.0036      0.93792
    61    0.99363       1.0171       1.0153      0.99724       1.0378       1.0281
    67     1.0108       1.0323       1.0298       1.0418       1.0160      0.97807
    73    0.96310      0.94959       1.0200       1.0564       1.0084       1.0047
    79     1.0238       5833.6       5850.8      -17.201       5805.6       45.192

 Channel output file is "ne_2.out"

    TIME X- VALUE --X X--------- IDENTIFIER ---------X X- VALUE --X X--------- IDENTIFIER ---------X
 81.0001 -2.36643E-03 SPD     30[30          22.000]1  -2.36822E-03 SPD     31[31          22.000]1
     3   -2.36217E-03 SPD     32[32          22.000]1  -2.36476E-03 SPD     33[33          22.000]1
     5   -2.36761E-03 SPD     34[34          22.000]1  -2.36515E-03 SPD     35[35          22.000]1
     7   -2.36676E-03 SPD     36[36          22.000]1  -2.36673E-03 SPD     37[37          22.000]1
     9     0.0000     SPD     38[38          22.000]1  -2.36795E-03 SPD     39[39          22.000]1
    11     1.3611     EFD     30[30          22.000]1    3.0117     EFD     31[31          22.000]1
    13     2.2149     EFD     32[32          22.000]1    2.4523     EFD     33[33          22.000]1
    15     4.6649     EFD     34[34          22.000]1    2.6247     EFD     35[35          22.000]1
    17     2.3699     EFD     36[36          22.000]1    2.0917     EFD     37[37          22.000]1
    19     0.0000     EFD     38[38          22.000]1    1.0437     EFD     39[39          22.000]1
    21     0.0000     VOEL    30[30          22.000]1    0.0000     VOEL    31[31          22.000]1
    23   -7.92245E-02 VOEL    32[32          22.000]1  -0.10998     VOEL    33[33          22.000]1
    25     0.0000     VOEL    34[34          22.000]1    0.0000     VOEL    35[35          22.000]1
    27   -9.11779E-02 VOEL    36[36          22.000]1  -9.37888E-02 VOEL    37[37          22.000]1
    29     0.0000     VOEL    38[38          22.000]1    0.0000     VOEL    39[39          22.000]1
    31     2.9790     POWR    30[30          22.000]1    6.2164     POWR    31[31          22.000]1
    33     6.9858     POWR    32[32          22.000]1    6.8073     POWR    33[33          22.000]1
    35     5.5659     POWR    34[34          22.000]1    6.9885     POWR    35[35          22.000]1
    37     6.0859     POWR    36[36          22.000]1    5.8858     POWR    37[37          22.000]1
    39     0.0000     POWR    38[38          22.000]1    10.012     POWR    39[39          22.000]1
    41     1.0420     VOLT      1 [1           345.00]   1.0430     VOLT      2 [2           345.00]
    43     1.0272     VOLT      3 [3           345.00]   1.0302     VOLT      4 [4           345.00]
    45     1.0492     VOLT      5 [5           345.00]   1.0507     VOLT      6 [6           345.00]
    47     1.0382     VOLT      7 [7           345.00]   1.0360     VOLT      8 [8           345.00]
    49     1.0409     VOLT      9 [9           345.00]   1.0381     VOLT     10 [10          345.00]
    51     1.0409     VOLT     11 [11          345.00]   1.0245     VOLT     12 [12          345.00]
    53     1.0329     VOLT     13 [13          345.00]   1.0239     VOLT     14 [14          345.00]
    55    0.99026     VOLT     15 [15          345.00]  0.99051     VOLT     16 [16          345.00]
    57     1.0033     VOLT     17 [17          345.00]   1.0111     VOLT     18 [18          345.00]
    59     1.0036     VOLT     19 [19          345.00]  0.93792     VOLT     20 [20          345.00]
    61    0.99363     VOLT     21 [21          345.00]   1.0171     VOLT     22 [22          345.00]
    63     1.0153     VOLT     23 [23          345.00]  0.99724     VOLT     24 [24          345.00]
    65     1.0378     VOLT     25 [25          345.00]   1.0281     VOLT     26 [26          345.00]
    67     1.0108     VOLT     27 [27          345.00]   1.0323     VOLT     28 [28          345.00]
    69     1.0298     VOLT     29 [29          345.00]   1.0418     VOLT     30 [30          22.000]
    71     1.0160     VOLT     31 [31          22.000]  0.97807     VOLT     32 [32          22.000]
    73    0.96310     VOLT     33 [33          22.000]  0.94959     VOLT     34 [34          22.000]
    75     1.0200     VOLT     35 [35          22.000]   1.0564     VOLT     36 [36          22.000]
    77     1.0084     VOLT     37 [37          22.000]   1.0047     VOLT     38 [38          22.000]
    79     1.0238     VOLT     39 [39          22.000]   5833.6     PMECH FOR ALL BUSES
    81     5850.8     PELEC FOR ALL BUSES               -17.201     PACCL FOR ALL BUSES
    83     5805.6     PLOAD FOR ALL BUSES                45.192     PE-PL FOR ALL BUSES

 82.0046 -2.35791E-03 -2.35654E-03 -2.35052E-03 -2.35292E-03 -2.35319E-03 -2.35272E-03
     7   -2.35385E-03 -2.35227E-03   0.0000     -2.35349E-03   1.3616       3.0126
    13     2.2155       2.4526       4.6659       2.6255       2.3702       2.0919
    19     0.0000       1.0437       0.0000       0.0000     -7.97243E-02 -0.11021
    25     0.0000       0.0000     -9.13942E-02 -9.39373E-02   0.0000       0.0000
    31     2.9788       6.2151       6.9857       6.8085       5.5647       6.9874
    37     6.0846       5.8853       0.0000       10.007       1.0420       1.0430
    43     1.0272       1.0302       1.0492       1.0507       1.0382       1.0360
    49     1.0409       1.0381       1.0409       1.0245       1.0329       1.0239
    55    0.99026      0.99051       1.0033       1.0111       1.0036      0.93792
    61    0.99363       1.0171       1.0153      0.99724       1.0378       1.0281
    67     1.0108       1.0323       1.0298       1.0418       1.0160      0.97807
    73    0.96310      0.94959       1.0200       1.0564       1.0084       1.0047
    79     1.0238       5833.6       5850.8      -17.201       5805.6       45.192

 Channel output file is "ne_2.out"

    TIME X- VALUE --X X--------- IDENTIFIER ---------X X- VALUE --X X--------- IDENTIFIER ---------X
 82.0046 -2.35791E-03 SPD     30[30          22.000]1  -2.35654E-03 SPD     31[31          22.000]1
     3   -2.35052E-03 SPD     32[32          22.000]1  -2.35292E-03 SPD     33[33          22.000]1
     5   -2.35319E-03 SPD     34[34          22.000]1  -2.35272E-03 SPD     35[35          22.000]1
     7   -2.35385E-03 SPD     36[36          22.000]1  -2.35227E-03 SPD     37[37          22.000]1
     9     0.0000     SPD     38[38          22.000]1  -2.35349E-03 SPD     39[39          22.000]1
    11     1.3616     EFD     30[30          22.000]1    3.0126     EFD     31[31          22.000]1
    13     2.2155     EFD     32[32          22.000]1    2.4526     EFD     33[33          22.000]1
    15     4.6659     EFD     34[34          22.000]1    2.6255     EFD     35[35          22.000]1
    17     2.3702     EFD     36[36          22.000]1    2.0919     EFD     37[37          22.000]1
    19     0.0000     EFD     38[38          22.000]1    1.0437     EFD     39[39          22.000]1
    21     0.0000     VOEL    30[30          22.000]1    0.0000     VOEL    31[31          22.000]1
    23   -7.97243E-02 VOEL    32[32          22.000]1  -0.11021     VOEL    33[33          22.000]1
    25     0.0000     VOEL    34[34          22.000]1    0.0000     VOEL    35[35          22.000]1
    27   -9.13942E-02 VOEL    36[36          22.000]1  -9.39373E-02 VOEL    37[37          22.000]1
    29     0.0000     VOEL    38[38          22.000]1    0.0000     VOEL    39[39          22.000]1
    31     2.9787     POWR    30[30          22.000]1    6.2150     POWR    31[31          22.000]1
    33     6.9856     POWR    32[32          22.000]1    6.8084     POWR    33[33          22.000]1
    35     5.5647     POWR    34[34          22.000]1    6.9873     POWR    35[35          22.000]1
    37     6.0845     POWR    36[36          22.000]1    5.8851     POWR    37[37          22.000]1
    39     0.0000     POWR    38[38          22.000]1    10.007     POWR    39[39          22.000]1
    41     1.0420     VOLT      1 [1           345.00]   1.0430     VOLT      2 [2           345.00]
    43     1.0272     VOLT      3 [3           345.00]   1.0302     VOLT      4 [4           345.00]
    45     1.0492     VOLT      5 [5           345.00]   1.0507     VOLT      6 [6           345.00]
    47     1.0382     VOLT      7 [7           345.00]   1.0360     VOLT      8 [8           345.00]
    49     1.0409     VOLT      9 [9           345.00]   1.0381     VOLT     10 [10          345.00]
    51     1.0409     VOLT     11 [11          345.00]   1.0245     VOLT     12 [12          345.00]
    53     1.0329     VOLT     13 [13          345.00]   1.0239     VOLT     14 [14          345.00]
    55    0.99026     VOLT     15 [15          345.00]  0.99051     VOLT     16 [16          345.00]
    57     1.0033     VOLT     17 [17          345.00]   1.0111     VOLT     18 [18          345.00]
    59     1.0036     VOLT     19 [19          345.00]  0.93792     VOLT     20 [20          345.00]
    61    0.99363     VOLT     21 [21          345.00]   1.0171     VOLT     22 [22          345.00]
    63     1.0153     VOLT     23 [23          345.00]  0.99724     VOLT     24 [24          345.00]
    65     1.0378     VOLT     25 [25          345.00]   1.0281     VOLT     26 [26          345.00]
    67     1.0108     VOLT     27 [27          345.00]   1.0323     VOLT     28 [28          345.00]
    69     1.0298     VOLT     29 [29          345.00]   1.0418     VOLT     30 [30          22.000]
    71     1.0160     VOLT     31 [31          22.000]  0.97807     VOLT     32 [32          22.000]
    73    0.96310     VOLT     33 [33          22.000]  0.94959     VOLT     34 [34          22.000]
    75     1.0200     VOLT     35 [35          22.000]   1.0564     VOLT     36 [36          22.000]
    77     1.0084     VOLT     37 [37          22.000]   1.0047     VOLT     38 [38          22.000]
    79     1.0238     VOLT     39 [39          22.000]   5833.6     PMECH FOR ALL BUSES
    81     5850.8     PELEC FOR ALL BUSES               -17.201     PACCL FOR ALL BUSES
    83     5805.6     PLOAD FOR ALL BUSES                45.192     PE-PL FOR ALL BUSES

 83.0040 -2.34030E-03 -2.34346E-03 -2.33696E-03 -2.34264E-03 -2.34055E-03 -2.34006E-03
     7   -2.33936E-03 -2.34086E-03   0.0000     -2.33882E-03   1.3618       3.0131
    13     2.2159       2.4526       4.6661       2.6260       2.3703       2.0920
    19     0.0000       1.0437       0.0000       0.0000     -8.00590E-02 -0.11029
    25     0.0000       0.0000     -9.14786E-02 -9.40029E-02   0.0000       0.0000
    31     2.9768       6.2150       6.9853       6.8071       5.5639       6.9862
    37     6.0839       5.8850       0.0000       10.009       1.0420       1.0430
    43     1.0272       1.0302       1.0492       1.0507       1.0382       1.0360
    49     1.0409       1.0381       1.0409       1.0245       1.0329       1.0239
    55    0.99026      0.99051       1.0033       1.0111       1.0036      0.93792
    61    0.99363       1.0171       1.0153      0.99724       1.0378       1.0281
    67     1.0108       1.0323       1.0298       1.0418       1.0160      0.97807
    73    0.96310      0.94959       1.0200       1.0564       1.0084       1.0047
    79     1.0238       5833.6       5850.8      -17.201       5805.6       45.192

 Channel output file is "ne_2.out"

    TIME X- VALUE --X X--------- IDENTIFIER ---------X X- VALUE --X X--------- IDENTIFIER ---------X
 83.0040 -2.34030E-03 SPD     30[30          22.000]1  -2.34346E-03 SPD     31[31          22.000]1
     3   -2.33696E-03 SPD     32[32          22.000]1  -2.34264E-03 SPD     33[33          22.000]1
     5   -2.34055E-03 SPD     34[34          22.000]1  -2.34006E-03 SPD     35[35          22.000]1
     7   -2.33936E-03 SPD     36[36          22.000]1  -2.34086E-03 SPD     37[37          22.000]1
     9     0.0000     SPD     38[38          22.000]1  -2.33882E-03 SPD     39[39          22.000]1
    11     1.3618     EFD     30[30          22.000]1    3.0131     EFD     31[31          22.000]1
    13     2.2159     EFD     32[32          22.000]1    2.4526     EFD     33[33          22.000]1
    15     4.6661     EFD     34[34          22.000]1    2.6260     EFD     35[35          22.000]1
    17     2.3703     EFD     36[36          22.000]1    2.0920     EFD     37[37          22.000]1
    19     0.0000     EFD     38[38          22.000]1    1.0437     EFD     39[39          22.000]1
    21     0.0000     VOEL    30[30          22.000]1    0.0000     VOEL    31[31          22.000]1
    23   -8.00590E-02 VOEL    32[32          22.000]1  -0.11029     VOEL    33[33          22.000]1
    25     0.0000     VOEL    34[34          22.000]1    0.0000     VOEL    35[35          22.000]1
    27   -9.14786E-02 VOEL    36[36          22.000]1  -9.40029E-02 VOEL    37[37          22.000]1
    29     0.0000     VOEL    38[38          22.000]1    0.0000     VOEL    39[39          22.000]1
    31     2.9767     POWR    30[30          22.000]1    6.2149     POWR    31[31          22.000]1
    33     6.9852     POWR    32[32          22.000]1    6.8070     POWR    33[33          22.000]1
    35     5.5638     POWR    34[34          22.000]1    6.9860     POWR    35[35          22.000]1
    37     6.0839     POWR    36[36          22.000]1    5.8849     POWR    37[37          22.000]1
    39     0.0000     POWR    38[38          22.000]1    10.009     POWR    39[39          22.000]1
    41     1.0420     VOLT      1 [1           345.00]   1.0430     VOLT      2 [2           345.00]
    43     1.0272     VOLT      3 [3           345.00]   1.0302     VOLT      4 [4           345.00]
    45     1.0492     VOLT      5 [5           345.00]   1.0507     VOLT      6 [6           345.00]
    47     1.0382     VOLT      7 [7           345.00]   1.0360     VOLT      8 [8           345.00]
    49     1.0409     VOLT      9 [9           345.00]   1.0381     VOLT     10 [10          345.00]
    51     1.0409     VOLT     11 [11          345.00]   1.0245     VOLT     12 [12          345.00]
    53     1.0329     VOLT     13 [13          345.00]   1.0239     VOLT     14 [14          345.00]
    55    0.99026     VOLT     15 [15          345.00]  0.99051     VOLT     16 [16          345.00]
    57     1.0033     VOLT     17 [17          345.00]   1.0111     VOLT     18 [18          345.00]
    59     1.0036     VOLT     19 [19          345.00]  0.93792     VOLT     20 [20          345.00]
    61    0.99363     VOLT     21 [21          345.00]   1.0171     VOLT     22 [22          345.00]
    63     1.0153     VOLT     23 [23          345.00]  0.99724     VOLT     24 [24          345.00]
    65     1.0378     VOLT     25 [25          345.00]   1.0281     VOLT     26 [26          345.00]
    67     1.0108     VOLT     27 [27          345.00]   1.0323     VOLT     28 [28          345.00]
    69     1.0298     VOLT     29 [29          345.00]   1.0418     VOLT     30 [30          22.000]
    71     1.0160     VOLT     31 [31          22.000]  0.97807     VOLT     32 [32          22.000]
    73    0.96310     VOLT     33 [33          22.000]  0.94959     VOLT     34 [34          22.000]
    75     1.0200     VOLT     35 [35          22.000]   1.0564     VOLT     36 [36          22.000]
    77     1.0084     VOLT     37 [37          22.000]   1.0047     VOLT     38 [38          22.000]
    79     1.0238     VOLT     39 [39          22.000]   5833.6     PMECH FOR ALL BUSES
    81     5850.8     PELEC FOR ALL BUSES               -17.201     PACCL FOR ALL BUSES
    83     5805.6     PLOAD FOR ALL BUSES                45.192     PE-PL FOR ALL BUSES

 84.0035 -2.32972E-03 -2.33389E-03 -2.32896E-03 -2.33292E-03 -2.33497E-03 -2.33307E-03
     7   -2.32900E-03 -2.33288E-03   0.0000     -2.32899E-03   1.3617       3.0132
    13     2.2161       2.4526       4.6656       2.6260       2.3702       2.0919
    19     0.0000       1.0437       0.0000       0.0000     -8.02583E-02 -0.11022
    25     0.0000       0.0000     -9.14236E-02 -9.39624E-02   0.0000       0.0000
    31     2.9779       6.2138       6.9860       6.8050       5.5629       6.9867
    37     6.0829       5.8837       0.0000       10.014       1.0420       1.0430
    43     1.0272       1.0302       1.0492       1.0507       1.0382       1.0360
    49     1.0409       1.0381       1.0409       1.0245       1.0329       1.0239
    55    0.99026      0.99051       1.0033       1.0111       1.0036      0.93792
    61    0.99363       1.0171       1.0153      0.99724       1.0378       1.0281
    67     1.0108       1.0323       1.0298       1.0418       1.0160      0.97807
    73    0.96310      0.94959       1.0200       1.0564       1.0084       1.0047
    79     1.0238       5833.6       5850.8      -17.201       5805.6       45.192

 Channel output file is "ne_2.out"

    TIME X- VALUE --X X--------- IDENTIFIER ---------X X- VALUE --X X--------- IDENTIFIER ---------X
 84.0035 -2.32972E-03 SPD     30[30          22.000]1  -2.33389E-03 SPD     31[31          22.000]1
     3   -2.32896E-03 SPD     32[32          22.000]1  -2.33292E-03 SPD     33[33          22.000]1
     5   -2.33497E-03 SPD     34[34          22.000]1  -2.33307E-03 SPD     35[35          22.000]1
     7   -2.32900E-03 SPD     36[36          22.000]1  -2.33288E-03 SPD     37[37          22.000]1
     9     0.0000     SPD     38[38          22.000]1  -2.32899E-03 SPD     39[39          22.000]1
    11     1.3617     EFD     30[30          22.000]1    3.0132     EFD     31[31          22.000]1
    13     2.2161     EFD     32[32          22.000]1    2.4526     EFD     33[33          22.000]1
    15     4.6656     EFD     34[34          22.000]1    2.6260     EFD     35[35          22.000]1
    17     2.3702     EFD     36[36          22.000]1    2.0919     EFD     37[37          22.000]1
    19     0.0000     EFD     38[38          22.000]1    1.0437     EFD     39[39          22.000]1
    21     0.0000     VOEL    30[30          22.000]1    0.0000     VOEL    31[31          22.000]1
    23   -8.02583E-02 VOEL    32[32          22.000]1  -0.11022     VOEL    33[33          22.000]1
    25     0.0000     VOEL    34[34          22.000]1    0.0000     VOEL    35[35          22.000]1
    27   -9.14236E-02 VOEL    36[36          22.000]1  -9.39624E-02 VOEL    37[37          22.000]1
    29     0.0000     VOEL    38[38          22.000]1    0.0000     VOEL    39[39          22.000]1
    31     2.9778     POWR    30[30          22.000]1    6.2137     POWR    31[31          22.000]1
    33     6.9859     POWR    32[32          22.000]1    6.8049     POWR    33[33          22.000]1
    35     5.5628     POWR    34[34          22.000]1    6.9866     POWR    35[35          22.000]1
    37     6.0828     POWR    36[36          22.000]1    5.8836     POWR    37[37          22.000]1
    39     0.0000     POWR    38[38          22.000]1    10.014     POWR    39[39          22.000]1
    41     1.0420     VOLT      1 [1           345.00]   1.0430     VOLT      2 [2           345.00]
    43     1.0272     VOLT      3 [3           345.00]   1.0302     VOLT      4 [4           345.00]
    45     1.0492     VOLT      5 [5           345.00]   1.0507     VOLT      6 [6           345.00]
    47     1.0382     VOLT      7 [7           345.00]   1.0360     VOLT      8 [8           345.00]
    49     1.0409     VOLT      9 [9           345.00]   1.0381     VOLT     10 [10          345.00]
    51     1.0409     VOLT     11 [11          345.00]   1.0245     VOLT     12 [12          345.00]
    53     1.0329     VOLT     13 [13          345.00]   1.0239     VOLT     14 [14          345.00]
    55    0.99026     VOLT     15 [15          345.00]  0.99051     VOLT     16 [16          345.00]
    57     1.0033     VOLT     17 [17          345.00]   1.0111     VOLT     18 [18          345.00]
    59     1.0036     VOLT     19 [19          345.00]  0.93792     VOLT     20 [20          345.00]
    61    0.99363     VOLT     21 [21          345.00]   1.0171     VOLT     22 [22          345.00]
    63     1.0153     VOLT     23 [23          345.00]  0.99724     VOLT     24 [24          345.00]
    65     1.0378     VOLT     25 [25          345.00]   1.0281     VOLT     26 [26          345.00]
    67     1.0108     VOLT     27 [27          345.00]   1.0323     VOLT     28 [28          345.00]
    69     1.0298     VOLT     29 [29          345.00]   1.0418     VOLT     30 [30          22.000]
    71     1.0160     VOLT     31 [31          22.000]  0.97807     VOLT     32 [32          22.000]
    73    0.96310     VOLT     33 [33          22.000]  0.94959     VOLT     34 [34          22.000]
    75     1.0200     VOLT     35 [35          22.000]   1.0564     VOLT     36 [36          22.000]
    77     1.0084     VOLT     37 [37          22.000]   1.0047     VOLT     38 [38          22.000]
    79     1.0238     VOLT     39 [39          22.000]   5833.6     PMECH FOR ALL BUSES
    81     5850.8     PELEC FOR ALL BUSES               -17.201     PACCL FOR ALL BUSES
    83     5805.6     PLOAD FOR ALL BUSES                45.192     PE-PL FOR ALL BUSES

 85.0029 -2.32932E-03 -2.32942E-03 -2.32475E-03 -2.32901E-03 -2.32917E-03 -2.32881E-03
     7   -2.32659E-03 -2.32872E-03   0.0000     -2.32838E-03   1.3614       3.0130
    13     2.2161       2.4523       4.6643       2.6254       2.3700       2.0918
    19     0.0000       1.0437       0.0000       0.0000     -8.02862E-02 -0.11000
    25     0.0000       0.0000     -9.12442E-02 -9.38309E-02   0.0000       0.0000
    31     2.9770       6.2125       6.9846       6.8050       5.5627       6.9851
    37     6.0835       5.8825       0.0000       10.027       1.0420       1.0430
    43     1.0272       1.0302       1.0492       1.0507       1.0382       1.0360
    49     1.0409       1.0381       1.0409       1.0245       1.0329       1.0239
    55    0.99026      0.99051       1.0033       1.0111       1.0036      0.93792
    61    0.99363       1.0171       1.0153      0.99724       1.0378       1.0281
    67     1.0108       1.0323       1.0298       1.0418       1.0160      0.97807
    73    0.96310      0.94959       1.0200       1.0564       1.0084       1.0047
    79     1.0238       5833.6       5850.8      -17.201       5805.6       45.192

 Channel output file is "ne_2.out"

    TIME X- VALUE --X X--------- IDENTIFIER ---------X X- VALUE --X X--------- IDENTIFIER ---------X
 85.0029 -2.32932E-03 SPD     30[30          22.000]1  -2.32942E-03 SPD     31[31          22.000]1
     3   -2.32475E-03 SPD     32[32          22.000]1  -2.32901E-03 SPD     33[33          22.000]1
     5   -2.32917E-03 SPD     34[34          22.000]1  -2.32881E-03 SPD     35[35          22.000]1
     7   -2.32659E-03 SPD     36[36          22.000]1  -2.32872E-03 SPD     37[37          22.000]1
     9     0.0000     SPD     38[38          22.000]1  -2.32838E-03 SPD     39[39          22.000]1
    11     1.3614     EFD     30[30          22.000]1    3.0130     EFD     31[31          22.000]1
    13     2.2161     EFD     32[32          22.000]1    2.4523     EFD     33[33          22.000]1
    15     4.6643     EFD     34[34          22.000]1    2.6254     EFD     35[35          22.000]1
    17     2.3700     EFD     36[36          22.000]1    2.0918     EFD     37[37          22.000]1
    19     0.0000     EFD     38[38          22.000]1    1.0437     EFD     39[39          22.000]1
    21     0.0000     VOEL    30[30          22.000]1    0.0000     VOEL    31[31          22.000]1
    23   -8.02862E-02 VOEL    32[32          22.000]1  -0.11000     VOEL    33[33          22.000]1
    25     0.0000     VOEL    34[34          22.000]1    0.0000     VOEL    35[35          22.000]1
    27   -9.12442E-02 VOEL    36[36          22.000]1  -9.38309E-02 VOEL    37[37          22.000]1
    29     0.0000     VOEL    38[38          22.000]1    0.0000     VOEL    39[39          22.000]1
    31     2.9769     POWR    30[30          22.000]1    6.2124     POWR    31[31          22.000]1
    33     6.9845     POWR    32[32          22.000]1    6.8049     POWR    33[33          22.000]1
    35     5.5626     POWR    34[34          22.000]1    6.9850     POWR    35[35          22.000]1
    37     6.0834     POWR    36[36          22.000]1    5.8824     POWR    37[37          22.000]1
    39     0.0000     POWR    38[38          22.000]1    10.027     POWR    39[39          22.000]1
    41     1.0420     VOLT      1 [1           345.00]   1.0430     VOLT      2 [2           345.00]
    43     1.0272     VOLT      3 [3           345.00]   1.0302     VOLT      4 [4           345.00]
    45     1.0492     VOLT      5 [5           345.00]   1.0507     VOLT      6 [6           345.00]
    47     1.0382     VOLT      7 [7           345.00]   1.0360     VOLT      8 [8           345.00]
    49     1.0409     VOLT      9 [9           345.00]   1.0381     VOLT     10 [10          345.00]
    51     1.0409     VOLT     11 [11          345.00]   1.0245     VOLT     12 [12          345.00]
    53     1.0329     VOLT     13 [13          345.00]   1.0239     VOLT     14 [14          345.00]
    55    0.99026     VOLT     15 [15          345.00]  0.99051     VOLT     16 [16          345.00]
    57     1.0033     VOLT     17 [17          345.00]   1.0111     VOLT     18 [18          345.00]
    59     1.0036     VOLT     19 [19          345.00]  0.93792     VOLT     20 [20          345.00]
    61    0.99363     VOLT     21 [21          345.00]   1.0171     VOLT     22 [22          345.00]
    63     1.0153     VOLT     23 [23          345.00]  0.99724     VOLT     24 [24          345.00]
    65     1.0378     VOLT     25 [25          345.00]   1.0281     VOLT     26 [26          345.00]
    67     1.0108     VOLT     27 [27          345.00]   1.0323     VOLT     28 [28          345.00]
    69     1.0298     VOLT     29 [29          345.00]   1.0418     VOLT     30 [30          22.000]
    71     1.0160     VOLT     31 [31          22.000]  0.97807     VOLT     32 [32          22.000]
    73    0.96310     VOLT     33 [33          22.000]  0.94959     VOLT     34 [34          22.000]
    75     1.0200     VOLT     35 [35          22.000]   1.0564     VOLT     36 [36          22.000]
    77     1.0084     VOLT     37 [37          22.000]   1.0047     VOLT     38 [38          22.000]
    79     1.0238     VOLT     39 [39          22.000]   5833.6     PMECH FOR ALL BUSES
    81     5850.8     PELEC FOR ALL BUSES               -17.201     PACCL FOR ALL BUSES
    83     5805.6     PLOAD FOR ALL BUSES                45.192     PE-PL FOR ALL BUSES

 86.0024 -2.33433E-03 -2.33390E-03 -2.33318E-03 -2.33648E-03 -2.33709E-03 -2.33557E-03
     7   -2.33587E-03 -2.33431E-03   0.0000     -2.33084E-03   1.3612       3.0130
    13     2.2162       2.4522       4.6636       2.6250       2.3699       2.0917
    19     0.0000       1.0437       0.0000       0.0000     -8.03626E-02 -0.10987
    25     0.0000       0.0000     -9.11470E-02 -9.37558E-02   0.0000       0.0000
    31     2.9767       6.2133       6.9838       6.8051       5.5631       6.9855
    37     6.0837       5.8819       0.0000       10.029       1.0420       1.0430
    43     1.0272       1.0302       1.0492       1.0507       1.0382       1.0360
    49     1.0409       1.0381       1.0409       1.0245       1.0329       1.0239
    55    0.99026      0.99051       1.0033       1.0111       1.0036      0.93792
    61    0.99363       1.0171       1.0153      0.99724       1.0378       1.0281
    67     1.0108       1.0323       1.0298       1.0418       1.0160      0.97807
    73    0.96310      0.94959       1.0200       1.0564       1.0084       1.0047
    79     1.0238       5833.6       5850.8      -17.201       5805.6       45.192

 Channel output file is "ne_2.out"

    TIME X- VALUE --X X--------- IDENTIFIER ---------X X- VALUE --X X--------- IDENTIFIER ---------X
 86.0024 -2.33433E-03 SPD     30[30          22.000]1  -2.33390E-03 SPD     31[31          22.000]1
     3   -2.33318E-03 SPD     32[32          22.000]1  -2.33648E-03 SPD     33[33          22.000]1
     5   -2.33709E-03 SPD     34[34          22.000]1  -2.33557E-03 SPD     35[35          22.000]1
     7   -2.33587E-03 SPD     36[36          22.000]1  -2.33431E-03 SPD     37[37          22.000]1
     9     0.0000     SPD     38[38          22.000]1  -2.33084E-03 SPD     39[39          22.000]1
    11     1.3612     EFD     30[30          22.000]1    3.0130     EFD     31[31          22.000]1
    13     2.2162     EFD     32[32          22.000]1    2.4522     EFD     33[33          22.000]1
    15     4.6636     EFD     34[34          22.000]1    2.6250     EFD     35[35          22.000]1
    17     2.3699     EFD     36[36          22.000]1    2.0917     EFD     37[37          22.000]1
    19     0.0000     EFD     38[38          22.000]1    1.0437     EFD     39[39          22.000]1
    21     0.0000     VOEL    30[30          22.000]1    0.0000     VOEL    31[31          22.000]1
    23   -8.03626E-02 VOEL    32[32          22.000]1  -0.10987     VOEL    33[33          22.000]1
    25     0.0000     VOEL    34[34          22.000]1    0.0000     VOEL    35[35          22.000]1
    27   -9.11470E-02 VOEL    36[36          22.000]1  -9.37558E-02 VOEL    37[37          22.000]1
    29     0.0000     VOEL    38[38          22.000]1    0.0000     VOEL    39[39          22.000]1
    31     2.9765     POWR    30[30          22.000]1    6.2132     POWR    31[31          22.000]1
    33     6.9837     POWR    32[32          22.000]1    6.8050     POWR    33[33          22.000]1
    35     5.5630     POWR    34[34          22.000]1    6.9853     POWR    35[35          22.000]1
    37     6.0836     POWR    36[36          22.000]1    5.8818     POWR    37[37          22.000]1
    39     0.0000     POWR    38[38          22.000]1    10.029     POWR    39[39          22.000]1
    41     1.0420     VOLT      1 [1           345.00]   1.0430     VOLT      2 [2           345.00]
    43     1.0272     VOLT      3 [3           345.00]   1.0302     VOLT      4 [4           345.00]
    45     1.0492     VOLT      5 [5           345.00]   1.0507     VOLT      6 [6           345.00]
    47     1.0382     VOLT      7 [7           345.00]   1.0360     VOLT      8 [8           345.00]
    49     1.0409     VOLT      9 [9           345.00]   1.0381     VOLT     10 [10          345.00]
    51     1.0409     VOLT     11 [11          345.00]   1.0245     VOLT     12 [12          345.00]
    53     1.0329     VOLT     13 [13          345.00]   1.0239     VOLT     14 [14          345.00]
    55    0.99026     VOLT     15 [15          345.00]  0.99051     VOLT     16 [16          345.00]
    57     1.0033     VOLT     17 [17          345.00]   1.0111     VOLT     18 [18          345.00]
    59     1.0036     VOLT     19 [19          345.00]  0.93792     VOLT     20 [20          345.00]
    61    0.99363     VOLT     21 [21          345.00]   1.0171     VOLT     22 [22          345.00]
    63     1.0153     VOLT     23 [23          345.00]  0.99724     VOLT     24 [24          345.00]
    65     1.0378     VOLT     25 [25          345.00]   1.0281     VOLT     26 [26          345.00]
    67     1.0108     VOLT     27 [27          345.00]   1.0323     VOLT     28 [28          345.00]
    69     1.0298     VOLT     29 [29          345.00]   1.0418     VOLT     30 [30          22.000]
    71     1.0160     VOLT     31 [31          22.000]  0.97807     VOLT     32 [32          22.000]
    73    0.96310     VOLT     33 [33          22.000]  0.94959     VOLT     34 [34          22.000]
    75     1.0200     VOLT     35 [35          22.000]   1.0564     VOLT     36 [36          22.000]
    77     1.0084     VOLT     37 [37          22.000]   1.0047     VOLT     38 [38          22.000]
    79     1.0238     VOLT     39 [39          22.000]   5833.6     PMECH FOR ALL BUSES
    81     5850.8     PELEC FOR ALL BUSES               -17.201     PACCL FOR ALL BUSES
    83     5805.6     PLOAD FOR ALL BUSES                45.192     PE-PL FOR ALL BUSES

 87.0018 -2.33952E-03 -2.33866E-03 -2.33404E-03 -2.33875E-03 -2.33893E-03 -2.33885E-03
     7   -2.33882E-03 -2.33851E-03   0.0000     -2.33952E-03   1.3610       3.0128
    13     2.2162       2.4519       4.6625       2.6245       2.3697       2.0916
    19     0.0000       1.0437       0.0000       0.0000     -8.03704E-02 -0.10966
    25     0.0000       0.0000     -9.09868E-02 -9.36435E-02   0.0000       0.0000
    31     2.9764       6.2141       6.9843       6.8050       5.5628       6.9868
    37     6.0829       5.8832       0.0000       10.030       1.0420       1.0430
    43     1.0272       1.0302       1.0492       1.0507       1.0382       1.0360
    49     1.0409       1.0381       1.0409       1.0245       1.0329       1.0239
    55    0.99026      0.99051       1.0033       1.0111       1.0036      0.93792
    61    0.99363       1.0171       1.0153      0.99724       1.0378       1.0281
    67     1.0108       1.0323       1.0298       1.0418       1.0160      0.97807
    73    0.96310      0.94959       1.0200       1.0564       1.0084       1.0047
    79     1.0238       5833.6       5850.8      -17.201       5805.6       45.192

 Channel output file is "ne_2.out"

    TIME X- VALUE --X X--------- IDENTIFIER ---------X X- VALUE --X X--------- IDENTIFIER ---------X
 87.0018 -2.33952E-03 SPD     30[30          22.000]1  -2.33866E-03 SPD     31[31          22.000]1
     3   -2.33404E-03 SPD     32[32          22.000]1  -2.33875E-03 SPD     33[33          22.000]1
     5   -2.33893E-03 SPD     34[34          22.000]1  -2.33885E-03 SPD     35[35          22.000]1
     7   -2.33882E-03 SPD     36[36          22.000]1  -2.33851E-03 SPD     37[37          22.000]1
     9     0.0000     SPD     38[38          22.000]1  -2.33952E-03 SPD     39[39          22.000]1
    11     1.3610     EFD     30[30          22.000]1    3.0128     EFD     31[31          22.000]1
    13     2.2162     EFD     32[32          22.000]1    2.4519     EFD     33[33          22.000]1
    15     4.6625     EFD     34[34          22.000]1    2.6245     EFD     35[35          22.000]1
    17     2.3697     EFD     36[36          22.000]1    2.0916     EFD     37[37          22.000]1
    19     0.0000     EFD     38[38          22.000]1    1.0437     EFD     39[39          22.000]1
    21     0.0000     VOEL    30[30          22.000]1    0.0000     VOEL    31[31          22.000]1
    23   -8.03704E-02 VOEL    32[32          22.000]1  -0.10966     VOEL    33[33          22.000]1
    25     0.0000     VOEL    34[34          22.000]1    0.0000     VOEL    35[35          22.000]1
    27   -9.09868E-02 VOEL    36[36          22.000]1  -9.36435E-02 VOEL    37[37          22.000]1
    29     0.0000     VOEL    38[38          22.000]1    0.0000     VOEL    39[39          22.000]1
    31     2.9762     POWR    30[30          22.000]1    6.2140     POWR    31[31          22.000]1
    33     6.9842     POWR    32[32          22.000]1    6.8049     POWR    33[33          22.000]1
    35     5.5627     POWR    34[34          22.000]1    6.9867     POWR    35[35          22.000]1
    37     6.0828     POWR    36[36          22.000]1    5.8831     POWR    37[37          22.000]1
    39     0.0000     POWR    38[38          22.000]1    10.030     POWR    39[39          22.000]1
    41     1.0420     VOLT      1 [1           345.00]   1.0430     VOLT      2 [2           345.00]
    43     1.0272     VOLT      3 [3           345.00]   1.0302     VOLT      4 [4           345.00]
    45     1.0492     VOLT      5 [5           345.00]   1.0507     VOLT      6 [6           345.00]
    47     1.0382     VOLT      7 [7           345.00]   1.0360     VOLT      8 [8           345.00]
    49     1.0409     VOLT      9 [9           345.00]   1.0381     VOLT     10 [10          345.00]
    51     1.0409     VOLT     11 [11          345.00]   1.0245     VOLT     12 [12          345.00]
    53     1.0329     VOLT     13 [13          345.00]   1.0239     VOLT     14 [14          345.00]
    55    0.99026     VOLT     15 [15          345.00]  0.99051     VOLT     16 [16          345.00]
    57     1.0033     VOLT     17 [17          345.00]   1.0111     VOLT     18 [18          345.00]
    59     1.0036     VOLT     19 [19          345.00]  0.93792     VOLT     20 [20          345.00]
    61    0.99363     VOLT     21 [21          345.00]   1.0171     VOLT     22 [22          345.00]
    63     1.0153     VOLT     23 [23          345.00]  0.99724     VOLT     24 [24          345.00]
    65     1.0378     VOLT     25 [25          345.00]   1.0281     VOLT     26 [26          345.00]
    67     1.0108     VOLT     27 [27          345.00]   1.0323     VOLT     28 [28          345.00]
    69     1.0298     VOLT     29 [29          345.00]   1.0418     VOLT     30 [30          22.000]
    71     1.0160     VOLT     31 [31          22.000]  0.97807     VOLT     32 [32          22.000]
    73    0.96310     VOLT     33 [33          22.000]  0.94959     VOLT     34 [34          22.000]
    75     1.0200     VOLT     35 [35          22.000]   1.0564     VOLT     36 [36          22.000]
    77     1.0084     VOLT     37 [37          22.000]   1.0047     VOLT     38 [38          22.000]
    79     1.0238     VOLT     39 [39          22.000]   5833.6     PMECH FOR ALL BUSES
    81     5850.8     PELEC FOR ALL BUSES               -17.201     PACCL FOR ALL BUSES
    83     5805.6     PLOAD FOR ALL BUSES                45.192     PE-PL FOR ALL BUSES

 88.0013 -2.34830E-03 -2.34412E-03 -2.34367E-03 -2.34863E-03 -2.34444E-03 -2.34545E-03
     7   -2.34429E-03 -2.34721E-03   0.0000     -2.34540E-03   1.3610       3.0128
    13     2.2163       2.4519       4.6623       2.6243       2.3697       2.0915
    19     0.0000       1.0437       0.0000       0.0000     -8.04749E-02 -0.10961
    25     0.0000       0.0000     -9.09455E-02 -9.36300E-02   0.0000       0.0000
    31     2.9773       6.2128       6.9859       6.8054       5.5627       6.9860
    37     6.0834       5.8837       0.0000       10.028       1.0420       1.0430
    43     1.0272       1.0302       1.0492       1.0507       1.0382       1.0360
    49     1.0409       1.0381       1.0409       1.0245       1.0329       1.0239
    55    0.99026      0.99051       1.0033       1.0111       1.0036      0.93792
    61    0.99363       1.0171       1.0153      0.99724       1.0378       1.0281
    67     1.0108       1.0323       1.0298       1.0418       1.0160      0.97807
    73    0.96310      0.94959       1.0200       1.0564       1.0084       1.0047
    79     1.0238       5833.6       5850.8      -17.201       5805.6       45.192

 Channel output file is "ne_2.out"

    TIME X- VALUE --X X--------- IDENTIFIER ---------X X- VALUE --X X--------- IDENTIFIER ---------X
 88.0013 -2.34830E-03 SPD     30[30          22.000]1  -2.34412E-03 SPD     31[31          22.000]1
     3   -2.34367E-03 SPD     32[32          22.000]1  -2.34863E-03 SPD     33[33          22.000]1
     5   -2.34444E-03 SPD     34[34          22.000]1  -2.34545E-03 SPD     35[35          22.000]1
     7   -2.34429E-03 SPD     36[36          22.000]1  -2.34721E-03 SPD     37[37          22.000]1
     9     0.0000     SPD     38[38          22.000]1  -2.34540E-03 SPD     39[39          22.000]1
    11     1.3610     EFD     30[30          22.000]1    3.0128     EFD     31[31          22.000]1
    13     2.2163     EFD     32[32          22.000]1    2.4519     EFD     33[33          22.000]1
    15     4.6623     EFD     34[34          22.000]1    2.6243     EFD     35[35          22.000]1
    17     2.3697     EFD     36[36          22.000]1    2.0915     EFD     37[37          22.000]1
    19     0.0000     EFD     38[38          22.000]1    1.0437     EFD     39[39          22.000]1
    21     0.0000     VOEL    30[30          22.000]1    0.0000     VOEL    31[31          22.000]1
    23   -8.04749E-02 VOEL    32[32          22.000]1  -0.10961     VOEL    33[33          22.000]1
    25     0.0000     VOEL    34[34          22.000]1    0.0000     VOEL    35[35          22.000]1
    27   -9.09455E-02 VOEL    36[36          22.000]1  -9.36300E-02 VOEL    37[37          22.000]1
    29     0.0000     VOEL    38[38          22.000]1    0.0000     VOEL    39[39          22.000]1
    31     2.9771     POWR    30[30          22.000]1    6.2127     POWR    31[31          22.000]1
    33     6.9858     POWR    32[32          22.000]1    6.8053     POWR    33[33          22.000]1
    35     5.5626     POWR    34[34          22.000]1    6.9858     POWR    35[35          22.000]1
    37     6.0833     POWR    36[36          22.000]1    5.8836     POWR    37[37          22.000]1
    39     0.0000     POWR    38[38          22.000]1    10.028     POWR    39[39          22.000]1
    41     1.0420     VOLT      1 [1           345.00]   1.0430     VOLT      2 [2           345.00]
    43     1.0272     VOLT      3 [3           345.00]   1.0302     VOLT      4 [4           345.00]
    45     1.0492     VOLT      5 [5           345.00]   1.0507     VOLT      6 [6           345.00]
    47     1.0382     VOLT      7 [7           345.00]   1.0360     VOLT      8 [8           345.00]
    49     1.0409     VOLT      9 [9           345.00]   1.0381     VOLT     10 [10          345.00]
    51     1.0409     VOLT     11 [11          345.00]   1.0245     VOLT     12 [12          345.00]
    53     1.0329     VOLT     13 [13          345.00]   1.0239     VOLT     14 [14          345.00]
    55    0.99026     VOLT     15 [15          345.00]  0.99051     VOLT     16 [16          345.00]
    57     1.0033     VOLT     17 [17          345.00]   1.0111     VOLT     18 [18          345.00]
    59     1.0036     VOLT     19 [19          345.00]  0.93792     VOLT     20 [20          345.00]
    61    0.99363     VOLT     21 [21          345.00]   1.0171     VOLT     22 [22          345.00]
    63     1.0153     VOLT     23 [23          345.00]  0.99724     VOLT     24 [24          345.00]
    65     1.0378     VOLT     25 [25          345.00]   1.0281     VOLT     26 [26          345.00]
    67     1.0108     VOLT     27 [27          345.00]   1.0323     VOLT     28 [28          345.00]
    69     1.0298     VOLT     29 [29          345.00]   1.0418     VOLT     30 [30          22.000]
    71     1.0160     VOLT     31 [31          22.000]  0.97807     VOLT     32 [32          22.000]
    73    0.96310     VOLT     33 [33          22.000]  0.94959     VOLT     34 [34          22.000]
    75     1.0200     VOLT     35 [35          22.000]   1.0564     VOLT     36 [36          22.000]
    77     1.0084     VOLT     37 [37          22.000]   1.0047     VOLT     38 [38          22.000]
    79     1.0238     VOLT     39 [39          22.000]   5833.6     PMECH FOR ALL BUSES
    81     5850.8     PELEC FOR ALL BUSES               -17.201     PACCL FOR ALL BUSES
    83     5805.6     PLOAD FOR ALL BUSES                45.192     PE-PL FOR ALL BUSES

 89.0007 -2.35224E-03 -2.35001E-03 -2.34852E-03 -2.34850E-03 -2.34856E-03 -2.34959E-03
     7   -2.34866E-03 -2.35341E-03   0.0000     -2.34911E-03   1.3611       3.0130
    13     2.2165       2.4519       4.6624       2.6243       2.3697       2.0916
    19     0.0000       1.0437       0.0000       0.0000     -8.06040E-02 -0.10961
    25     0.0000       0.0000     -9.09698E-02 -9.36470E-02   0.0000       0.0000
    31     2.9776       6.2135       6.9848       6.8056       5.5627       6.9864
    37     6.0838       5.8848       0.0000       10.023       1.0420       1.0430
    43     1.0272       1.0302       1.0492       1.0507       1.0382       1.0360
    49     1.0409       1.0381       1.0409       1.0245       1.0329       1.0239
    55    0.99026      0.99051       1.0033       1.0111       1.0036      0.93792
    61    0.99363       1.0171       1.0153      0.99724       1.0378       1.0281
    67     1.0108       1.0323       1.0298       1.0418       1.0160      0.97807
    73    0.96310      0.94959       1.0200       1.0564       1.0084       1.0047
    79     1.0238       5833.6       5850.8      -17.201       5805.6       45.192

 Channel output file is "ne_2.out"

    TIME X- VALUE --X X--------- IDENTIFIER ---------X X- VALUE --X X--------- IDENTIFIER ---------X
 89.0007 -2.35224E-03 SPD     30[30          22.000]1  -2.35001E-03 SPD     31[31          22.000]1
     3   -2.34852E-03 SPD     32[32          22.000]1  -2.34850E-03 SPD     33[33          22.000]1
     5   -2.34856E-03 SPD     34[34          22.000]1  -2.34959E-03 SPD     35[35          22.000]1
     7   -2.34866E-03 SPD     36[36          22.000]1  -2.35341E-03 SPD     37[37          22.000]1
     9     0.0000     SPD     38[38          22.000]1  -2.34911E-03 SPD     39[39          22.000]1
    11     1.3611     EFD     30[30          22.000]1    3.0130     EFD     31[31          22.000]1
    13     2.2165     EFD     32[32          22.000]1    2.4519     EFD     33[33          22.000]1
    15     4.6624     EFD     34[34          22.000]1    2.6243     EFD     35[35          22.000]1
    17     2.3697     EFD     36[36          22.000]1    2.0916     EFD     37[37          22.000]1
    19     0.0000     EFD     38[38          22.000]1    1.0437     EFD     39[39          22.000]1
    21     0.0000     VOEL    30[30          22.000]1    0.0000     VOEL    31[31          22.000]1
    23   -8.06040E-02 VOEL    32[32          22.000]1  -0.10961     VOEL    33[33          22.000]1
    25     0.0000     VOEL    34[34          22.000]1    0.0000     VOEL    35[35          22.000]1
    27   -9.09698E-02 VOEL    36[36          22.000]1  -9.36470E-02 VOEL    37[37          22.000]1
    29     0.0000     VOEL    38[38          22.000]1    0.0000     VOEL    39[39          22.000]1
    31     2.9775     POWR    30[30          22.000]1    6.2133     POWR    31[31          22.000]1
    33     6.9847     POWR    32[32          22.000]1    6.8054     POWR    33[33          22.000]1
    35     5.5626     POWR    34[34          22.000]1    6.9863     POWR    35[35          22.000]1
    37     6.0837     POWR    36[36          22.000]1    5.8847     POWR    37[37          22.000]1
    39     0.0000     POWR    38[38          22.000]1    10.023     POWR    39[39          22.000]1
    41     1.0420     VOLT      1 [1           345.00]   1.0430     VOLT      2 [2           345.00]
    43     1.0272     VOLT      3 [3           345.00]   1.0302     VOLT      4 [4           345.00]
    45     1.0492     VOLT      5 [5           345.00]   1.0507     VOLT      6 [6           345.00]
    47     1.0382     VOLT      7 [7           345.00]   1.0360     VOLT      8 [8           345.00]
    49     1.0409     VOLT      9 [9           345.00]   1.0381     VOLT     10 [10          345.00]
    51     1.0409     VOLT     11 [11          345.00]   1.0245     VOLT     12 [12          345.00]
    53     1.0329     VOLT     13 [13          345.00]   1.0239     VOLT     14 [14          345.00]
    55    0.99026     VOLT     15 [15          345.00]  0.99051     VOLT     16 [16          345.00]
    57     1.0033     VOLT     17 [17          345.00]   1.0111     VOLT     18 [18          345.00]
    59     1.0036     VOLT     19 [19          345.00]  0.93792     VOLT     20 [20          345.00]
    61    0.99363     VOLT     21 [21          345.00]   1.0171     VOLT     22 [22          345.00]
    63     1.0153     VOLT     23 [23          345.00]  0.99724     VOLT     24 [24          345.00]
    65     1.0378     VOLT     25 [25          345.00]   1.0281     VOLT     26 [26          345.00]
    67     1.0108     VOLT     27 [27          345.00]   1.0323     VOLT     28 [28          345.00]
    69     1.0298     VOLT     29 [29          345.00]   1.0418     VOLT     30 [30          22.000]
    71     1.0160     VOLT     31 [31          22.000]  0.97807     VOLT     32 [32          22.000]
    73    0.96310     VOLT     33 [33          22.000]  0.94959     VOLT     34 [34          22.000]
    75     1.0200     VOLT     35 [35          22.000]   1.0564     VOLT     36 [36          22.000]
    77     1.0084     VOLT     37 [37          22.000]   1.0047     VOLT     38 [38          22.000]
    79     1.0238     VOLT     39 [39          22.000]   5833.6     PMECH FOR ALL BUSES
    81     5850.8     PELEC FOR ALL BUSES               -17.201     PACCL FOR ALL BUSES
    83     5805.6     PLOAD FOR ALL BUSES                45.192     PE-PL FOR ALL BUSES

 90.0002 -2.35301E-03 -2.34859E-03 -2.34841E-03 -2.34934E-03 -2.34838E-03 -2.35017E-03
     7   -2.34921E-03 -2.35040E-03   0.0000     -2.35002E-03   1.3612       3.0132
    13     2.2166       2.4519       4.6626       2.6245       2.3697       2.0916
    19     0.0000       1.0437       0.0000       0.0000     -8.07163E-02 -0.10963
    25     0.0000       0.0000     -9.09908E-02 -9.36538E-02   0.0000       0.0000
    31     2.9778       6.2140       6.9852       6.8053       5.5629       6.9856
    37     6.0835       5.8836       0.0000       10.023       1.0420       1.0430
    43     1.0272       1.0302       1.0492       1.0507       1.0382       1.0360
    49     1.0409       1.0381       1.0409       1.0245       1.0329       1.0239
    55    0.99026      0.99051       1.0033       1.0111       1.0036      0.93792
    61    0.99363       1.0171       1.0153      0.99724       1.0378       1.0281
    67     1.0108       1.0323       1.0298       1.0418       1.0160      0.97807
    73    0.96310      0.94959       1.0200       1.0564       1.0084       1.0047
    79     1.0238       5833.6       5850.8      -17.201       5805.6       45.192

 Channel output file is "ne_2.out"

    TIME X- VALUE --X X--------- IDENTIFIER ---------X X- VALUE --X X--------- IDENTIFIER ---------X
 90.0002 -2.35301E-03 SPD     30[30          22.000]1  -2.34859E-03 SPD     31[31          22.000]1
     3   -2.34841E-03 SPD     32[32          22.000]1  -2.34934E-03 SPD     33[33          22.000]1
     5   -2.34838E-03 SPD     34[34          22.000]1  -2.35017E-03 SPD     35[35          22.000]1
     7   -2.34921E-03 SPD     36[36          22.000]1  -2.35040E-03 SPD     37[37          22.000]1
     9     0.0000     SPD     38[38          22.000]1  -2.35002E-03 SPD     39[39          22.000]1
    11     1.3612     EFD     30[30          22.000]1    3.0132     EFD     31[31          22.000]1
    13     2.2166     EFD     32[32          22.000]1    2.4519     EFD     33[33          22.000]1
    15     4.6626     EFD     34[34          22.000]1    2.6245     EFD     35[35          22.000]1
    17     2.3697     EFD     36[36          22.000]1    2.0916     EFD     37[37          22.000]1
    19     0.0000     EFD     38[38          22.000]1    1.0437     EFD     39[39          22.000]1
    21     0.0000     VOEL    30[30          22.000]1    0.0000     VOEL    31[31          22.000]1
    23   -8.07163E-02 VOEL    32[32          22.000]1  -0.10963     VOEL    33[33          22.000]1
    25     0.0000     VOEL    34[34          22.000]1    0.0000     VOEL    35[35          22.000]1
    27   -9.09908E-02 VOEL    36[36          22.000]1  -9.36538E-02 VOEL    37[37          22.000]1
    29     0.0000     VOEL    38[38          22.000]1    0.0000     VOEL    39[39          22.000]1
    31     2.9777     POWR    30[30          22.000]1    6.2139     POWR    31[31          22.000]1
    33     6.9851     POWR    32[32          22.000]1    6.8052     POWR    33[33          22.000]1
    35     5.5628     POWR    34[34          22.000]1    6.9855     POWR    35[35          22.000]1
    37     6.0834     POWR    36[36          22.000]1    5.8835     POWR    37[37          22.000]1
    39     0.0000     POWR    38[38          22.000]1    10.022     POWR    39[39          22.000]1
    41     1.0420     VOLT      1 [1           345.00]   1.0430     VOLT      2 [2           345.00]
    43     1.0272     VOLT      3 [3           345.00]   1.0302     VOLT      4 [4           345.00]
    45     1.0492     VOLT      5 [5           345.00]   1.0507     VOLT      6 [6           345.00]
    47     1.0382     VOLT      7 [7           345.00]   1.0360     VOLT      8 [8           345.00]
    49     1.0409     VOLT      9 [9           345.00]   1.0381     VOLT     10 [10          345.00]
    51     1.0409     VOLT     11 [11          345.00]   1.0245     VOLT     12 [12          345.00]
    53     1.0329     VOLT     13 [13          345.00]   1.0239     VOLT     14 [14          345.00]
    55    0.99026     VOLT     15 [15          345.00]  0.99051     VOLT     16 [16          345.00]
    57     1.0033     VOLT     17 [17          345.00]   1.0111     VOLT     18 [18          345.00]
    59     1.0036     VOLT     19 [19          345.00]  0.93792     VOLT     20 [20          345.00]
    61    0.99363     VOLT     21 [21          345.00]   1.0171     VOLT     22 [22          345.00]
    63     1.0153     VOLT     23 [23          345.00]  0.99724     VOLT     24 [24          345.00]
    65     1.0378     VOLT     25 [25          345.00]   1.0281     VOLT     26 [26          345.00]
    67     1.0108     VOLT     27 [27          345.00]   1.0323     VOLT     28 [28          345.00]
    69     1.0298     VOLT     29 [29          345.00]   1.0418     VOLT     30 [30          22.000]
    71     1.0160     VOLT     31 [31          22.000]  0.97807     VOLT     32 [32          22.000]
    73    0.96310     VOLT     33 [33          22.000]  0.94959     VOLT     34 [34          22.000]
    75     1.0200     VOLT     35 [35          22.000]   1.0564     VOLT     36 [36          22.000]
    77     1.0084     VOLT     37 [37          22.000]   1.0047     VOLT     38 [38          22.000]
    79     1.0238     VOLT     39 [39          22.000]   5833.6     PMECH FOR ALL BUSES
    81     5850.8     PELEC FOR ALL BUSES               -17.201     PACCL FOR ALL BUSES
    83     5805.6     PLOAD FOR ALL BUSES                45.192     PE-PL FOR ALL BUSES

 91.0046 -2.35016E-03 -2.34841E-03 -2.34839E-03 -2.34850E-03 -2.34839E-03 -2.34843E-03
     7   -2.34859E-03 -2.34929E-03   0.0000     -2.34805E-03   1.3613       3.0134
    13     2.2168       2.4520       4.6629       2.6247       2.3698       2.0916
    19     0.0000       1.0437       0.0000       0.0000     -8.08574E-02 -0.10970
    25     0.0000       0.0000     -9.10728E-02 -9.36978E-02   0.0000       0.0000
    31     2.9753       6.2127       6.9855       6.8055       5.5629       6.9862
    37     6.0838       5.8836       0.0000       10.021       1.0420       1.0430
    43     1.0272       1.0302       1.0492       1.0507       1.0382       1.0360
    49     1.0409       1.0381       1.0409       1.0245       1.0329       1.0239
    55    0.99026      0.99051       1.0033       1.0111       1.0036      0.93792
    61    0.99363       1.0171       1.0153      0.99724       1.0378       1.0281
    67     1.0108       1.0323       1.0298       1.0418       1.0160      0.97807
    73    0.96310      0.94959       1.0200       1.0564       1.0084       1.0047
    79     1.0238       5833.6       5850.8      -17.201       5805.6       45.192

 Channel output file is "ne_2.out"

    TIME X- VALUE --X X--------- IDENTIFIER ---------X X- VALUE --X X--------- IDENTIFIER ---------X
 91.0046 -2.35016E-03 SPD     30[30          22.000]1  -2.34841E-03 SPD     31[31          22.000]1
     3   -2.34839E-03 SPD     32[32          22.000]1  -2.34850E-03 SPD     33[33          22.000]1
     5   -2.34839E-03 SPD     34[34          22.000]1  -2.34843E-03 SPD     35[35          22.000]1
     7   -2.34859E-03 SPD     36[36          22.000]1  -2.34929E-03 SPD     37[37          22.000]1
     9     0.0000     SPD     38[38          22.000]1  -2.34805E-03 SPD     39[39          22.000]1
    11     1.3613     EFD     30[30          22.000]1    3.0134     EFD     31[31          22.000]1
    13     2.2168     EFD     32[32          22.000]1    2.4520     EFD     33[33          22.000]1
    15     4.6629     EFD     34[34          22.000]1    2.6247     EFD     35[35          22.000]1
    17     2.3698     EFD     36[36          22.000]1    2.0916     EFD     37[37          22.000]1
    19     0.0000     EFD     38[38          22.000]1    1.0437     EFD     39[39          22.000]1
    21     0.0000     VOEL    30[30          22.000]1    0.0000     VOEL    31[31          22.000]1
    23   -8.08574E-02 VOEL    32[32          22.000]1  -0.10970     VOEL    33[33          22.000]1
    25     0.0000     VOEL    34[34          22.000]1    0.0000     VOEL    35[35          22.000]1
    27   -9.10728E-02 VOEL    36[36          22.000]1  -9.36978E-02 VOEL    37[37          22.000]1
    29     0.0000     VOEL    38[38          22.000]1    0.0000     VOEL    39[39          22.000]1
    31     2.9752     POWR    30[30          22.000]1    6.2126     POWR    31[31          22.000]1
    33     6.9854     POWR    32[32          22.000]1    6.8053     POWR    33[33          22.000]1
    35     5.5628     POWR    34[34          22.000]1    6.9861     POWR    35[35          22.000]1
    37     6.0837     POWR    36[36          22.000]1    5.8834     POWR    37[37          22.000]1
    39     0.0000     POWR    38[38          22.000]1    10.021     POWR    39[39          22.000]1
    41     1.0420     VOLT      1 [1           345.00]   1.0430     VOLT      2 [2           345.00]
    43     1.0272     VOLT      3 [3           345.00]   1.0302     VOLT      4 [4           345.00]
    45     1.0492     VOLT      5 [5           345.00]   1.0507     VOLT      6 [6           345.00]
    47     1.0382     VOLT      7 [7           345.00]   1.0360     VOLT      8 [8           345.00]
    49     1.0409     VOLT      9 [9           345.00]   1.0381     VOLT     10 [10          345.00]
    51     1.0409     VOLT     11 [11          345.00]   1.0245     VOLT     12 [12          345.00]
    53     1.0329     VOLT     13 [13          345.00]   1.0239     VOLT     14 [14          345.00]
    55    0.99026     VOLT     15 [15          345.00]  0.99051     VOLT     16 [16          345.00]
    57     1.0033     VOLT     17 [17          345.00]   1.0111     VOLT     18 [18          345.00]
    59     1.0036     VOLT     19 [19          345.00]  0.93792     VOLT     20 [20          345.00]
    61    0.99363     VOLT     21 [21          345.00]   1.0171     VOLT     22 [22          345.00]
    63     1.0153     VOLT     23 [23          345.00]  0.99724     VOLT     24 [24          345.00]
    65     1.0378     VOLT     25 [25          345.00]   1.0281     VOLT     26 [26          345.00]
    67     1.0108     VOLT     27 [27          345.00]   1.0323     VOLT     28 [28          345.00]
    69     1.0298     VOLT     29 [29          345.00]   1.0418     VOLT     30 [30          22.000]
    71     1.0160     VOLT     31 [31          22.000]  0.97807     VOLT     32 [32          22.000]
    73    0.96310     VOLT     33 [33          22.000]  0.94959     VOLT     34 [34          22.000]
    75     1.0200     VOLT     35 [35          22.000]   1.0564     VOLT     36 [36          22.000]
    77     1.0084     VOLT     37 [37          22.000]   1.0047     VOLT     38 [38          22.000]
    79     1.0238     VOLT     39 [39          22.000]   5833.6     PMECH FOR ALL BUSES
    81     5850.8     PELEC FOR ALL BUSES               -17.201     PACCL FOR ALL BUSES
    83     5805.6     PLOAD FOR ALL BUSES                45.192     PE-PL FOR ALL BUSES

 92.0041 -2.34828E-03 -2.34403E-03 -2.34467E-03 -2.34443E-03 -2.34614E-03 -2.34334E-03
     7   -2.34372E-03 -2.34799E-03   0.0000     -2.34625E-03   1.3614       3.0135
    13     2.2169       2.4520       4.6629       2.6248       2.3698       2.0916
    19     0.0000       1.0437       0.0000       0.0000     -8.09396E-02 -0.10970
    25     0.0000       0.0000     -9.10752E-02 -9.36985E-02   0.0000       0.0000
    31     2.9769       6.2138       6.9854       6.8050       5.5625       6.9856
    37     6.0838       5.8830       0.0000       10.020       1.0420       1.0430
    43     1.0272       1.0302       1.0492       1.0507       1.0382       1.0360
    49     1.0409       1.0381       1.0409       1.0245       1.0329       1.0239
    55    0.99026      0.99051       1.0033       1.0111       1.0036      0.93792
    61    0.99363       1.0171       1.0153      0.99724       1.0378       1.0281
    67     1.0108       1.0323       1.0298       1.0418       1.0160      0.97807
    73    0.96310      0.94959       1.0200       1.0564       1.0084       1.0047
    79     1.0238       5833.6       5850.8      -17.201       5805.6       45.192

 Channel output file is "ne_2.out"

    TIME X- VALUE --X X--------- IDENTIFIER ---------X X- VALUE --X X--------- IDENTIFIER ---------X
 92.0041 -2.34828E-03 SPD     30[30          22.000]1  -2.34403E-03 SPD     31[31          22.000]1
     3   -2.34467E-03 SPD     32[32          22.000]1  -2.34443E-03 SPD     33[33          22.000]1
     5   -2.34614E-03 SPD     34[34          22.000]1  -2.34334E-03 SPD     35[35          22.000]1
     7   -2.34372E-03 SPD     36[36          22.000]1  -2.34799E-03 SPD     37[37          22.000]1
     9     0.0000     SPD     38[38          22.000]1  -2.34625E-03 SPD     39[39          22.000]1
    11     1.3614     EFD     30[30          22.000]1    3.0135     EFD     31[31          22.000]1
    13     2.2169     EFD     32[32          22.000]1    2.4520     EFD     33[33          22.000]1
    15     4.6629     EFD     34[34          22.000]1    2.6248     EFD     35[35          22.000]1
    17     2.3698     EFD     36[36          22.000]1    2.0916     EFD     37[37          22.000]1
    19     0.0000     EFD     38[38          22.000]1    1.0437     EFD     39[39          22.000]1
    21     0.0000     VOEL    30[30          22.000]1    0.0000     VOEL    31[31          22.000]1
    23   -8.09396E-02 VOEL    32[32          22.000]1  -0.10970     VOEL    33[33          22.000]1
    25     0.0000     VOEL    34[34          22.000]1    0.0000     VOEL    35[35          22.000]1
    27   -9.10752E-02 VOEL    36[36          22.000]1  -9.36985E-02 VOEL    37[37          22.000]1
    29     0.0000     VOEL    38[38          22.000]1    0.0000     VOEL    39[39          22.000]1
    31     2.9768     POWR    30[30          22.000]1    6.2137     POWR    31[31          22.000]1
    33     6.9853     POWR    32[32          22.000]1    6.8049     POWR    33[33          22.000]1
    35     5.5625     POWR    34[34          22.000]1    6.9854     POWR    35[35          22.000]1
    37     6.0837     POWR    36[36          22.000]1    5.8829     POWR    37[37          22.000]1
    39     0.0000     POWR    38[38          22.000]1    10.020     POWR    39[39          22.000]1
    41     1.0420     VOLT      1 [1           345.00]   1.0430     VOLT      2 [2           345.00]
    43     1.0272     VOLT      3 [3           345.00]   1.0302     VOLT      4 [4           345.00]
    45     1.0492     VOLT      5 [5           345.00]   1.0507     VOLT      6 [6           345.00]
    47     1.0382     VOLT      7 [7           345.00]   1.0360     VOLT      8 [8           345.00]
    49     1.0409     VOLT      9 [9           345.00]   1.0381     VOLT     10 [10          345.00]
    51     1.0409     VOLT     11 [11          345.00]   1.0245     VOLT     12 [12          345.00]
    53     1.0329     VOLT     13 [13          345.00]   1.0239     VOLT     14 [14          345.00]
    55    0.99026     VOLT     15 [15          345.00]  0.99051     VOLT     16 [16          345.00]
    57     1.0033     VOLT     17 [17          345.00]   1.0111     VOLT     18 [18          345.00]
    59     1.0036     VOLT     19 [19          345.00]  0.93792     VOLT     20 [20          345.00]
    61    0.99363     VOLT     21 [21          345.00]   1.0171     VOLT     22 [22          345.00]
    63     1.0153     VOLT     23 [23          345.00]  0.99724     VOLT     24 [24          345.00]
    65     1.0378     VOLT     25 [25          345.00]   1.0281     VOLT     26 [26          345.00]
    67     1.0108     VOLT     27 [27          345.00]   1.0323     VOLT     28 [28          345.00]
    69     1.0298     VOLT     29 [29          345.00]   1.0418     VOLT     30 [30          22.000]
    71     1.0160     VOLT     31 [31          22.000]  0.97807     VOLT     32 [32          22.000]
    73    0.96310     VOLT     33 [33          22.000]  0.94959     VOLT     34 [34          22.000]
    75     1.0200     VOLT     35 [35          22.000]   1.0564     VOLT     36 [36          22.000]
    77     1.0084     VOLT     37 [37          22.000]   1.0047     VOLT     38 [38          22.000]
    79     1.0238     VOLT     39 [39          22.000]   5833.6     PMECH FOR ALL BUSES
    81     5850.8     PELEC FOR ALL BUSES               -17.201     PACCL FOR ALL BUSES
    83     5805.6     PLOAD FOR ALL BUSES                45.192     PE-PL FOR ALL BUSES

 Model MAXEX1 Bus 34 [34          22.000] Machine "1 " :
 AT TIME=  92.81 TIMER TIMED OUT, LIMITER APPLIED

 93.0035 -2.34544E-03 -2.34611E-03 -2.34388E-03 -2.35284E-03 -2.30116E-03 -2.34621E-03
     7   -2.34500E-03 -2.34421E-03   0.0000     -2.34356E-03   1.3615       3.0137
    13     2.2170       2.4521       4.4417       2.6250       2.3700       2.0917
    19     0.0000       1.0437       0.0000       0.0000     -8.10463E-02 -0.10985
    25   -6.12372E-02   0.0000     -9.12380E-02 -9.37513E-02   0.0000       0.0000
    31     2.9784       6.2134       6.9851       6.8088       5.5351       6.9868
    37     6.0841       5.8833       0.0000       10.028       1.0420       1.0430
    43     1.0272       1.0302       1.0492       1.0507       1.0382       1.0360
    49     1.0409       1.0381       1.0409       1.0245       1.0329       1.0239
    55    0.99026      0.99051       1.0033       1.0111       1.0036      0.93792
    61    0.99363       1.0171       1.0153      0.99724       1.0378       1.0281
    67     1.0108       1.0323       1.0298       1.0418       1.0160      0.97807
    73    0.96310      0.94959       1.0200       1.0564       1.0084       1.0047
    79     1.0238       5833.6       5850.8      -17.201       5805.6       45.192

 Channel output file is "ne_2.out"

    TIME X- VALUE --X X--------- IDENTIFIER ---------X X- VALUE --X X--------- IDENTIFIER ---------X
 93.0035 -2.34544E-03 SPD     30[30          22.000]1  -2.34611E-03 SPD     31[31          22.000]1
     3   -2.34388E-03 SPD     32[32          22.000]1  -2.35284E-03 SPD     33[33          22.000]1
     5   -2.30116E-03 SPD     34[34          22.000]1  -2.34621E-03 SPD     35[35          22.000]1
     7   -2.34500E-03 SPD     36[36          22.000]1  -2.34421E-03 SPD     37[37          22.000]1
     9     0.0000     SPD     38[38          22.000]1  -2.34356E-03 SPD     39[39          22.000]1
    11     1.3615     EFD     30[30          22.000]1    3.0137     EFD     31[31          22.000]1
    13     2.2170     EFD     32[32          22.000]1    2.4521     EFD     33[33          22.000]1
    15     4.4417     EFD     34[34          22.000]1    2.6250     EFD     35[35          22.000]1
    17     2.3700     EFD     36[36          22.000]1    2.0917     EFD     37[37          22.000]1
    19     0.0000     EFD     38[38          22.000]1    1.0437     EFD     39[39          22.000]1
    21     0.0000     VOEL    30[30          22.000]1    0.0000     VOEL    31[31          22.000]1
    23   -8.10463E-02 VOEL    32[32          22.000]1  -0.10985     VOEL    33[33          22.000]1
    25   -6.12372E-02 VOEL    34[34          22.000]1    0.0000     VOEL    35[35          22.000]1
    27   -9.12380E-02 VOEL    36[36          22.000]1  -9.37513E-02 VOEL    37[37          22.000]1
    29     0.0000     VOEL    38[38          22.000]1    0.0000     VOEL    39[39          22.000]1
    31     2.9782     POWR    30[30          22.000]1    6.2133     POWR    31[31          22.000]1
    33     6.9850     POWR    32[32          22.000]1    6.8087     POWR    33[33          22.000]1
    35     5.5350     POWR    34[34          22.000]1    6.9867     POWR    35[35          22.000]1
    37     6.0840     POWR    36[36          22.000]1    5.8831     POWR    37[37          22.000]1
    39     0.0000     POWR    38[38          22.000]1    10.027     POWR    39[39          22.000]1
    41     1.0420     VOLT      1 [1           345.00]   1.0430     VOLT      2 [2           345.00]
    43     1.0272     VOLT      3 [3           345.00]   1.0302     VOLT      4 [4           345.00]
    45     1.0492     VOLT      5 [5           345.00]   1.0507     VOLT      6 [6           345.00]
    47     1.0382     VOLT      7 [7           345.00]   1.0360     VOLT      8 [8           345.00]
    49     1.0409     VOLT      9 [9           345.00]   1.0381     VOLT     10 [10          345.00]
    51     1.0409     VOLT     11 [11          345.00]   1.0245     VOLT     12 [12          345.00]
    53     1.0329     VOLT     13 [13          345.00]   1.0239     VOLT     14 [14          345.00]
    55    0.99026     VOLT     15 [15          345.00]  0.99051     VOLT     16 [16          345.00]
    57     1.0033     VOLT     17 [17          345.00]   1.0111     VOLT     18 [18          345.00]
    59     1.0036     VOLT     19 [19          345.00]  0.93792     VOLT     20 [20          345.00]
    61    0.99363     VOLT     21 [21          345.00]   1.0171     VOLT     22 [22          345.00]
    63     1.0153     VOLT     23 [23          345.00]  0.99724     VOLT     24 [24          345.00]
    65     1.0378     VOLT     25 [25          345.00]   1.0281     VOLT     26 [26          345.00]
    67     1.0108     VOLT     27 [27          345.00]   1.0323     VOLT     28 [28          345.00]
    69     1.0298     VOLT     29 [29          345.00]   1.0418     VOLT     30 [30          22.000]
    71     1.0160     VOLT     31 [31          22.000]  0.97807     VOLT     32 [32          22.000]
    73    0.96310     VOLT     33 [33          22.000]  0.94959     VOLT     34 [34          22.000]
    75     1.0200     VOLT     35 [35          22.000]   1.0564     VOLT     36 [36          22.000]
    77     1.0084     VOLT     37 [37          22.000]   1.0047     VOLT     38 [38          22.000]
    79     1.0238     VOLT     39 [39          22.000]   5833.6     PMECH FOR ALL BUSES
    81     5850.8     PELEC FOR ALL BUSES               -17.201     PACCL FOR ALL BUSES
    83     5805.6     PLOAD FOR ALL BUSES                45.192     PE-PL FOR ALL BUSES

 94.0030 -2.24029E-03 -2.22246E-03 -2.20450E-03 -2.17259E-03 -2.01467E-03 -2.17196E-03
     7   -2.16431E-03 -2.22362E-03   0.0000     -2.30590E-03   1.3690       3.0212
    13     2.2208       2.4623       4.4539       2.6372       2.3762       2.0954
    19     0.0000       1.0437       0.0000       0.0000     -8.45149E-02 -0.11900
    25   -7.22574E-02   0.0000     -9.67999E-02 -9.70811E-02   0.0000       0.0000
    31     2.9585       6.1958       6.9623       6.7874       5.5330       6.9666
    37     6.0672       5.8698       0.0000       9.8436       1.0420       1.0430
    43     1.0272       1.0302       1.0492       1.0507       1.0382       1.0360
    49     1.0409       1.0381       1.0409       1.0245       1.0329       1.0239
    55    0.99026      0.99051       1.0033       1.0111       1.0036      0.93792
    61    0.99363       1.0171       1.0153      0.99724       1.0378       1.0281
    67     1.0108       1.0323       1.0298       1.0418       1.0160      0.97807
    73    0.96310      0.94959       1.0200       1.0564       1.0084       1.0047
    79     1.0238       5833.6       5850.8      -17.201       5805.6       45.192

 Channel output file is "ne_2.out"

    TIME X- VALUE --X X--------- IDENTIFIER ---------X X- VALUE --X X--------- IDENTIFIER ---------X
 94.0030 -2.24029E-03 SPD     30[30          22.000]1  -2.22246E-03 SPD     31[31          22.000]1
     3   -2.20450E-03 SPD     32[32          22.000]1  -2.17259E-03 SPD     33[33          22.000]1
     5   -2.01467E-03 SPD     34[34          22.000]1  -2.17196E-03 SPD     35[35          22.000]1
     7   -2.16431E-03 SPD     36[36          22.000]1  -2.22362E-03 SPD     37[37          22.000]1
     9     0.0000     SPD     38[38          22.000]1  -2.30590E-03 SPD     39[39          22.000]1
    11     1.3690     EFD     30[30          22.000]1    3.0212     EFD     31[31          22.000]1
    13     2.2208     EFD     32[32          22.000]1    2.4623     EFD     33[33          22.000]1
    15     4.4539     EFD     34[34          22.000]1    2.6372     EFD     35[35          22.000]1
    17     2.3762     EFD     36[36          22.000]1    2.0954     EFD     37[37          22.000]1
    19     0.0000     EFD     38[38          22.000]1    1.0437     EFD     39[39          22.000]1
    21     0.0000     VOEL    30[30          22.000]1    0.0000     VOEL    31[31          22.000]1
    23   -8.45149E-02 VOEL    32[32          22.000]1  -0.11900     VOEL    33[33          22.000]1
    25   -7.22574E-02 VOEL    34[34          22.000]1    0.0000     VOEL    35[35          22.000]1
    27   -9.67999E-02 VOEL    36[36          22.000]1  -9.70811E-02 VOEL    37[37          22.000]1
    29     0.0000     VOEL    38[38          22.000]1    0.0000     VOEL    39[39          22.000]1
    31     2.9584     POWR    30[30          22.000]1    6.1957     POWR    31[31          22.000]1
    33     6.9622     POWR    32[32          22.000]1    6.7873     POWR    33[33          22.000]1
    35     5.5330     POWR    34[34          22.000]1    6.9665     POWR    35[35          22.000]1
    37     6.0671     POWR    36[36          22.000]1    5.8697     POWR    37[37          22.000]1
    39     0.0000     POWR    38[38          22.000]1    9.8434     POWR    39[39          22.000]1
    41     1.0420     VOLT      1 [1           345.00]   1.0430     VOLT      2 [2           345.00]
    43     1.0272     VOLT      3 [3           345.00]   1.0302     VOLT      4 [4           345.00]
    45     1.0492     VOLT      5 [5           345.00]   1.0507     VOLT      6 [6           345.00]
    47     1.0382     VOLT      7 [7           345.00]   1.0360     VOLT      8 [8           345.00]
    49     1.0409     VOLT      9 [9           345.00]   1.0381     VOLT     10 [10          345.00]
    51     1.0409     VOLT     11 [11          345.00]   1.0245     VOLT     12 [12          345.00]
    53     1.0329     VOLT     13 [13          345.00]   1.0239     VOLT     14 [14          345.00]
    55    0.99026     VOLT     15 [15          345.00]  0.99051     VOLT     16 [16          345.00]
    57     1.0033     VOLT     17 [17          345.00]   1.0111     VOLT     18 [18          345.00]
    59     1.0036     VOLT     19 [19          345.00]  0.93792     VOLT     20 [20          345.00]
    61    0.99363     VOLT     21 [21          345.00]   1.0171     VOLT     22 [22          345.00]
    63     1.0153     VOLT     23 [23          345.00]  0.99724     VOLT     24 [24          345.00]
    65     1.0378     VOLT     25 [25          345.00]   1.0281     VOLT     26 [26          345.00]
    67     1.0108     VOLT     27 [27          345.00]   1.0323     VOLT     28 [28          345.00]
    69     1.0298     VOLT     29 [29          345.00]   1.0418     VOLT     30 [30          22.000]
    71     1.0160     VOLT     31 [31          22.000]  0.97807     VOLT     32 [32          22.000]
    73    0.96310     VOLT     33 [33          22.000]  0.94959     VOLT     34 [34          22.000]
    75     1.0200     VOLT     35 [35          22.000]   1.0564     VOLT     36 [36          22.000]
    77     1.0084     VOLT     37 [37          22.000]   1.0047     VOLT     38 [38          22.000]
    79     1.0238     VOLT     39 [39          22.000]   5833.6     PMECH FOR ALL BUSES
    81     5850.8     PELEC FOR ALL BUSES               -17.201     PACCL FOR ALL BUSES
    83     5805.6     PLOAD FOR ALL BUSES                45.192     PE-PL FOR ALL BUSES

 95.0024 -1.94598E-03 -1.93589E-03 -1.92198E-03 -1.84874E-03 -1.63530E-03 -1.89477E-03
     7   -1.87824E-03 -1.93376E-03   0.0000     -1.97480E-03   1.3891       3.0438
    13     2.2309       2.4827       4.4824       2.6747       2.3897       2.1042
    19     0.0000       1.0437       0.0000       0.0000     -9.35681E-02 -0.13734
    25   -9.79350E-02   0.0000     -0.10896     -0.10501       0.0000       0.0000
    31     2.9168       6.1605       6.9228       6.7452       5.4906       6.9245
    37     6.0302       5.8387       0.0000       9.5931       1.0420       1.0430
    43     1.0272       1.0302       1.0492       1.0507       1.0382       1.0360
    49     1.0409       1.0381       1.0409       1.0245       1.0329       1.0239
    55    0.99026      0.99051       1.0033       1.0111       1.0036      0.93792
    61    0.99363       1.0171       1.0153      0.99724       1.0378       1.0281
    67     1.0108       1.0323       1.0298       1.0418       1.0160      0.97807
    73    0.96310      0.94959       1.0200       1.0564       1.0084       1.0047
    79     1.0238       5833.6       5850.8      -17.201       5805.6       45.192

 Channel output file is "ne_2.out"

    TIME X- VALUE --X X--------- IDENTIFIER ---------X X- VALUE --X X--------- IDENTIFIER ---------X
 95.0024 -1.94598E-03 SPD     30[30          22.000]1  -1.93589E-03 SPD     31[31          22.000]1
     3   -1.92198E-03 SPD     32[32          22.000]1  -1.84874E-03 SPD     33[33          22.000]1
     5   -1.63530E-03 SPD     34[34          22.000]1  -1.89477E-03 SPD     35[35          22.000]1
     7   -1.87824E-03 SPD     36[36          22.000]1  -1.93376E-03 SPD     37[37          22.000]1
     9     0.0000     SPD     38[38          22.000]1  -1.97480E-03 SPD     39[39          22.000]1
    11     1.3891     EFD     30[30          22.000]1    3.0438     EFD     31[31          22.000]1
    13     2.2309     EFD     32[32          22.000]1    2.4827     EFD     33[33          22.000]1
    15     4.4824     EFD     34[34          22.000]1    2.6747     EFD     35[35          22.000]1
    17     2.3897     EFD     36[36          22.000]1    2.1042     EFD     37[37          22.000]1
    19     0.0000     EFD     38[38          22.000]1    1.0437     EFD     39[39          22.000]1
    21     0.0000     VOEL    30[30          22.000]1    0.0000     VOEL    31[31          22.000]1
    23   -9.35681E-02 VOEL    32[32          22.000]1  -0.13734     VOEL    33[33          22.000]1
    25   -9.79350E-02 VOEL    34[34          22.000]1    0.0000     VOEL    35[35          22.000]1
    27   -0.10896     VOEL    36[36          22.000]1  -0.10501     VOEL    37[37          22.000]1
    29     0.0000     VOEL    38[38          22.000]1    0.0000     VOEL    39[39          22.000]1
    31     2.9167     POWR    30[30          22.000]1    6.1604     POWR    31[31          22.000]1
    33     6.9227     POWR    32[32          22.000]1    6.7451     POWR    33[33          22.000]1
    35     5.4905     POWR    34[34          22.000]1    6.9243     POWR    35[35          22.000]1
    37     6.0301     POWR    36[36          22.000]1    5.8385     POWR    37[37          22.000]1
    39     0.0000     POWR    38[38          22.000]1    9.5930     POWR    39[39          22.000]1
    41     1.0420     VOLT      1 [1           345.00]   1.0430     VOLT      2 [2           345.00]
    43     1.0272     VOLT      3 [3           345.00]   1.0302     VOLT      4 [4           345.00]
    45     1.0492     VOLT      5 [5           345.00]   1.0507     VOLT      6 [6           345.00]
    47     1.0382     VOLT      7 [7           345.00]   1.0360     VOLT      8 [8           345.00]
    49     1.0409     VOLT      9 [9           345.00]   1.0381     VOLT     10 [10          345.00]
    51     1.0409     VOLT     11 [11          345.00]   1.0245     VOLT     12 [12          345.00]
    53     1.0329     VOLT     13 [13          345.00]   1.0239     VOLT     14 [14          345.00]
    55    0.99026     VOLT     15 [15          345.00]  0.99051     VOLT     16 [16          345.00]
    57     1.0033     VOLT     17 [17          345.00]   1.0111     VOLT     18 [18          345.00]
    59     1.0036     VOLT     19 [19          345.00]  0.93792     VOLT     20 [20          345.00]
    61    0.99363     VOLT     21 [21          345.00]   1.0171     VOLT     22 [22          345.00]
    63     1.0153     VOLT     23 [23          345.00]  0.99724     VOLT     24 [24          345.00]
    65     1.0378     VOLT     25 [25          345.00]   1.0281     VOLT     26 [26          345.00]
    67     1.0108     VOLT     27 [27          345.00]   1.0323     VOLT     28 [28          345.00]
    69     1.0298     VOLT     29 [29          345.00]   1.0418     VOLT     30 [30          22.000]
    71     1.0160     VOLT     31 [31          22.000]  0.97807     VOLT     32 [32          22.000]
    73    0.96310     VOLT     33 [33          22.000]  0.94959     VOLT     34 [34          22.000]
    75     1.0200     VOLT     35 [35          22.000]   1.0564     VOLT     36 [36          22.000]
    77     1.0084     VOLT     37 [37          22.000]   1.0047     VOLT     38 [38          22.000]
    79     1.0238     VOLT     39 [39          22.000]   5833.6     PMECH FOR ALL BUSES
    81     5850.8     PELEC FOR ALL BUSES               -17.201     PACCL FOR ALL BUSES
    83     5805.6     PLOAD FOR ALL BUSES                45.192     PE-PL FOR ALL BUSES

 Model MAXEX1 Bus 31 [31          22.000] Machine "1 " :
 AT TIME=  95.13 TIMER ACTIVATED EFD =   3.05

 96.0019 -1.36156E-03 -1.34149E-03 -1.31247E-03 -1.15912E-03 -7.92108E-04 -1.26756E-03
     7   -1.23753E-03 -1.34206E-03   0.0000     -1.40467E-03   1.4157       3.0759
    13     2.2452       2.5129       4.5257       2.7286       2.4098       2.1167
    19     0.0000       1.0437       0.0000       0.0000     -0.10649     -0.16451
    25   -0.13684       0.0000     -0.12705     -0.11628       0.0000       0.0000
    31     2.8560       6.1037       6.8626       6.6767       5.3984       6.8605
    37     5.9693       5.7837       0.0000       9.2877       1.0420       1.0430
    43     1.0272       1.0302       1.0492       1.0507       1.0382       1.0360
    49     1.0409       1.0381       1.0409       1.0245       1.0329       1.0239
    55    0.99026      0.99051       1.0033       1.0111       1.0036      0.93792
    61    0.99363       1.0171       1.0153      0.99724       1.0378       1.0281
    67     1.0108       1.0323       1.0298       1.0418       1.0160      0.97807
    73    0.96310      0.94959       1.0200       1.0564       1.0084       1.0047
    79     1.0238       5833.6       5850.8      -17.201       5805.6       45.192

 Channel output file is "ne_2.out"

    TIME X- VALUE --X X--------- IDENTIFIER ---------X X- VALUE --X X--------- IDENTIFIER ---------X
 96.0019 -1.36156E-03 SPD     30[30          22.000]1  -1.34149E-03 SPD     31[31          22.000]1
     3   -1.31247E-03 SPD     32[32          22.000]1  -1.15912E-03 SPD     33[33          22.000]1
     5   -7.92108E-04 SPD     34[34          22.000]1  -1.26756E-03 SPD     35[35          22.000]1
     7   -1.23753E-03 SPD     36[36          22.000]1  -1.34206E-03 SPD     37[37          22.000]1
     9     0.0000     SPD     38[38          22.000]1  -1.40467E-03 SPD     39[39          22.000]1
    11     1.4157     EFD     30[30          22.000]1    3.0759     EFD     31[31          22.000]1
    13     2.2452     EFD     32[32          22.000]1    2.5129     EFD     33[33          22.000]1
    15     4.5257     EFD     34[34          22.000]1    2.7286     EFD     35[35          22.000]1
    17     2.4098     EFD     36[36          22.000]1    2.1167     EFD     37[37          22.000]1
    19     0.0000     EFD     38[38          22.000]1    1.0437     EFD     39[39          22.000]1
    21     0.0000     VOEL    30[30          22.000]1    0.0000     VOEL    31[31          22.000]1
    23   -0.10649     VOEL    32[32          22.000]1  -0.16451     VOEL    33[33          22.000]1
    25   -0.13684     VOEL    34[34          22.000]1    0.0000     VOEL    35[35          22.000]1
    27   -0.12705     VOEL    36[36          22.000]1  -0.11628     VOEL    37[37          22.000]1
    29     0.0000     VOEL    38[38          22.000]1    0.0000     VOEL    39[39          22.000]1
    31     2.8559     POWR    30[30          22.000]1    6.1036     POWR    31[31          22.000]1
    33     6.8625     POWR    32[32          22.000]1    6.6766     POWR    33[33          22.000]1
    35     5.3984     POWR    34[34          22.000]1    6.8604     POWR    35[35          22.000]1
    37     5.9692     POWR    36[36          22.000]1    5.7835     POWR    37[37          22.000]1
    39     0.0000     POWR    38[38          22.000]1    9.2876     POWR    39[39          22.000]1
    41     1.0420     VOLT      1 [1           345.00]   1.0430     VOLT      2 [2           345.00]
    43     1.0272     VOLT      3 [3           345.00]   1.0302     VOLT      4 [4           345.00]
    45     1.0492     VOLT      5 [5           345.00]   1.0507     VOLT      6 [6           345.00]
    47     1.0382     VOLT      7 [7           345.00]   1.0360     VOLT      8 [8           345.00]
    49     1.0409     VOLT      9 [9           345.00]   1.0381     VOLT     10 [10          345.00]
    51     1.0409     VOLT     11 [11          345.00]   1.0245     VOLT     12 [12          345.00]
    53     1.0329     VOLT     13 [13          345.00]   1.0239     VOLT     14 [14          345.00]
    55    0.99026     VOLT     15 [15          345.00]  0.99051     VOLT     16 [16          345.00]
    57     1.0033     VOLT     17 [17          345.00]   1.0111     VOLT     18 [18          345.00]
    59     1.0036     VOLT     19 [19          345.00]  0.93792     VOLT     20 [20          345.00]
    61    0.99363     VOLT     21 [21          345.00]   1.0171     VOLT     22 [22          345.00]
    63     1.0153     VOLT     23 [23          345.00]  0.99724     VOLT     24 [24          345.00]
    65     1.0378     VOLT     25 [25          345.00]   1.0281     VOLT     26 [26          345.00]
    67     1.0108     VOLT     27 [27          345.00]   1.0323     VOLT     28 [28          345.00]
    69     1.0298     VOLT     29 [29          345.00]   1.0418     VOLT     30 [30          22.000]
    71     1.0160     VOLT     31 [31          22.000]  0.97807     VOLT     32 [32          22.000]
    73    0.96310     VOLT     33 [33          22.000]  0.94959     VOLT     34 [34          22.000]
    75     1.0200     VOLT     35 [35          22.000]   1.0564     VOLT     36 [36          22.000]
    77     1.0084     VOLT     37 [37          22.000]   1.0047     VOLT     38 [38          22.000]
    79     1.0238     VOLT     39 [39          22.000]   5833.6     PMECH FOR ALL BUSES
    81     5850.8     PELEC FOR ALL BUSES               -17.201     PACCL FOR ALL BUSES
    83     5805.6     PLOAD FOR ALL BUSES                45.192     PE-PL FOR ALL BUSES

 97.0013 -3.40871E-04 -2.26102E-04 -1.26912E-04  4.13984E-04  1.85985E-03  4.11242E-05
     7    1.25815E-04 -2.40817E-04   0.0000     -4.69900E-04   1.4705       3.1425
    13     2.2769       2.5824       4.6388       2.8377       2.4572       2.1455
    19     0.0000       1.0437       0.0000       0.0000     -0.13497     -0.22706
    25   -0.23864       0.0000     -0.16973     -0.14223       0.0000       0.0000
    31     2.7271       5.9674       6.7001       6.4496       4.9720       6.6681
    37     5.7945       5.6609       0.0000       8.7847       1.0420       1.0430
    43     1.0272       1.0302       1.0492       1.0507       1.0382       1.0360
    49     1.0409       1.0381       1.0409       1.0245       1.0329       1.0239
    55    0.99026      0.99051       1.0033       1.0111       1.0036      0.93792
    61    0.99363       1.0171       1.0153      0.99724       1.0378       1.0281
    67     1.0108       1.0323       1.0298       1.0418       1.0160      0.97807
    73    0.96310      0.94959       1.0200       1.0564       1.0084       1.0047
    79     1.0238       5833.6       5850.8      -17.201       5805.6       45.192

 Channel output file is "ne_2.out"

    TIME X- VALUE --X X--------- IDENTIFIER ---------X X- VALUE --X X--------- IDENTIFIER ---------X
 97.0013 -3.40871E-04 SPD     30[30          22.000]1  -2.26102E-04 SPD     31[31          22.000]1
     3   -1.26912E-04 SPD     32[32          22.000]1   4.13984E-04 SPD     33[33          22.000]1
     5    1.85985E-03 SPD     34[34          22.000]1   4.11242E-05 SPD     35[35          22.000]1
     7    1.25815E-04 SPD     36[36          22.000]1  -2.40817E-04 SPD     37[37          22.000]1
     9     0.0000     SPD     38[38          22.000]1  -4.69900E-04 SPD     39[39          22.000]1
    11     1.4705     EFD     30[30          22.000]1    3.1425     EFD     31[31          22.000]1
    13     2.2769     EFD     32[32          22.000]1    2.5824     EFD     33[33          22.000]1
    15     4.6388     EFD     34[34          22.000]1    2.8377     EFD     35[35          22.000]1
    17     2.4572     EFD     36[36          22.000]1    2.1455     EFD     37[37          22.000]1
    19     0.0000     EFD     38[38          22.000]1    1.0437     EFD     39[39          22.000]1
    21     0.0000     VOEL    30[30          22.000]1    0.0000     VOEL    31[31          22.000]1
    23   -0.13497     VOEL    32[32          22.000]1  -0.22706     VOEL    33[33          22.000]1
    25   -0.23864     VOEL    34[34          22.000]1    0.0000     VOEL    35[35          22.000]1
    27   -0.16973     VOEL    36[36          22.000]1  -0.14223     VOEL    37[37          22.000]1
    29     0.0000     VOEL    38[38          22.000]1    0.0000     VOEL    39[39          22.000]1
    31     2.7272     POWR    30[30          22.000]1    5.9674     POWR    31[31          22.000]1
    33     6.7001     POWR    32[32          22.000]1    6.4496     POWR    33[33          22.000]1
    35     4.9720     POWR    34[34          22.000]1    6.6681     POWR    35[35          22.000]1
    37     5.7945     POWR    36[36          22.000]1    5.6609     POWR    37[37          22.000]1
    39     0.0000     POWR    38[38          22.000]1    8.7848     POWR    39[39          22.000]1
    41     1.0420     VOLT      1 [1           345.00]   1.0430     VOLT      2 [2           345.00]
    43     1.0272     VOLT      3 [3           345.00]   1.0302     VOLT      4 [4           345.00]
    45     1.0492     VOLT      5 [5           345.00]   1.0507     VOLT      6 [6           345.00]
    47     1.0382     VOLT      7 [7           345.00]   1.0360     VOLT      8 [8           345.00]
    49     1.0409     VOLT      9 [9           345.00]   1.0381     VOLT     10 [10          345.00]
    51     1.0409     VOLT     11 [11          345.00]   1.0245     VOLT     12 [12          345.00]
    53     1.0329     VOLT     13 [13          345.00]   1.0239     VOLT     14 [14          345.00]
    55    0.99026     VOLT     15 [15          345.00]  0.99051     VOLT     16 [16          345.00]
    57     1.0033     VOLT     17 [17          345.00]   1.0111     VOLT     18 [18          345.00]
    59     1.0036     VOLT     19 [19          345.00]  0.93792     VOLT     20 [20          345.00]
    61    0.99363     VOLT     21 [21          345.00]   1.0171     VOLT     22 [22          345.00]
    63     1.0153     VOLT     23 [23          345.00]  0.99724     VOLT     24 [24          345.00]
    65     1.0378     VOLT     25 [25          345.00]   1.0281     VOLT     26 [26          345.00]
    67     1.0108     VOLT     27 [27          345.00]   1.0323     VOLT     28 [28          345.00]
    69     1.0298     VOLT     29 [29          345.00]   1.0418     VOLT     30 [30          22.000]
    71     1.0160     VOLT     31 [31          22.000]  0.97807     VOLT     32 [32          22.000]
    73    0.96310     VOLT     33 [33          22.000]  0.94959     VOLT     34 [34          22.000]
    75     1.0200     VOLT     35 [35          22.000]   1.0564     VOLT     36 [36          22.000]
    77     1.0084     VOLT     37 [37          22.000]   1.0047     VOLT     38 [38          22.000]
    79     1.0238     VOLT     39 [39          22.000]   5833.6     PMECH FOR ALL BUSES
    81     5850.8     PELEC FOR ALL BUSES               -17.201     PACCL FOR ALL BUSES
    83     5805.6     PLOAD FOR ALL BUSES                45.192     PE-PL FOR ALL BUSES


 OUT OF STEP CONDITION AT TIME =97.9608:

 X------- F R O M -------X   X--------- T O ---------X
   BUS# X-- NAME --X BASKV     BUS# X-- NAME --X BASKV  CKT       MW     MVAR  VOLTAGE
     33 33          22.000       19 19          345.00   1     127.2    206.9   0.1734



 OUT OF STEP CONDITION AT TIME =97.9658:

 X------- F R O M -------X   X--------- T O ---------X
   BUS# X-- NAME --X BASKV     BUS# X-- NAME --X BASKV  CKT       MW     MVAR  VOLTAGE
     33 33          22.000       19 19          345.00   1     122.7    207.8   0.1732



 OUT OF STEP CONDITION AT TIME =97.9708:

 X------- F R O M -------X   X--------- T O ---------X
   BUS# X-- NAME --X BASKV     BUS# X-- NAME --X BASKV  CKT       MW     MVAR  VOLTAGE
     33 33          22.000       19 19          345.00   1     118.4    208.8   0.1733


 Network not converged at TIME = 97.9758


 OUT OF STEP CONDITION AT TIME =97.9758:

 X------- F R O M -------X   X--------- T O ---------X
   BUS# X-- NAME --X BASKV     BUS# X-- NAME --X BASKV  CKT       MW     MVAR  VOLTAGE
     33 33          22.000       19 19          345.00   1     114.2    209.9   0.1735


 Network not converged at TIME = 97.9808


 OUT OF STEP CONDITION AT TIME =97.9808:

 X------- F R O M -------X   X--------- T O ---------X
   BUS# X-- NAME --X BASKV     BUS# X-- NAME --X BASKV  CKT       MW     MVAR  VOLTAGE
     33 33          22.000       19 19          345.00   1     110.2    211.2   0.1741


 Network not converged at TIME = 97.9858


 OUT OF STEP CONDITION AT TIME =97.9858:

 X------- F R O M -------X   X--------- T O ---------X
   BUS# X-- NAME --X BASKV     BUS# X-- NAME --X BASKV  CKT       MW     MVAR  VOLTAGE
     33 33          22.000       19 19          345.00   1     106.4    212.5   0.1748


 Network not converged at TIME = 97.9908


 OUT OF STEP CONDITION AT TIME =97.9908:

 X------- F R O M -------X   X--------- T O ---------X
   BUS# X-- NAME --X BASKV     BUS# X-- NAME --X BASKV  CKT       MW     MVAR  VOLTAGE
     33 33          22.000       19 19          345.00   1     102.7    214.0   0.1758


 Network not converged at TIME = 97.9958

 Network not converged at TIME = 98.0008

 98.0008  3.38090E-03  7.16050E-03  9.51095E-03  2.96963E-02  5.18546E-02  1.67545E-02
     7    1.81356E-02  6.37140E-03   0.0000      1.11975E-03   1.8512       3.5131
    13     2.5720       3.1232       4.7989       3.6014       2.8373       2.4095
    19     0.0000       1.0437       0.0000       0.0000     -0.40056     -0.71383
    25   -0.38278       0.0000     -0.51177     -0.37975       0.0000       0.0000
    31     1.6104       4.2653       4.2182      0.96109      0.27703       2.2938
    37     2.2495       4.5442       0.0000       7.1593       1.0420       1.0430
    43     1.0272       1.0302       1.0492       1.0507       1.0382       1.0360
    49     1.0409       1.0381       1.0409       1.0245       1.0329       1.0239
    55    0.99026      0.99051       1.0033       1.0111       1.0036      0.93792
    61    0.99363       1.0171       1.0153      0.99724       1.0378       1.0281
    67     1.0108       1.0323       1.0298       1.0418       1.0160      0.97807
    73    0.96310      0.94959       1.0200       1.0564       1.0084       1.0047
    79     1.0238       5833.6       5850.8      -17.201       5805.6       45.192

 Channel output file is "ne_2.out"

    TIME X- VALUE --X X--------- IDENTIFIER ---------X X- VALUE --X X--------- IDENTIFIER ---------X
 98.0008  3.38090E-03 SPD     30[30          22.000]1   7.16050E-03 SPD     31[31          22.000]1
     3    9.51095E-03 SPD     32[32          22.000]1   2.96963E-02 SPD     33[33          22.000]1
     5    5.18546E-02 SPD     34[34          22.000]1   1.67545E-02 SPD     35[35          22.000]1
     7    1.81356E-02 SPD     36[36          22.000]1   6.37140E-03 SPD     37[37          22.000]1
     9     0.0000     SPD     38[38          22.000]1   1.11975E-03 SPD     39[39          22.000]1
    11     1.8512     EFD     30[30          22.000]1    3.5131     EFD     31[31          22.000]1
    13     2.5720     EFD     32[32          22.000]1    3.1232     EFD     33[33          22.000]1
    15     4.7989     EFD     34[34          22.000]1    3.6014     EFD     35[35          22.000]1
    17     2.8373     EFD     36[36          22.000]1    2.4095     EFD     37[37          22.000]1
    19     0.0000     EFD     38[38          22.000]1    1.0437     EFD     39[39          22.000]1
    21     0.0000     VOEL    30[30          22.000]1    0.0000     VOEL    31[31          22.000]1
    23   -0.40056     VOEL    32[32          22.000]1  -0.71383     VOEL    33[33          22.000]1
    25   -0.38278     VOEL    34[34          22.000]1    0.0000     VOEL    35[35          22.000]1
    27   -0.51177     VOEL    36[36          22.000]1  -0.37975     VOEL    37[37          22.000]1
    29     0.0000     VOEL    38[38          22.000]1    0.0000     VOEL    39[39          22.000]1
    31     1.6070     POWR    30[30          22.000]1    4.2626     POWR    31[31          22.000]1
    33     4.2161     POWR    32[32          22.000]1   0.96253     POWR    33[33          22.000]1
    35    0.27561     POWR    34[34          22.000]1    2.2923     POWR    35[35          22.000]1
    37     2.2487     POWR    36[36          22.000]1    4.5406     POWR    37[37          22.000]1
    39     0.0000     POWR    38[38          22.000]1    7.1576     POWR    39[39          22.000]1
    41     1.0420     VOLT      1 [1           345.00]   1.0430     VOLT      2 [2           345.00]
    43     1.0272     VOLT      3 [3           345.00]   1.0302     VOLT      4 [4           345.00]
    45     1.0492     VOLT      5 [5           345.00]   1.0507     VOLT      6 [6           345.00]
    47     1.0382     VOLT      7 [7           345.00]   1.0360     VOLT      8 [8           345.00]
    49     1.0409     VOLT      9 [9           345.00]   1.0381     VOLT     10 [10          345.00]
    51     1.0409     VOLT     11 [11          345.00]   1.0245     VOLT     12 [12          345.00]
    53     1.0329     VOLT     13 [13          345.00]   1.0239     VOLT     14 [14          345.00]
    55    0.99026     VOLT     15 [15          345.00]  0.99051     VOLT     16 [16          345.00]
    57     1.0033     VOLT     17 [17          345.00]   1.0111     VOLT     18 [18          345.00]
    59     1.0036     VOLT     19 [19          345.00]  0.93792     VOLT     20 [20          345.00]
    61    0.99363     VOLT     21 [21          345.00]   1.0171     VOLT     22 [22          345.00]
    63     1.0153     VOLT     23 [23          345.00]  0.99724     VOLT     24 [24          345.00]
    65     1.0378     VOLT     25 [25          345.00]   1.0281     VOLT     26 [26          345.00]
    67     1.0108     VOLT     27 [27          345.00]   1.0323     VOLT     28 [28          345.00]
    69     1.0298     VOLT     29 [29          345.00]   1.0418     VOLT     30 [30          22.000]
    71     1.0160     VOLT     31 [31          22.000]  0.97807     VOLT     32 [32          22.000]
    73    0.96310     VOLT     33 [33          22.000]  0.94959     VOLT     34 [34          22.000]
    75     1.0200     VOLT     35 [35          22.000]   1.0564     VOLT     36 [36          22.000]
    77     1.0084     VOLT     37 [37          22.000]   1.0047     VOLT     38 [38          22.000]
    79     1.0238     VOLT     39 [39          22.000]   5833.6     PMECH FOR ALL BUSES
    81     5850.8     PELEC FOR ALL BUSES               -17.201     PACCL FOR ALL BUSES
    83     5805.6     PLOAD FOR ALL BUSES                45.192     PE-PL FOR ALL BUSES

 Network not converged at TIME = 98.0058

 Network not converged at TIME = 98.0108

 Network not converged at TIME = 98.0158

 Network not converged at TIME = 98.0208

 Network not converged at TIME = 98.0258

 Network not converged at TIME = 98.0308

 Network not converged at TIME = 98.0358


 OUT OF STEP CONDITION AT TIME =98.0358:

 X------- F R O M -------X   X--------- T O ---------X
   BUS# X-- NAME --X BASKV     BUS# X-- NAME --X BASKV  CKT       MW     MVAR  VOLTAGE
     16 16          345.00       19 19          345.00   1     -27.8     98.2   0.1331
     19 19          345.00       16 16          345.00   1      37.2     16.6   0.0531


 Network not converged at TIME = 98.0408


 OUT OF STEP CONDITION AT TIME =98.0408:

 X------- F R O M -------X   X--------- T O ---------X
   BUS# X-- NAME --X BASKV     BUS# X-- NAME --X BASKV  CKT       MW     MVAR  VOLTAGE
     16 16          345.00       19 19          345.00   1     -19.3     96.8   0.1279
     19 19          345.00       16 16          345.00   1      28.9     19.7   0.0452


 Network not converged at TIME = 98.0458


 OUT OF STEP CONDITION AT TIME =98.0458:

 X------- F R O M -------X   X--------- T O ---------X
   BUS# X-- NAME --X BASKV     BUS# X-- NAME --X BASKV  CKT       MW     MVAR  VOLTAGE
     16 16          345.00       19 19          345.00   1      -3.1     97.0   0.1244
     19 19          345.00       16 16          345.00   1      12.9     22.0   0.0326


 Network not converged at TIME = 98.0508


 OUT OF STEP CONDITION AT TIME =98.0508:

 X------- F R O M -------X   X--------- T O ---------X
   BUS# X-- NAME --X BASKV     BUS# X-- NAME --X BASKV  CKT       MW     MVAR  VOLTAGE
     16 16          345.00       19 19          345.00   1      14.1    108.9   0.1360
     19 19          345.00       16 16          345.00   1      -3.6     18.5   0.0233
     19 19          345.00       20 20          345.00   1      10.5      7.4   0.0233
     20 20          345.00       19 19          345.00   1      -8.1     39.6   0.0693
     24 24          345.00       23 23          345.00   1     -85.2     47.5   0.1214


 Network not converged at TIME = 98.0557


 OUT OF STEP CONDITION AT TIME =98.0557:

 X------- F R O M -------X   X--------- T O ---------X
   BUS# X-- NAME --X BASKV     BUS# X-- NAME --X BASKV  CKT       MW     MVAR  VOLTAGE
     16 16          345.00       19 19          345.00   1      22.1    139.7   0.1640
     19 19          345.00       16 16          345.00   1     -10.1      5.7   0.0135
     19 19          345.00       20 20          345.00   1       1.2      7.4   0.0135
     20 20          345.00       19 19          345.00   1       1.3     41.2   0.0694
     24 24          345.00       23 23          345.00   1     -99.9     68.5   0.1472


 Network not converged at TIME = 98.0607


 OUT OF STEP CONDITION AT TIME =98.0607:

 X------- F R O M -------X   X--------- T O ---------X
   BUS# X-- NAME --X BASKV     BUS# X-- NAME --X BASKV  CKT       MW     MVAR  VOLTAGE
     19 19          345.00       33 33          22.000   1       8.1     11.5   0.0114
     33 33          22.000       19 19          345.00   1       4.1    235.2   0.1785


 Network not converged at TIME = 98.0657


 OUT OF STEP CONDITION AT TIME =98.0657:

 X------- F R O M -------X   X--------- T O ---------X
   BUS# X-- NAME --X BASKV     BUS# X-- NAME --X BASKV  CKT       MW     MVAR  VOLTAGE
     19 19          345.00       33 33          22.000   1     -11.0     35.2   0.0291
     33 33          22.000       19 19          345.00   1      23.9    226.7   0.1678


 Network not converged at TIME = 98.0707


 OUT OF STEP CONDITION AT TIME =98.0707:

 X------- F R O M -------X   X--------- T O ---------X
   BUS# X-- NAME --X BASKV     BUS# X-- NAME --X BASKV  CKT       MW     MVAR  VOLTAGE
     19 19          345.00       33 33          22.000   1     -42.9     48.4   0.0505
     33 33          22.000       19 19          345.00   1      56.0    217.9   0.1643


 Network not converged at TIME = 98.0757


 OUT OF STEP CONDITION AT TIME =98.0757:

 X------- F R O M -------X   X--------- T O ---------X
   BUS# X-- NAME --X BASKV     BUS# X-- NAME --X BASKV  CKT       MW     MVAR  VOLTAGE
     19 19          345.00       33 33          22.000   1     -84.3     50.1   0.0775
     33 33          22.000       19 19          345.00   1      97.1    209.8   0.1709


 Network not converged at TIME = 98.0807

 Network not converged at TIME = 98.0857

 Network not converged at TIME = 98.0907


 OUT OF STEP CONDITION AT TIME =98.0907:

 X------- F R O M -------X   X--------- T O ---------X
   BUS# X-- NAME --X BASKV     BUS# X-- NAME --X BASKV  CKT       MW     MVAR  VOLTAGE
     26 26          345.00       28 28          345.00   1      -5.0     28.3   0.1053
     28 28          345.00       26 26          345.00   1       8.3      7.5   0.0406
     26 26          345.00       29 29          345.00   1      -4.9     22.9   0.1053
     29 29          345.00       26 26          345.00   1       7.9      8.8   0.0525


 Network not converged at TIME = 98.0957


 OUT OF STEP CONDITION AT TIME =98.0957:

 X------- F R O M -------X   X--------- T O ---------X
   BUS# X-- NAME --X BASKV     BUS# X-- NAME --X BASKV  CKT       MW     MVAR  VOLTAGE
     14 14          345.00       15 15          345.00   1     -30.3    128.7   0.1579
     15 15          345.00       14 14          345.00   1      43.0     24.0   0.0587
     17 17          345.00       18 18          345.00   1       9.8      1.0   0.0097
     18 18          345.00       17 17          345.00   1      -2.6     84.2   0.0827
     17 17          345.00       27 27          345.00   1       1.6      1.9   0.0097
     27 27          345.00       17 17          345.00   1      -0.7      9.6   0.0373
     26 26          345.00       28 28          345.00   1      19.6     14.2   0.0838
     28 28          345.00       26 26          345.00   1     -16.0     25.3   0.1040
     26 26          345.00       29 29          345.00   1      15.7     12.1   0.0838
     29 29          345.00       26 26          345.00   1     -12.5     22.7   0.1107


 Network not converged at TIME = 98.1007


 OUT OF STEP CONDITION AT TIME =98.1007:

 X------- F R O M -------X   X--------- T O ---------X
   BUS# X-- NAME --X BASKV     BUS# X-- NAME --X BASKV  CKT       MW     MVAR  VOLTAGE
     14 14          345.00       15 15          345.00   1      33.9    126.9   0.1596
     15 15          345.00       14 14          345.00   1     -21.6     20.5   0.0361
     16 16          345.00       17 17          345.00   1     -63.1     82.2   0.0812
     17 17          345.00       16 16          345.00   1      74.5     62.5   0.0763


 Network not converged at TIME = 98.1057


 OUT OF STEP CONDITION AT TIME =98.1057:

 X------- F R O M -------X   X--------- T O ---------X
   BUS# X-- NAME --X BASKV     BUS# X-- NAME --X BASKV  CKT       MW     MVAR  VOLTAGE
     16 16          345.00       21 21          345.00   1      77.3     58.7   0.0916
     21 21          345.00       16 16          345.00   1     -68.3     92.9   0.1089
     23 23          345.00       24 24          345.00   1     -43.4    204.2   0.2637
     24 24          345.00       23 23          345.00   1      57.3     16.4   0.0749


 Network not converged at TIME = 98.1107


 OUT OF STEP CONDITION AT TIME =98.1107:

 X------- F R O M -------X   X--------- T O ---------X
   BUS# X-- NAME --X BASKV     BUS# X-- NAME --X BASKV  CKT       MW     MVAR  VOLTAGE
     16 16          345.00       21 21          345.00   1      23.0    173.3   0.1496
     21 21          345.00       16 16          345.00   1     -12.0     11.4   0.0141
     23 23          345.00       24 24          345.00   1      -0.4    176.8   0.2011
     24 24          345.00       23 23          345.00   1      17.6     95.2   0.1099


 Network not converged at TIME = 98.1157


 OUT OF STEP CONDITION AT TIME =98.1157:

 X------- F R O M -------X   X--------- T O ---------X
   BUS# X-- NAME --X BASKV     BUS# X-- NAME --X BASKV  CKT       MW     MVAR  VOLTAGE
     23 23          345.00       24 24          345.00   1      87.6    157.4   0.2006
     24 24          345.00       23 23          345.00   1     -69.8    125.5   0.1598


 Network not converged at TIME = 98.1207


 OUT OF STEP CONDITION AT TIME =98.1207:

 X------- F R O M -------X   X--------- T O ---------X
   BUS# X-- NAME --X BASKV     BUS# X-- NAME --X BASKV  CKT       MW     MVAR  VOLTAGE
     16 16          345.00       19 19          345.00   1      38.4    215.8   0.2010
     19 19          345.00       16 16          345.00   1     -19.3     16.7   0.0234
     19 19          345.00       20 20          345.00   1      10.5     10.4   0.0234
     20 20          345.00       19 19          345.00   1      -7.3     51.6   0.0777


 Network not converged at TIME = 98.1257

 Network not converged at TIME = 98.1307

 Network not converged at TIME = 98.1357


 OUT OF STEP CONDITION AT TIME =98.1357:

 X------- F R O M -------X   X--------- T O ---------X
   BUS# X-- NAME --X BASKV     BUS# X-- NAME --X BASKV  CKT       MW     MVAR  VOLTAGE
     14 14          345.00       15 15          345.00   1     -64.2     68.0   0.1091
     15 15          345.00       14 14          345.00   1      77.5     91.5   0.1399


 Network not converged at TIME = 98.1407


 OUT OF STEP CONDITION AT TIME =98.1407:

 X------- F R O M -------X   X--------- T O ---------X
   BUS# X-- NAME --X BASKV     BUS# X-- NAME --X BASKV  CKT       MW     MVAR  VOLTAGE
     14 14          345.00       15 15          345.00   1      10.3     54.6   0.0633
     15 15          345.00       14 14          345.00   1       3.6    112.5   0.1285


 Network not converged at TIME = 98.1457

 Network not converged at TIME = 98.1507

 Network not converged at TIME = 98.1557


 OUT OF STEP CONDITION AT TIME =98.1557:

 X------- F R O M -------X   X--------- T O ---------X
   BUS# X-- NAME --X BASKV     BUS# X-- NAME --X BASKV  CKT       MW     MVAR  VOLTAGE
     23 23          345.00       24 24          345.00   1     -48.5    172.8   0.1972
     24 24          345.00       23 23          345.00   1      66.9    118.3   0.1492


 Network not converged at TIME = 98.1607


 OUT OF STEP CONDITION AT TIME =98.1607:

 X------- F R O M -------X   X--------- T O ---------X
   BUS# X-- NAME --X BASKV     BUS# X-- NAME --X BASKV  CKT       MW     MVAR  VOLTAGE
     23 23          345.00       24 24          345.00   1      46.7    166.6   0.1929
     24 24          345.00       23 23          345.00   1     -28.9    116.1   0.1333


 Network not converged at TIME = 98.1657


 OUT OF STEP CONDITION AT TIME =98.1657:

 X------- F R O M -------X   X--------- T O ---------X
   BUS# X-- NAME --X BASKV     BUS# X-- NAME --X BASKV  CKT       MW     MVAR  VOLTAGE
     16 16          345.00       19 19          345.00   1      64.9    138.7   0.1429
     19 19          345.00       16 16          345.00   1     -46.5     85.6   0.0908


 Network not converged at TIME = 98.1707


 OUT OF STEP CONDITION AT TIME =98.1707:

 X------- F R O M -------X   X--------- T O ---------X
   BUS# X-- NAME --X BASKV     BUS# X-- NAME --X BASKV  CKT       MW     MVAR  VOLTAGE
     16 16          345.00       19 19          345.00   1     -47.4    142.8   0.1426
     19 19          345.00       16 16          345.00   1      65.3     74.7   0.0939


 Network not converged at TIME = 98.1757

 Network not converged at TIME = 98.1807


 OUT OF STEP CONDITION AT TIME =98.1807:

 X------- F R O M -------X   X--------- T O ---------X
   BUS# X-- NAME --X BASKV     BUS# X-- NAME --X BASKV  CKT       MW     MVAR  VOLTAGE
      3 3           345.00       18 18          345.00   1      57.3     95.7   0.1016
     18 18          345.00        3 3           345.00   1     -44.1     64.7   0.0713
     25 25          345.00       26 26          345.00   1      45.4    285.9   0.2765
     26 26          345.00       25 25          345.00   1      -9.9     70.6   0.0678


 Network not converged at TIME = 98.1857


 OUT OF STEP CONDITION AT TIME =98.1857:

 X------- F R O M -------X   X--------- T O ---------X
   BUS# X-- NAME --X BASKV     BUS# X-- NAME --X BASKV  CKT       MW     MVAR  VOLTAGE
     31 31          22.000        6 6           345.00   1     165.6    531.6   0.3632
     13 13          345.00       14 14          345.00   1      21.6     27.3   0.0459
     14 14          345.00       13 13          345.00   1     -16.4     30.9   0.0461


 Network not converged at TIME = 98.1907


 OUT OF STEP CONDITION AT TIME =98.1907:

 X------- F R O M -------X   X--------- T O ---------X
   BUS# X-- NAME --X BASKV     BUS# X-- NAME --X BASKV  CKT       MW     MVAR  VOLTAGE
     10 10          345.00       32 32          22.000   1    -127.2     65.6   0.1115
     32 32          22.000       10 10          345.00   1     127.2    311.3   0.2449


 Network not converged at TIME = 98.1957

 Network not converged at TIME = 98.2007

 Network not converged at TIME = 98.2057


 OUT OF STEP CONDITION AT TIME =98.2057:

 X------- F R O M -------X   X--------- T O ---------X
   BUS# X-- NAME --X BASKV     BUS# X-- NAME --X BASKV  CKT       MW     MVAR  VOLTAGE
     23 23          345.00       24 24          345.00   1     -34.3    184.8   0.2123
     24 24          345.00       23 23          345.00   1      51.7     91.0   0.1179


 Network not converged at TIME = 98.2107


 OUT OF STEP CONDITION AT TIME =98.2107:

 X------- F R O M -------X   X--------- T O ---------X
   BUS# X-- NAME --X BASKV     BUS# X-- NAME --X BASKV  CKT       MW     MVAR  VOLTAGE
     16 16          345.00       21 21          345.00   1     -36.1     94.0   0.0865
     21 21          345.00       16 16          345.00   1      47.0     89.3   0.0866
     23 23          345.00       24 24          345.00   1      42.4    196.5   0.2519
     24 24          345.00       23 23          345.00   1     -28.3     27.6   0.0493


 Network not converged at TIME = 98.2157


 OUT OF STEP CONDITION AT TIME =98.2157:

 X------- F R O M -------X   X--------- T O ---------X
   BUS# X-- NAME --X BASKV     BUS# X-- NAME --X BASKV  CKT       MW     MVAR  VOLTAGE
     16 16          345.00       19 19          345.00   1     -16.7     89.0   0.0843
     19 19          345.00       16 16          345.00   1      35.2    136.4   0.1311


 Network not converged at TIME = 98.2207


 OUT OF STEP CONDITION AT TIME =98.2207:

 X------- F R O M -------X   X--------- T O ---------X
   BUS# X-- NAME --X BASKV     BUS# X-- NAME --X BASKV  CKT       MW     MVAR  VOLTAGE
      3 3           345.00       18 18          345.00   1     -13.4     91.4   0.0997
     18 18          345.00        3 3           345.00   1      22.9     23.0   0.0349


 Network not converged at TIME = 98.2257


 OUT OF STEP CONDITION AT TIME =98.2257:

 X------- F R O M -------X   X--------- T O ---------X
   BUS# X-- NAME --X BASKV     BUS# X-- NAME --X BASKV  CKT       MW     MVAR  VOLTAGE
      3 3           345.00        4 4           345.00   1       7.7     43.1   0.0950
      4 4           345.00        3 3           345.00   1      -4.9      2.2   0.0116
      4 4           345.00        5 5           345.00   1       1.8      6.2   0.0116
      5 5           345.00        4 4           345.00   1       0.7     33.2   0.0599
     31 31          22.000        6 6           345.00   1      32.6    526.9   0.3627
     25 25          345.00       26 26          345.00   1      57.8    242.7   0.2444
     26 26          345.00       25 25          345.00   1     -24.1     96.1   0.0967


 Network not converged at TIME = 98.2307


 OUT OF STEP CONDITION AT TIME =98.2307:

 X------- F R O M -------X   X--------- T O ---------X
   BUS# X-- NAME --X BASKV     BUS# X-- NAME --X BASKV  CKT       MW     MVAR  VOLTAGE
      6 6           345.00       31 31          22.000   1    -106.3     22.8   0.0754
     31 31          22.000        6 6           345.00   1     106.3    496.6   0.3171
     10 10          345.00       11 11          345.00   1       5.9      6.9   0.0140
     11 11          345.00       10 10          345.00   1      -4.2     11.3   0.0185
     10 10          345.00       13 13          345.00   1      -5.0      9.0   0.0140
     13 13          345.00       10 10          345.00   1       7.2     14.5   0.0219
     11 11          345.00       12 12          345.00   1       0.6      1.2   0.0185
     12 12          345.00       11 11          345.00   1      -0.5      1.1   0.0165


 Network not converged at TIME = 98.2356


 OUT OF STEP CONDITION AT TIME =98.2356:

 X------- F R O M -------X   X--------- T O ---------X
   BUS# X-- NAME --X BASKV     BUS# X-- NAME --X BASKV  CKT       MW     MVAR  VOLTAGE
      6 6           345.00       31 31          22.000   1    -225.2    136.1   0.1746
     31 31          22.000        6 6           345.00   1     225.2    431.3   0.2907
     10 10          345.00       32 32          22.000   1     -36.2    106.6   0.0854
     32 32          22.000       10 10          345.00   1      36.2    291.3   0.2081


 Network not converged at TIME = 98.2406


 OUT OF STEP CONDITION AT TIME =98.2406:

 X------- F R O M -------X   X--------- T O ---------X
   BUS# X-- NAME --X BASKV     BUS# X-- NAME --X BASKV  CKT       MW     MVAR  VOLTAGE
     10 10          345.00       32 32          22.000   1    -115.3    205.8   0.1682
     32 32          22.000       10 10          345.00   1     115.3    244.7   0.1803


 Network not converged at TIME = 98.2456

 Network not converged at TIME = 98.2506

 Network not converged at TIME = 98.2556


 OUT OF STEP CONDITION AT TIME =98.2556:

 X------- F R O M -------X   X--------- T O ---------X
   BUS# X-- NAME --X BASKV     BUS# X-- NAME --X BASKV  CKT       MW     MVAR  VOLTAGE
     16 16          345.00       21 21          345.00   1      59.0     76.8   0.0830
     21 21          345.00       16 16          345.00   1     -48.1    106.8   0.1005
     23 23          345.00       24 24          345.00   1     -20.3    213.3   0.2722
     24 24          345.00       23 23          345.00   1      34.1      4.9   0.0435


 Network not converged at TIME = 98.2606


 OUT OF STEP CONDITION AT TIME =98.2606:

 X------- F R O M -------X   X--------- T O ---------X
   BUS# X-- NAME --X BASKV     BUS# X-- NAME --X BASKV  CKT       MW     MVAR  VOLTAGE
     16 16          345.00       17 17          345.00   1      16.1     18.1   0.0279
     17 17          345.00       16 16          345.00   1     -10.8     48.9   0.0577
     16 16          345.00       19 19          345.00   1      -9.9     27.1   0.0279
     19 19          345.00       16 16          345.00   1      27.1    181.6   0.1777


 Network not converged at TIME = 98.2656


 OUT OF STEP CONDITION AT TIME =98.2656:

 X------- F R O M -------X   X--------- T O ---------X
   BUS# X-- NAME --X BASKV     BUS# X-- NAME --X BASKV  CKT       MW     MVAR  VOLTAGE
      3 3           345.00        4 4           345.00   1     -24.5     37.2   0.0837
      4 4           345.00        3 3           345.00   1      28.2     23.2   0.0686
      3 3           345.00       18 18          345.00   1      13.8     62.8   0.0837
     18 18          345.00        3 3           345.00   1      -7.3     15.9   0.0227
     16 16          345.00       19 19          345.00   1     -84.0    127.2   0.1320
     19 19          345.00       16 16          345.00   1     105.3    132.8   0.1469
     25 25          345.00       26 26          345.00   1     -40.3    233.3   0.2680
     26 26          345.00       25 25          345.00   1      65.7     20.8   0.0774


 Network not converged at TIME = 98.2706


 OUT OF STEP CONDITION AT TIME =98.2706:

 X------- F R O M -------X   X--------- T O ---------X
   BUS# X-- NAME --X BASKV     BUS# X-- NAME --X BASKV  CKT       MW     MVAR  VOLTAGE
      4 4           345.00        5 5           345.00   1       9.5     22.4   0.0518
      5 5           345.00        4 4           345.00   1      -7.7      5.8   0.0206
      5 5           345.00        8 8           345.00   1       3.1     11.9   0.0206
      8 8           345.00        5 5           345.00   1      -0.2     28.0   0.0469
      6 6           345.00        7 7           345.00   1       5.2     27.5   0.0431
      7 7           345.00        6 6           345.00   1      -2.7     11.3   0.0179
     31 31          22.000        6 6           345.00   1     -20.4    489.4   0.3337
     25 25          345.00       26 26          345.00   1      76.5    203.1   0.2262
     26 26          345.00       25 25          345.00   1     -46.7     96.1   0.1110


 Network not converged at TIME = 98.2756


 OUT OF STEP CONDITION AT TIME =98.2756:

 X------- F R O M -------X   X--------- T O ---------X
   BUS# X-- NAME --X BASKV     BUS# X-- NAME --X BASKV  CKT       MW     MVAR  VOLTAGE
      6 6           345.00       31 31          22.000   1     -41.1     95.3   0.0697
     31 31          22.000        6 6           345.00   1      41.1    458.6   0.2784


 Network not converged at TIME = 98.2806


 OUT OF STEP CONDITION AT TIME =98.2806:

 X------- F R O M -------X   X--------- T O ---------X
   BUS# X-- NAME --X BASKV     BUS# X-- NAME --X BASKV  CKT       MW     MVAR  VOLTAGE
      6 6           345.00       31 31          22.000   1    -164.3    230.5   0.1800
     31 31          22.000        6 6           345.00   1     164.3    387.5   0.2409
     10 10          345.00       32 32          22.000   1      50.5    137.9   0.1102
     32 32          22.000       10 10          345.00   1     -50.5    268.7   0.1917


 Network not converged at TIME = 98.2856


 OUT OF STEP CONDITION AT TIME =98.2856:

 X------- F R O M -------X   X--------- T O ---------X
   BUS# X-- NAME --X BASKV     BUS# X-- NAME --X BASKV  CKT       MW     MVAR  VOLTAGE
     31 31          22.000        6 6           345.00   1     289.1    318.8   0.2572
     10 10          345.00       32 32          22.000   1     -34.6    229.5   0.1641
     32 32          22.000       10 10          345.00   1      34.6    228.7   0.1528


 Network not converged at TIME = 98.2906


 OUT OF STEP CONDITION AT TIME =98.2906:

 X------- F R O M -------X   X--------- T O ---------X
   BUS# X-- NAME --X BASKV     BUS# X-- NAME --X BASKV  CKT       MW     MVAR  VOLTAGE
     10 10          345.00       32 32          22.000   1    -131.6    213.4   0.1869
     32 32          22.000       10 10          345.00   1     131.6    198.7   0.1660


 Network not converged at TIME = 98.2956

 Network not converged at TIME = 98.3006

 Network not converged at TIME = 98.3056


 OUT OF STEP CONDITION AT TIME =98.3056:

 X------- F R O M -------X   X--------- T O ---------X
   BUS# X-- NAME --X BASKV     BUS# X-- NAME --X BASKV  CKT       MW     MVAR  VOLTAGE
     15 15          345.00       16 16          345.00   1     -12.0     16.6   0.0363
     16 16          345.00       15 15          345.00   1      14.9     13.4   0.0355
     16 16          345.00       17 17          345.00   1      -2.4     21.7   0.0355
     17 17          345.00       16 16          345.00   1       5.0     12.0   0.0212
     16 16          345.00       19 19          345.00   1     -25.6     26.9   0.0355
     19 19          345.00       16 16          345.00   1      43.2    186.6   0.1833


 Network not converged at TIME = 98.3106


 OUT OF STEP CONDITION AT TIME =98.3106:

 X------- F R O M -------X   X--------- T O ---------X
   BUS# X-- NAME --X BASKV     BUS# X-- NAME --X BASKV  CKT       MW     MVAR  VOLTAGE
      3 3           345.00        4 4           345.00   1      10.5     48.7   0.0777
      4 4           345.00        3 3           345.00   1      -5.1     39.1   0.0614
      8 8           345.00        9 9           345.00   1       0.1     16.1   0.0113
      9 9           345.00        8 8           345.00   1      46.7    717.5   0.5075
     16 16          345.00       19 19          345.00   1     -64.8    149.3   0.1352
     19 19          345.00       16 16          345.00   1      88.0    133.6   0.1329
     25 25          345.00       26 26          345.00   1      11.2    192.0   0.2255
     26 26          345.00       25 25          345.00   1      12.4     44.8   0.0542


 Network not converged at TIME = 98.3156


 OUT OF STEP CONDITION AT TIME =98.3156:

 X------- F R O M -------X   X--------- T O ---------X
   BUS# X-- NAME --X BASKV     BUS# X-- NAME --X BASKV  CKT       MW     MVAR  VOLTAGE
      6 6           345.00       31 31          22.000   1      77.3     41.1   0.0625
     31 31          22.000        6 6           345.00   1     -77.3    449.5   0.2930
     25 25          345.00       26 26          345.00   1     142.7    143.6   0.2233
     26 26          345.00       25 25          345.00   1    -116.2    122.2   0.1858


 Network not converged at TIME = 98.3206


 OUT OF STEP CONDITION AT TIME =98.3206:

 X------- F R O M -------X   X--------- T O ---------X
   BUS# X-- NAME --X BASKV     BUS# X-- NAME --X BASKV  CKT       MW     MVAR  VOLTAGE
      6 6           345.00       31 31          22.000   1       1.4    225.5   0.1427
     31 31          22.000        6 6           345.00   1      -1.4    399.0   0.2272


 Network not converged at TIME = 98.3256


 OUT OF STEP CONDITION AT TIME =98.3256:

 X------- F R O M -------X   X--------- T O ---------X
   BUS# X-- NAME --X BASKV     BUS# X-- NAME --X BASKV  CKT       MW     MVAR  VOLTAGE
      6 6           345.00       31 31          22.000   1    -149.9    328.9   0.2241
     31 31          22.000        6 6           345.00   1     149.9    321.2   0.1978
     10 10          345.00       32 32          22.000   1     107.3    194.3   0.1611
     32 32          22.000       10 10          345.00   1    -107.3    240.6   0.1787


 Network not converged at TIME = 98.3306


 OUT OF STEP CONDITION AT TIME =98.3306:

 X------- F R O M -------X   X--------- T O ---------X
   BUS# X-- NAME --X BASKV     BUS# X-- NAME --X BASKV  CKT       MW     MVAR  VOLTAGE
      6 6           345.00       31 31          22.000   1    -250.6    233.1   0.2381
     31 31          22.000        6 6           345.00   1     250.6    283.6   0.2369
     10 10          345.00       32 32          22.000   1      -3.3    214.1   0.1561
     32 32          22.000       10 10          345.00   1       3.3    216.7   0.1477


 Network not converged at TIME = 98.3356


 OUT OF STEP CONDITION AT TIME =98.3356:

 X------- F R O M -------X   X--------- T O ---------X
   BUS# X-- NAME --X BASKV     BUS# X-- NAME --X BASKV  CKT       MW     MVAR  VOLTAGE
     10 10          345.00       32 32          22.000   1    -101.8    135.1   0.1385
     32 32          22.000       10 10          345.00   1     101.8    206.4   0.1761


 Network not converged at TIME = 98.3406

 Network not converged at TIME = 98.3456


 OUT OF STEP CONDITION AT TIME =98.3456:

 X------- F R O M -------X   X--------- T O ---------X
   BUS# X-- NAME --X BASKV     BUS# X-- NAME --X BASKV  CKT       MW     MVAR  VOLTAGE
      8 8           345.00        9 9           345.00   1     108.2     36.5   0.0789
      9 9           345.00        8 8           345.00   1     -59.9    720.2   0.5022
     15 15          345.00       16 16          345.00   1      10.0     15.2   0.0328
     16 16          345.00       15 15          345.00   1      -7.2     13.8   0.0281


 Network not converged at TIME = 98.3506


 OUT OF STEP CONDITION AT TIME =98.3506:

 X------- F R O M -------X   X--------- T O ---------X
   BUS# X-- NAME --X BASKV     BUS# X-- NAME --X BASKV  CKT       MW     MVAR  VOLTAGE
      3 3           345.00        4 4           345.00   1      19.2     45.2   0.0690
      4 4           345.00        3 3           345.00   1     -12.6     62.7   0.0899
      8 8           345.00        9 9           345.00   1     -50.4     70.8   0.0590
      9 9           345.00        8 8           345.00   1     100.3    712.3   0.4913
     16 16          345.00       19 19          345.00   1      -4.6    112.7   0.0959
     19 19          345.00       16 16          345.00   1      26.8    157.3   0.1357
     25 25          345.00       26 26          345.00   1       4.1    162.4   0.2061
     26 26          345.00       25 25          345.00   1      16.0     39.8   0.0542


 Network not converged at TIME = 98.3556


 OUT OF STEP CONDITION AT TIME =98.3556:

 X------- F R O M -------X   X--------- T O ---------X
   BUS# X-- NAME --X BASKV     BUS# X-- NAME --X BASKV  CKT       MW     MVAR  VOLTAGE
     31 31          22.000        6 6           345.00   1    -161.9    421.6   0.2934
     16 16          345.00       19 19          345.00   1     -51.0    293.6   0.2166
     19 19          345.00       16 16          345.00   1      81.5     76.6   0.0811


 Network not converged at TIME = 98.3606


 OUT OF STEP CONDITION AT TIME =98.3606:

 X------- F R O M -------X   X--------- T O ---------X
   BUS# X-- NAME --X BASKV     BUS# X-- NAME --X BASKV  CKT       MW     MVAR  VOLTAGE
      6 6           345.00       31 31          22.000   1     115.3    269.4   0.1827
     31 31          22.000        6 6           345.00   1    -115.3    373.4   0.2193


 Network not converged at TIME = 98.3656


 OUT OF STEP CONDITION AT TIME =98.3656:

 X------- F R O M -------X   X--------- T O ---------X
   BUS# X-- NAME --X BASKV     BUS# X-- NAME --X BASKV  CKT       MW     MVAR  VOLTAGE
      6 6           345.00       31 31          22.000   1     -57.3    376.9   0.2313
     31 31          22.000        6 6           345.00   1      57.3    302.3   0.1680
     32 32          22.000       10 10          345.00   1    -187.2    240.3   0.2125


 Network not converged at TIME = 98.3706


 OUT OF STEP CONDITION AT TIME =98.3706:

 X------- F R O M -------X   X--------- T O ---------X
   BUS# X-- NAME --X BASKV     BUS# X-- NAME --X BASKV  CKT       MW     MVAR  VOLTAGE
      6 6           345.00       31 31          22.000   1    -183.0    219.9   0.2027
     31 31          22.000        6 6           345.00   1     183.0    277.9   0.2122
     10 10          345.00       32 32          22.000   1      47.0    171.4   0.1338
     32 32          22.000       10 10          345.00   1     -47.0    232.8   0.1671


 Network not converged at TIME = 98.3756


 OUT OF STEP CONDITION AT TIME =98.3756:

 X------- F R O M -------X   X--------- T O ---------X
   BUS# X-- NAME --X BASKV     BUS# X-- NAME --X BASKV  CKT       MW     MVAR  VOLTAGE
     10 10          345.00       32 32          22.000   1     -79.1     69.8   0.0928
     32 32          22.000       10 10          345.00   1      79.1    225.8   0.1968


 Network not converged at TIME = 98.3806


 OUT OF STEP CONDITION AT TIME =98.3806:

 X------- F R O M -------X   X--------- T O ---------X
   BUS# X-- NAME --X BASKV     BUS# X-- NAME --X BASKV  CKT       MW     MVAR  VOLTAGE
      8 8           345.00        9 9           345.00   1     117.3     41.5   0.0858
      9 9           345.00        8 8           345.00   1     -68.9    716.7   0.4999


 Network not converged at TIME = 98.3856


 OUT OF STEP CONDITION AT TIME =98.3856:

 X------- F R O M -------X   X--------- T O ---------X
   BUS# X-- NAME --X BASKV     BUS# X-- NAME --X BASKV  CKT       MW     MVAR  VOLTAGE
      3 3           345.00        4 4           345.00   1      -8.8     35.0   0.0496
      4 4           345.00        3 3           345.00   1      15.7     77.9   0.1093
      8 8           345.00        9 9           345.00   1     -42.7    120.0   0.0841
      9 9           345.00        8 8           345.00   1      95.6    711.1   0.4757
     16 16          345.00       19 19          345.00   1      17.4      8.0   0.0185
     19 19          345.00       16 16          345.00   1      -0.2    202.0   0.1949
     16 16          345.00       21 21          345.00   1     -18.9      4.2   0.0185
     21 21          345.00       16 16          345.00   1      27.8    144.6   0.1404
     25 25          345.00       26 26          345.00   1     -43.8    139.6   0.2085
     26 26          345.00       25 25          345.00   1      59.8     20.5   0.0896


 Network not converged at TIME = 98.3906


 OUT OF STEP CONDITION AT TIME =98.3906:

 X------- F R O M -------X   X--------- T O ---------X
   BUS# X-- NAME --X BASKV     BUS# X-- NAME --X BASKV  CKT       MW     MVAR  VOLTAGE
     16 16          345.00       19 19          345.00   1      65.2    173.6   0.1457
     19 19          345.00       16 16          345.00   1     -39.2    142.6   0.1162
     25 25          345.00       26 26          345.00   1      73.4    104.9   0.1641
     26 26          345.00       25 25          345.00   1     -53.8     92.4   0.1369


 Network not converged at TIME = 98.3956


 OUT OF STEP CONDITION AT TIME =98.3956:

 X------- F R O M -------X   X--------- T O ---------X
   BUS# X-- NAME --X BASKV     BUS# X-- NAME --X BASKV  CKT       MW     MVAR  VOLTAGE
      6 6           345.00       31 31          22.000   1     264.0    213.8   0.2223
     31 31          22.000        6 6           345.00   1    -264.0    370.3   0.2678
     16 16          345.00       19 19          345.00   1      29.6    441.6   0.2862
     19 19          345.00       16 16          345.00   1       8.9     26.1   0.0178


 Network not converged at TIME = 98.4006


 OUT OF STEP CONDITION AT TIME =98.4006:

 X------- F R O M -------X   X--------- T O ---------X
   BUS# X-- NAME --X BASKV     BUS# X-- NAME --X BASKV  CKT       MW     MVAR  VOLTAGE
      6 6           345.00       31 31          22.000   1     124.1    399.3   0.2475
     31 31          22.000        6 6           345.00   1    -124.1    314.0   0.1799


 Network not converged at TIME = 98.4056


 OUT OF STEP CONDITION AT TIME =98.4056:

 X------- F R O M -------X   X--------- T O ---------X
   BUS# X-- NAME --X BASKV     BUS# X-- NAME --X BASKV  CKT       MW     MVAR  VOLTAGE
      6 6           345.00       31 31          22.000   1     -89.0    250.9   0.1814
     31 31          22.000        6 6           345.00   1      89.0    287.7   0.1846
     10 10          345.00       32 32          22.000   1     127.3    129.2   0.1387
     32 32          22.000       10 10          345.00   1    -127.3    262.4   0.2084


 Network not converged at TIME = 98.4106


 OUT OF STEP CONDITION AT TIME =98.4106:

 X------- F R O M -------X   X--------- T O ---------X
   BUS# X-- NAME --X BASKV     BUS# X-- NAME --X BASKV  CKT       MW     MVAR  VOLTAGE
     31 31          22.000        6 6           345.00   1     115.0    311.5   0.2686
     10 10          345.00       32 32          22.000   1     -48.1     37.9   0.0543
     32 32          22.000       10 10          345.00   1      48.1    253.0   0.2136


 Network not converged at TIME = 98.4156


 OUT OF STEP CONDITION AT TIME =98.4156:

 X------- F R O M -------X   X--------- T O ---------X
   BUS# X-- NAME --X BASKV     BUS# X-- NAME --X BASKV  CKT       MW     MVAR  VOLTAGE
      8 8           345.00        9 9           345.00   1      24.9     99.4   0.0684
      9 9           345.00        8 8           345.00   1      26.8    713.0   0.4786


 Network not converged at TIME = 98.4205


 OUT OF STEP CONDITION AT TIME =98.4205:

 X------- F R O M -------X   X--------- T O ---------X
   BUS# X-- NAME --X BASKV     BUS# X-- NAME --X BASKV  CKT       MW     MVAR  VOLTAGE
      8 8           345.00        9 9           345.00   1    -174.7    166.9   0.1574
      9 9           345.00        8 8           345.00   1     229.1    686.2   0.4732
     16 16          345.00       21 21          345.00   1     -27.6     57.1   0.0585
     21 21          345.00       16 16          345.00   1      37.0    101.6   0.0998
     23 23          345.00       24 24          345.00   1      43.6    213.8   0.2713
     24 24          345.00       23 23          345.00   1     -29.2     13.9   0.0400
     25 25          345.00       26 26          345.00   1     -28.6    102.6   0.1490
     26 26          345.00       25 25          345.00   1      45.1     63.2   0.1084


 Network not converged at TIME = 98.4255


 OUT OF STEP CONDITION AT TIME =98.4255:

 X------- F R O M -------X   X--------- T O ---------X
   BUS# X-- NAME --X BASKV     BUS# X-- NAME --X BASKV  CKT       MW     MVAR  VOLTAGE
     16 16          345.00       19 19          345.00   1     153.5    143.7   0.1666
     19 19          345.00       16 16          345.00   1    -128.0    166.9   0.1667
     25 25          345.00       37 37          22.000   1    -118.7    121.1   0.1482
     37 37          22.000       25 25          345.00   1     127.0    197.9   0.2006


 Network not converged at TIME = 98.4305


 OUT OF STEP CONDITION AT TIME =98.4305:

 X------- F R O M -------X   X--------- T O ---------X
   BUS# X-- NAME --X BASKV     BUS# X-- NAME --X BASKV  CKT       MW     MVAR  VOLTAGE
     25 25          345.00       37 37          22.000   1    -180.7    388.1   0.2970
     37 37          22.000       25 25          345.00   1     193.8    118.2   0.1537


 Network not converged at TIME = 98.4355


 OUT OF STEP CONDITION AT TIME =98.4355:

 X------- F R O M -------X   X--------- T O ---------X
   BUS# X-- NAME --X BASKV     BUS# X-- NAME --X BASKV  CKT       MW     MVAR  VOLTAGE
      6 6           345.00       31 31          22.000   1     199.9    365.0   0.2523
     31 31          22.000        6 6           345.00   1    -199.9    315.1   0.2036
     20 20          345.00       19 19          345.00   1      12.9      9.9   0.0377
     19 19          345.00       33 33          22.000   1     -27.7     61.1   0.0482
     33 33          22.000       19 19          345.00   1      43.2    254.1   0.1730


 Network not converged at TIME = 98.4405


 OUT OF STEP CONDITION AT TIME =98.4405:

 X------- F R O M -------X   X--------- T O ---------X
   BUS# X-- NAME --X BASKV     BUS# X-- NAME --X BASKV  CKT       MW     MVAR  VOLTAGE
      6 6           345.00       31 31          22.000   1     -29.8    143.1   0.1078
     31 31          22.000        6 6           345.00   1      29.8    316.9   0.2112
     32 32          22.000       10 10          345.00   1    -103.2    300.4   0.2441


 Network not converged at TIME = 98.4455


 OUT OF STEP CONDITION AT TIME =98.4455:

 X------- F R O M -------X   X--------- T O ---------X
   BUS# X-- NAME --X BASKV     BUS# X-- NAME --X BASKV  CKT       MW     MVAR  VOLTAGE
      8 8           345.00        9 9           345.00   1      43.6     18.0   0.0333
      9 9           345.00        8 8           345.00   1       2.6    705.7   0.5015


 Network not converged at TIME = 98.4505


 OUT OF STEP CONDITION AT TIME =98.4505:

 X------- F R O M -------X   X--------- T O ---------X
   BUS# X-- NAME --X BASKV     BUS# X-- NAME --X BASKV  CKT       MW     MVAR  VOLTAGE
      2 2           345.00        3 3           345.00   1     -12.3    261.6   0.1975
      3 3           345.00        2 2           345.00   1      35.3      4.5   0.0268
      8 8           345.00        9 9           345.00   1    -154.4    160.4   0.1455
      9 9           345.00        8 8           345.00   1     208.3    686.8   0.4711
     23 23          345.00       24 24          345.00   1     -46.6    215.8   0.2696
     24 24          345.00       23 23          345.00   1      61.5     20.3   0.0787


 Network not converged at TIME = 98.4555


 OUT OF STEP CONDITION AT TIME =98.4555:

 X------- F R O M -------X   X--------- T O ---------X
   BUS# X-- NAME --X BASKV     BUS# X-- NAME --X BASKV  CKT       MW     MVAR  VOLTAGE
     16 16          345.00       21 21          345.00   1     -48.7    136.9   0.1273
     21 21          345.00       16 16          345.00   1      59.2     39.1   0.0621
     23 23          345.00       24 24          345.00   1      56.3    188.5   0.2278
     24 24          345.00       23 23          345.00   1     -39.7     74.0   0.0969
     25 25          345.00       26 26          345.00   1      18.6     51.9   0.0749
     26 26          345.00       25 25          345.00   1      -1.2    123.2   0.1679
     25 25          345.00       37 37          22.000   1     -64.2     32.6   0.0749
     37 37          22.000       25 25          345.00   1      70.0    192.9   0.2081


 Network not converged at TIME = 98.4605


 OUT OF STEP CONDITION AT TIME =98.4605:

 X------- F R O M -------X   X--------- T O ---------X
   BUS# X-- NAME --X BASKV     BUS# X-- NAME --X BASKV  CKT       MW     MVAR  VOLTAGE
     25 25          345.00       37 37          22.000   1     -58.3    224.5   0.1833
     37 37          22.000       25 25          345.00   1      68.4    165.6   0.1382


 Network not converged at TIME = 98.4655


 OUT OF STEP CONDITION AT TIME =98.4655:

 X------- F R O M -------X   X--------- T O ---------X
   BUS# X-- NAME --X BASKV     BUS# X-- NAME --X BASKV  CKT       MW     MVAR  VOLTAGE
     25 25          345.00       37 37          22.000   1    -124.1    494.6   0.3358
     37 37          22.000       25 25          345.00   1     138.6     67.5   0.0990


 Network not converged at TIME = 98.4705


 OUT OF STEP CONDITION AT TIME =98.4705:

 X------- F R O M -------X   X--------- T O ---------X
   BUS# X-- NAME --X BASKV     BUS# X-- NAME --X BASKV  CKT       MW     MVAR  VOLTAGE
      6 6           345.00       31 31          22.000   1     260.5    230.8   0.2271
     31 31          22.000        6 6           345.00   1    -260.5    356.5   0.2593


 Network not converged at TIME = 98.4755


 OUT OF STEP CONDITION AT TIME =98.4755:

 X------- F R O M -------X   X--------- T O ---------X
   BUS# X-- NAME --X BASKV     BUS# X-- NAME --X BASKV  CKT       MW     MVAR  VOLTAGE
      6 6           345.00       31 31          22.000   1      60.6     65.5   0.0683
     31 31          22.000        6 6           345.00   1     -60.6    361.1   0.2523
     16 16          345.00       19 19          345.00   1     -68.0    446.7   0.2886
     19 19          345.00       16 16          345.00   1     107.4     32.5   0.0715


 Network not converged at TIME = 98.4805


 OUT OF STEP CONDITION AT TIME =98.4805:

 X------- F R O M -------X   X--------- T O ---------X
   BUS# X-- NAME --X BASKV     BUS# X-- NAME --X BASKV  CKT       MW     MVAR  VOLTAGE
      8 8           345.00        9 9           345.00   1     -69.1     16.3   0.0507


 Network not converged at TIME = 98.4855


 OUT OF STEP CONDITION AT TIME =98.4855:

 X------- F R O M -------X   X--------- T O ---------X
   BUS# X-- NAME --X BASKV     BUS# X-- NAME --X BASKV  CKT       MW     MVAR  VOLTAGE
      2 2           345.00        3 3           345.00   1      30.9    211.4   0.1612
      3 3           345.00        2 2           345.00   1      -8.0     54.3   0.0414
      8 8           345.00        9 9           345.00   1    -262.9    138.6   0.2004
      9 9           345.00        8 8           345.00   1     313.5    655.9   0.4925


 Network not converged at TIME = 98.4905


 OUT OF STEP CONDITION AT TIME =98.4905:

 X------- F R O M -------X   X--------- T O ---------X
   BUS# X-- NAME --X BASKV     BUS# X-- NAME --X BASKV  CKT       MW     MVAR  VOLTAGE
     21 21          345.00       22 22          345.00   1      31.6      6.9   0.0221
     22 22          345.00       21 21          345.00   1     -14.5    291.1   0.1999
     23 23          345.00       24 24          345.00   1      -8.4    173.4   0.1916
     24 24          345.00       23 23          345.00   1      26.6    115.4   0.1304
     25 25          345.00       26 26          345.00   1      23.7     12.6   0.0369
     26 26          345.00       25 25          345.00   1      -6.7    158.0   0.2185
     25 25          345.00       37 37          22.000   1      -6.9     33.5   0.0369
     37 37          22.000       25 25          345.00   1      12.4    176.8   0.1862


 Network not converged at TIME = 98.4955


 OUT OF STEP CONDITION AT TIME =98.4955:

 X------- F R O M -------X   X--------- T O ---------X
   BUS# X-- NAME --X BASKV     BUS# X-- NAME --X BASKV  CKT       MW     MVAR  VOLTAGE
     23 23          345.00       24 24          345.00   1     108.2    140.0   0.1882
     24 24          345.00       23 23          345.00   1     -88.7    169.9   0.2039
     25 25          345.00       37 37          22.000   1      36.3    205.9   0.1722
     37 37          22.000       25 25          345.00   1     -27.0    153.3   0.1251


 Network not converged at TIME = 98.5005


 OUT OF STEP CONDITION AT TIME =98.5005:

 X------- F R O M -------X   X--------- T O ---------X
   BUS# X-- NAME --X BASKV     BUS# X-- NAME --X BASKV  CKT       MW     MVAR  VOLTAGE
     25 25          345.00       37 37          22.000   1      15.0    432.3   0.2978
     37 37          22.000       25 25          345.00   1      -1.7     82.2   0.0552


 Network not converged at TIME = 98.5055

 Network not converged at TIME = 98.5105


 OUT OF STEP CONDITION AT TIME =98.5105:

 X------- F R O M -------X   X--------- T O ---------X
   BUS# X-- NAME --X BASKV     BUS# X-- NAME --X BASKV  CKT       MW     MVAR  VOLTAGE
     16 16          345.00       19 19          345.00   1     195.6    381.3   0.2746
     19 19          345.00       16 16          345.00   1    -156.4     94.4   0.1169


 Network not converged at TIME = 98.5155


 OUT OF STEP CONDITION AT TIME =98.5155:

 X------- F R O M -------X   X--------- T O ---------X
   BUS# X-- NAME --X BASKV     BUS# X-- NAME --X BASKV  CKT       MW     MVAR  VOLTAGE
     16 16          345.00       19 19          345.00   1      15.3    314.4   0.2154
     19 19          345.00       16 16          345.00   1      19.1    103.0   0.0716


 Network not converged at TIME = 98.5205


 OUT OF STEP CONDITION AT TIME =98.5205:

 X------- F R O M -------X   X--------- T O ---------X
   BUS# X-- NAME --X BASKV     BUS# X-- NAME --X BASKV  CKT       MW     MVAR  VOLTAGE
      3 3           345.00        4 4           345.00   1      -7.9     31.5   0.0514
      4 4           345.00        3 3           345.00   1      13.1     53.4   0.0872
     14 14          345.00       15 15          345.00   1      53.4     30.8   0.0851
     15 15          345.00       14 14          345.00   1     -43.9     82.8   0.1297
     16 16          345.00       19 19          345.00   1    -115.6    167.0   0.1634
     19 19          345.00       16 16          345.00   1     140.4    134.5   0.1564


 Network not converged at TIME = 98.5255


 OUT OF STEP CONDITION AT TIME =98.5255:

 X------- F R O M -------X   X--------- T O ---------X
   BUS# X-- NAME --X BASKV     BUS# X-- NAME --X BASKV  CKT       MW     MVAR  VOLTAGE
      2 2           345.00        3 3           345.00   1     112.7    159.0   0.1518
      3 3           345.00        2 2           345.00   1     -91.2     90.1   0.0998
      2 2           345.00       25 25          345.00   1      97.6    212.0   0.1518
     25 25          345.00        2 2           345.00   1      68.1     -8.6   0.0446


 Network not converged at TIME = 98.5305


 OUT OF STEP CONDITION AT TIME =98.5305:

 X------- F R O M -------X   X--------- T O ---------X
   BUS# X-- NAME --X BASKV     BUS# X-- NAME --X BASKV  CKT       MW     MVAR  VOLTAGE
     23 23          345.00       24 24          345.00   1     -88.0    169.6   0.2119
     24 24          345.00       23 23          345.00   1     106.0    115.7   0.1739
     25 25          345.00       37 37          22.000   1      59.5     39.1   0.0800
     37 37          22.000       25 25          345.00   1     -54.5    154.0   0.1791


 Network not converged at TIME = 98.5355


 OUT OF STEP CONDITION AT TIME =98.5355:

 X------- F R O M -------X   X--------- T O ---------X
   BUS# X-- NAME --X BASKV     BUS# X-- NAME --X BASKV  CKT       MW     MVAR  VOLTAGE
     21 21          345.00       22 22          345.00   1      43.1    127.9   0.0861
     22 22          345.00       21 21          345.00   1     -23.4    216.5   0.1389
     23 23          345.00       24 24          345.00   1     -14.2    129.4   0.1318
     24 24          345.00       23 23          345.00   1      35.8    212.8   0.2187
     25 25          345.00       37 37          22.000   1     136.4    185.1   0.2028
     37 37          22.000       25 25          345.00   1    -128.3    128.1   0.1560


 Network not converged at TIME = 98.5405


 OUT OF STEP CONDITION AT TIME =98.5405:

 X------- F R O M -------X   X--------- T O ---------X
   BUS# X-- NAME --X BASKV     BUS# X-- NAME --X BASKV  CKT       MW     MVAR  VOLTAGE
     21 21          345.00       22 22          345.00   1    -115.6    170.8   0.1303
     22 22          345.00       21 21          345.00   1     135.6    179.9   0.1424
     23 23          345.00       24 24          345.00   1      84.3    108.7   0.1381
     24 24          345.00       23 23          345.00   1     -62.4    238.4   0.2480
     37 37          22.000       25 25          345.00   1    -150.2     77.5   0.1216


 Network not converged at TIME = 98.5455


 OUT OF STEP CONDITION AT TIME =98.5455:

 X------- F R O M -------X   X--------- T O ---------X
   BUS# X-- NAME --X BASKV     BUS# X-- NAME --X BASKV  CKT       MW     MVAR  VOLTAGE
     37 37          22.000       25 25          345.00   1    -105.1     34.9   0.0739


 Network not converged at TIME = 98.5505


 OUT OF STEP CONDITION AT TIME =98.5505:

 X------- F R O M -------X   X--------- T O ---------X
   BUS# X-- NAME --X BASKV     BUS# X-- NAME --X BASKV  CKT       MW     MVAR  VOLTAGE
     25 25          345.00       37 37          22.000   1      36.0    457.3   0.3260
     37 37          22.000       25 25          345.00   1     -23.5     25.4   0.0240


 Network not converged at TIME = 98.5555


 OUT OF STEP CONDITION AT TIME =98.5555:

 X------- F R O M -------X   X--------- T O ---------X
   BUS# X-- NAME --X BASKV     BUS# X-- NAME --X BASKV  CKT       MW     MVAR  VOLTAGE
     25 25          345.00       37 37          22.000   1     -35.3    310.8   0.2569
     37 37          22.000       25 25          345.00   1      44.6     50.6   0.0540


 Network not converged at TIME = 98.5605


 OUT OF STEP CONDITION AT TIME =98.5605:

 X------- F R O M -------X   X--------- T O ---------X
   BUS# X-- NAME --X BASKV     BUS# X-- NAME --X BASKV  CKT       MW     MVAR  VOLTAGE
     14 14          345.00       15 15          345.00   1     -10.9     86.4   0.1002
     15 15          345.00       14 14          345.00   1      24.6     77.9   0.0940
     16 16          345.00       19 19          345.00   1      57.6    190.7   0.1508
     19 19          345.00       16 16          345.00   1     -29.6    150.3   0.1159
     25 25          345.00       37 37          22.000   1     -59.5    153.5   0.1659
     37 37          22.000       25 25          345.00   1      65.7     86.6   0.1069


 Network not converged at TIME = 98.5655


 OUT OF STEP CONDITION AT TIME =98.5655:

 X------- F R O M -------X   X--------- T O ---------X
   BUS# X-- NAME --X BASKV     BUS# X-- NAME --X BASKV  CKT       MW     MVAR  VOLTAGE
      3 3           345.00       18 18          345.00   1      27.5     27.4   0.0492
     18 18          345.00        3 3           345.00   1     -20.6     55.4   0.0750
     14 14          345.00       15 15          345.00   1      85.4     93.4   0.1450
     15 15          345.00       14 14          345.00   1     -71.6     71.9   0.1163
     16 16          345.00       19 19          345.00   1     -61.7    178.2   0.1498
     19 19          345.00       16 16          345.00   1      87.1    131.2   0.1251
     25 25          345.00       37 37          22.000   1     -32.4     39.3   0.0633
     37 37          22.000       25 25          345.00   1      36.5    118.3   0.1502


 Network not converged at TIME = 98.5705

 Network not converged at TIME = 98.5755

 Network not converged at TIME = 98.5805


 OUT OF STEP CONDITION AT TIME =98.5805:

 X------- F R O M -------X   X--------- T O ---------X
   BUS# X-- NAME --X BASKV     BUS# X-- NAME --X BASKV  CKT       MW     MVAR  VOLTAGE
     23 23          345.00       24 24          345.00   1    -141.6    146.5   0.2149
     24 24          345.00       23 23          345.00   1     161.5    168.2   0.2460


 Network not converged at TIME = 98.5855


 OUT OF STEP CONDITION AT TIME =98.5855:

 X------- F R O M -------X   X--------- T O ---------X
   BUS# X-- NAME --X BASKV     BUS# X-- NAME --X BASKV  CKT       MW     MVAR  VOLTAGE
     21 21          345.00       22 22          345.00   1     125.1    129.9   0.1158
     22 22          345.00       21 21          345.00   1    -105.7    209.7   0.1508
     23 23          345.00       24 24          345.00   1     -67.6    127.0   0.1446
     24 24          345.00       23 23          345.00   1      89.5    219.5   0.2387


 Network not converged at TIME = 98.5905


 OUT OF STEP CONDITION AT TIME =98.5905:

 X------- F R O M -------X   X--------- T O ---------X
   BUS# X-- NAME --X BASKV     BUS# X-- NAME --X BASKV  CKT       MW     MVAR  VOLTAGE
     21 21          345.00       22 22          345.00   1     -21.7     99.1   0.0674
     22 22          345.00       21 21          345.00   1      39.9    218.0   0.1474
     23 23          345.00       24 24          345.00   1      23.0    135.1   0.1437
     24 24          345.00       23 23          345.00   1      -2.9    183.8   0.1930


 Network not converged at TIME = 98.5955


 OUT OF STEP CONDITION AT TIME =98.5955:

 X------- F R O M -------X   X--------- T O ---------X
   BUS# X-- NAME --X BASKV     BUS# X-- NAME --X BASKV  CKT       MW     MVAR  VOLTAGE
     23 23          345.00       24 24          345.00   1      84.8    161.5   0.2167
     24 24          345.00       23 23          345.00   1     -69.1     87.3   0.1320


 Network not converged at TIME = 98.6004


 OUT OF STEP CONDITION AT TIME =98.6004:

 X------- F R O M -------X   X--------- T O ---------X
   BUS# X-- NAME --X BASKV     BUS# X-- NAME --X BASKV  CKT       MW     MVAR  VOLTAGE
     25 25          345.00       37 37          22.000   1     112.0    208.5   0.2088
     37 37          22.000       25 25          345.00   1    -103.9    104.5   0.1269


 Network not converged at TIME = 98.6054


 OUT OF STEP CONDITION AT TIME =98.6054:

 X------- F R O M -------X   X--------- T O ---------X
   BUS# X-- NAME --X BASKV     BUS# X-- NAME --X BASKV  CKT       MW     MVAR  VOLTAGE
     14 14          345.00       15 15          345.00   1       0.3    157.1   0.1665
     15 15          345.00       14 14          345.00   1      15.8     36.6   0.0422
     16 16          345.00       19 19          345.00   1      79.8     85.9   0.1029
     19 19          345.00       16 16          345.00   1     -59.0    167.3   0.1558
     25 25          345.00       26 26          345.00   1     -51.5     50.2   0.1201
     26 26          345.00       25 25          345.00   1      63.0     65.4   0.1520
     25 25          345.00       37 37          22.000   1      61.8     97.5   0.1201
     37 37          22.000       25 25          345.00   1     -56.0    127.8   0.1416


 Network not converged at TIME = 98.6104


 OUT OF STEP CONDITION AT TIME =98.6104:

 X------- F R O M -------X   X--------- T O ---------X
   BUS# X-- NAME --X BASKV     BUS# X-- NAME --X BASKV  CKT       MW     MVAR  VOLTAGE
     14 14          345.00       15 15          345.00   1      96.7    145.3   0.1787
     15 15          345.00       14 14          345.00   1     -79.4     62.0   0.1030
     16 16          345.00       19 19          345.00   1      13.5    172.3   0.1413
     19 19          345.00       16 16          345.00   1      10.5    120.0   0.0984
     25 25          345.00       26 26          345.00   1      19.6     44.1   0.0715
     26 26          345.00       25 25          345.00   1      -5.0    103.1   0.1534


 Network not converged at TIME = 98.6154


 OUT OF STEP CONDITION AT TIME =98.6154:

 X------- F R O M -------X   X--------- T O ---------X
   BUS# X-- NAME --X BASKV     BUS# X-- NAME --X BASKV  CKT       MW     MVAR  VOLTAGE
     16 16          345.00       19 19          345.00   1     -82.6    236.6   0.1987
     19 19          345.00       16 16          345.00   1     108.2     74.4   0.1039


 Network not converged at TIME = 98.6204

 Network not converged at TIME = 98.6254

 Network not converged at TIME = 98.6304

 Network not converged at TIME = 98.6354


 OUT OF STEP CONDITION AT TIME =98.6354:

 X------- F R O M -------X   X--------- T O ---------X
   BUS# X-- NAME --X BASKV     BUS# X-- NAME --X BASKV  CKT       MW     MVAR  VOLTAGE
     23 23          345.00       24 24          345.00   1     -55.1    186.7   0.2261
     24 24          345.00       23 23          345.00   1      71.6     73.9   0.1191


 Network not converged at TIME = 98.6404


 OUT OF STEP CONDITION AT TIME =98.6404:

 X------- F R O M -------X   X--------- T O ---------X
   BUS# X-- NAME --X BASKV     BUS# X-- NAME --X BASKV  CKT       MW     MVAR  VOLTAGE
     16 16          345.00       21 21          345.00   1       5.6     85.7   0.0736
     21 21          345.00       16 16          345.00   1       5.3     98.3   0.0843
     23 23          345.00       24 24          345.00   1      14.5    200.0   0.2556
     24 24          345.00       23 23          345.00   1      -0.8     16.7   0.0212


 Network not converged at TIME = 98.6454


 OUT OF STEP CONDITION AT TIME =98.6454:

 X------- F R O M -------X   X--------- T O ---------X
   BUS# X-- NAME --X BASKV     BUS# X-- NAME --X BASKV  CKT       MW     MVAR  VOLTAGE
     15 15          345.00       16 16          345.00   1      -7.4     16.7   0.0289
     16 16          345.00       15 15          345.00   1      10.9     20.7   0.0371
     16 16          345.00       17 17          345.00   1      14.6     17.3   0.0371
     17 17          345.00       16 16          345.00   1     -12.0     15.7   0.0324


 Network not converged at TIME = 98.6504


 OUT OF STEP CONDITION AT TIME =98.6504:

 X------- F R O M -------X   X--------- T O ---------X
   BUS# X-- NAME --X BASKV     BUS# X-- NAME --X BASKV  CKT       MW     MVAR  VOLTAGE
     14 14          345.00       15 15          345.00   1      67.7    164.2   0.1870
     15 15          345.00       14 14          345.00   1     -51.4     32.2   0.0637
     16 16          345.00       19 19          345.00   1      63.5     98.1   0.1065
     19 19          345.00       16 16          345.00   1     -44.2    136.8   0.1311
     25 25          345.00       26 26          345.00   1      36.5    116.2   0.1689
     26 26          345.00       25 25          345.00   1     -19.7     53.0   0.0781


 Network not converged at TIME = 98.6554


 OUT OF STEP CONDITION AT TIME =98.6554:

 X------- F R O M -------X   X--------- T O ---------X
   BUS# X-- NAME --X BASKV     BUS# X-- NAME --X BASKV  CKT       MW     MVAR  VOLTAGE
     16 16          345.00       19 19          345.00   1      51.5    221.8   0.1837
     19 19          345.00       16 16          345.00   1     -26.8     78.5   0.0668


 Network not converged at TIME = 98.6604


 OUT OF STEP CONDITION AT TIME =98.6604:

 X------- F R O M -------X   X--------- T O ---------X
   BUS# X-- NAME --X BASKV     BUS# X-- NAME --X BASKV  CKT       MW     MVAR  VOLTAGE
     16 16          345.00       19 19          345.00   1       3.1    359.6   0.2610
     19 19          345.00       16 16          345.00   1      27.4     11.8   0.0216
     19 19          345.00       20 20          345.00   1      -4.9      4.4   0.0216
     20 20          345.00       19 19          345.00   1       5.6      9.8   0.0351


 Network not converged at TIME = 98.6654


 OUT OF STEP CONDITION AT TIME =98.6654:

 X------- F R O M -------X   X--------- T O ---------X
   BUS# X-- NAME --X BASKV     BUS# X-- NAME --X BASKV  CKT       MW     MVAR  VOLTAGE
     20 20          345.00       34 34          22.000   1     -25.1     17.0   0.0361
     34 34          22.000       20 20          345.00   1      31.5    112.2   0.1376


 Network not converged at TIME = 98.6704

 Network not converged at TIME = 98.6754

 Network not converged at TIME = 98.6804


 OUT OF STEP CONDITION AT TIME =98.6804:

 X------- F R O M -------X   X--------- T O ---------X
   BUS# X-- NAME --X BASKV     BUS# X-- NAME --X BASKV  CKT       MW     MVAR  VOLTAGE
     16 16          345.00       19 19          345.00   1     -72.7     93.3   0.1099
     19 19          345.00       16 16          345.00   1      91.3    132.6   0.1496


 Network not converged at TIME = 98.6854


 OUT OF STEP CONDITION AT TIME =98.6854:

 X------- F R O M -------X   X--------- T O ---------X
   BUS# X-- NAME --X BASKV     BUS# X-- NAME --X BASKV  CKT       MW     MVAR  VOLTAGE
     16 16          345.00       19 19          345.00   1     -17.7     65.8   0.0638
     19 19          345.00       16 16          345.00   1      36.0    156.5   0.1506


 Network not converged at TIME = 98.6904


 OUT OF STEP CONDITION AT TIME =98.6904:

 X------- F R O M -------X   X--------- T O ---------X
   BUS# X-- NAME --X BASKV     BUS# X-- NAME --X BASKV  CKT       MW     MVAR  VOLTAGE
     16 16          345.00       19 19          345.00   1      32.9     68.1   0.0694
     19 19          345.00       16 16          345.00   1     -13.9    163.7   0.1508
     26 26          345.00       28 28          345.00   1      -4.9     15.9   0.0600
     28 28          345.00       26 26          345.00   1       8.2     20.8   0.0808
     26 26          345.00       29 29          345.00   1      -4.5     12.9   0.0600
     29 29          345.00       26 26          345.00   1       7.5     19.7   0.0931


 Network not converged at TIME = 98.6954


 OUT OF STEP CONDITION AT TIME =98.6954:

 X------- F R O M -------X   X--------- T O ---------X
   BUS# X-- NAME --X BASKV     BUS# X-- NAME --X BASKV  CKT       MW     MVAR  VOLTAGE
     16 16          345.00       19 19          345.00   1      81.3     95.0   0.1098
     19 19          345.00       16 16          345.00   1     -60.5    158.0   0.1486


 Network not converged at TIME = 98.7004


 OUT OF STEP CONDITION AT TIME =98.7004:

 X------- F R O M -------X   X--------- T O ---------X
   BUS# X-- NAME --X BASKV     BUS# X-- NAME --X BASKV  CKT       MW     MVAR  VOLTAGE
     16 16          345.00       19 19          345.00   1     122.4    141.4   0.1557
     19 19          345.00       16 16          345.00   1     -99.2    140.2   0.1430


 Network not converged at TIME = 98.7054


 OUT OF STEP CONDITION AT TIME =98.7054:

 X------- F R O M -------X   X--------- T O ---------X
   BUS# X-- NAME --X BASKV     BUS# X-- NAME --X BASKV  CKT       MW     MVAR  VOLTAGE
     16 16          345.00       19 19          345.00   1     154.0    190.8   0.1951
     19 19          345.00       16 16          345.00   1    -128.6    117.5   0.1385


 Network not converged at TIME = 98.7104

 Network not converged at TIME = 98.7154

 Network not converged at TIME = 98.7204

 Network not converged at TIME = 98.7254

 Network not converged at TIME = 98.7304

 Network not converged at TIME = 98.7354

 Network not converged at TIME = 98.7404

 Network not converged at TIME = 98.7454

 Network not converged at TIME = 98.7504

 Network not converged at TIME = 98.7554

 Network not converged at TIME = 98.7604

 Network not converged at TIME = 98.7654

 Network not converged at TIME = 98.7704


 OUT OF STEP CONDITION AT TIME =98.7704:

 X------- F R O M -------X   X--------- T O ---------X
   BUS# X-- NAME --X BASKV     BUS# X-- NAME --X BASKV  CKT       MW     MVAR  VOLTAGE
     31 31          22.000        6 6           345.00   1     138.2    395.4   0.3123


 Network not converged at TIME = 98.7754


 OUT OF STEP CONDITION AT TIME =98.7754:

 X------- F R O M -------X   X--------- T O ---------X
   BUS# X-- NAME --X BASKV     BUS# X-- NAME --X BASKV  CKT       MW     MVAR  VOLTAGE
     31 31          22.000        6 6           345.00   1     122.2    393.9   0.3100


 Network not converged at TIME = 98.7803


 OUT OF STEP CONDITION AT TIME =98.7803:

 X------- F R O M -------X   X--------- T O ---------X
   BUS# X-- NAME --X BASKV     BUS# X-- NAME --X BASKV  CKT       MW     MVAR  VOLTAGE
     31 31          22.000        6 6           345.00   1     108.2    393.1   0.3088


 Network not converged at TIME = 98.7853


 OUT OF STEP CONDITION AT TIME =98.7853:

 X------- F R O M -------X   X--------- T O ---------X
   BUS# X-- NAME --X BASKV     BUS# X-- NAME --X BASKV  CKT       MW     MVAR  VOLTAGE
     31 31          22.000        6 6           345.00   1      95.8    393.1   0.3087


 Network not converged at TIME = 98.7903


 OUT OF STEP CONDITION AT TIME =98.7903:

 X------- F R O M -------X   X--------- T O ---------X
   BUS# X-- NAME --X BASKV     BUS# X-- NAME --X BASKV  CKT       MW     MVAR  VOLTAGE
     31 31          22.000        6 6           345.00   1      84.7    393.7   0.3096


 Network not converged at TIME = 98.7953


 OUT OF STEP CONDITION AT TIME =98.7953:

 X------- F R O M -------X   X--------- T O ---------X
   BUS# X-- NAME --X BASKV     BUS# X-- NAME --X BASKV  CKT       MW     MVAR  VOLTAGE
     31 31          22.000        6 6           345.00   1      73.8    395.0   0.3116


 Network not converged at TIME = 98.8003


 OUT OF STEP CONDITION AT TIME =98.8003:

 X------- F R O M -------X   X--------- T O ---------X
   BUS# X-- NAME --X BASKV     BUS# X-- NAME --X BASKV  CKT       MW     MVAR  VOLTAGE
     31 31          22.000        6 6           345.00   1      60.0    397.0   0.3148


 Network not converged at TIME = 98.8053

 Network not converged at TIME = 98.8103


 OUT OF STEP CONDITION AT TIME =98.8103:

 X------- F R O M -------X   X--------- T O ---------X
   BUS# X-- NAME --X BASKV     BUS# X-- NAME --X BASKV  CKT       MW     MVAR  VOLTAGE
     14 14          345.00       15 15          345.00   1       6.3      9.9   0.0349
     15 15          345.00       14 14          345.00   1      -4.3     14.7   0.0456
     26 26          345.00       28 28          345.00   1       2.7     32.1   0.1164
     28 28          345.00       26 26          345.00   1       0.7      4.9   0.0175
     26 26          345.00       29 29          345.00   1       1.2     26.3   0.1164
     29 29          345.00       26 26          345.00   1       1.8      6.6   0.0295


 Network not converged at TIME = 98.8153


 OUT OF STEP CONDITION AT TIME =98.8153:

 X------- F R O M -------X   X--------- T O ---------X
   BUS# X-- NAME --X BASKV     BUS# X-- NAME --X BASKV  CKT       MW     MVAR  VOLTAGE
      3 3           345.00        4 4           345.00   1      22.6    151.3   0.1675
      4 4           345.00        3 3           345.00   1     -11.7     26.7   0.0319
      8 8           345.00        9 9           345.00   1     -36.2     31.4   0.0337
      9 9           345.00        8 8           345.00   1      82.8    699.7   0.4981
     14 14          345.00       15 15          345.00   1      -5.0     17.7   0.0537
     15 15          345.00       14 14          345.00   1       7.1      7.9   0.0309
     26 26          345.00       28 28          345.00   1      16.7     22.7   0.0983
     28 28          345.00       26 26          345.00   1     -13.1     16.6   0.0733
     26 26          345.00       29 29          345.00   1      13.1     19.0   0.0983
     29 29          345.00       26 26          345.00   1      -9.8     15.8   0.0791


 Network not converged at TIME = 98.8203

 Network not converged at TIME = 98.8253


 OUT OF STEP CONDITION AT TIME =98.8253:

 X------- F R O M -------X   X--------- T O ---------X
   BUS# X-- NAME --X BASKV     BUS# X-- NAME --X BASKV  CKT       MW     MVAR  VOLTAGE
     31 31          22.000        6 6           345.00   1    -196.2    389.4   0.3000


 Network not converged at TIME = 98.8303


 OUT OF STEP CONDITION AT TIME =98.8303:

 X------- F R O M -------X   X--------- T O ---------X
   BUS# X-- NAME --X BASKV     BUS# X-- NAME --X BASKV  CKT       MW     MVAR  VOLTAGE
      6 6           345.00       31 31          22.000   1     235.1    182.3   0.2033
     31 31          22.000        6 6           345.00   1    -235.1    353.2   0.2609


 Network not converged at TIME = 98.8353


 OUT OF STEP CONDITION AT TIME =98.8353:

 X------- F R O M -------X   X--------- T O ---------X
   BUS# X-- NAME --X BASKV     BUS# X-- NAME --X BASKV  CKT       MW     MVAR  VOLTAGE
      6 6           345.00       31 31          22.000   1     193.3    279.6   0.2210
     31 31          22.000        6 6           345.00   1    -193.3    311.9   0.2147


 Network not converged at TIME = 98.8403


 OUT OF STEP CONDITION AT TIME =98.8403:

 X------- F R O M -------X   X--------- T O ---------X
   BUS# X-- NAME --X BASKV     BUS# X-- NAME --X BASKV  CKT       MW     MVAR  VOLTAGE
      6 6           345.00       31 31          22.000   1      98.9    233.5   0.1743
     31 31          22.000        6 6           345.00   1     -98.9    295.8   0.1929


 Network not converged at TIME = 98.8453


 OUT OF STEP CONDITION AT TIME =98.8453:

 X------- F R O M -------X   X--------- T O ---------X
   BUS# X-- NAME --X BASKV     BUS# X-- NAME --X BASKV  CKT       MW     MVAR  VOLTAGE
      6 6           345.00       31 31          22.000   1      22.7    132.0   0.1017
     31 31          22.000        6 6           345.00   1     -22.7    301.5   0.2067
     10 10          345.00       32 32          22.000   1      87.1     36.5   0.0836
     32 32          22.000       10 10          345.00   1     -87.1    256.1   0.2236


 Network not converged at TIME = 98.8503


 OUT OF STEP CONDITION AT TIME =98.8503:

 X------- F R O M -------X   X--------- T O ---------X
   BUS# X-- NAME --X BASKV     BUS# X-- NAME --X BASKV  CKT       MW     MVAR  VOLTAGE
      6 6           345.00       31 31          22.000   1      -6.0     32.3   0.0279
     31 31          22.000        6 6           345.00   1       6.0    314.9   0.2405


 Network not converged at TIME = 98.8553


 OUT OF STEP CONDITION AT TIME =98.8553:

 X------- F R O M -------X   X--------- T O ---------X
   BUS# X-- NAME --X BASKV     BUS# X-- NAME --X BASKV  CKT       MW     MVAR  VOLTAGE
      4 4           345.00        5 5           345.00   1      -8.2     17.7   0.0395
      5 5           345.00        4 4           345.00   1      10.2     13.7   0.0344
      5 5           345.00        8 8           345.00   1      -4.1     12.8   0.0344
      8 8           345.00        5 5           345.00   1       5.3      4.3   0.0175
     31 31          22.000        6 6           345.00   1      -3.7    329.5   0.2840
     13 13          345.00       14 14          345.00   1      18.9     26.6   0.0506
     14 14          345.00       13 13          345.00   1     -15.2     15.4   0.0335


 Network not converged at TIME = 98.8603


 OUT OF STEP CONDITION AT TIME =98.8603:

 X------- F R O M -------X   X--------- T O ---------X
   BUS# X-- NAME --X BASKV     BUS# X-- NAME --X BASKV  CKT       MW     MVAR  VOLTAGE
      3 3           345.00        4 4           345.00   1      20.9     84.4   0.1012
      4 4           345.00        3 3           345.00   1     -11.3     72.9   0.0859
      8 8           345.00        9 9           345.00   1    -142.6     83.3   0.1132
      9 9           345.00        8 8           345.00   1     191.6    686.0   0.4908


 Network not converged at TIME = 98.8653


 OUT OF STEP CONDITION AT TIME =98.8653:

 X------- F R O M -------X   X--------- T O ---------X
   BUS# X-- NAME --X BASKV     BUS# X-- NAME --X BASKV  CKT       MW     MVAR  VOLTAGE
     16 16          345.00       17 17          345.00   1     -13.6     12.1   0.0288
     17 17          345.00       16 16          345.00   1      16.4     23.5   0.0453
     16 16          345.00       19 19          345.00   1       6.9     25.6   0.0288
     19 19          345.00       16 16          345.00   1       6.7    138.9   0.1516


 Network not converged at TIME = 98.8703


 OUT OF STEP CONDITION AT TIME =98.8703:

 X------- F R O M -------X   X--------- T O ---------X
   BUS# X-- NAME --X BASKV     BUS# X-- NAME --X BASKV  CKT       MW     MVAR  VOLTAGE
     16 16          345.00       21 21          345.00   1     -10.5    138.4   0.1251
     21 21          345.00       16 16          345.00   1      20.4     28.2   0.0313
     23 23          345.00       24 24          345.00   1      30.5    178.7   0.2118
     24 24          345.00       23 23          345.00   1     -14.2     79.0   0.0936


 Network not converged at TIME = 98.8753


 OUT OF STEP CONDITION AT TIME =98.8753:

 X------- F R O M -------X   X--------- T O ---------X
   BUS# X-- NAME --X BASKV     BUS# X-- NAME --X BASKV  CKT       MW     MVAR  VOLTAGE
     23 23          345.00       24 24          345.00   1     147.2    126.9   0.2065
     24 24          345.00       23 23          345.00   1    -127.6    183.1   0.2373


 Network not converged at TIME = 98.8803

 Network not converged at TIME = 98.8853


 OUT OF STEP CONDITION AT TIME =98.8853:

 X------- F R O M -------X   X--------- T O ---------X
   BUS# X-- NAME --X BASKV     BUS# X-- NAME --X BASKV  CKT       MW     MVAR  VOLTAGE
     31 31          22.000        6 6           345.00   1    -130.1    387.5   0.2966


 Network not converged at TIME = 98.8903


 OUT OF STEP CONDITION AT TIME =98.8903:

 X------- F R O M -------X   X--------- T O ---------X
   BUS# X-- NAME --X BASKV     BUS# X-- NAME --X BASKV  CKT       MW     MVAR  VOLTAGE
      3 3           345.00        4 4           345.00   1      -5.4    110.0   0.1513
      4 4           345.00        3 3           345.00   1      12.3      3.2   0.0174
      4 4           345.00        5 5           345.00   1     -11.2      6.7   0.0174
      5 5           345.00        4 4           345.00   1      15.7     65.3   0.0896
     13 13          345.00       14 14          345.00   1      28.1     59.0   0.0769
     14 14          345.00       13 13          345.00   1     -21.6     14.0   0.0303


 Network not converged at TIME = 98.8953


 OUT OF STEP CONDITION AT TIME =98.8953:

 X------- F R O M -------X   X--------- T O ---------X
   BUS# X-- NAME --X BASKV     BUS# X-- NAME --X BASKV  CKT       MW     MVAR  VOLTAGE
      3 3           345.00       18 18          345.00   1       2.5      8.2   0.0101
     18 18          345.00        3 3           345.00   1       5.4     87.3   0.1033
     25 25          345.00       26 26          345.00   1     -85.7    128.0   0.1929
     26 26          345.00       25 25          345.00   1     106.3     78.5   0.1651


 Network not converged at TIME = 98.9003


 OUT OF STEP CONDITION AT TIME =98.9003:

 X------- F R O M -------X   X--------- T O ---------X
   BUS# X-- NAME --X BASKV     BUS# X-- NAME --X BASKV  CKT       MW     MVAR  VOLTAGE
     25 25          345.00       26 26          345.00   1      37.2    100.0   0.1278
     26 26          345.00       25 25          345.00   1     -14.7    125.8   0.1518


 Network not converged at TIME = 98.9053


 OUT OF STEP CONDITION AT TIME =98.9053:

 X------- F R O M -------X   X--------- T O ---------X
   BUS# X-- NAME --X BASKV     BUS# X-- NAME --X BASKV  CKT       MW     MVAR  VOLTAGE
     16 16          345.00       19 19          345.00   1      57.6    185.7   0.1667
     19 19          345.00       16 16          345.00   1     -35.7     80.1   0.0751
     25 25          345.00       37 37          22.000   1    -139.6    229.9   0.2035
     37 37          22.000       25 25          345.00   1     150.6    195.9   0.1824


 Network not converged at TIME = 98.9103


 OUT OF STEP CONDITION AT TIME =98.9103:

 X------- F R O M -------X   X--------- T O ---------X
   BUS# X-- NAME --X BASKV     BUS# X-- NAME --X BASKV  CKT       MW     MVAR  VOLTAGE
     16 16          345.00       19 19          345.00   1     -54.0    177.0   0.1635
     19 19          345.00       16 16          345.00   1      74.6     73.4   0.0923
     23 23          345.00       24 24          345.00   1     -87.4    194.0   0.2537
     24 24          345.00       23 23          345.00   1     103.0     53.0   0.1377
     37 37          22.000       25 25          345.00   1     205.0    103.6   0.1489


 Network not converged at TIME = 98.9153


 OUT OF STEP CONDITION AT TIME =98.9153:

 X------- F R O M -------X   X--------- T O ---------X
   BUS# X-- NAME --X BASKV     BUS# X-- NAME --X BASKV  CKT       MW     MVAR  VOLTAGE
     16 16          345.00       21 21          345.00   1      35.7    177.1   0.1531
     21 21          345.00       16 16          345.00   1     -24.6     11.3   0.0229
     23 23          345.00       24 24          345.00   1      -5.7    178.5   0.2025
     24 24          345.00       23 23          345.00   1      23.0     94.9   0.1106


 Network not converged at TIME = 98.9203


 OUT OF STEP CONDITION AT TIME =98.9203:

 X------- F R O M -------X   X--------- T O ---------X
   BUS# X-- NAME --X BASKV     BUS# X-- NAME --X BASKV  CKT       MW     MVAR  VOLTAGE
     23 23          345.00       24 24          345.00   1      96.2    171.0   0.2315
     24 24          345.00       23 23          345.00   1     -80.3     81.4   0.1346


 Network not converged at TIME = 98.9253


 OUT OF STEP CONDITION AT TIME =98.9253:

 X------- F R O M -------X   X--------- T O ---------X
   BUS# X-- NAME --X BASKV     BUS# X-- NAME --X BASKV  CKT       MW     MVAR  VOLTAGE
     14 14          345.00       15 15          345.00   1     -87.4    118.7   0.1506
     15 15          345.00       14 14          345.00   1     104.7     89.4   0.1405


 Network not converged at TIME = 98.9303


 OUT OF STEP CONDITION AT TIME =98.9303:

 X------- F R O M -------X   X--------- T O ---------X
   BUS# X-- NAME --X BASKV     BUS# X-- NAME --X BASKV  CKT       MW     MVAR  VOLTAGE
     14 14          345.00       15 15          345.00   1      -7.0     81.9   0.0769
     15 15          345.00       14 14          345.00   1      27.6    166.2   0.1578


 Network not converged at TIME = 98.9353


 OUT OF STEP CONDITION AT TIME =98.9353:

 X------- F R O M -------X   X--------- T O ---------X
   BUS# X-- NAME --X BASKV     BUS# X-- NAME --X BASKV  CKT       MW     MVAR  VOLTAGE
      3 3           345.00        4 4           345.00   1       7.4      2.1   0.0149
      4 4           345.00        3 3           345.00   1      -3.9     54.9   0.1065
      3 3           345.00       18 18          345.00   1     -11.0     11.4   0.0149
     18 18          345.00        3 3           345.00   1      23.4    138.8   0.1325
     14 14          345.00       15 15          345.00   1      83.4     62.9   0.0931
     15 15          345.00       14 14          345.00   1     -60.7    209.9   0.1952


 Network not converged at TIME = 98.9403


 OUT OF STEP CONDITION AT TIME =98.9403:

 X------- F R O M -------X   X--------- T O ---------X
   BUS# X-- NAME --X BASKV     BUS# X-- NAME --X BASKV  CKT       MW     MVAR  VOLTAGE
      2 2           345.00       25 25          345.00   1      87.8    290.1   0.1744
     25 25          345.00        2 2           345.00   1     123.9    -30.3   0.0733


 Network not converged at TIME = 98.9453


 OUT OF STEP CONDITION AT TIME =98.9453:

 X------- F R O M -------X   X--------- T O ---------X
   BUS# X-- NAME --X BASKV     BUS# X-- NAME --X BASKV  CKT       MW     MVAR  VOLTAGE
     25 25          345.00       37 37          22.000   1      13.7      6.5   0.0173
     37 37          22.000       25 25          345.00   1      -8.9    182.8   0.2026


 Network not converged at TIME = 98.9503


 OUT OF STEP CONDITION AT TIME =98.9503:

 X------- F R O M -------X   X--------- T O ---------X
   BUS# X-- NAME --X BASKV     BUS# X-- NAME --X BASKV  CKT       MW     MVAR  VOLTAGE
     25 25          345.00       37 37          22.000   1      83.5     49.2   0.1005
     37 37          22.000       25 25          345.00   1     -77.6    177.4   0.1959


 Network not converged at TIME = 98.9553

 Network not converged at TIME = 98.9603

 Network not converged at TIME = 98.9652

 Network not converged at TIME = 98.9702

 Network not converged at TIME = 98.9752

 Network not converged at TIME = 98.9802

 Network not converged at TIME = 98.9852

 Network not converged at TIME = 98.9902

 Network not converged at TIME = 98.9952

 Network not converged at TIME = 99.0002

 99.0002 -7.62896E-03  7.08507E-02  6.20151E-02  9.96953E-02  9.21711E-02  7.38964E-02
     7    7.35629E-02  6.11338E-02   0.0000      9.89178E-04   2.1698       3.5457
    13     2.7642       2.9977       4.7989       3.8590       2.7202       2.7527
    19     0.0000       1.0437       0.0000       0.0000     -0.57359     -0.60087
    25   -0.38278       0.0000     -0.40643     -0.68868       0.0000       0.0000
    31     5.5574       3.7075       3.6503      -1.9394       2.3407       2.2120
    37     1.6186      -2.3729       0.0000       15.092       1.0420       1.0430
    43     1.0272       1.0302       1.0492       1.0507       1.0382       1.0360
    49     1.0409       1.0381       1.0409       1.0245       1.0329       1.0239
    55    0.99026      0.99051       1.0033       1.0111       1.0036      0.93792
    61    0.99363       1.0171       1.0153      0.99724       1.0378       1.0281
    67     1.0108       1.0323       1.0298       1.0418       1.0160      0.97807
    73    0.96310      0.94959       1.0200       1.0564       1.0084       1.0047
    79     1.0238       5833.6       5850.8      -17.201       5805.6       45.192

 Output completed
