D:\Hang\3. Programs\SourceCode\Tool-PSSE-2\taoSuCo\gop.out
NAM 2030-CHE DO PHU TAI CUC DAI
TRUONG HOP VAN HANH BINH THUONG-PA1
                     1              2              3              4              5              6              7              8              9              10             11             12             13             14      
        Time(s)   ANGLE_NAMBUM  ANGLE_NAMCUM4 ANGLE_NAMCUM3. ANGLE_NAMCUM1.    ANGLE_PACMA ANGLE_MUONGKIM      ANGLE_HO4  ANGLE_NAMCUM4 ANGLE_NAMCUM3. ANGLE_NAMCUM1.    ANGLE_PACMA ANGLE_MUONGKIM      ANGLE_HO4 ANGLE_KHAOMANG
                                                           6            2.5                             2                                            6            2.5                             2                              
          -0.02        5.29465        37.7265        37.5571        36.8902        47.5071       -7.29529       -10.3929        37.7265        37.5571        36.8902        47.5071       -7.29529       -10.3929       -2.34471
          -0.01        5.29465        37.7265        37.5571        36.8902        47.5071       -7.29529       -10.3929        37.7265        37.5571        36.8902        47.5071       -7.29529       -10.3929       -2.34471
              0        5.29465        37.7265        37.5571        36.8902        47.5071       -7.29529       -10.3929        37.7265        37.5571        36.8902        47.5071       -7.29529       -10.3929       -2.34471
           0.01        5.29465        37.7265        37.5571        36.8902        47.5071       -7.29529       -10.3929        37.7265        37.5571        36.8902        47.5071       -7.29529       -10.3929       -2.34471
           0.02        5.29465        37.7265        37.5571        36.8902        47.5071       -7.29529       -10.3929        37.7265        37.5571        36.8902        47.5071       -7.29529       -10.3929       -2.34471
           0.03        5.29465        37.7265        37.5571        36.8902        47.5071       -7.29529       -10.3929        37.7265        37.5571        36.8902        47.5071       -7.29529       -10.3929       -2.34471
           0.04        5.29465        37.7265        37.5571        36.8902        47.5071       -7.29529       -10.3929        37.7265        37.5571        36.8902        47.5071       -7.29529       -10.3929       -2.34471
           0.05        5.29465        37.7265        37.5571        36.8902        47.5071       -7.29529       -10.3929        37.7265        37.5571        36.8902        47.5071       -7.29529       -10.3929       -2.34471
           0.06        5.29465        37.7265        37.5571        36.8902        47.5071       -7.29529       -10.3929        37.7265        37.5571        36.8902        47.5071       -7.29529       -10.3929       -2.34471
           0.07        5.29468        37.7265        37.5571        36.8902        47.5071       -7.29527       -10.3929        37.7265        37.5571        36.8902        47.5071       -7.29527       -10.3929       -2.34469
           0.08        5.29465        37.7265        37.5571        36.8902        47.5071       -7.29529       -10.3929        37.7265        37.5571        36.8902        47.5071       -7.29529       -10.3929       -2.34471
           0.09        5.29465        37.7265        37.5571        36.8902        47.5071       -7.29529       -10.3929        37.7265        37.5571        36.8902        47.5071       -7.29529       -10.3929       -2.34471
            0.1        5.29465        37.7265        37.5571        36.8902        47.5071       -7.29529       -10.3929        37.7265        37.5571        36.8902        47.5071       -7.29529       -10.3929       -2.34471
           0.11        5.29465        37.7265        37.5571        36.8902        47.5071       -7.29529       -10.3929        37.7265        37.5571        36.8902        47.5071       -7.29529       -10.3929       -2.34471
           0.12        5.29465        37.7265        37.5571        36.8902        47.5071       -7.29529       -10.3929        37.7265        37.5571        36.8902        47.5071       -7.29529       -10.3929       -2.34471
           0.13        5.29465        37.7265        37.5571        36.8902        47.5071       -7.29529       -10.3929        37.7265        37.5571        36.8902        47.5071       -7.29529       -10.3929       -2.34471
           0.14        5.29465        37.7265        37.5571        36.8902        47.5071       -7.29529       -10.3929        37.7265        37.5571        36.8902        47.5071       -7.29529       -10.3929       -2.34471
           0.15        5.29465        37.7265        37.5571        36.8902        47.5071       -7.29529       -10.3929        37.7265        37.5571        36.8902        47.5071       -7.29529       -10.3929       -2.34471
           0.16        5.29465        37.7265        37.5571        36.8902        47.5071       -7.29529       -10.3929        37.7265        37.5571        36.8902        47.5071       -7.29529       -10.3929       -2.34471
           0.17        5.29464        37.7265         37.557        36.8901        47.5071        -7.2953        -10.393        37.7265         37.557        36.8901        47.5071        -7.2953        -10.393       -2.34473
           0.18        5.29464        37.7265         37.557        36.8901        47.5071        -7.2953        -10.393        37.7265         37.557        36.8901        47.5071        -7.2953        -10.393       -2.34473
           0.19        5.29464        37.7265         37.557        36.8901        47.5071        -7.2953        -10.393        37.7265         37.557        36.8901        47.5071        -7.2953        -10.393       -2.34473
            0.2        5.29464        37.7265         37.557        36.8901        47.5071        -7.2953        -10.393        37.7265         37.557        36.8901        47.5071        -7.2953        -10.393       -2.34473
           0.21        5.29464        37.7265        37.5571        36.8901        47.5071        -7.2953        -10.393        37.7265        37.5571        36.8901        47.5071        -7.2953        -10.393       -2.34473
           0.22        5.29464        37.7265        37.5571        36.8901        47.5071        -7.2953        -10.393        37.7265        37.5571        36.8901        47.5071        -7.2953        -10.393       -2.34473
           0.23        5.29462        37.7265         37.557        36.8901        47.5071       -7.29532        -10.393        37.7265         37.557        36.8901        47.5071       -7.29532        -10.393       -2.34474
           0.24        5.29463        37.7265        37.5571        36.8901        47.5071       -7.29531        -10.393        37.7265        37.5571        36.8901        47.5071       -7.29531        -10.393       -2.34473
           0.25        5.29462        37.7265         37.557        36.8901        47.5071       -7.29532        -10.393        37.7265         37.557        36.8901        47.5071       -7.29532        -10.393       -2.34474
           0.26        5.29462        37.7265         37.557        36.8901        47.5071       -7.29532        -10.393        37.7265         37.557        36.8901        47.5071       -7.29532        -10.393       -2.34474
           0.27        5.29462        37.7265         37.557        36.8901        47.5071       -7.29532        -10.393        37.7265         37.557        36.8901        47.5071       -7.29532        -10.393       -2.34474
           0.28        5.29462        37.7265         37.557        36.8901        47.5071       -7.29533        -10.393        37.7265         37.557        36.8901        47.5071       -7.29533        -10.393       -2.34475
           0.29        5.29461        37.7265         37.557        36.8901        47.5071       -7.29533        -10.393        37.7265         37.557        36.8901        47.5071       -7.29533        -10.393       -2.34476
            0.3        5.29461        37.7265         37.557        36.8901        47.5071       -7.29533        -10.393        37.7265         37.557        36.8901        47.5071       -7.29533        -10.393       -2.34476
           0.31        5.29461        37.7265         37.557        36.8901        47.5071       -7.29533        -10.393        37.7265         37.557        36.8901        47.5071       -7.29533        -10.393       -2.34476
           0.32        5.29461        37.7265         37.557        36.8901        47.5071       -7.29533        -10.393        37.7265         37.557        36.8901        47.5071       -7.29533        -10.393       -2.34476
           0.33        5.29459        37.7264         37.557        36.8901        47.5071       -7.29535        -10.393        37.7264         37.557        36.8901        47.5071       -7.29535        -10.393       -2.34477
           0.34        5.29459        37.7264         37.557        36.8901        47.5071       -7.29535        -10.393        37.7264         37.557        36.8901        47.5071       -7.29535        -10.393       -2.34477
           0.35        5.29459        37.7264         37.557        36.8901        47.5071       -7.29535        -10.393        37.7264         37.557        36.8901        47.5071       -7.29535        -10.393       -2.34477
           0.36        5.29459        37.7264         37.557        36.8901        47.5071       -7.29535        -10.393        37.7264         37.557        36.8901        47.5071       -7.29535        -10.393       -2.34477
           0.37        5.29459        37.7264         37.557        36.8901        47.5071       -7.29535        -10.393        37.7264         37.557        36.8901        47.5071       -7.29535        -10.393       -2.34477
           0.38        5.29459        37.7264         37.557        36.8901        47.5071       -7.29535        -10.393        37.7264         37.557        36.8901        47.5071       -7.29535        -10.393       -2.34477
           0.39         5.2946        37.7264         37.557        36.8901        47.5071       -7.29535        -10.393        37.7264         37.557        36.8901        47.5071       -7.29535        -10.393       -2.34477
            0.4        5.29461        37.7264         37.557        36.8901        47.5071       -7.29535        -10.393        37.7264         37.557        36.8901        47.5071       -7.29535        -10.393       -2.34477
           0.41        5.29463        37.7265         37.557        36.8901        47.5071       -7.29533        -10.393        37.7265         37.557        36.8901        47.5071       -7.29533        -10.393       -2.34476
           0.42        5.29464        37.7265         37.557        36.8901        47.5071       -7.29533        -10.393        37.7265         37.557        36.8901        47.5071       -7.29533        -10.393       -2.34475
           0.43        5.29464        37.7265         37.557        36.8901        47.5071       -7.29533        -10.393        37.7265         37.557        36.8901        47.5071       -7.29533        -10.393       -2.34475
           0.44        5.29464        37.7265         37.557        36.8901        47.5071       -7.29533        -10.393        37.7265         37.557        36.8901        47.5071       -7.29533        -10.393       -2.34475
           0.45        5.29465        37.7265         37.557        36.8901        47.5071       -7.29532        -10.393        37.7265         37.557        36.8901        47.5071       -7.29532        -10.393       -2.34474
           0.46        5.29465        37.7265         37.557        36.8901        47.5071       -7.29532        -10.393        37.7265         37.557        36.8901        47.5071       -7.29532        -10.393       -2.34474
           0.47        5.29465        37.7265         37.557        36.8901        47.5071       -7.29532        -10.393        37.7265         37.557        36.8901        47.5071       -7.29532        -10.393       -2.34474
           0.48        5.29465        37.7265        37.5571        36.8902        47.5071        -7.2953        -10.393        37.7265        37.5571        36.8902        47.5071        -7.2953        -10.393       -2.34473
           0.49        5.29465        37.7265        37.5571        36.8902        47.5071        -7.2953        -10.393        37.7265        37.5571        36.8902        47.5071        -7.2953        -10.393       -2.34473
            0.5        5.29465        37.7265        37.5571        36.8902        47.5071       -7.29529        -10.393        37.7265        37.5571        36.8902        47.5071       -7.29529        -10.393       -2.34473
            0.5        5.29465        37.7265        37.5571        36.8902        47.5071       -7.29529        -10.393        37.7265        37.5571        36.8902        47.5071       -7.29529        -10.393       -2.34473
           0.51        5.29466        37.7265        37.5571        36.8902        47.5071       -7.29527        -10.393        37.7265        37.5571        36.8902        47.5071       -7.29527        -10.393       -2.34472
           0.52        5.29466        37.7265        37.5571        36.8902        47.5071       -7.29527       -10.3929        37.7265        37.5571        36.8902        47.5071       -7.29527       -10.3929       -2.34471
           0.53        5.29466        37.7265        37.5571        36.8902        47.5071       -7.29527       -10.3929        37.7265        37.5571        36.8902        47.5071       -7.29527       -10.3929        -2.3447
           0.54        5.29466        37.7265        37.5571        36.8902        47.5071       -7.29527       -10.3929        37.7265        37.5571        36.8902        47.5071       -7.29527       -10.3929        -2.3447
           0.55        5.29466        37.7265        37.5571        36.8902        47.5071       -7.29527       -10.3929        37.7265        37.5571        36.8902        47.5071       -7.29527       -10.3929       -2.34469
           0.56        5.29467        37.7265        37.5571        36.8902        47.5071       -7.29527       -10.3929        37.7265        37.5571        36.8902        47.5071       -7.29527       -10.3929       -2.34467
           0.57        5.29467        37.7265        37.5571        36.8902        47.5071       -7.29527       -10.3929        37.7265        37.5571        36.8902        47.5071       -7.29527       -10.3929       -2.34467
           0.58        5.29467        37.7265        37.5571        36.8902        47.5071       -7.29527       -10.3929        37.7265        37.5571        36.8902        47.5071       -7.29527       -10.3929       -2.34467
           0.59        5.29467        37.7265        37.5571        36.8902        47.5071       -7.29527       -10.3929        37.7265        37.5571        36.8902        47.5071       -7.29527       -10.3929       -2.34467
            0.6        5.29467        37.7265        37.5571        36.8902        47.5071       -7.29527       -10.3929        37.7265        37.5571        36.8902        47.5071       -7.29527       -10.3929       -2.34467
           0.61        5.29467        37.7265        37.5571        36.8902        47.5071       -7.29527       -10.3929        37.7265        37.5571        36.8902        47.5071       -7.29527       -10.3929       -2.34467
           0.62        5.29467        37.7265        37.5571        36.8902        47.5071       -7.29527       -10.3929        37.7265        37.5571        36.8902        47.5071       -7.29527       -10.3929       -2.34467
           0.63        5.29466        37.7265        37.5571        36.8902        47.5071       -7.29527       -10.3929        37.7265        37.5571        36.8902        47.5071       -7.29527       -10.3929       -2.34468
           0.64        5.29466        37.7265        37.5571        36.8902        47.5071       -7.29527       -10.3929        37.7265        37.5571        36.8902        47.5071       -7.29527       -10.3929       -2.34468
           0.65        5.29466        37.7265        37.5571        36.8902        47.5071       -7.29526       -10.3929        37.7265        37.5571        36.8902        47.5071       -7.29526       -10.3929       -2.34468
           0.66        5.29466        37.7265        37.5571        36.8902        47.5071       -7.29525       -10.3929        37.7265        37.5571        36.8902        47.5071       -7.29525       -10.3929       -2.34468
           0.67        5.29466        37.7265        37.5571        36.8902        47.5071       -7.29525       -10.3929        37.7265        37.5571        36.8902        47.5071       -7.29525       -10.3929       -2.34468
           0.68        5.29466        37.7265        37.5571        36.8902        47.5071       -7.29525       -10.3929        37.7265        37.5571        36.8902        47.5071       -7.29525       -10.3929       -2.34468
           0.69        5.29466        37.7265        37.5571        36.8902        47.5071       -7.29525       -10.3929        37.7265        37.5571        36.8902        47.5071       -7.29525       -10.3929       -2.34468
            0.7        5.29467        37.7265        37.5571        36.8902        47.5071       -7.29524       -10.3929        37.7265        37.5571        36.8902        47.5071       -7.29524       -10.3929       -2.34467
            0.7        5.29467        37.7265        37.5571        36.8902        47.5071       -7.29524       -10.3929        37.7265        37.5571        36.8902        47.5071       -7.29524       -10.3929       -2.34467
           0.71        5.29467        37.7265        37.5571        36.8902        47.5071       -7.29524       -10.3929        37.7265        37.5571        36.8902        47.5071       -7.29524       -10.3929       -2.34467
           0.72        5.29467        37.7265        37.5571        36.8902        47.5071       -7.29524       -10.3929        37.7265        37.5571        36.8902        47.5071       -7.29524       -10.3929       -2.34467
           0.73        5.29468        37.7265        37.5571        36.8902        47.5071       -7.29523       -10.3929        37.7265        37.5571        36.8902        47.5071       -7.29523       -10.3929       -2.34467
           0.74        5.29468        37.7265        37.5571        36.8902        47.5071       -7.29524       -10.3929        37.7265        37.5571        36.8902        47.5071       -7.29524       -10.3929       -2.34467
           0.75        5.29469        37.7265        37.5571        36.8902        47.5071       -7.29524       -10.3929        37.7265        37.5571        36.8902        47.5071       -7.29524       -10.3929       -2.34466
           0.76        5.29469        37.7265        37.5571        36.8902        47.5071       -7.29524       -10.3929        37.7265        37.5571        36.8902        47.5071       -7.29524       -10.3929       -2.34466
           0.77         5.2947        37.7265        37.5571        36.8902        47.5071       -7.29523       -10.3929        37.7265        37.5571        36.8902        47.5071       -7.29523       -10.3929       -2.34464
           0.78         5.2947        37.7265        37.5571        36.8902        47.5071       -7.29523       -10.3929        37.7265        37.5571        36.8902        47.5071       -7.29523       -10.3929       -2.34464
           0.79        5.29471        37.7265        37.5571        36.8902        47.5071       -7.29522       -10.3929        37.7265        37.5571        36.8902        47.5071       -7.29522       -10.3929       -2.34464
            0.8        5.29471        37.7265        37.5571        36.8902        47.5071       -7.29522       -10.3929        37.7265        37.5571        36.8902        47.5071       -7.29522       -10.3929       -2.34464
           0.81        5.29471        37.7265        37.5571        36.8902        47.5071       -7.29521       -10.3929        37.7265        37.5571        36.8902        47.5071       -7.29521       -10.3929       -2.34463
           0.82        5.29471        37.7265        37.5571        36.8902        47.5071        -7.2952       -10.3929        37.7265        37.5571        36.8902        47.5071        -7.2952       -10.3929       -2.34462
           0.83        5.29471        37.7265        37.5571        36.8902        47.5071        -7.2952       -10.3929        37.7265        37.5571        36.8902        47.5071        -7.2952       -10.3929       -2.34462
       0.839999        5.29471        37.7265        37.5571        36.8902        47.5071        -7.2952       -10.3929        37.7265        37.5571        36.8902        47.5071        -7.2952       -10.3929       -2.34462
       0.849999        5.29471        37.7265        37.5571        36.8902        47.5071        -7.2952       -10.3929        37.7265        37.5571        36.8902        47.5071        -7.2952       -10.3929       -2.34462
       0.859999        5.29471        37.7265        37.5571        36.8902        47.5071        -7.2952       -10.3929        37.7265        37.5571        36.8902        47.5071        -7.2952       -10.3929       -2.34462
       0.869999        5.29472        37.7265        37.5571        36.8902        47.5071        -7.2952       -10.3929        37.7265        37.5571        36.8902        47.5071        -7.2952       -10.3929       -2.34462
       0.879999        5.29472        37.7266        37.5571        36.8902        47.5071        -7.2952       -10.3928        37.7266        37.5571        36.8902        47.5071        -7.2952       -10.3928       -2.34462
       0.889999        5.29473        37.7266        37.5571        36.8902        47.5071        -7.2952       -10.3928        37.7266        37.5571        36.8902        47.5071        -7.2952       -10.3928       -2.34462
       0.899999        5.29474        37.7266        37.5571        36.8902        47.5071        -7.2952       -10.3928        37.7266        37.5571        36.8902        47.5071        -7.2952       -10.3928       -2.34462
       0.909999        5.29475        37.7266        37.5571        36.8902        47.5071        -7.2952       -10.3928        37.7266        37.5571        36.8902        47.5071        -7.2952       -10.3928       -2.34462
       0.919999        5.29475        37.7266        37.5571        36.8902        47.5071        -7.2952       -10.3928        37.7266        37.5571        36.8902        47.5071        -7.2952       -10.3928       -2.34462
       0.929999        5.29475        37.7266        37.5571        36.8902        47.5071        -7.2952       -10.3928        37.7266        37.5571        36.8902        47.5071        -7.2952       -10.3928       -2.34462
       0.939999        5.29475        37.7266        37.5571        36.8903        47.5072        -7.2952       -10.3928        37.7266        37.5571        36.8903        47.5072        -7.2952       -10.3928       -2.34462
       0.949999        5.29475        37.7266        37.5571        36.8903        47.5072        -7.2952       -10.3928        37.7266        37.5571        36.8903        47.5072        -7.2952       -10.3928       -2.34462
       0.959999        5.29475        37.7266        37.5572        36.8903        47.5072        -7.2952       -10.3928        37.7266        37.5572        36.8903        47.5072        -7.2952       -10.3928       -2.34462
       0.969999        5.29475        37.7266        37.5572        36.8903        47.5072        -7.2952       -10.3928        37.7266        37.5572        36.8903        47.5072        -7.2952       -10.3928       -2.34462
       0.979999        5.29475        37.7266        37.5572        36.8903        47.5072        -7.2952       -10.3928        37.7266        37.5572        36.8903        47.5072        -7.2952       -10.3928       -2.34462
       0.989999        5.29475        37.7266        37.5572        36.8903        47.5072        -7.2952       -10.3928        37.7266        37.5572        36.8903        47.5072        -7.2952       -10.3928       -2.34462
       0.999999        5.29475        37.7266        37.5572        36.8903        47.5072        -7.2952       -10.3928        37.7266        37.5572        36.8903        47.5072        -7.2952       -10.3928       -2.34462
           1.01        5.29475        37.7266        37.5572        36.8903        47.5072        -7.2952       -10.3928        37.7266        37.5572        36.8903        47.5072        -7.2952       -10.3928       -2.34462
           1.02        5.29475        37.7266        37.5572        36.8903        47.5072       -7.29519       -10.3928        37.7266        37.5572        36.8903        47.5072       -7.29519       -10.3928       -2.34462
           1.03        5.29475        37.7266        37.5572        36.8903        47.5072       -7.29518       -10.3928        37.7266        37.5572        36.8903        47.5072       -7.29518       -10.3928       -2.34462
           1.04        5.29475        37.7266        37.5572        36.8903        47.5072       -7.29518       -10.3928        37.7266        37.5572        36.8903        47.5072       -7.29518       -10.3928       -2.34462
           1.05        5.29476        37.7266        37.5572        36.8903        47.5072       -7.29518       -10.3928        37.7266        37.5572        36.8903        47.5072       -7.29518       -10.3928       -2.34462
           1.06        5.29477        37.7266        37.5572        36.8903        47.5072       -7.29518       -10.3928        37.7266        37.5572        36.8903        47.5072       -7.29518       -10.3928       -2.34462
           1.07        5.29478        37.7266        37.5572        36.8903        47.5072       -7.29518       -10.3928        37.7266        37.5572        36.8903        47.5072       -7.29518       -10.3928       -2.34461
           1.08        5.29478        37.7266        37.5572        36.8903        47.5072       -7.29518       -10.3928        37.7266        37.5572        36.8903        47.5072       -7.29518       -10.3928        -2.3446
           1.09        5.29478        37.7266        37.5572        36.8903        47.5072       -7.29518       -10.3928        37.7266        37.5572        36.8903        47.5072       -7.29518       -10.3928        -2.3446
            1.1        5.29478        37.7266        37.5572        36.8903        47.5072       -7.29518       -10.3928        37.7266        37.5572        36.8903        47.5072       -7.29518       -10.3928        -2.3446
           1.11        5.29478        37.7266        37.5572        36.8903        47.5072       -7.29518       -10.3928        37.7266        37.5572        36.8903        47.5072       -7.29518       -10.3928        -2.3446
           1.12        5.29478        37.7266        37.5572        36.8903        47.5072       -7.29518       -10.3928        37.7266        37.5572        36.8903        47.5072       -7.29518       -10.3928        -2.3446
           1.13        5.29478        37.7266        37.5572        36.8903        47.5073       -7.29518       -10.3928        37.7266        37.5572        36.8903        47.5073       -7.29518       -10.3928        -2.3446
           1.14        5.29478        37.7266        37.5572        36.8903        47.5073       -7.29518       -10.3928        37.7266        37.5572        36.8903        47.5073       -7.29518       -10.3928        -2.3446
           1.15        5.29478        37.7266        37.5572        36.8903        47.5073       -7.29518       -10.3928        37.7266        37.5572        36.8903        47.5073       -7.29518       -10.3928        -2.3446
           1.16        5.29478        37.7266        37.5572        36.8903        47.5073       -7.29518       -10.3928        37.7266        37.5572        36.8903        47.5073       -7.29518       -10.3928        -2.3446
           1.17        5.29478        37.7266        37.5572        36.8903        47.5073       -7.29518       -10.3928        37.7266        37.5572        36.8903        47.5073       -7.29518       -10.3928        -2.3446
           1.18        5.29478        37.7266        37.5572        36.8903        47.5073       -7.29518       -10.3928        37.7266        37.5572        36.8903        47.5073       -7.29518       -10.3928        -2.3446
           1.19        5.29478        37.7266        37.5572        36.8903        47.5073       -7.29518       -10.3928        37.7266        37.5572        36.8903        47.5073       -7.29518       -10.3928        -2.3446
            1.2        5.29478        37.7266        37.5572        36.8903        47.5073       -7.29517       -10.3928        37.7266        37.5572        36.8903        47.5073       -7.29517       -10.3928       -2.34459
           1.21        5.29478        37.7266        37.5572        36.8903        47.5073       -7.29517       -10.3928        37.7266        37.5572        36.8903        47.5073       -7.29517       -10.3928       -2.34459
           1.22        5.29479        37.7266        37.5572        36.8903        47.5073       -7.29517       -10.3928        37.7266        37.5572        36.8903        47.5073       -7.29517       -10.3928       -2.34459
           1.23         5.2948        37.7266        37.5572        36.8903        47.5073       -7.29517       -10.3928        37.7266        37.5572        36.8903        47.5073       -7.29517       -10.3928       -2.34459
           1.24        5.29481        37.7266        37.5572        36.8903        47.5073       -7.29517       -10.3928        37.7266        37.5572        36.8903        47.5073       -7.29517       -10.3928       -2.34459
           1.25        5.29481        37.7266        37.5572        36.8903        47.5073       -7.29517       -10.3928        37.7266        37.5572        36.8903        47.5073       -7.29517       -10.3928       -2.34459
           1.26        5.29481        37.7266        37.5572        36.8903        47.5073       -7.29517       -10.3928        37.7266        37.5572        36.8903        47.5073       -7.29517       -10.3928       -2.34459
           1.27        5.29481        37.7266        37.5572        36.8903        47.5073       -7.29517       -10.3928        37.7266        37.5572        36.8903        47.5073       -7.29517       -10.3928       -2.34459
           1.28        5.29481        37.7266        37.5572        36.8903        47.5073       -7.29517       -10.3928        37.7266        37.5572        36.8903        47.5073       -7.29517       -10.3928       -2.34459
           1.29        5.29482        37.7267        37.5572        36.8903        47.5073       -7.29516       -10.3928        37.7267        37.5572        36.8903        47.5073       -7.29516       -10.3928       -2.34458
            1.3        5.29483        37.7267        37.5572        36.8903        47.5073       -7.29514       -10.3928        37.7267        37.5572        36.8903        47.5073       -7.29514       -10.3928       -2.34457
           1.31        5.29483        37.7267        37.5572        36.8903        47.5073       -7.29514       -10.3928        37.7267        37.5572        36.8903        47.5073       -7.29514       -10.3928       -2.34457
           1.32        5.29483        37.7267        37.5572        36.8903        47.5073       -7.29514       -10.3928        37.7267        37.5572        36.8903        47.5073       -7.29514       -10.3928       -2.34457
           1.33        5.29483        37.7267        37.5572        36.8903        47.5073       -7.29514       -10.3928        37.7267        37.5572        36.8903        47.5073       -7.29514       -10.3928       -2.34457
           1.34        5.29483        37.7267        37.5572        36.8903        47.5073       -7.29514       -10.3928        37.7267        37.5572        36.8903        47.5073       -7.29514       -10.3928       -2.34457
           1.35        5.29483        37.7267        37.5572        36.8903        47.5073       -7.29514       -10.3928        37.7267        37.5572        36.8903        47.5073       -7.29514       -10.3928       -2.34457
           1.36        5.29483        37.7267        37.5572        36.8903        47.5073       -7.29514       -10.3928        37.7267        37.5572        36.8903        47.5073       -7.29514       -10.3928       -2.34457
           1.37        5.29483        37.7267        37.5572        36.8903        47.5073       -7.29514       -10.3928        37.7267        37.5572        36.8903        47.5073       -7.29514       -10.3928       -2.34457
           1.38        5.29483        37.7267        37.5572        36.8903        47.5073       -7.29514       -10.3928        37.7267        37.5572        36.8903        47.5073       -7.29514       -10.3928       -2.34457
           1.39        5.29483        37.7267        37.5572        36.8903        47.5073       -7.29514       -10.3928        37.7267        37.5572        36.8903        47.5073       -7.29514       -10.3928       -2.34457
            1.4        5.29483        37.7267        37.5572        36.8903        47.5073       -7.29514       -10.3928        37.7267        37.5572        36.8903        47.5073       -7.29514       -10.3928       -2.34457
           1.41        5.29483        37.7267        37.5572        36.8903        47.5073       -7.29514       -10.3928        37.7267        37.5572        36.8903        47.5073       -7.29514       -10.3928       -2.34457
           1.42        5.29483        37.7267        37.5572        36.8903        47.5073       -7.29514       -10.3928        37.7267        37.5572        36.8903        47.5073       -7.29514       -10.3928       -2.34457
           1.43        5.29483        37.7267        37.5572        36.8903        47.5073       -7.29514       -10.3928        37.7267        37.5572        36.8903        47.5073       -7.29514       -10.3928       -2.34457
           1.44        5.29483        37.7267        37.5572        36.8903        47.5073       -7.29514       -10.3928        37.7267        37.5572        36.8903        47.5073       -7.29514       -10.3928       -2.34457
           1.45        5.29483        37.7267        37.5572        36.8903        47.5073       -7.29514       -10.3928        37.7267        37.5572        36.8903        47.5073       -7.29514       -10.3928       -2.34457
           1.46        5.29483        37.7267        37.5572        36.8903        47.5073       -7.29514       -10.3928        37.7267        37.5572        36.8903        47.5073       -7.29514       -10.3928       -2.34457
           1.47        5.29483        37.7267        37.5572        36.8903        47.5073       -7.29514       -10.3928        37.7267        37.5572        36.8903        47.5073       -7.29514       -10.3928       -2.34457
           1.48        5.29483        37.7267        37.5572        36.8903        47.5073       -7.29514       -10.3928        37.7267        37.5572        36.8903        47.5073       -7.29514       -10.3928       -2.34457
           1.49        5.29482        37.7267        37.5572        36.8903        47.5073       -7.29514       -10.3928        37.7267        37.5572        36.8903        47.5073       -7.29514       -10.3928       -2.34457
            1.5        5.29482        37.7267        37.5572        36.8903        47.5073       -7.29514       -10.3928        37.7267        37.5572        36.8903        47.5073       -7.29514       -10.3928       -2.34457
           1.51        5.29481        37.7267        37.5572        36.8903        47.5073       -7.29514       -10.3928        37.7267        37.5572        36.8903        47.5073       -7.29514       -10.3928       -2.34457
           1.52         5.2948        37.7267        37.5572        36.8903        47.5073       -7.29514       -10.3928        37.7267        37.5572        36.8903        47.5073       -7.29514       -10.3928       -2.34457
           1.53        5.29479        37.7267        37.5572        36.8903        47.5073       -7.29514       -10.3928        37.7267        37.5572        36.8903        47.5073       -7.29514       -10.3928       -2.34457
           1.54        5.29478        37.7266        37.5572        36.8903        47.5073       -7.29514       -10.3928        37.7266        37.5572        36.8903        47.5073       -7.29514       -10.3928       -2.34457
           1.55        5.29478        37.7266        37.5572        36.8903        47.5073       -7.29514       -10.3928        37.7266        37.5572        36.8903        47.5073       -7.29514       -10.3928       -2.34457
           1.56        5.29478        37.7266        37.5572        36.8903        47.5073       -7.29514       -10.3928        37.7266        37.5572        36.8903        47.5073       -7.29514       -10.3928       -2.34457
           1.57        5.29479        37.7266        37.5572        36.8903        47.5073       -7.29513       -10.3928        37.7266        37.5572        36.8903        47.5073       -7.29513       -10.3928       -2.34456
           1.58        5.29479        37.7266        37.5572        36.8903        47.5073       -7.29513       -10.3928        37.7266        37.5572        36.8903        47.5073       -7.29513       -10.3928       -2.34456
           1.59        5.29479        37.7266        37.5572        36.8903        47.5073       -7.29513       -10.3928        37.7266        37.5572        36.8903        47.5073       -7.29513       -10.3928       -2.34456
            1.6        5.29479        37.7266        37.5572        36.8903        47.5072       -7.29513       -10.3928        37.7266        37.5572        36.8903        47.5072       -7.29513       -10.3928       -2.34456
           1.61        5.29479        37.7266        37.5572        36.8903        47.5072       -7.29513       -10.3928        37.7266        37.5572        36.8903        47.5072       -7.29513       -10.3928       -2.34456
           1.62        5.29479        37.7266        37.5572        36.8903        47.5072       -7.29513       -10.3928        37.7266        37.5572        36.8903        47.5072       -7.29513       -10.3928       -2.34456
           1.63        5.29479        37.7266        37.5572        36.8903        47.5072       -7.29513       -10.3928        37.7266        37.5572        36.8903        47.5072       -7.29513       -10.3928       -2.34456
           1.64        5.29479        37.7266        37.5572        36.8903        47.5072       -7.29513       -10.3928        37.7266        37.5572        36.8903        47.5072       -7.29513       -10.3928       -2.34456
           1.65        5.29479        37.7266        37.5572        36.8903        47.5072       -7.29513       -10.3928        37.7266        37.5572        36.8903        47.5072       -7.29513       -10.3928       -2.34456
           1.66        5.29479        37.7266        37.5572        36.8903        47.5072       -7.29513       -10.3928        37.7266        37.5572        36.8903        47.5072       -7.29513       -10.3928       -2.34456
           1.67        5.29479        37.7266        37.5572        36.8903        47.5072       -7.29513       -10.3928        37.7266        37.5572        36.8903        47.5072       -7.29513       -10.3928       -2.34456
           1.68        5.29479        37.7266        37.5572        36.8903        47.5072       -7.29513       -10.3928        37.7266        37.5572        36.8903        47.5072       -7.29513       -10.3928       -2.34456
           1.69        5.29479        37.7266        37.5572        36.8903        47.5072       -7.29513       -10.3928        37.7266        37.5572        36.8903        47.5072       -7.29513       -10.3928       -2.34456
            1.7        5.29479        37.7266        37.5572        36.8903        47.5072       -7.29513       -10.3928        37.7266        37.5572        36.8903        47.5072       -7.29513       -10.3928       -2.34456
           1.71        5.29479        37.7266        37.5572        36.8903        47.5072       -7.29514       -10.3928        37.7266        37.5572        36.8903        47.5072       -7.29514       -10.3928       -2.34456
           1.72        5.29479        37.7266        37.5572        36.8903        47.5072       -7.29514       -10.3928        37.7266        37.5572        36.8903        47.5072       -7.29514       -10.3928       -2.34456
           1.73        5.29479        37.7266        37.5572        36.8903        47.5072       -7.29514       -10.3928        37.7266        37.5572        36.8903        47.5072       -7.29514       -10.3928       -2.34456
           1.74        5.29479        37.7266        37.5572        36.8903        47.5072       -7.29515       -10.3928        37.7266        37.5572        36.8903        47.5072       -7.29515       -10.3928       -2.34456
           1.75        5.29479        37.7266        37.5572        36.8903        47.5072       -7.29516       -10.3928        37.7266        37.5572        36.8903        47.5072       -7.29516       -10.3928       -2.34456
           1.76        5.29478        37.7266        37.5572        36.8903        47.5072       -7.29517       -10.3928        37.7266        37.5572        36.8903        47.5072       -7.29517       -10.3928       -2.34456
           1.77        5.29478        37.7266        37.5572        36.8903        47.5072       -7.29517       -10.3928        37.7266        37.5572        36.8903        47.5072       -7.29517       -10.3928       -2.34456
           1.78        5.29478        37.7266        37.5572        36.8903        47.5072       -7.29518       -10.3928        37.7266        37.5572        36.8903        47.5072       -7.29518       -10.3928       -2.34456
           1.79        5.29478        37.7266        37.5572        36.8903        47.5072       -7.29518       -10.3928        37.7266        37.5572        36.8903        47.5072       -7.29518       -10.3928       -2.34456
            1.8        5.29478        37.7266        37.5572        36.8903        47.5072       -7.29518       -10.3928        37.7266        37.5572        36.8903        47.5072       -7.29518       -10.3928       -2.34456
           1.81        5.29478        37.7266        37.5572        36.8903        47.5072       -7.29518       -10.3928        37.7266        37.5572        36.8903        47.5072       -7.29518       -10.3928       -2.34456
           1.82        5.29478        37.7266        37.5572        36.8903        47.5072       -7.29518       -10.3928        37.7266        37.5572        36.8903        47.5072       -7.29518       -10.3928       -2.34456
           1.83        5.29478        37.7266        37.5572        36.8903        47.5072       -7.29518       -10.3928        37.7266        37.5572        36.8903        47.5072       -7.29518       -10.3928       -2.34456
           1.84        5.29478        37.7266        37.5572        36.8903        47.5072       -7.29518       -10.3928        37.7266        37.5572        36.8903        47.5072       -7.29518       -10.3928       -2.34456
           1.85        5.29478        37.7266        37.5572        36.8903        47.5072       -7.29518       -10.3928        37.7266        37.5572        36.8903        47.5072       -7.29518       -10.3928       -2.34456
           1.86        5.29478        37.7266        37.5572        36.8903        47.5072       -7.29518       -10.3928        37.7266        37.5572        36.8903        47.5072       -7.29518       -10.3928       -2.34456
           1.87        5.29478        37.7266        37.5572        36.8903        47.5072       -7.29518       -10.3928        37.7266        37.5572        36.8903        47.5072       -7.29518       -10.3928       -2.34456
           1.88        5.29477        37.7266        37.5572        36.8903        47.5072       -7.29518       -10.3928        37.7266        37.5572        36.8903        47.5072       -7.29518       -10.3928       -2.34456
           1.89        5.29476        37.7266        37.5572        36.8903        47.5072       -7.29518       -10.3928        37.7266        37.5572        36.8903        47.5072       -7.29518       -10.3928       -2.34456
            1.9        5.29476        37.7266        37.5572        36.8903        47.5072       -7.29517       -10.3928        37.7266        37.5572        36.8903        47.5072       -7.29517       -10.3928       -2.34455
           1.91        5.29475        37.7266        37.5572        36.8903        47.5072       -7.29517       -10.3928        37.7266        37.5572        36.8903        47.5072       -7.29517       -10.3928       -2.34455
           1.92        5.29475        37.7266        37.5572        36.8903        47.5072       -7.29517       -10.3928        37.7266        37.5572        36.8903        47.5072       -7.29517       -10.3928       -2.34455
           1.93        5.29475        37.7266        37.5572        36.8903        47.5072       -7.29517       -10.3928        37.7266        37.5572        36.8903        47.5072       -7.29517       -10.3928       -2.34455
           1.94        5.29475        37.7266        37.5572        36.8903        47.5072       -7.29517       -10.3928        37.7266        37.5572        36.8903        47.5072       -7.29517       -10.3928       -2.34456
           1.95        5.29475        37.7266        37.5572        36.8903        47.5072       -7.29517       -10.3928        37.7266        37.5572        36.8903        47.5072       -7.29517       -10.3928       -2.34457
           1.96        5.29475        37.7266        37.5572        36.8903        47.5072       -7.29518       -10.3928        37.7266        37.5572        36.8903        47.5072       -7.29518       -10.3928       -2.34458
           1.97        5.29475        37.7266        37.5572        36.8903        47.5072       -7.29518       -10.3928        37.7266        37.5572        36.8903        47.5072       -7.29518       -10.3928       -2.34459
           1.98        5.29475        37.7266        37.5572        36.8903        47.5072       -7.29518       -10.3928        37.7266        37.5572        36.8903        47.5072       -7.29518       -10.3928        -2.3446
           1.99        5.29475        37.7266        37.5572        36.8903        47.5072       -7.29518       -10.3928        37.7266        37.5572        36.8903        47.5072       -7.29518       -10.3928        -2.3446
              2        5.29475        37.7266        37.5572        36.8903        47.5072       -7.29518       -10.3928        37.7266        37.5572        36.8903        47.5072       -7.29518       -10.3928       -2.34461
           2.01        5.29475        37.7266        37.5572        36.8903        47.5072       -7.29518       -10.3929        37.7266        37.5572        36.8903        47.5072       -7.29518       -10.3929       -2.34462
           2.02        5.29475        37.7266        37.5572        36.8903        47.5072       -7.29519       -10.3929        37.7266        37.5572        36.8903        47.5072       -7.29519       -10.3929       -2.34463
           2.03        5.29475        37.7266        37.5572        36.8903        47.5072        -7.2952       -10.3929        37.7266        37.5572        36.8903        47.5072        -7.2952       -10.3929       -2.34463
           2.04        5.29475        37.7266        37.5572        36.8903        47.5072        -7.2952       -10.3929        37.7266        37.5572        36.8903        47.5072        -7.2952       -10.3929       -2.34464
           2.05        5.29475        37.7266        37.5572        36.8903        47.5072       -7.29521       -10.3929        37.7266        37.5572        36.8903        47.5072       -7.29521       -10.3929       -2.34464
           2.06        5.29475        37.7266        37.5572        36.8903        47.5072       -7.29521       -10.3929        37.7266        37.5572        36.8903        47.5072       -7.29521       -10.3929       -2.34465
           2.07        5.29475        37.7266        37.5572        36.8903        47.5072       -7.29522       -10.3929        37.7266        37.5572        36.8903        47.5072       -7.29522       -10.3929       -2.34466
           2.08        5.29475        37.7266        37.5572        36.8903        47.5072       -7.29523       -10.3929        37.7266        37.5572        36.8903        47.5072       -7.29523       -10.3929       -2.34467
           2.09        5.29475        37.7266        37.5572        36.8903        47.5072       -7.29523       -10.3929        37.7266        37.5572        36.8903        47.5072       -7.29523       -10.3929       -2.34467
            2.1        5.29474        37.7266        37.5572        36.8903        47.5072       -7.29524       -10.3929        37.7266        37.5572        36.8903        47.5072       -7.29524       -10.3929       -2.34467
           2.11        5.29473        37.7266        37.5572        36.8902        47.5072       -7.29524       -10.3929        37.7266        37.5572        36.8902        47.5072       -7.29524       -10.3929       -2.34467
           2.12        5.29472        37.7266        37.5572        36.8902        47.5072       -7.29524       -10.3929        37.7266        37.5572        36.8902        47.5072       -7.29524       -10.3929       -2.34467
           2.13        5.29472        37.7266        37.5571        36.8902        47.5072       -7.29524       -10.3929        37.7266        37.5571        36.8902        47.5072       -7.29524       -10.3929       -2.34467
           2.14        5.29472        37.7266        37.5572        36.8902        47.5072       -7.29523       -10.3929        37.7266        37.5572        36.8902        47.5072       -7.29523       -10.3929       -2.34466
           2.15        5.29472        37.7266        37.5571        36.8902        47.5072       -7.29523       -10.3929        37.7266        37.5571        36.8902        47.5072       -7.29523       -10.3929       -2.34466
           2.16        5.29472        37.7266        37.5571        36.8902        47.5072       -7.29523       -10.3929        37.7266        37.5571        36.8902        47.5072       -7.29523       -10.3929       -2.34466
           2.17        5.29472        37.7266        37.5571        36.8902        47.5072       -7.29523       -10.3929        37.7266        37.5571        36.8902        47.5072       -7.29523       -10.3929       -2.34466
           2.18        5.29472        37.7266        37.5571        36.8902        47.5072       -7.29523       -10.3929        37.7266        37.5571        36.8902        47.5072       -7.29523       -10.3929       -2.34466
           2.19        5.29472        37.7266        37.5571        36.8902        47.5072       -7.29523       -10.3929        37.7266        37.5571        36.8902        47.5072       -7.29523       -10.3929       -2.34466
            2.2        5.29472        37.7266        37.5571        36.8902        47.5072       -7.29523       -10.3929        37.7266        37.5571        36.8902        47.5072       -7.29523       -10.3929       -2.34466
           2.21        5.29472        37.7266        37.5571        36.8902        47.5072       -7.29523       -10.3929        37.7266        37.5571        36.8902        47.5072       -7.29523       -10.3929       -2.34466
           2.22        5.29472        37.7266        37.5571        36.8902        47.5072       -7.29523       -10.3929        37.7266        37.5571        36.8902        47.5072       -7.29523       -10.3929       -2.34466
           2.23        5.29472        37.7266        37.5571        36.8902        47.5072       -7.29523       -10.3929        37.7266        37.5571        36.8902        47.5072       -7.29523       -10.3929       -2.34466
           2.24        5.29472        37.7266        37.5571        36.8902        47.5072       -7.29523       -10.3929        37.7266        37.5571        36.8902        47.5072       -7.29523       -10.3929       -2.34466
           2.25        5.29472        37.7266        37.5571        36.8902        47.5072       -7.29523       -10.3929        37.7266        37.5571        36.8902        47.5072       -7.29523       -10.3929       -2.34466
           2.26        5.29472        37.7265        37.5571        36.8902        47.5072       -7.29523       -10.3929        37.7265        37.5571        36.8902        47.5072       -7.29523       -10.3929       -2.34466
           2.27        5.29472        37.7265        37.5571        36.8902        47.5072       -7.29523       -10.3929        37.7265        37.5571        36.8902        47.5072       -7.29523       -10.3929       -2.34466
           2.28        5.29472        37.7265        37.5571        36.8902        47.5072       -7.29523       -10.3929        37.7265        37.5571        36.8902        47.5072       -7.29523       -10.3929       -2.34466
           2.29        5.29472        37.7265        37.5571        36.8902        47.5072       -7.29523       -10.3929        37.7265        37.5571        36.8902        47.5072       -7.29523       -10.3929       -2.34466
            2.3        5.29472        37.7265        37.5571        36.8902        47.5072       -7.29523       -10.3929        37.7265        37.5571        36.8902        47.5072       -7.29523       -10.3929       -2.34466
           2.31        5.29472        37.7265        37.5571        36.8902        47.5072       -7.29523       -10.3929        37.7265        37.5571        36.8902        47.5072       -7.29523       -10.3929       -2.34466
           2.32        5.29472        37.7265        37.5571        36.8902        47.5072       -7.29523       -10.3929        37.7265        37.5571        36.8902        47.5072       -7.29523       -10.3929       -2.34466
           2.33        5.29472        37.7265        37.5571        36.8902        47.5072       -7.29523       -10.3929        37.7265        37.5571        36.8902        47.5072       -7.29523       -10.3929       -2.34466
           2.34        5.29472        37.7265        37.5571        36.8902        47.5072       -7.29523       -10.3929        37.7265        37.5571        36.8902        47.5072       -7.29523       -10.3929       -2.34466
           2.35        5.29472        37.7266        37.5571        36.8902        47.5072       -7.29523       -10.3929        37.7266        37.5571        36.8902        47.5072       -7.29523       -10.3929       -2.34465
           2.36        5.29471        37.7266        37.5571        36.8902        47.5072       -7.29523       -10.3929        37.7266        37.5571        36.8902        47.5072       -7.29523       -10.3929       -2.34465
           2.37        5.29472        37.7266        37.5571        36.8902        47.5072       -7.29521       -10.3929        37.7266        37.5571        36.8902        47.5072       -7.29521       -10.3929       -2.34464
           2.38        5.29472        37.7266        37.5571        36.8902        47.5072       -7.29521       -10.3929        37.7266        37.5571        36.8902        47.5072       -7.29521       -10.3929       -2.34464
           2.39        5.29472        37.7266        37.5571        36.8902        47.5072       -7.29521       -10.3929        37.7266        37.5571        36.8902        47.5072       -7.29521       -10.3929       -2.34464
            2.4        5.29472        37.7266        37.5571        36.8902        47.5072       -7.29521       -10.3929        37.7266        37.5571        36.8902        47.5072       -7.29521       -10.3929       -2.34464
           2.41        5.29472        37.7266        37.5571        36.8902        47.5072       -7.29521       -10.3929        37.7266        37.5571        36.8902        47.5072       -7.29521       -10.3929       -2.34464
           2.42        5.29472        37.7266        37.5571        36.8902        47.5072       -7.29521       -10.3929        37.7266        37.5571        36.8902        47.5072       -7.29521       -10.3929       -2.34464
           2.43        5.29472        37.7266        37.5571        36.8902        47.5072       -7.29521       -10.3929        37.7266        37.5571        36.8902        47.5072       -7.29521       -10.3929       -2.34464
           2.44        5.29472        37.7266        37.5571        36.8902        47.5072       -7.29521       -10.3929        37.7266        37.5571        36.8902        47.5072       -7.29521       -10.3929       -2.34464
           2.45        5.29472        37.7266        37.5571        36.8902        47.5072       -7.29521       -10.3929        37.7266        37.5571        36.8902        47.5072       -7.29521       -10.3929       -2.34464
           2.46        5.29472        37.7266        37.5571        36.8902        47.5072       -7.29521       -10.3929        37.7266        37.5571        36.8902        47.5072       -7.29521       -10.3929       -2.34464
           2.47        5.29472        37.7266        37.5571        36.8902        47.5072       -7.29522       -10.3929        37.7266        37.5571        36.8902        47.5072       -7.29522       -10.3929       -2.34464
           2.48        5.29472        37.7266        37.5571        36.8902        47.5072       -7.29523       -10.3929        37.7266        37.5571        36.8902        47.5072       -7.29523       -10.3929       -2.34464
           2.49        5.29472        37.7265        37.5571        36.8902        47.5072       -7.29523       -10.3929        37.7265        37.5571        36.8902        47.5072       -7.29523       -10.3929       -2.34464
            2.5        5.29472        37.7265        37.5571        36.8902        47.5072       -7.29524       -10.3929        37.7265        37.5571        36.8902        47.5072       -7.29524       -10.3929       -2.34464
           2.51        5.29472        37.7265        37.5571        36.8902        47.5072       -7.29524       -10.3929        37.7265        37.5571        36.8902        47.5072       -7.29524       -10.3929       -2.34464
           2.52        5.29472        37.7265        37.5571        36.8902        47.5072       -7.29525       -10.3929        37.7265        37.5571        36.8902        47.5072       -7.29525       -10.3929       -2.34464
           2.53        5.29472        37.7265        37.5571        36.8902        47.5072       -7.29525       -10.3929        37.7265        37.5571        36.8902        47.5072       -7.29525       -10.3929       -2.34464
           2.54        5.29472        37.7265        37.5571        36.8902        47.5072       -7.29525       -10.3929        37.7265        37.5571        36.8902        47.5072       -7.29525       -10.3929       -2.34465
           2.55        5.29472        37.7265        37.5571        36.8902        47.5071       -7.29525       -10.3929        37.7265        37.5571        36.8902        47.5071       -7.29525       -10.3929       -2.34466
           2.56        5.29472        37.7265        37.5571        36.8902        47.5071       -7.29525       -10.3929        37.7265        37.5571        36.8902        47.5071       -7.29525       -10.3929       -2.34466
           2.57        5.29472        37.7265        37.5571        36.8902        47.5071       -7.29525       -10.3929        37.7265        37.5571        36.8902        47.5071       -7.29525       -10.3929       -2.34467
           2.58        5.29471        37.7265        37.5571        36.8902        47.5071       -7.29525       -10.3929        37.7265        37.5571        36.8902        47.5071       -7.29525       -10.3929       -2.34467
           2.59         5.2947        37.7265        37.5571        36.8902        47.5071       -7.29525       -10.3929        37.7265        37.5571        36.8902        47.5071       -7.29525       -10.3929       -2.34468
            2.6        5.29469        37.7265        37.5571        36.8902        47.5071       -7.29525       -10.3929        37.7265        37.5571        36.8902        47.5071       -7.29525       -10.3929       -2.34469
           2.61        5.29469        37.7265        37.5571        36.8902        47.5071       -7.29525       -10.3929        37.7265        37.5571        36.8902        47.5071       -7.29525       -10.3929       -2.34469
           2.62        5.29469        37.7265        37.5571        36.8902        47.5071       -7.29525       -10.3929        37.7265        37.5571        36.8902        47.5071       -7.29525       -10.3929       -2.34469
           2.63        5.29469        37.7265        37.5571        36.8902        47.5071       -7.29525       -10.3929        37.7265        37.5571        36.8902        47.5071       -7.29525       -10.3929       -2.34469
           2.64        5.29469        37.7265        37.5571        36.8902        47.5071       -7.29525       -10.3929        37.7265        37.5571        36.8902        47.5071       -7.29525       -10.3929       -2.34469
           2.65        5.29469        37.7265        37.5571        36.8902        47.5071       -7.29525       -10.3929        37.7265        37.5571        36.8902        47.5071       -7.29525       -10.3929       -2.34469
           2.66        5.29469        37.7265        37.5571        36.8902        47.5071       -7.29525       -10.3929        37.7265        37.5571        36.8902        47.5071       -7.29525       -10.3929       -2.34469
           2.67        5.29469        37.7265        37.5571        36.8902        47.5071       -7.29525       -10.3929        37.7265        37.5571        36.8902        47.5071       -7.29525       -10.3929       -2.34469
           2.68        5.29469        37.7265        37.5571        36.8902        47.5071       -7.29525       -10.3929        37.7265        37.5571        36.8902        47.5071       -7.29525       -10.3929       -2.34469
           2.69        5.29469        37.7265        37.5571        36.8902        47.5071       -7.29525       -10.3929        37.7265        37.5571        36.8902        47.5071       -7.29525       -10.3929       -2.34469
            2.7        5.29469        37.7265        37.5571        36.8902        47.5071       -7.29525       -10.3929        37.7265        37.5571        36.8902        47.5071       -7.29525       -10.3929       -2.34469
           2.71        5.29469        37.7265        37.5571        36.8902        47.5071       -7.29525       -10.3929        37.7265        37.5571        36.8902        47.5071       -7.29525       -10.3929       -2.34469
           2.72        5.29469        37.7265        37.5571        36.8902        47.5071       -7.29525       -10.3929        37.7265        37.5571        36.8902        47.5071       -7.29525       -10.3929       -2.34469
           2.73        5.29469        37.7265        37.5571        36.8902        47.5071       -7.29525       -10.3929        37.7265        37.5571        36.8902        47.5071       -7.29525       -10.3929       -2.34469
           2.74        5.29469        37.7265        37.5571        36.8902        47.5071       -7.29525       -10.3929        37.7265        37.5571        36.8902        47.5071       -7.29525       -10.3929       -2.34469
           2.75        5.29469        37.7265        37.5571        36.8902        47.5071       -7.29525       -10.3929        37.7265        37.5571        36.8902        47.5071       -7.29525       -10.3929       -2.34469
           2.76        5.29469        37.7265        37.5571        36.8902        47.5071       -7.29525       -10.3929        37.7265        37.5571        36.8902        47.5071       -7.29525       -10.3929       -2.34469
           2.77        5.29469        37.7265        37.5571        36.8902        47.5071       -7.29525       -10.3929        37.7265        37.5571        36.8902        47.5071       -7.29525       -10.3929       -2.34469
           2.78        5.29469        37.7265        37.5571        36.8902        47.5071       -7.29525       -10.3929        37.7265        37.5571        36.8902        47.5071       -7.29525       -10.3929       -2.34469
           2.79        5.29469        37.7265        37.5571        36.8902        47.5071       -7.29525       -10.3929        37.7265        37.5571        36.8902        47.5071       -7.29525       -10.3929       -2.34469
            2.8        5.29469        37.7265        37.5571        36.8902        47.5071       -7.29525       -10.3929        37.7265        37.5571        36.8902        47.5071       -7.29525       -10.3929       -2.34469
           2.81        5.29469        37.7265        37.5571        36.8902        47.5071       -7.29525       -10.3929        37.7265        37.5571        36.8902        47.5071       -7.29525       -10.3929       -2.34469
           2.82        5.29469        37.7265        37.5571        36.8902        47.5071       -7.29525       -10.3929        37.7265        37.5571        36.8902        47.5071       -7.29525       -10.3929       -2.34469
           2.83        5.29468        37.7265        37.5571        36.8902        47.5071       -7.29525       -10.3929        37.7265        37.5571        36.8902        47.5071       -7.29525       -10.3929       -2.34469
           2.84        5.29468        37.7265        37.5571        36.8902        47.5071       -7.29525       -10.3929        37.7265        37.5571        36.8902        47.5071       -7.29525       -10.3929       -2.34469
           2.85        5.29468        37.7265        37.5571        36.8902        47.5071       -7.29525       -10.3929        37.7265        37.5571        36.8902        47.5071       -7.29525       -10.3929       -2.34469
           2.86        5.29468        37.7265        37.5571        36.8902        47.5071       -7.29525       -10.3929        37.7265        37.5571        36.8902        47.5071       -7.29525       -10.3929       -2.34469
           2.87        5.29468        37.7265        37.5571        36.8902        47.5071       -7.29525       -10.3929        37.7265        37.5571        36.8902        47.5071       -7.29525       -10.3929       -2.34469
           2.88        5.29468        37.7265        37.5571        36.8902        47.5071       -7.29525       -10.3929        37.7265        37.5571        36.8902        47.5071       -7.29525       -10.3929       -2.34469
           2.89        5.29468        37.7265        37.5571        36.8902        47.5071       -7.29525       -10.3929        37.7265        37.5571        36.8902        47.5071       -7.29525       -10.3929       -2.34469
            2.9        5.29469        37.7265        37.5571        36.8902        47.5071       -7.29524       -10.3929        37.7265        37.5571        36.8902        47.5071       -7.29524       -10.3929       -2.34468
           2.91        5.29469        37.7265        37.5571        36.8902        47.5071       -7.29524       -10.3929        37.7265        37.5571        36.8902        47.5071       -7.29524       -10.3929       -2.34468
           2.92        5.29469        37.7265        37.5571        36.8902        47.5071       -7.29524       -10.3929        37.7265        37.5571        36.8902        47.5071       -7.29524       -10.3929       -2.34468
           2.93        5.29469        37.7265        37.5571        36.8902        47.5071       -7.29524       -10.3929        37.7265        37.5571        36.8902        47.5071       -7.29524       -10.3929       -2.34468
           2.94        5.29469        37.7265        37.5571        36.8902        47.5071       -7.29524       -10.3929        37.7265        37.5571        36.8902        47.5071       -7.29524       -10.3929       -2.34468
           2.95        5.29469        37.7265        37.5571        36.8902        47.5071       -7.29524       -10.3929        37.7265        37.5571        36.8902        47.5071       -7.29524       -10.3929       -2.34468
           2.96        5.29469        37.7265        37.5571        36.8902        47.5071       -7.29524       -10.3929        37.7265        37.5571        36.8902        47.5071       -7.29524       -10.3929       -2.34468
           2.97        5.29469        37.7265        37.5571        36.8902        47.5071       -7.29524       -10.3929        37.7265        37.5571        36.8902        47.5071       -7.29524       -10.3929       -2.34468
           2.98        5.29469        37.7265        37.5571        36.8902        47.5071       -7.29524       -10.3929        37.7265        37.5571        36.8902        47.5071       -7.29524       -10.3929       -2.34468
           2.99        5.29469        37.7265        37.5571        36.8902        47.5071       -7.29524       -10.3929        37.7265        37.5571        36.8902        47.5071       -7.29524       -10.3929       -2.34468
              3        5.29469        37.7265        37.5571        36.8902        47.5071       -7.29524       -10.3929        37.7265        37.5571        36.8902        47.5071       -7.29524       -10.3929       -2.34468
           3.01        5.29469        37.7265        37.5571        36.8902        47.5071       -7.29524       -10.3929        37.7265        37.5571        36.8902        47.5071       -7.29524       -10.3929       -2.34468
           3.02        5.29469        37.7265        37.5571        36.8902        47.5071       -7.29524       -10.3929        37.7265        37.5571        36.8902        47.5071       -7.29524       -10.3929       -2.34468
           3.03        5.29469        37.7265        37.5571        36.8902        47.5071       -7.29524       -10.3929        37.7265        37.5571        36.8902        47.5071       -7.29524       -10.3929       -2.34468
           3.04        5.29469        37.7265        37.5571        36.8902        47.5071       -7.29524       -10.3929        37.7265        37.5571        36.8902        47.5071       -7.29524       -10.3929       -2.34468
           3.05        5.29469        37.7265        37.5571        36.8902        47.5071       -7.29524       -10.3929        37.7265        37.5571        36.8902        47.5071       -7.29524       -10.3929       -2.34468
           3.06        5.29469        37.7265        37.5571        36.8902        47.5071       -7.29524       -10.3929        37.7265        37.5571        36.8902        47.5071       -7.29524       -10.3929       -2.34468
           3.07        5.29469        37.7265        37.5571        36.8902        47.5071       -7.29524       -10.3929        37.7265        37.5571        36.8902        47.5071       -7.29524       -10.3929       -2.34468
           3.08        5.29469        37.7265        37.5571        36.8902        47.5071       -7.29524       -10.3929        37.7265        37.5571        36.8902        47.5071       -7.29524       -10.3929       -2.34468
           3.09        5.29469        37.7265        37.5571        36.8902        47.5071       -7.29524       -10.3929        37.7265        37.5571        36.8902        47.5071       -7.29524       -10.3929       -2.34468
            3.1        5.29469        37.7265        37.5571        36.8902        47.5071       -7.29524       -10.3929        37.7265        37.5571        36.8902        47.5071       -7.29524       -10.3929       -2.34468
           3.11        5.29469        37.7265        37.5571        36.8902        47.5071       -7.29524       -10.3929        37.7265        37.5571        36.8902        47.5071       -7.29524       -10.3929       -2.34468
           3.12        5.29469        37.7265        37.5571        36.8902        47.5071       -7.29524       -10.3929        37.7265        37.5571        36.8902        47.5071       -7.29524       -10.3929       -2.34468
           3.13        5.29469        37.7265        37.5571        36.8902        47.5071       -7.29524       -10.3929        37.7265        37.5571        36.8902        47.5071       -7.29524       -10.3929       -2.34468
           3.14        5.29469        37.7265        37.5571        36.8902        47.5071       -7.29524       -10.3929        37.7265        37.5571        36.8902        47.5071       -7.29524       -10.3929       -2.34468
           3.15        5.29469        37.7265        37.5571        36.8902        47.5071       -7.29524       -10.3929        37.7265        37.5571        36.8902        47.5071       -7.29524       -10.3929       -2.34468
           3.16        5.29469        37.7265        37.5571        36.8902        47.5071       -7.29524       -10.3929        37.7265        37.5571        36.8902        47.5071       -7.29524       -10.3929       -2.34468
           3.17        5.29469        37.7265        37.5571        36.8902        47.5071       -7.29524       -10.3929        37.7265        37.5571        36.8902        47.5071       -7.29524       -10.3929       -2.34468
           3.18        5.29469        37.7265        37.5571        36.8902        47.5071       -7.29524       -10.3929        37.7265        37.5571        36.8902        47.5071       -7.29524       -10.3929       -2.34468
           3.19        5.29469        37.7265        37.5571        36.8902        47.5071       -7.29525       -10.3929        37.7265        37.5571        36.8902        47.5071       -7.29525       -10.3929       -2.34468
            3.2        5.29469        37.7265        37.5571        36.8902        47.5071       -7.29526       -10.3929        37.7265        37.5571        36.8902        47.5071       -7.29526       -10.3929       -2.34468
           3.21        5.29469        37.7265        37.5571        36.8902        47.5071       -7.29527       -10.3929        37.7265        37.5571        36.8902        47.5071       -7.29527       -10.3929       -2.34468
           3.22        5.29469        37.7265        37.5571        36.8902        47.5071       -7.29527       -10.3929        37.7265        37.5571        36.8902        47.5071       -7.29527       -10.3929       -2.34468
           3.23        5.29469        37.7265        37.5571        36.8902        47.5071       -7.29527       -10.3929        37.7265        37.5571        36.8902        47.5071       -7.29527       -10.3929       -2.34468
           3.24        5.29469        37.7265        37.5571        36.8902        47.5071       -7.29527       -10.3929        37.7265        37.5571        36.8902        47.5071       -7.29527       -10.3929       -2.34468
           3.25        5.29469        37.7265        37.5571        36.8902        47.5071       -7.29527       -10.3929        37.7265        37.5571        36.8902        47.5071       -7.29527       -10.3929       -2.34468
           3.26        5.29469        37.7265        37.5571        36.8902        47.5071       -7.29527       -10.3929        37.7265        37.5571        36.8902        47.5071       -7.29527       -10.3929       -2.34468
           3.27        5.29469        37.7265        37.5571        36.8902        47.5071       -7.29527       -10.3929        37.7265        37.5571        36.8902        47.5071       -7.29527       -10.3929       -2.34468
           3.28        5.29469        37.7265        37.5571        36.8902        47.5071       -7.29527       -10.3929        37.7265        37.5571        36.8902        47.5071       -7.29527       -10.3929       -2.34468
           3.29        5.29469        37.7265        37.5571        36.8902        47.5071       -7.29527       -10.3929        37.7265        37.5571        36.8902        47.5071       -7.29527       -10.3929       -2.34468
            3.3        5.29469        37.7265        37.5571        36.8902        47.5071       -7.29527       -10.3929        37.7265        37.5571        36.8902        47.5071       -7.29527       -10.3929       -2.34468
           3.31        5.29469        37.7265        37.5571        36.8902        47.5071       -7.29527       -10.3929        37.7265        37.5571        36.8902        47.5071       -7.29527       -10.3929       -2.34468
           3.32        5.29469        37.7265        37.5571        36.8902        47.5071       -7.29527       -10.3929        37.7265        37.5571        36.8902        47.5071       -7.29527       -10.3929       -2.34468
           3.33        5.29469        37.7265        37.5571        36.8902        47.5071       -7.29527       -10.3929        37.7265        37.5571        36.8902        47.5071       -7.29527       -10.3929       -2.34468
           3.34        5.29469        37.7265        37.5571        36.8902        47.5071       -7.29527       -10.3929        37.7265        37.5571        36.8902        47.5071       -7.29527       -10.3929       -2.34468
           3.35        5.29469        37.7265        37.5571        36.8902        47.5071       -7.29527       -10.3929        37.7265        37.5571        36.8902        47.5071       -7.29527       -10.3929       -2.34468
           3.36        5.29469        37.7265        37.5571        36.8902        47.5071       -7.29527       -10.3929        37.7265        37.5571        36.8902        47.5071       -7.29527       -10.3929       -2.34468
           3.37         5.2947        37.7265        37.5571        36.8902        47.5071       -7.29527       -10.3929        37.7265        37.5571        36.8902        47.5071       -7.29527       -10.3929       -2.34468
           3.38         5.2947        37.7265        37.5571        36.8902        47.5071       -7.29527       -10.3929        37.7265        37.5571        36.8902        47.5071       -7.29527       -10.3929       -2.34468
           3.39         5.2947        37.7265        37.5571        36.8902        47.5071       -7.29527       -10.3929        37.7265        37.5571        36.8902        47.5071       -7.29527       -10.3929       -2.34468
            3.4         5.2947        37.7265        37.5571        36.8902        47.5071       -7.29527       -10.3929        37.7265        37.5571        36.8902        47.5071       -7.29527       -10.3929       -2.34468
           3.41         5.2947        37.7265        37.5571        36.8902        47.5071       -7.29527       -10.3929        37.7265        37.5571        36.8902        47.5071       -7.29527       -10.3929       -2.34468
           3.42         5.2947        37.7265        37.5571        36.8902        47.5071       -7.29527       -10.3929        37.7265        37.5571        36.8902        47.5071       -7.29527       -10.3929       -2.34468
           3.43         5.2947        37.7265        37.5571        36.8902        47.5071       -7.29527       -10.3929        37.7265        37.5571        36.8902        47.5071       -7.29527       -10.3929       -2.34468
           3.44         5.2947        37.7265        37.5571        36.8902        47.5071       -7.29527       -10.3929        37.7265        37.5571        36.8902        47.5071       -7.29527       -10.3929       -2.34468
           3.45         5.2947        37.7265        37.5571        36.8902        47.5071       -7.29527       -10.3929        37.7265        37.5571        36.8902        47.5071       -7.29527       -10.3929       -2.34468
           3.46         5.2947        37.7265        37.5571        36.8902        47.5071       -7.29527       -10.3929        37.7265        37.5571        36.8902        47.5071       -7.29527       -10.3929       -2.34468
           3.47         5.2947        37.7265        37.5571        36.8902        47.5071       -7.29527       -10.3929        37.7265        37.5571        36.8902        47.5071       -7.29527       -10.3929       -2.34468
           3.48         5.2947        37.7265        37.5571        36.8902        47.5071       -7.29527       -10.3929        37.7265        37.5571        36.8902        47.5071       -7.29527       -10.3929       -2.34468
           3.49         5.2947        37.7265        37.5571        36.8902        47.5071       -7.29527       -10.3929        37.7265        37.5571        36.8902        47.5071       -7.29527       -10.3929       -2.34468
            3.5         5.2947        37.7265        37.5571        36.8902        47.5071       -7.29527       -10.3929        37.7265        37.5571        36.8902        47.5071       -7.29527       -10.3929       -2.34468
           3.51         5.2947        37.7265        37.5571        36.8902        47.5071       -7.29527       -10.3929        37.7265        37.5571        36.8902        47.5071       -7.29527       -10.3929       -2.34468
           3.52         5.2947        37.7265        37.5571        36.8902        47.5071       -7.29527       -10.3929        37.7265        37.5571        36.8902        47.5071       -7.29527       -10.3929       -2.34468
           3.53         5.2947        37.7265        37.5571        36.8902        47.5071       -7.29527       -10.3929        37.7265        37.5571        36.8902        47.5071       -7.29527       -10.3929       -2.34468
           3.54        5.29471        37.7265        37.5571        36.8902        47.5072       -7.29526       -10.3929        37.7265        37.5571        36.8902        47.5072       -7.29526       -10.3929       -2.34467
           3.55        5.29471        37.7265        37.5571        36.8902        47.5072       -7.29526       -10.3929        37.7265        37.5571        36.8902        47.5072       -7.29526       -10.3929       -2.34467
           3.56        5.29471        37.7265        37.5571        36.8902        47.5072       -7.29526       -10.3929        37.7265        37.5571        36.8902        47.5072       -7.29526       -10.3929       -2.34467
           3.57        5.29471        37.7265        37.5571        36.8902        47.5072       -7.29526       -10.3929        37.7265        37.5571        36.8902        47.5072       -7.29526       -10.3929       -2.34467
           3.58        5.29471        37.7265        37.5571        36.8902        47.5072       -7.29526       -10.3929        37.7265        37.5571        36.8902        47.5072       -7.29526       -10.3929       -2.34467
           3.59        5.29471        37.7265        37.5571        36.8902        47.5072       -7.29526       -10.3929        37.7265        37.5571        36.8902        47.5072       -7.29526       -10.3929       -2.34467
            3.6        5.29471        37.7265        37.5571        36.8902        47.5072       -7.29526       -10.3929        37.7265        37.5571        36.8902        47.5072       -7.29526       -10.3929       -2.34467
           3.61        5.29471        37.7265        37.5571        36.8902        47.5072       -7.29526       -10.3929        37.7265        37.5571        36.8902        47.5072       -7.29526       -10.3929       -2.34467
           3.62        5.29471        37.7265        37.5571        36.8902        47.5072       -7.29526       -10.3929        37.7265        37.5571        36.8902        47.5072       -7.29526       -10.3929       -2.34467
           3.63        5.29471        37.7265        37.5571        36.8902        47.5072       -7.29526       -10.3929        37.7265        37.5571        36.8902        47.5072       -7.29526       -10.3929       -2.34467
           3.64        5.29471        37.7265        37.5571        36.8902        47.5072       -7.29526       -10.3929        37.7265        37.5571        36.8902        47.5072       -7.29526       -10.3929       -2.34467
           3.65        5.29471        37.7265        37.5571        36.8902        47.5072       -7.29526       -10.3929        37.7265        37.5571        36.8902        47.5072       -7.29526       -10.3929       -2.34467
           3.66        5.29471        37.7265        37.5571        36.8902        47.5072       -7.29526       -10.3929        37.7265        37.5571        36.8902        47.5072       -7.29526       -10.3929       -2.34467
           3.67        5.29471        37.7265        37.5571        36.8902        47.5072       -7.29526       -10.3929        37.7265        37.5571        36.8902        47.5072       -7.29526       -10.3929       -2.34467
           3.68        5.29471        37.7265        37.5571        36.8902        47.5072       -7.29526       -10.3929        37.7265        37.5571        36.8902        47.5072       -7.29526       -10.3929       -2.34467
           3.69        5.29471        37.7265        37.5571        36.8902        47.5072       -7.29526       -10.3929        37.7265        37.5571        36.8902        47.5072       -7.29526       -10.3929       -2.34467
            3.7        5.29471        37.7266        37.5571        36.8902        47.5072       -7.29526       -10.3929        37.7266        37.5571        36.8902        47.5072       -7.29526       -10.3929       -2.34467
           3.71        5.29471        37.7266        37.5571        36.8902        47.5072       -7.29526       -10.3929        37.7266        37.5571        36.8902        47.5072       -7.29526       -10.3929       -2.34467
           3.72        5.29471        37.7266        37.5571        36.8902        47.5072       -7.29526       -10.3929        37.7266        37.5571        36.8902        47.5072       -7.29526       -10.3929       -2.34467
           3.73        5.29471        37.7266        37.5571        36.8902        47.5072       -7.29526       -10.3929        37.7266        37.5571        36.8902        47.5072       -7.29526       -10.3929       -2.34467
           3.74        5.29471        37.7266        37.5571        36.8902        47.5072       -7.29526       -10.3929        37.7266        37.5571        36.8902        47.5072       -7.29526       -10.3929       -2.34467
           3.75        5.29471        37.7266        37.5571        36.8902        47.5072       -7.29526       -10.3929        37.7266        37.5571        36.8902        47.5072       -7.29526       -10.3929       -2.34466
           3.76        5.29471        37.7266        37.5571        36.8902        47.5072       -7.29526       -10.3929        37.7266        37.5571        36.8902        47.5072       -7.29526       -10.3929       -2.34466
           3.77         5.2947        37.7266        37.5571        36.8902        47.5072       -7.29526       -10.3929        37.7266        37.5571        36.8902        47.5072       -7.29526       -10.3929       -2.34466
           3.78         5.2947        37.7266        37.5571        36.8902        47.5072       -7.29526       -10.3929        37.7266        37.5571        36.8902        47.5072       -7.29526       -10.3929       -2.34466
           3.79         5.2947        37.7266        37.5571        36.8902        47.5072       -7.29526       -10.3929        37.7266        37.5571        36.8902        47.5072       -7.29526       -10.3929       -2.34466
            3.8         5.2947        37.7266        37.5571        36.8902        47.5071       -7.29526       -10.3929        37.7266        37.5571        36.8902        47.5071       -7.29526       -10.3929       -2.34466
           3.81         5.2947        37.7266        37.5571        36.8902        47.5071       -7.29526       -10.3929        37.7266        37.5571        36.8902        47.5071       -7.29526       -10.3929       -2.34466
           3.82         5.2947        37.7266        37.5571        36.8902        47.5071       -7.29526       -10.3929        37.7266        37.5571        36.8902        47.5071       -7.29526       -10.3929       -2.34466
           3.83         5.2947        37.7266        37.5571        36.8902        47.5071       -7.29526       -10.3929        37.7266        37.5571        36.8902        47.5071       -7.29526       -10.3929       -2.34466
           3.84         5.2947        37.7266        37.5571        36.8902        47.5071       -7.29526       -10.3929        37.7266        37.5571        36.8902        47.5071       -7.29526       -10.3929       -2.34466
           3.85         5.2947        37.7266        37.5571        36.8902        47.5071       -7.29526       -10.3929        37.7266        37.5571        36.8902        47.5071       -7.29526       -10.3929       -2.34466
           3.86         5.2947        37.7266        37.5571        36.8902        47.5071       -7.29526       -10.3929        37.7266        37.5571        36.8902        47.5071       -7.29526       -10.3929       -2.34466
           3.87         5.2947        37.7266        37.5571        36.8902        47.5071       -7.29526       -10.3929        37.7266        37.5571        36.8902        47.5071       -7.29526       -10.3929       -2.34466
           3.88         5.2947        37.7266        37.5571        36.8902        47.5071       -7.29526       -10.3929        37.7266        37.5571        36.8902        47.5071       -7.29526       -10.3929       -2.34466
           3.89         5.2947        37.7266        37.5571        36.8902        47.5071       -7.29526       -10.3929        37.7266        37.5571        36.8902        47.5071       -7.29526       -10.3929       -2.34466
            3.9         5.2947        37.7266        37.5571        36.8902        47.5071       -7.29526       -10.3929        37.7266        37.5571        36.8902        47.5071       -7.29526       -10.3929       -2.34466
           3.91         5.2947        37.7266        37.5571        36.8902        47.5071       -7.29526       -10.3929        37.7266        37.5571        36.8902        47.5071       -7.29526       -10.3929       -2.34466
           3.92        5.29472        37.7266        37.5571        36.8902        47.5071       -7.29524       -10.3929        37.7266        37.5571        36.8902        47.5071       -7.29524       -10.3929       -2.34464
           3.93        5.29472        37.7266        37.5571        36.8902        47.5071       -7.29524       -10.3929        37.7266        37.5571        36.8902        47.5071       -7.29524       -10.3929       -2.34464
           3.94         5.2947        37.7266        37.5571        36.8902        47.5071       -7.29526       -10.3929        37.7266        37.5571        36.8902        47.5071       -7.29526       -10.3929       -2.34466
           3.95         5.2947        37.7265        37.5571        36.8902        47.5071       -7.29526       -10.3929        37.7265        37.5571        36.8902        47.5071       -7.29526       -10.3929       -2.34466
           3.96         5.2947        37.7265        37.5571        36.8902        47.5071       -7.29526       -10.3929        37.7265        37.5571        36.8902        47.5071       -7.29526       -10.3929       -2.34466
           3.97         5.2947        37.7265        37.5571        36.8902        47.5071       -7.29526       -10.3929        37.7265        37.5571        36.8902        47.5071       -7.29526       -10.3929       -2.34466
           3.98         5.2947        37.7265        37.5571        36.8902        47.5071       -7.29526       -10.3929        37.7265        37.5571        36.8902        47.5071       -7.29526       -10.3929       -2.34466
           3.99         5.2947        37.7265        37.5571        36.8902        47.5071       -7.29526       -10.3929        37.7265        37.5571        36.8902        47.5071       -7.29526       -10.3929       -2.34466
              4        5.29472        37.7265        37.5571        36.8902        47.5071       -7.29524       -10.3929        37.7265        37.5571        36.8902        47.5071       -7.29524       -10.3929       -2.34464
           4.01         5.2947        37.7265        37.5571        36.8902        47.5071       -7.29526       -10.3929        37.7265        37.5571        36.8902        47.5071       -7.29526       -10.3929       -2.34466
           4.02         5.2947        37.7265        37.5571        36.8902        47.5071       -7.29526       -10.3929        37.7265        37.5571        36.8902        47.5071       -7.29526       -10.3929       -2.34466
           4.03         5.2947        37.7265        37.5571        36.8902        47.5071       -7.29526       -10.3929        37.7265        37.5571        36.8902        47.5071       -7.29526       -10.3929       -2.34466
           4.04         5.2947        37.7265        37.5571        36.8902        47.5071       -7.29526       -10.3929        37.7265        37.5571        36.8902        47.5071       -7.29526       -10.3929       -2.34466
           4.05         5.2947        37.7265        37.5571        36.8902        47.5071       -7.29526       -10.3929        37.7265        37.5571        36.8902        47.5071       -7.29526       -10.3929       -2.34466
           4.06         5.2947        37.7265        37.5571        36.8902        47.5071       -7.29526       -10.3929        37.7265        37.5571        36.8902        47.5071       -7.29526       -10.3929       -2.34466
           4.07         5.2947        37.7265        37.5571        36.8902        47.5071       -7.29525       -10.3929        37.7265        37.5571        36.8902        47.5071       -7.29525       -10.3929       -2.34466
           4.08         5.2947        37.7265        37.5571        36.8902        47.5071       -7.29524       -10.3929        37.7265        37.5571        36.8902        47.5071       -7.29524       -10.3929       -2.34466
           4.09         5.2947        37.7265        37.5571        36.8902        47.5071       -7.29524       -10.3929        37.7265        37.5571        36.8902        47.5071       -7.29524       -10.3929       -2.34466
            4.1         5.2947        37.7265        37.5571        36.8902        47.5071       -7.29524       -10.3929        37.7265        37.5571        36.8902        47.5071       -7.29524       -10.3929       -2.34466
           4.11        5.29469        37.7265        37.5571        36.8902        47.5071       -7.29524       -10.3929        37.7265        37.5571        36.8902        47.5071       -7.29524       -10.3929       -2.34466
           4.12        5.29469        37.7265        37.5571        36.8902        47.5071       -7.29524       -10.3929        37.7265        37.5571        36.8902        47.5071       -7.29524       -10.3929       -2.34466
           4.13        5.29468        37.7265        37.5571        36.8902        47.5071       -7.29524       -10.3929        37.7265        37.5571        36.8902        47.5071       -7.29524       -10.3929       -2.34466
           4.14        5.29469        37.7265        37.5571        36.8902        47.5071       -7.29523       -10.3929        37.7265        37.5571        36.8902        47.5071       -7.29523       -10.3929       -2.34464
           4.15        5.29469        37.7265        37.5571        36.8902        47.5071       -7.29523       -10.3929        37.7265        37.5571        36.8902        47.5071       -7.29523       -10.3929       -2.34464
           4.16        5.29469        37.7265        37.5571        36.8902        47.5071       -7.29523       -10.3929        37.7265        37.5571        36.8902        47.5071       -7.29523       -10.3929       -2.34464
           4.17        5.29469        37.7266        37.5571        36.8902        47.5071       -7.29523       -10.3929        37.7266        37.5571        36.8902        47.5071       -7.29523       -10.3929       -2.34464
           4.18        5.29469        37.7266        37.5571        36.8902        47.5071       -7.29523       -10.3929        37.7266        37.5571        36.8902        47.5071       -7.29523       -10.3929       -2.34464
           4.19        5.29469        37.7266        37.5571        36.8902        47.5071       -7.29523       -10.3929        37.7266        37.5571        36.8902        47.5071       -7.29523       -10.3929       -2.34464
            4.2        5.29469        37.7266        37.5571        36.8902        47.5071       -7.29523       -10.3929        37.7266        37.5571        36.8902        47.5071       -7.29523       -10.3929       -2.34464
           4.21        5.29469        37.7266        37.5571        36.8902        47.5071       -7.29523       -10.3929        37.7266        37.5571        36.8902        47.5071       -7.29523       -10.3929       -2.34464
           4.22        5.29469        37.7266        37.5571        36.8902        47.5071       -7.29523       -10.3929        37.7266        37.5571        36.8902        47.5071       -7.29523       -10.3929       -2.34464
           4.23        5.29469        37.7266        37.5571        36.8902        47.5071       -7.29523       -10.3929        37.7266        37.5571        36.8902        47.5071       -7.29523       -10.3929       -2.34464
           4.24        5.29469        37.7266        37.5571        36.8902        47.5071       -7.29523       -10.3929        37.7266        37.5571        36.8902        47.5071       -7.29523       -10.3929       -2.34464
           4.25         5.2947        37.7266        37.5571        36.8902        47.5071       -7.29522       -10.3929        37.7266        37.5571        36.8902        47.5071       -7.29522       -10.3929       -2.34464
           4.26         5.2947        37.7266        37.5571        36.8902        47.5071       -7.29522       -10.3929        37.7266        37.5571        36.8902        47.5071       -7.29522       -10.3929       -2.34464
           4.27         5.2947        37.7266        37.5571        36.8902        47.5071       -7.29522       -10.3929        37.7266        37.5571        36.8902        47.5071       -7.29522       -10.3929       -2.34464
           4.28         5.2947        37.7266        37.5571        36.8902        47.5071       -7.29522       -10.3929        37.7266        37.5571        36.8902        47.5071       -7.29522       -10.3929       -2.34464
           4.29         5.2947        37.7266        37.5571        36.8902        47.5071       -7.29522       -10.3929        37.7266        37.5571        36.8902        47.5071       -7.29522       -10.3929       -2.34464
            4.3         5.2947        37.7266        37.5571        36.8902        47.5071       -7.29522       -10.3929        37.7266        37.5571        36.8902        47.5071       -7.29522       -10.3929       -2.34464
           4.31         5.2947        37.7266        37.5571        36.8902        47.5071       -7.29522       -10.3929        37.7266        37.5571        36.8902        47.5071       -7.29522       -10.3929       -2.34464
           4.32         5.2947        37.7266        37.5571        36.8902        47.5071       -7.29522       -10.3929        37.7266        37.5571        36.8902        47.5071       -7.29522       -10.3929       -2.34464
           4.33        5.29469        37.7266        37.5571        36.8902        47.5071       -7.29523       -10.3929        37.7266        37.5571        36.8902        47.5071       -7.29523       -10.3929       -2.34464
           4.34        5.29469        37.7266        37.5571        36.8902        47.5071       -7.29523       -10.3929        37.7266        37.5571        36.8902        47.5071       -7.29523       -10.3929       -2.34464
           4.35        5.29469        37.7266        37.5571        36.8902        47.5071       -7.29523       -10.3929        37.7266        37.5571        36.8902        47.5071       -7.29523       -10.3929       -2.34464
           4.36        5.29469        37.7266        37.5571        36.8902        47.5071       -7.29523       -10.3929        37.7266        37.5571        36.8902        47.5071       -7.29523       -10.3929       -2.34464
        4.37001        5.29469        37.7266        37.5571        36.8902        47.5071       -7.29523       -10.3929        37.7266        37.5571        36.8902        47.5071       -7.29523       -10.3929       -2.34464
        4.38001        5.29469        37.7266        37.5571        36.8902        47.5071       -7.29523       -10.3929        37.7266        37.5571        36.8902        47.5071       -7.29523       -10.3929       -2.34464
        4.39001        5.29469        37.7266        37.5571        36.8902        47.5071       -7.29523       -10.3929        37.7266        37.5571        36.8902        47.5071       -7.29523       -10.3929       -2.34465
        4.40001        5.29469        37.7266        37.5571        36.8902        47.5071       -7.29523       -10.3929        37.7266        37.5571        36.8902        47.5071       -7.29523       -10.3929       -2.34466
        4.41001        5.29469        37.7266        37.5571        36.8902        47.5071       -7.29523       -10.3929        37.7266        37.5571        36.8902        47.5071       -7.29523       -10.3929       -2.34467
        4.42001        5.29469        37.7266        37.5571        36.8902        47.5071       -7.29523       -10.3929        37.7266        37.5571        36.8902        47.5071       -7.29523       -10.3929       -2.34467
        4.43001        5.29469        37.7265        37.5571        36.8902        47.5071       -7.29523       -10.3929        37.7265        37.5571        36.8902        47.5071       -7.29523       -10.3929       -2.34468
        4.44001        5.29469        37.7265        37.5571        36.8902        47.5071       -7.29523       -10.3929        37.7265        37.5571        36.8902        47.5071       -7.29523       -10.3929       -2.34469
        4.45001        5.29469        37.7265        37.5571        36.8902        47.5071       -7.29523       -10.3929        37.7265        37.5571        36.8902        47.5071       -7.29523       -10.3929       -2.34469
        4.46001        5.29469        37.7265        37.5571        36.8902        47.5071       -7.29523       -10.3929        37.7265        37.5571        36.8902        47.5071       -7.29523       -10.3929       -2.34469
        4.47001        5.29469        37.7265        37.5571        36.8902        47.5071       -7.29523       -10.3929        37.7265        37.5571        36.8902        47.5071       -7.29523       -10.3929       -2.34469
        4.48001        5.29469        37.7265        37.5571        36.8902        47.5071       -7.29523       -10.3929        37.7265        37.5571        36.8902        47.5071       -7.29523       -10.3929       -2.34469
        4.49001        5.29469        37.7265        37.5571        36.8902        47.5071       -7.29523       -10.3929        37.7265        37.5571        36.8902        47.5071       -7.29523       -10.3929       -2.34469
        4.50001        5.29469        37.7265        37.5571        36.8902        47.5071       -7.29523       -10.3929        37.7265        37.5571        36.8902        47.5071       -7.29523       -10.3929       -2.34469
        4.51001        5.29469        37.7265        37.5571        36.8902        47.5071       -7.29523       -10.3929        37.7265        37.5571        36.8902        47.5071       -7.29523       -10.3929       -2.34469
        4.52001         5.2947        37.7265        37.5571        36.8902        47.5071       -7.29522       -10.3929        37.7265        37.5571        36.8902        47.5071       -7.29522       -10.3929       -2.34468
        4.53001         5.2947        37.7265        37.5571        36.8902        47.5071       -7.29522       -10.3929        37.7265        37.5571        36.8902        47.5071       -7.29522       -10.3929       -2.34468
        4.54001         5.2947        37.7265        37.5571        36.8902        47.5071       -7.29522       -10.3929        37.7265        37.5571        36.8902        47.5071       -7.29522       -10.3929       -2.34468
        4.55001         5.2947        37.7265        37.5571        36.8902        47.5071       -7.29522       -10.3929        37.7265        37.5571        36.8902        47.5071       -7.29522       -10.3929       -2.34468
        4.56001        5.29469        37.7265        37.5571        36.8902        47.5071       -7.29523       -10.3929        37.7265        37.5571        36.8902        47.5071       -7.29523       -10.3929       -2.34469
        4.57001        5.29469        37.7265        37.5571        36.8902        47.5071       -7.29524       -10.3929        37.7265        37.5571        36.8902        47.5071       -7.29524       -10.3929       -2.34469
        4.58001        5.29469        37.7265        37.5571        36.8902        47.5071       -7.29525       -10.3929        37.7265        37.5571        36.8902        47.5071       -7.29525       -10.3929       -2.34469
        4.59001        5.29469        37.7265        37.5571        36.8902        47.5071       -7.29526       -10.3929        37.7265        37.5571        36.8902        47.5071       -7.29526       -10.3929       -2.34469
        4.60001        5.29469        37.7265        37.5571        36.8902        47.5071       -7.29527       -10.3929        37.7265        37.5571        36.8902        47.5071       -7.29527       -10.3929       -2.34469
        4.61001        5.29469        37.7265        37.5571        36.8902        47.5071       -7.29527       -10.3929        37.7265        37.5571        36.8902        47.5071       -7.29527       -10.3929       -2.34469
        4.62001        5.29469        37.7265        37.5571        36.8902        47.5071       -7.29527       -10.3929        37.7265        37.5571        36.8902        47.5071       -7.29527       -10.3929       -2.34469
        4.63001        5.29469        37.7265        37.5571        36.8902        47.5071       -7.29527       -10.3929        37.7265        37.5571        36.8902        47.5071       -7.29527       -10.3929       -2.34469
        4.64001         5.2947        37.7265        37.5571        36.8902        47.5071       -7.29527       -10.3929        37.7265        37.5571        36.8902        47.5071       -7.29527       -10.3929       -2.34468
        4.65001         5.2947        37.7265        37.5571        36.8902        47.5071       -7.29527       -10.3929        37.7265        37.5571        36.8902        47.5071       -7.29527       -10.3929       -2.34468
        4.66001         5.2947        37.7265        37.5571        36.8902        47.5071       -7.29527       -10.3929        37.7265        37.5571        36.8902        47.5071       -7.29527       -10.3929       -2.34468
        4.67001         5.2947        37.7265        37.5571        36.8902        47.5071       -7.29527       -10.3929        37.7265        37.5571        36.8902        47.5071       -7.29527       -10.3929       -2.34468
        4.68001         5.2947        37.7265        37.5571        36.8902        47.5071       -7.29527       -10.3929        37.7265        37.5571        36.8902        47.5071       -7.29527       -10.3929       -2.34468
        4.69001         5.2947        37.7265        37.5571        36.8902        47.5071       -7.29527       -10.3929        37.7265        37.5571        36.8902        47.5071       -7.29527       -10.3929       -2.34468
        4.70001         5.2947        37.7265        37.5571        36.8902        47.5071       -7.29527       -10.3929        37.7265        37.5571        36.8902        47.5071       -7.29527       -10.3929       -2.34468
        4.71001         5.2947        37.7265        37.5571        36.8902        47.5071       -7.29527       -10.3929        37.7265        37.5571        36.8902        47.5071       -7.29527       -10.3929       -2.34468
        4.72001         5.2947        37.7265        37.5571        36.8902        47.5071       -7.29527       -10.3929        37.7265        37.5571        36.8902        47.5071       -7.29527       -10.3929       -2.34468
        4.73001         5.2947        37.7265        37.5571        36.8902        47.5071       -7.29527       -10.3929        37.7265        37.5571        36.8902        47.5071       -7.29527       -10.3929       -2.34468
        4.74001         5.2947        37.7265        37.5571        36.8902        47.5071       -7.29527       -10.3929        37.7265        37.5571        36.8902        47.5071       -7.29527       -10.3929       -2.34468
        4.75001         5.2947        37.7265        37.5571        36.8902        47.5071       -7.29527       -10.3929        37.7265        37.5571        36.8902        47.5071       -7.29527       -10.3929       -2.34468
        4.76001         5.2947        37.7265        37.5571        36.8902        47.5071       -7.29527       -10.3929        37.7265        37.5571        36.8902        47.5071       -7.29527       -10.3929       -2.34468
        4.77001         5.2947        37.7265        37.5571        36.8902        47.5071       -7.29527       -10.3929        37.7265        37.5571        36.8902        47.5071       -7.29527       -10.3929       -2.34468
        4.78001         5.2947        37.7265        37.5571        36.8902        47.5071       -7.29527       -10.3929        37.7265        37.5571        36.8902        47.5071       -7.29527       -10.3929       -2.34468
        4.79001         5.2947        37.7265        37.5571        36.8902        47.5071       -7.29527       -10.3929        37.7265        37.5571        36.8902        47.5071       -7.29527       -10.3929       -2.34468
        4.80001         5.2947        37.7266        37.5571        36.8902        47.5071       -7.29527       -10.3929        37.7266        37.5571        36.8902        47.5071       -7.29527       -10.3929       -2.34468
        4.81002         5.2947        37.7266        37.5571        36.8902        47.5071       -7.29527       -10.3929        37.7266        37.5571        36.8902        47.5071       -7.29527       -10.3929       -2.34468
        4.82002        5.29471        37.7266        37.5571        36.8902        47.5071       -7.29526       -10.3929        37.7266        37.5571        36.8902        47.5071       -7.29526       -10.3929       -2.34467
        4.83002        5.29471        37.7266        37.5571        36.8902        47.5071       -7.29526       -10.3929        37.7266        37.5571        36.8902        47.5071       -7.29526       -10.3929       -2.34467
        4.84002        5.29471        37.7266        37.5571        36.8902        47.5071       -7.29526       -10.3929        37.7266        37.5571        36.8902        47.5071       -7.29526       -10.3929       -2.34467
        4.85002        5.29471        37.7266        37.5571        36.8902        47.5071       -7.29526       -10.3929        37.7266        37.5571        36.8902        47.5071       -7.29526       -10.3929       -2.34467
        4.86002        5.29471        37.7266        37.5571        36.8902        47.5071       -7.29526       -10.3929        37.7266        37.5571        36.8902        47.5071       -7.29526       -10.3929       -2.34467
        4.87002        5.29471        37.7266        37.5571        36.8902        47.5071       -7.29526       -10.3929        37.7266        37.5571        36.8902        47.5071       -7.29526       -10.3929       -2.34467
        4.88002        5.29471        37.7266        37.5571        36.8902        47.5071       -7.29526       -10.3929        37.7266        37.5571        36.8902        47.5071       -7.29526       -10.3929       -2.34467
        4.89002        5.29471        37.7266        37.5571        36.8902        47.5071       -7.29526       -10.3929        37.7266        37.5571        36.8902        47.5071       -7.29526       -10.3929       -2.34467
        4.90002        5.29471        37.7266        37.5571        36.8902        47.5071       -7.29526       -10.3929        37.7266        37.5571        36.8902        47.5071       -7.29526       -10.3929       -2.34467
        4.91002        5.29471        37.7266        37.5571        36.8902        47.5071       -7.29526       -10.3929        37.7266        37.5571        36.8902        47.5071       -7.29526       -10.3929       -2.34467
        4.92002        5.29471        37.7266        37.5571        36.8902        47.5071       -7.29526       -10.3929        37.7266        37.5571        36.8902        47.5071       -7.29526       -10.3929       -2.34467
        4.93002        5.29471        37.7266        37.5571        36.8902        47.5071       -7.29526       -10.3929        37.7266        37.5571        36.8902        47.5071       -7.29526       -10.3929       -2.34467
        4.94002        5.29471        37.7266        37.5571        36.8902        47.5071       -7.29526       -10.3929        37.7266        37.5571        36.8902        47.5071       -7.29526       -10.3929       -2.34467
        4.95002        5.29471        37.7266        37.5571        36.8902        47.5071       -7.29526       -10.3929        37.7266        37.5571        36.8902        47.5071       -7.29526       -10.3929       -2.34467
        4.96002        5.29471        37.7266        37.5571        36.8902        47.5071       -7.29526       -10.3929        37.7266        37.5571        36.8902        47.5071       -7.29526       -10.3929       -2.34467
        4.97002        5.29471        37.7266        37.5571        36.8902        47.5071       -7.29526       -10.3929        37.7266        37.5571        36.8902        47.5071       -7.29526       -10.3929       -2.34467
        4.98002        5.29471        37.7266        37.5571        36.8902        47.5071       -7.29526       -10.3929        37.7266        37.5571        36.8902        47.5071       -7.29526       -10.3929       -2.34467
        4.99002        5.29472        37.7266        37.5571        36.8902        47.5071       -7.29525       -10.3929        37.7266        37.5571        36.8902        47.5071       -7.29525       -10.3929       -2.34467
        5.00002        5.29471        37.7266        37.5571        36.8902        47.5071       -7.29525       -10.3929        37.7266        37.5571        36.8902        47.5071       -7.29525       -10.3929       -2.34467
        5.01002         5.2947        37.7266        37.5571        36.8902        47.5071       -7.29525       -10.3929        37.7266        37.5571        36.8902        47.5071       -7.29525       -10.3929       -2.34467
        5.02002         5.2947        37.7266        37.5571        36.8902        47.5071       -7.29525       -10.3929        37.7266        37.5571        36.8902        47.5071       -7.29525       -10.3929       -2.34467
        5.03002         5.2947        37.7266        37.5571        36.8902        47.5071       -7.29525       -10.3929        37.7266        37.5571        36.8902        47.5071       -7.29525       -10.3929       -2.34467
        5.04002         5.2947        37.7266        37.5571        36.8902        47.5071       -7.29525       -10.3929        37.7266        37.5571        36.8902        47.5071       -7.29525       -10.3929       -2.34467
        5.05002         5.2947        37.7266        37.5571        36.8902        47.5071       -7.29525       -10.3929        37.7266        37.5571        36.8902        47.5071       -7.29525       -10.3929       -2.34467
        5.06002         5.2947        37.7266        37.5571        36.8902        47.5071       -7.29525       -10.3929        37.7266        37.5571        36.8902        47.5071       -7.29525       -10.3929       -2.34467
        5.07002         5.2947        37.7266        37.5571        36.8902        47.5072       -7.29525       -10.3929        37.7266        37.5571        36.8902        47.5072       -7.29525       -10.3929       -2.34467
        5.08002         5.2947        37.7266        37.5571        36.8902        47.5072       -7.29525       -10.3929        37.7266        37.5571        36.8902        47.5072       -7.29525       -10.3929       -2.34467
        5.09002         5.2947        37.7266        37.5571        36.8902        47.5072       -7.29525       -10.3929        37.7266        37.5571        36.8902        47.5072       -7.29525       -10.3929       -2.34467
        5.10002         5.2947        37.7266        37.5571        36.8902        47.5072       -7.29525       -10.3929        37.7266        37.5571        36.8902        47.5072       -7.29525       -10.3929       -2.34467
        5.11002         5.2947        37.7266        37.5571        36.8902        47.5072       -7.29525       -10.3929        37.7266        37.5571        36.8902        47.5072       -7.29525       -10.3929       -2.34467
        5.12002         5.2947        37.7266        37.5571        36.8902        47.5072       -7.29525       -10.3929        37.7266        37.5571        36.8902        47.5072       -7.29525       -10.3929       -2.34467
        5.13002         5.2947        37.7265        37.5571        36.8902        47.5072       -7.29525       -10.3929        37.7265        37.5571        36.8902        47.5072       -7.29525       -10.3929       -2.34467
        5.14002         5.2947        37.7265        37.5571        36.8902        47.5072       -7.29525       -10.3929        37.7265        37.5571        36.8902        47.5072       -7.29525       -10.3929       -2.34467
        5.15002         5.2947        37.7265        37.5571        36.8902        47.5072       -7.29525       -10.3929        37.7265        37.5571        36.8902        47.5072       -7.29525       -10.3929       -2.34467
        5.16002        5.29472        37.7266        37.5571        36.8902        47.5072       -7.29523       -10.3929        37.7266        37.5571        36.8902        47.5072       -7.29523       -10.3929       -2.34465
        5.17002        5.29472        37.7266        37.5571        36.8902        47.5072       -7.29523       -10.3929        37.7266        37.5571        36.8902        47.5072       -7.29523       -10.3929       -2.34465
        5.18002        5.29472        37.7266        37.5571        36.8902        47.5072       -7.29523       -10.3929        37.7266        37.5571        36.8902        47.5072       -7.29523       -10.3929       -2.34465
        5.19002        5.29471        37.7265        37.5571        36.8902        47.5072       -7.29524       -10.3929        37.7265        37.5571        36.8902        47.5072       -7.29524       -10.3929       -2.34466
        5.20002        5.29471        37.7265        37.5571        36.8902        47.5072       -7.29524       -10.3929        37.7265        37.5571        36.8902        47.5072       -7.29524       -10.3929       -2.34466
        5.21002        5.29471        37.7265        37.5571        36.8902        47.5072       -7.29524       -10.3929        37.7265        37.5571        36.8902        47.5072       -7.29524       -10.3929       -2.34466
        5.22002        5.29471        37.7265        37.5571        36.8902        47.5072       -7.29524       -10.3929        37.7265        37.5571        36.8902        47.5072       -7.29524       -10.3929       -2.34466
        5.23002        5.29471        37.7265        37.5571        36.8902        47.5072       -7.29524       -10.3929        37.7265        37.5571        36.8902        47.5072       -7.29524       -10.3929       -2.34466
        5.24003        5.29471        37.7265        37.5571        36.8902        47.5072       -7.29524       -10.3929        37.7265        37.5571        36.8902        47.5072       -7.29524       -10.3929       -2.34466
        5.25003        5.29471        37.7265        37.5571        36.8902        47.5072       -7.29524       -10.3929        37.7265        37.5571        36.8902        47.5072       -7.29524       -10.3929       -2.34466
        5.26003         5.2947        37.7265        37.5571        36.8902        47.5072       -7.29525       -10.3929        37.7265        37.5571        36.8902        47.5072       -7.29525       -10.3929       -2.34467
        5.27003        5.29469        37.7265        37.5571        36.8902        47.5072       -7.29525       -10.3929        37.7265        37.5571        36.8902        47.5072       -7.29525       -10.3929       -2.34467
        5.28003        5.29469        37.7265        37.5571        36.8902        47.5072       -7.29525       -10.3929        37.7265        37.5571        36.8902        47.5072       -7.29525       -10.3929       -2.34467
        5.29003        5.29469        37.7265        37.5571        36.8902        47.5072       -7.29525       -10.3929        37.7265        37.5571        36.8902        47.5072       -7.29525       -10.3929       -2.34467
        5.30003        5.29469        37.7265        37.5571        36.8902        47.5072       -7.29525       -10.3929        37.7265        37.5571        36.8902        47.5072       -7.29525       -10.3929       -2.34467
        5.31003        5.29469        37.7265        37.5571        36.8902        47.5072       -7.29525       -10.3929        37.7265        37.5571        36.8902        47.5072       -7.29525       -10.3929       -2.34467
        5.32003        5.29469        37.7265        37.5571        36.8902        47.5072       -7.29525       -10.3929        37.7265        37.5571        36.8902        47.5072       -7.29525       -10.3929       -2.34467
        5.33003        5.29469        37.7265        37.5571        36.8902        47.5072       -7.29525       -10.3929        37.7265        37.5571        36.8902        47.5072       -7.29525       -10.3929       -2.34467
        5.34003        5.29469        37.7265        37.5571        36.8902        47.5072       -7.29525       -10.3929        37.7265        37.5571        36.8902        47.5072       -7.29525       -10.3929       -2.34467
        5.35003        5.29469        37.7265        37.5571        36.8902        47.5072       -7.29525       -10.3929        37.7265        37.5571        36.8902        47.5072       -7.29525       -10.3929       -2.34467
        5.36003        5.29469        37.7265        37.5571        36.8902        47.5072       -7.29525       -10.3929        37.7265        37.5571        36.8902        47.5072       -7.29525       -10.3929       -2.34467
        5.37003        5.29469        37.7265        37.5571        36.8902        47.5071       -7.29525       -10.3929        37.7265        37.5571        36.8902        47.5071       -7.29525       -10.3929       -2.34467
        5.38003        5.29469        37.7266        37.5571        36.8902        47.5071       -7.29525       -10.3929        37.7266        37.5571        36.8902        47.5071       -7.29525       -10.3929       -2.34467
        5.39003        5.29469        37.7266        37.5571        36.8902        47.5071       -7.29525       -10.3929        37.7266        37.5571        36.8902        47.5071       -7.29525       -10.3929       -2.34467
        5.40003        5.29469        37.7266        37.5571        36.8902        47.5071       -7.29525       -10.3929        37.7266        37.5571        36.8902        47.5071       -7.29525       -10.3929       -2.34467
        5.41003        5.29469        37.7266        37.5571        36.8902        47.5071       -7.29524       -10.3929        37.7266        37.5571        36.8902        47.5071       -7.29524       -10.3929       -2.34466
        5.42003        5.29469        37.7266        37.5571        36.8902        47.5071       -7.29524       -10.3929        37.7266        37.5571        36.8902        47.5071       -7.29524       -10.3929       -2.34466
        5.43003        5.29469        37.7266        37.5571        36.8902        47.5071       -7.29524       -10.3929        37.7266        37.5571        36.8902        47.5071       -7.29524       -10.3929       -2.34466
        5.44003        5.29469        37.7266        37.5571        36.8902        47.5071       -7.29524       -10.3929        37.7266        37.5571        36.8902        47.5071       -7.29524       -10.3929       -2.34466
        5.45003        5.29469        37.7266        37.5571        36.8902        47.5071       -7.29525       -10.3929        37.7266        37.5571        36.8902        47.5071       -7.29525       -10.3929       -2.34467
        5.46003        5.29469        37.7266        37.5571        36.8902        47.5071       -7.29525       -10.3929        37.7266        37.5571        36.8902        47.5071       -7.29525       -10.3929       -2.34467
        5.47003        5.29469        37.7266        37.5571        36.8902        47.5071       -7.29525       -10.3929        37.7266        37.5571        36.8902        47.5071       -7.29525       -10.3929       -2.34467
        5.48003        5.29469        37.7266        37.5571        36.8902        47.5071       -7.29525       -10.3929        37.7266        37.5571        36.8902        47.5071       -7.29525       -10.3929       -2.34467
        5.49003        5.29469        37.7266        37.5571        36.8902        47.5071       -7.29525       -10.3929        37.7266        37.5571        36.8902        47.5071       -7.29525       -10.3929       -2.34467
        5.50003        5.29469        37.7266        37.5571        36.8902        47.5071       -7.29524       -10.3929        37.7266        37.5571        36.8902        47.5071       -7.29524       -10.3929       -2.34466
        5.51003        5.29469        37.7266        37.5571        36.8902        47.5071       -7.29524       -10.3929        37.7266        37.5571        36.8902        47.5071       -7.29524       -10.3929       -2.34466
        5.52003        5.29469        37.7266        37.5571        36.8902        47.5071       -7.29524       -10.3929        37.7266        37.5571        36.8902        47.5071       -7.29524       -10.3929       -2.34466
        5.53003        5.29469        37.7266        37.5571        36.8902        47.5071       -7.29524       -10.3929        37.7266        37.5571        36.8902        47.5071       -7.29524       -10.3929       -2.34466
        5.54003        5.29469        37.7266        37.5571        36.8902        47.5071       -7.29524       -10.3929        37.7266        37.5571        36.8902        47.5071       -7.29524       -10.3929       -2.34466
        5.55003        5.29469        37.7266        37.5571        36.8902        47.5071       -7.29524       -10.3929        37.7266        37.5571        36.8902        47.5071       -7.29524       -10.3929       -2.34466
        5.56003        5.29469        37.7265        37.5571        36.8902        47.5071       -7.29524       -10.3929        37.7265        37.5571        36.8902        47.5071       -7.29524       -10.3929       -2.34466
        5.57003        5.29469        37.7265        37.5571        36.8902        47.5071       -7.29524       -10.3929        37.7265        37.5571        36.8902        47.5071       -7.29524       -10.3929       -2.34466
        5.58003        5.29469        37.7265        37.5571        36.8902        47.5071       -7.29524       -10.3929        37.7265        37.5571        36.8902        47.5071       -7.29524       -10.3929       -2.34466
        5.59003        5.29469        37.7265        37.5571        36.8902        47.5071       -7.29524       -10.3929        37.7265        37.5571        36.8902        47.5071       -7.29524       -10.3929       -2.34466
        5.60003        5.29469        37.7265        37.5571        36.8902        47.5071       -7.29524       -10.3929        37.7265        37.5571        36.8902        47.5071       -7.29524       -10.3929       -2.34466
        5.61003        5.29469        37.7265        37.5571        36.8902        47.5071       -7.29524       -10.3929        37.7265        37.5571        36.8902        47.5071       -7.29524       -10.3929       -2.34466
        5.62003        5.29469        37.7265        37.5571        36.8902        47.5071       -7.29524       -10.3929        37.7265        37.5571        36.8902        47.5071       -7.29524       -10.3929       -2.34466
        5.63003        5.29469        37.7265        37.5571        36.8902        47.5071       -7.29524       -10.3929        37.7265        37.5571        36.8902        47.5071       -7.29524       -10.3929       -2.34466
        5.64003        5.29469        37.7265        37.5571        36.8902        47.5071       -7.29524       -10.3929        37.7265        37.5571        36.8902        47.5071       -7.29524       -10.3929       -2.34466
        5.65003        5.29469        37.7265        37.5571        36.8902        47.5071       -7.29524       -10.3929        37.7265        37.5571        36.8902        47.5071       -7.29524       -10.3929       -2.34466
        5.66003        5.29469        37.7265        37.5571        36.8902        47.5071       -7.29524       -10.3929        37.7265        37.5571        36.8902        47.5071       -7.29524       -10.3929       -2.34466
        5.67003        5.29469        37.7265        37.5571        36.8902        47.5071       -7.29524       -10.3929        37.7265        37.5571        36.8902        47.5071       -7.29524       -10.3929       -2.34466
        5.68004        5.29469        37.7265        37.5571        36.8902        47.5071       -7.29524       -10.3929        37.7265        37.5571        36.8902        47.5071       -7.29524       -10.3929       -2.34466
        5.69004        5.29469        37.7265        37.5571        36.8902        47.5071       -7.29524       -10.3929        37.7265        37.5571        36.8902        47.5071       -7.29524       -10.3929       -2.34466
        5.70004        5.29469        37.7265        37.5571        36.8902        47.5071       -7.29524       -10.3929        37.7265        37.5571        36.8902        47.5071       -7.29524       -10.3929       -2.34467
        5.71004        5.29469        37.7265        37.5571        36.8902        47.5071       -7.29524       -10.3929        37.7265        37.5571        36.8902        47.5071       -7.29524       -10.3929       -2.34467
        5.72004        5.29469        37.7265        37.5571        36.8902        47.5071       -7.29524       -10.3929        37.7265        37.5571        36.8902        47.5071       -7.29524       -10.3929       -2.34467
        5.73004        5.29469        37.7265        37.5571        36.8902        47.5071       -7.29524       -10.3929        37.7265        37.5571        36.8902        47.5071       -7.29524       -10.3929       -2.34468
        5.74004        5.29469        37.7265        37.5571        36.8902        47.5071       -7.29524       -10.3929        37.7265        37.5571        36.8902        47.5071       -7.29524       -10.3929       -2.34468
        5.75004         5.2947        37.7265        37.5571        36.8902        47.5071       -7.29523       -10.3929        37.7265        37.5571        36.8902        47.5071       -7.29523       -10.3929       -2.34467
        5.76004         5.2947        37.7265        37.5571        36.8902        47.5071       -7.29523       -10.3929        37.7265        37.5571        36.8902        47.5071       -7.29523       -10.3929       -2.34467
        5.77004         5.2947        37.7265        37.5571        36.8902        47.5071       -7.29523       -10.3929        37.7265        37.5571        36.8902        47.5071       -7.29523       -10.3929       -2.34467
        5.78004        5.29471        37.7266        37.5571        36.8902        47.5071       -7.29523       -10.3929        37.7266        37.5571        36.8902        47.5071       -7.29523       -10.3929       -2.34467
        5.79004        5.29471        37.7266        37.5571        36.8902        47.5071       -7.29523       -10.3929        37.7266        37.5571        36.8902        47.5071       -7.29523       -10.3929       -2.34467
        5.80004        5.29471        37.7266        37.5571        36.8902        47.5071       -7.29523       -10.3929        37.7266        37.5571        36.8902        47.5071       -7.29523       -10.3929       -2.34467
        5.81004        5.29471        37.7266        37.5571        36.8902        47.5071       -7.29523       -10.3929        37.7266        37.5571        36.8902        47.5071       -7.29523       -10.3929       -2.34467
        5.82004        5.29472        37.7266        37.5571        36.8902        47.5071       -7.29521       -10.3929        37.7266        37.5571        36.8902        47.5071       -7.29521       -10.3929       -2.34465
        5.83004        5.29472        37.7266        37.5571        36.8902        47.5071       -7.29521       -10.3929        37.7266        37.5571        36.8902        47.5071       -7.29521       -10.3929       -2.34465
        5.84004        5.29472        37.7266        37.5571        36.8902        47.5071       -7.29522       -10.3929        37.7266        37.5571        36.8902        47.5071       -7.29522       -10.3929       -2.34465
        5.85004        5.29472        37.7266        37.5571        36.8902        47.5071       -7.29522       -10.3929        37.7266        37.5571        36.8902        47.5071       -7.29522       -10.3929       -2.34465
        5.86004        5.29472        37.7266        37.5571        36.8902        47.5071       -7.29523       -10.3929        37.7266        37.5571        36.8902        47.5071       -7.29523       -10.3929       -2.34465
        5.87004        5.29472        37.7266        37.5571        36.8902        47.5071       -7.29523       -10.3929        37.7266        37.5571        36.8902        47.5071       -7.29523       -10.3929       -2.34465
        5.88004        5.29472        37.7266        37.5571        36.8902        47.5071       -7.29524       -10.3929        37.7266        37.5571        36.8902        47.5071       -7.29524       -10.3929       -2.34465
        5.89004        5.29472        37.7266        37.5571        36.8902        47.5071       -7.29524       -10.3929        37.7266        37.5571        36.8902        47.5071       -7.29524       -10.3929       -2.34465
        5.90004        5.29472        37.7266        37.5571        36.8902        47.5071       -7.29524       -10.3929        37.7266        37.5571        36.8902        47.5071       -7.29524       -10.3929       -2.34465
        5.91004        5.29472        37.7266        37.5571        36.8902        47.5071       -7.29524       -10.3929        37.7266        37.5571        36.8902        47.5071       -7.29524       -10.3929       -2.34465
        5.92004        5.29472        37.7266        37.5571        36.8902        47.5071       -7.29524       -10.3929        37.7266        37.5571        36.8902        47.5071       -7.29524       -10.3929       -2.34465
        5.93004        5.29472        37.7266        37.5571        36.8902        47.5071       -7.29524       -10.3929        37.7266        37.5571        36.8902        47.5071       -7.29524       -10.3929       -2.34465
        5.94004        5.29471        37.7266        37.5571        36.8902        47.5071       -7.29524       -10.3929        37.7266        37.5571        36.8902        47.5071       -7.29524       -10.3929       -2.34465
        5.95004        5.29471        37.7266        37.5571        36.8902        47.5071       -7.29524       -10.3929        37.7266        37.5571        36.8902        47.5071       -7.29524       -10.3929       -2.34465
        5.96004        5.29471        37.7266        37.5571        36.8902        47.5071       -7.29524       -10.3929        37.7266        37.5571        36.8902        47.5071       -7.29524       -10.3929       -2.34465
        5.97004        5.29471        37.7266        37.5571        36.8902        47.5071       -7.29524       -10.3929        37.7266        37.5571        36.8902        47.5071       -7.29524       -10.3929       -2.34465
        5.98004        5.29471        37.7266        37.5571        36.8902        47.5071       -7.29524       -10.3929        37.7266        37.5571        36.8902        47.5071       -7.29524       -10.3929       -2.34465
        5.99004        5.29471        37.7266        37.5571        36.8902        47.5071       -7.29524       -10.3929        37.7266        37.5571        36.8902        47.5071       -7.29524       -10.3929       -2.34465
        6.00004        5.29471        37.7266        37.5571        36.8902        47.5071       -7.29524       -10.3929        37.7266        37.5571        36.8902        47.5071       -7.29524       -10.3929       -2.34465
        6.01004        5.29471        37.7266        37.5571        36.8902        47.5071       -7.29524       -10.3929        37.7266        37.5571        36.8902        47.5071       -7.29524       -10.3929       -2.34465
        6.02004        5.29471        37.7266        37.5571        36.8902        47.5071       -7.29524       -10.3929        37.7266        37.5571        36.8902        47.5071       -7.29524       -10.3929       -2.34465
        6.03004        5.29471        37.7266        37.5571        36.8902        47.5071       -7.29524       -10.3929        37.7266        37.5571        36.8902        47.5071       -7.29524       -10.3929       -2.34465
        6.04004        5.29471        37.7266        37.5571        36.8902        47.5071       -7.29524       -10.3929        37.7266        37.5571        36.8902        47.5071       -7.29524       -10.3929       -2.34465
        6.05004        5.29471        37.7266        37.5571        36.8902        47.5071       -7.29524       -10.3929        37.7266        37.5571        36.8902        47.5071       -7.29524       -10.3929       -2.34465
        6.06004        5.29471        37.7266        37.5571        36.8902        47.5071       -7.29524       -10.3929        37.7266        37.5571        36.8902        47.5071       -7.29524       -10.3929       -2.34465
        6.07004        5.29471        37.7266        37.5571        36.8902        47.5071       -7.29524       -10.3929        37.7266        37.5571        36.8902        47.5071       -7.29524       -10.3929       -2.34465
        6.08004        5.29471        37.7266        37.5571        36.8902        47.5071       -7.29524       -10.3929        37.7266        37.5571        36.8902        47.5071       -7.29524       -10.3929       -2.34465
        6.09004        5.29471        37.7266        37.5571        36.8902        47.5071       -7.29524       -10.3929        37.7266        37.5571        36.8902        47.5071       -7.29524       -10.3929       -2.34465
        6.10004        5.29471        37.7266        37.5571        36.8902        47.5071       -7.29524       -10.3929        37.7266        37.5571        36.8902        47.5071       -7.29524       -10.3929       -2.34465
        6.11004        5.29471        37.7266        37.5571        36.8902        47.5071       -7.29524       -10.3929        37.7266        37.5571        36.8902        47.5071       -7.29524       -10.3929       -2.34465
        6.12005        5.29472        37.7266        37.5571        36.8902        47.5072       -7.29523       -10.3929        37.7266        37.5571        36.8902        47.5072       -7.29523       -10.3929       -2.34464
        6.13005        5.29472        37.7266        37.5571        36.8902        47.5072       -7.29523       -10.3929        37.7266        37.5571        36.8902        47.5072       -7.29523       -10.3929       -2.34464
        6.14005        5.29472        37.7266        37.5571        36.8902        47.5072       -7.29523       -10.3929        37.7266        37.5571        36.8902        47.5072       -7.29523       -10.3929       -2.34464
        6.15005        5.29472        37.7266        37.5571        36.8902        47.5072       -7.29523       -10.3929        37.7266        37.5571        36.8902        47.5072       -7.29523       -10.3929       -2.34464
        6.16005        5.29471        37.7265        37.5571        36.8902        47.5071       -7.29524       -10.3929        37.7265        37.5571        36.8902        47.5071       -7.29524       -10.3929       -2.34465
        6.17005        5.29471        37.7265        37.5571        36.8902        47.5071       -7.29524       -10.3929        37.7265        37.5571        36.8902        47.5071       -7.29524       -10.3929       -2.34465
        6.18005        5.29471        37.7265        37.5571        36.8902        47.5071       -7.29524       -10.3929        37.7265        37.5571        36.8902        47.5071       -7.29524       -10.3929       -2.34465
        6.19005        5.29471        37.7265        37.5571        36.8902        47.5071       -7.29524       -10.3929        37.7265        37.5571        36.8902        47.5071       -7.29524       -10.3929       -2.34465
        6.20005        5.29471        37.7265        37.5571        36.8902        47.5071       -7.29524       -10.3929        37.7265        37.5571        36.8902        47.5071       -7.29524       -10.3929       -2.34465
        6.21005        5.29471        37.7265        37.5571        36.8902        47.5071       -7.29524       -10.3929        37.7265        37.5571        36.8902        47.5071       -7.29524       -10.3929       -2.34465
        6.22005        5.29471        37.7265        37.5571        36.8902        47.5071       -7.29524       -10.3929        37.7265        37.5571        36.8902        47.5071       -7.29524       -10.3929       -2.34465
        6.23005        5.29471        37.7265        37.5571        36.8902        47.5071       -7.29524       -10.3929        37.7265        37.5571        36.8902        47.5071       -7.29524       -10.3929       -2.34465
        6.24005        5.29471        37.7265        37.5571        36.8902        47.5071       -7.29524       -10.3929        37.7265        37.5571        36.8902        47.5071       -7.29524       -10.3929       -2.34465
        6.25005        5.29471        37.7265        37.5571        36.8902        47.5071       -7.29524       -10.3929        37.7265        37.5571        36.8902        47.5071       -7.29524       -10.3929       -2.34465
        6.26005        5.29471        37.7265        37.5571        36.8902        47.5071       -7.29524       -10.3929        37.7265        37.5571        36.8902        47.5071       -7.29524       -10.3929       -2.34465
        6.27005        5.29471        37.7265        37.5571        36.8902        47.5071       -7.29524       -10.3929        37.7265        37.5571        36.8902        47.5071       -7.29524       -10.3929       -2.34465
        6.28005        5.29471        37.7265        37.5571        36.8902        47.5071       -7.29524       -10.3929        37.7265        37.5571        36.8902        47.5071       -7.29524       -10.3929       -2.34465
        6.29005        5.29471        37.7265        37.5571        36.8902        47.5071       -7.29524       -10.3929        37.7265        37.5571        36.8902        47.5071       -7.29524       -10.3929       -2.34465
        6.30005        5.29471        37.7265        37.5571        36.8902        47.5071       -7.29524       -10.3929        37.7265        37.5571        36.8902        47.5071       -7.29524       -10.3929       -2.34465
        6.31005        5.29471        37.7265        37.5571        36.8902        47.5071       -7.29524       -10.3929        37.7265        37.5571        36.8902        47.5071       -7.29524       -10.3929       -2.34466
        6.32005         5.2947        37.7265        37.5571        36.8902        47.5071       -7.29524       -10.3929        37.7265        37.5571        36.8902        47.5071       -7.29524       -10.3929       -2.34467
        6.33005        5.29469        37.7265        37.5571        36.8902        47.5071       -7.29524       -10.3929        37.7265        37.5571        36.8902        47.5071       -7.29524       -10.3929       -2.34467
        6.34005        5.29469        37.7265        37.5571        36.8902        47.5071       -7.29524       -10.3929        37.7265        37.5571        36.8902        47.5071       -7.29524       -10.3929       -2.34468
        6.35005        5.29469        37.7265        37.5571        36.8902        47.5071       -7.29524       -10.3929        37.7265        37.5571        36.8902        47.5071       -7.29524       -10.3929       -2.34469
        6.36005        5.29469        37.7265        37.5571        36.8902        47.5071       -7.29524       -10.3929        37.7265        37.5571        36.8902        47.5071       -7.29524       -10.3929       -2.34469
        6.37005        5.29469        37.7265        37.5571        36.8902        47.5071       -7.29524       -10.3929        37.7265        37.5571        36.8902        47.5071       -7.29524       -10.3929       -2.34469
        6.38005        5.29469        37.7266        37.5571        36.8902        47.5071       -7.29523       -10.3929        37.7266        37.5571        36.8902        47.5071       -7.29523       -10.3929       -2.34468
        6.39005        5.29469        37.7266        37.5571        36.8902        47.5071       -7.29523       -10.3929        37.7266        37.5571        36.8902        47.5071       -7.29523       -10.3929       -2.34468
        6.40005        5.29469        37.7266        37.5571        36.8902        47.5071       -7.29523       -10.3929        37.7266        37.5571        36.8902        47.5071       -7.29523       -10.3929       -2.34468
        6.41005        5.29469        37.7266        37.5571        36.8902        47.5071       -7.29523       -10.3929        37.7266        37.5571        36.8902        47.5071       -7.29523       -10.3929       -2.34468
        6.42005        5.29469        37.7266        37.5571        36.8902        47.5071       -7.29523       -10.3929        37.7266        37.5571        36.8902        47.5071       -7.29523       -10.3929       -2.34468
        6.43005        5.29469        37.7266        37.5571        36.8902        47.5071       -7.29523       -10.3929        37.7266        37.5571        36.8902        47.5071       -7.29523       -10.3929       -2.34468
        6.44005        5.29469        37.7266        37.5571        36.8902        47.5071       -7.29524       -10.3929        37.7266        37.5571        36.8902        47.5071       -7.29524       -10.3929       -2.34468
        6.45005         5.2947        37.7266        37.5571        36.8902        47.5071       -7.29524       -10.3929        37.7266        37.5571        36.8902        47.5071       -7.29524       -10.3929       -2.34467
        6.46005         5.2947        37.7266        37.5571        36.8902        47.5071       -7.29525       -10.3929        37.7266        37.5571        36.8902        47.5071       -7.29525       -10.3929       -2.34467
        6.47005         5.2947        37.7266        37.5571        36.8902        47.5071       -7.29526       -10.3929        37.7266        37.5571        36.8902        47.5071       -7.29526       -10.3929       -2.34467
        6.48005         5.2947        37.7266        37.5571        36.8902        47.5071       -7.29526       -10.3929        37.7266        37.5571        36.8902        47.5071       -7.29526       -10.3929       -2.34467
        6.49005         5.2947        37.7266        37.5571        36.8902        47.5071       -7.29526       -10.3929        37.7266        37.5571        36.8902        47.5071       -7.29526       -10.3929       -2.34467
        6.50005         5.2947        37.7266        37.5571        36.8902        47.5071       -7.29526       -10.3929        37.7266        37.5571        36.8902        47.5071       -7.29526       -10.3929       -2.34467
        6.51005         5.2947        37.7266        37.5571        36.8902        47.5071       -7.29526       -10.3929        37.7266        37.5571        36.8902        47.5071       -7.29526       -10.3929       -2.34467
        6.52005         5.2947        37.7266        37.5571        36.8902        47.5071       -7.29526       -10.3929        37.7266        37.5571        36.8902        47.5071       -7.29526       -10.3929       -2.34467
        6.53005         5.2947        37.7266        37.5571        36.8902        47.5071       -7.29526       -10.3929        37.7266        37.5571        36.8902        47.5071       -7.29526       -10.3929       -2.34467
        6.54005         5.2947        37.7266        37.5571        36.8902        47.5071       -7.29526       -10.3929        37.7266        37.5571        36.8902        47.5071       -7.29526       -10.3929       -2.34467
        6.55006         5.2947        37.7266        37.5571        36.8902        47.5071       -7.29526       -10.3929        37.7266        37.5571        36.8902        47.5071       -7.29526       -10.3929       -2.34467
        6.56006        5.29471        37.7266        37.5571        36.8902        47.5071       -7.29525       -10.3929        37.7266        37.5571        36.8902        47.5071       -7.29525       -10.3929       -2.34467
        6.57006        5.29471        37.7266        37.5571        36.8902        47.5071       -7.29525       -10.3929        37.7266        37.5571        36.8902        47.5071       -7.29525       -10.3929       -2.34467
        6.58006        5.29472        37.7266        37.5571        36.8902        47.5071       -7.29524       -10.3929        37.7266        37.5571        36.8902        47.5071       -7.29524       -10.3929       -2.34466
        6.59006        5.29472        37.7266        37.5571        36.8902        47.5071       -7.29524       -10.3929        37.7266        37.5571        36.8902        47.5071       -7.29524       -10.3929       -2.34466
        6.60006        5.29472        37.7266        37.5571        36.8902        47.5071       -7.29524       -10.3929        37.7266        37.5571        36.8902        47.5071       -7.29524       -10.3929       -2.34466
        6.61006        5.29472        37.7265        37.5571        36.8902        47.5071       -7.29524       -10.3929        37.7265        37.5571        36.8902        47.5071       -7.29524       -10.3929       -2.34466
        6.62006        5.29471        37.7265        37.5571        36.8902        47.5071       -7.29524       -10.3929        37.7265        37.5571        36.8902        47.5071       -7.29524       -10.3929       -2.34466
        6.63006         5.2947        37.7265        37.5571        36.8902        47.5071       -7.29524       -10.3929        37.7265        37.5571        36.8902        47.5071       -7.29524       -10.3929       -2.34466
        6.64006         5.2947        37.7266        37.5571        36.8902        47.5071       -7.29523       -10.3929        37.7266        37.5571        36.8902        47.5071       -7.29523       -10.3929       -2.34465
        6.65006         5.2947        37.7266        37.5571        36.8902        47.5071       -7.29523       -10.3929        37.7266        37.5571        36.8902        47.5071       -7.29523       -10.3929       -2.34465
        6.66006         5.2947        37.7266        37.5571        36.8902        47.5071       -7.29523       -10.3929        37.7266        37.5571        36.8902        47.5071       -7.29523       -10.3929       -2.34465
        6.67006         5.2947        37.7266        37.5571        36.8902        47.5071       -7.29523       -10.3929        37.7266        37.5571        36.8902        47.5071       -7.29523       -10.3929       -2.34465
        6.68006         5.2947        37.7266        37.5571        36.8902        47.5071       -7.29523       -10.3929        37.7266        37.5571        36.8902        47.5071       -7.29523       -10.3929       -2.34465
        6.69006         5.2947        37.7266        37.5571        36.8902        47.5071       -7.29523       -10.3929        37.7266        37.5571        36.8902        47.5071       -7.29523       -10.3929       -2.34465
        6.70006         5.2947        37.7266        37.5571        36.8902        47.5071       -7.29523       -10.3929        37.7266        37.5571        36.8902        47.5071       -7.29523       -10.3929       -2.34465
        6.71006         5.2947        37.7266        37.5571        36.8902        47.5071       -7.29523       -10.3929        37.7266        37.5571        36.8902        47.5071       -7.29523       -10.3929       -2.34465
        6.72006         5.2947        37.7266        37.5571        36.8902        47.5071       -7.29524       -10.3929        37.7266        37.5571        36.8902        47.5071       -7.29524       -10.3929       -2.34465
        6.73006         5.2947        37.7266        37.5571        36.8902        47.5071       -7.29524       -10.3929        37.7266        37.5571        36.8902        47.5071       -7.29524       -10.3929       -2.34465
        6.74006         5.2947        37.7266        37.5571        36.8902        47.5071       -7.29525       -10.3929        37.7266        37.5571        36.8902        47.5071       -7.29525       -10.3929       -2.34465
        6.75006         5.2947        37.7266        37.5571        36.8902        47.5071       -7.29525       -10.3929        37.7266        37.5571        36.8902        47.5071       -7.29525       -10.3929       -2.34465
        6.76006         5.2947        37.7266        37.5571        36.8902        47.5071       -7.29525       -10.3929        37.7266        37.5571        36.8902        47.5071       -7.29525       -10.3929       -2.34465
        6.77006         5.2947        37.7266        37.5571        36.8902        47.5071       -7.29525       -10.3929        37.7266        37.5571        36.8902        47.5071       -7.29525       -10.3929       -2.34465
        6.78006        5.29469        37.7265        37.5571        36.8902        47.5071       -7.29526       -10.3929        37.7265        37.5571        36.8902        47.5071       -7.29526       -10.3929       -2.34466
        6.79006        5.29469        37.7265        37.5571        36.8902        47.5071       -7.29526       -10.3929        37.7265        37.5571        36.8902        47.5071       -7.29526       -10.3929       -2.34466
        6.80006        5.29469        37.7265        37.5571        36.8902        47.5071       -7.29526       -10.3929        37.7265        37.5571        36.8902        47.5071       -7.29526       -10.3929       -2.34467
        6.81006        5.29469        37.7265        37.5571        36.8902        47.5071       -7.29526       -10.3929        37.7265        37.5571        36.8902        47.5071       -7.29526       -10.3929       -2.34467
        6.82006        5.29469        37.7265        37.5571        36.8902        47.5071       -7.29526       -10.3929        37.7265        37.5571        36.8902        47.5071       -7.29526       -10.3929       -2.34467
        6.83006        5.29469        37.7265        37.5571        36.8902        47.5071       -7.29526       -10.3929        37.7265        37.5571        36.8902        47.5071       -7.29526       -10.3929       -2.34468
        6.84006        5.29469        37.7265        37.5571        36.8902        47.5071       -7.29526       -10.3929        37.7265        37.5571        36.8902        47.5071       -7.29526       -10.3929       -2.34469
        6.85006        5.29469        37.7265        37.5571        36.8902        47.5071       -7.29526       -10.3929        37.7265        37.5571        36.8902        47.5071       -7.29526       -10.3929        -2.3447
        6.86006        5.29469        37.7265        37.5571        36.8902        47.5071       -7.29526       -10.3929        37.7265        37.5571        36.8902        47.5071       -7.29526       -10.3929        -2.3447
        6.87006        5.29469        37.7265        37.5571        36.8902        47.5071       -7.29526       -10.3929        37.7265        37.5571        36.8902        47.5071       -7.29526       -10.3929        -2.3447
        6.88006        5.29469        37.7265        37.5571        36.8902        47.5071       -7.29526       -10.3929        37.7265        37.5571        36.8902        47.5071       -7.29526       -10.3929        -2.3447
        6.89006        5.29469        37.7265        37.5571        36.8902        47.5071       -7.29526       -10.3929        37.7265        37.5571        36.8902        47.5071       -7.29526       -10.3929        -2.3447
        6.90006         5.2947        37.7266        37.5571        36.8902        47.5071       -7.29525       -10.3929        37.7266        37.5571        36.8902        47.5071       -7.29525       -10.3929       -2.34469
        6.91006         5.2947        37.7266        37.5571        36.8902        47.5071       -7.29525       -10.3929        37.7266        37.5571        36.8902        47.5071       -7.29525       -10.3929       -2.34469
        6.92006         5.2947        37.7266        37.5571        36.8902        47.5071       -7.29525       -10.3929        37.7266        37.5571        36.8902        47.5071       -7.29525       -10.3929       -2.34469
        6.93006         5.2947        37.7266        37.5571        36.8902        47.5071       -7.29525       -10.3929        37.7266        37.5571        36.8902        47.5071       -7.29525       -10.3929       -2.34469
        6.94006         5.2947        37.7266        37.5571        36.8902        47.5071       -7.29525       -10.3929        37.7266        37.5571        36.8902        47.5071       -7.29525       -10.3929       -2.34469
        6.95006         5.2947        37.7266        37.5571        36.8902        47.5071       -7.29525       -10.3929        37.7266        37.5571        36.8902        47.5071       -7.29525       -10.3929       -2.34469
        6.96006         5.2947        37.7266        37.5571        36.8902        47.5071       -7.29525       -10.3929        37.7266        37.5571        36.8902        47.5071       -7.29525       -10.3929       -2.34469
        6.97006         5.2947        37.7266        37.5571        36.8902        47.5071       -7.29525       -10.3929        37.7266        37.5571        36.8902        47.5071       -7.29525       -10.3929       -2.34469
        6.98006        5.29469        37.7266        37.5571        36.8902        47.5071       -7.29525       -10.3929        37.7266        37.5571        36.8902        47.5071       -7.29525       -10.3929       -2.34469
        6.99007        5.29469        37.7266        37.5571        36.8902        47.5071       -7.29525       -10.3929        37.7266        37.5571        36.8902        47.5071       -7.29525       -10.3929       -2.34469
        7.00007        5.29469        37.7265        37.5571        36.8902        47.5071       -7.29525       -10.3929        37.7265        37.5571        36.8902        47.5071       -7.29525       -10.3929       -2.34469
        7.01007        5.29469        37.7265        37.5571        36.8902        47.5071       -7.29525       -10.3929        37.7265        37.5571        36.8902        47.5071       -7.29525       -10.3929       -2.34469
        7.02007        5.29469        37.7265        37.5571        36.8902        47.5071       -7.29525       -10.3929        37.7265        37.5571        36.8902        47.5071       -7.29525       -10.3929       -2.34469
        7.03007        5.29469        37.7265        37.5571        36.8902        47.5071       -7.29525       -10.3929        37.7265        37.5571        36.8902        47.5071       -7.29525       -10.3929       -2.34469
        7.04007        5.29469        37.7265        37.5571        36.8902        47.5071       -7.29525       -10.3929        37.7265        37.5571        36.8902        47.5071       -7.29525       -10.3929       -2.34469
        7.05007        5.29471        37.7266        37.5571        36.8902        47.5071       -7.29523       -10.3929        37.7266        37.5571        36.8902        47.5071       -7.29523       -10.3929       -2.34467
        7.06007        5.29471        37.7266        37.5571        36.8902        47.5071       -7.29523       -10.3929        37.7266        37.5571        36.8902        47.5071       -7.29523       -10.3929       -2.34467
        7.07007        5.29471        37.7265        37.5571        36.8902        47.5071       -7.29523       -10.3929        37.7265        37.5571        36.8902        47.5071       -7.29523       -10.3929       -2.34467
        7.08007        5.29471        37.7265        37.5571        36.8902        47.5071       -7.29523       -10.3929        37.7265        37.5571        36.8902        47.5071       -7.29523       -10.3929       -2.34467
        7.09007        5.29471        37.7265        37.5571        36.8902        47.5071       -7.29524       -10.3929        37.7265        37.5571        36.8902        47.5071       -7.29524       -10.3929       -2.34467
        7.10007        5.29471        37.7265        37.5571        36.8902        47.5071       -7.29524       -10.3929        37.7265        37.5571        36.8902        47.5071       -7.29524       -10.3929       -2.34467
        7.11007        5.29471        37.7265        37.5571        36.8902        47.5071       -7.29524       -10.3929        37.7265        37.5571        36.8902        47.5071       -7.29524       -10.3929       -2.34467
        7.12007        5.29471        37.7265        37.5571        36.8902        47.5071       -7.29524       -10.3929        37.7265        37.5571        36.8902        47.5071       -7.29524       -10.3929       -2.34467
        7.13007        5.29471        37.7265        37.5571        36.8902        47.5071       -7.29524       -10.3929        37.7265        37.5571        36.8902        47.5071       -7.29524       -10.3929       -2.34467
        7.14007        5.29471        37.7265        37.5571        36.8902        47.5071       -7.29524       -10.3929        37.7265        37.5571        36.8902        47.5071       -7.29524       -10.3929       -2.34467
        7.15007        5.29471        37.7265        37.5571        36.8902        47.5071       -7.29524       -10.3929        37.7265        37.5571        36.8902        47.5071       -7.29524       -10.3929       -2.34467
        7.16007        5.29471        37.7265        37.5571        36.8902        47.5071       -7.29524       -10.3929        37.7265        37.5571        36.8902        47.5071       -7.29524       -10.3929       -2.34467
        7.17007        5.29471        37.7265        37.5571        36.8902        47.5071       -7.29524       -10.3929        37.7265        37.5571        36.8902        47.5071       -7.29524       -10.3929       -2.34467
        7.18007        5.29471        37.7265        37.5571        36.8902        47.5071       -7.29524       -10.3929        37.7265        37.5571        36.8902        47.5071       -7.29524       -10.3929       -2.34467
        7.19007        5.29471        37.7265        37.5571        36.8902        47.5071       -7.29524       -10.3929        37.7265        37.5571        36.8902        47.5071       -7.29524       -10.3929       -2.34467
        7.20007        5.29471        37.7265        37.5571        36.8902        47.5071       -7.29524       -10.3929        37.7265        37.5571        36.8902        47.5071       -7.29524       -10.3929       -2.34467
        7.21007        5.29471        37.7265        37.5571        36.8902        47.5071       -7.29524       -10.3929        37.7265        37.5571        36.8902        47.5071       -7.29524       -10.3929       -2.34467
        7.22007        5.29472        37.7266        37.5571        36.8902        47.5071       -7.29523       -10.3929        37.7266        37.5571        36.8902        47.5071       -7.29523       -10.3929       -2.34465
        7.23007        5.29472        37.7266        37.5571        36.8902        47.5071       -7.29523       -10.3929        37.7266        37.5571        36.8902        47.5071       -7.29523       -10.3929       -2.34465
        7.24007        5.29472        37.7266        37.5571        36.8902        47.5071       -7.29523       -10.3929        37.7266        37.5571        36.8902        47.5071       -7.29523       -10.3929       -2.34465
        7.25007        5.29471        37.7265        37.5571        36.8902        47.5071       -7.29524       -10.3929        37.7265        37.5571        36.8902        47.5071       -7.29524       -10.3929       -2.34467
        7.26007        5.29472        37.7266        37.5571        36.8902        47.5071       -7.29523       -10.3929        37.7266        37.5571        36.8902        47.5071       -7.29523       -10.3929       -2.34465
        7.27007        5.29471        37.7265        37.5571        36.8902        47.5071       -7.29524       -10.3929        37.7265        37.5571        36.8902        47.5071       -7.29524       -10.3929       -2.34467
        7.28007         5.2947        37.7265        37.5571        36.8902        47.5071       -7.29524       -10.3929        37.7265        37.5571        36.8902        47.5071       -7.29524       -10.3929       -2.34467
        7.29007        5.29469        37.7265        37.5571        36.8902        47.5071       -7.29524       -10.3929        37.7265        37.5571        36.8902        47.5071       -7.29524       -10.3929       -2.34467
        7.30007        5.29469        37.7266        37.5571        36.8902        47.5071       -7.29523       -10.3929        37.7266        37.5571        36.8902        47.5071       -7.29523       -10.3929       -2.34466
        7.31007        5.29469        37.7266        37.5571        36.8902        47.5071       -7.29523       -10.3929        37.7266        37.5571        36.8902        47.5071       -7.29523       -10.3929       -2.34466
        7.32007        5.29469        37.7266        37.5571        36.8902        47.5071       -7.29523       -10.3929        37.7266        37.5571        36.8902        47.5071       -7.29523       -10.3929       -2.34466
        7.33007        5.29469        37.7266        37.5571        36.8902        47.5071       -7.29523       -10.3929        37.7266        37.5571        36.8902        47.5071       -7.29523       -10.3929       -2.34466
        7.34007         5.2947        37.7266        37.5571        36.8902        47.5071       -7.29523       -10.3929        37.7266        37.5571        36.8902        47.5071       -7.29523       -10.3929       -2.34465
        7.35007         5.2947        37.7266        37.5571        36.8902        47.5071       -7.29523       -10.3929        37.7266        37.5571        36.8902        47.5071       -7.29523       -10.3929       -2.34465
        7.36007         5.2947        37.7266        37.5571        36.8902        47.5071       -7.29523       -10.3929        37.7266        37.5571        36.8902        47.5071       -7.29523       -10.3929       -2.34465
        7.37007         5.2947        37.7266        37.5571        36.8902        47.5071       -7.29523       -10.3929        37.7266        37.5571        36.8902        47.5071       -7.29523       -10.3929       -2.34465
        7.38007         5.2947        37.7266        37.5571        36.8902        47.5071       -7.29523       -10.3929        37.7266        37.5571        36.8902        47.5071       -7.29523       -10.3929       -2.34465
        7.39007         5.2947        37.7266        37.5571        36.8902        47.5071       -7.29523       -10.3929        37.7266        37.5571        36.8902        47.5071       -7.29523       -10.3929       -2.34465
        7.40007         5.2947        37.7266        37.5571        36.8902        47.5071       -7.29523       -10.3929        37.7266        37.5571        36.8902        47.5071       -7.29523       -10.3929       -2.34465
        7.41007         5.2947        37.7266        37.5571        36.8902        47.5071       -7.29523       -10.3929        37.7266        37.5571        36.8902        47.5071       -7.29523       -10.3929       -2.34465
        7.42007         5.2947        37.7266        37.5571        36.8902        47.5071       -7.29523       -10.3929        37.7266        37.5571        36.8902        47.5071       -7.29523       -10.3929       -2.34465
        7.43008         5.2947        37.7266        37.5571        36.8902        47.5071       -7.29523       -10.3929        37.7266        37.5571        36.8902        47.5071       -7.29523       -10.3929       -2.34465
        7.44008        5.29471        37.7266        37.5571        36.8902        47.5071       -7.29523       -10.3929        37.7266        37.5571        36.8902        47.5071       -7.29523       -10.3929       -2.34464
        7.45008        5.29471        37.7266        37.5571        36.8902        47.5071       -7.29524       -10.3929        37.7266        37.5571        36.8902        47.5071       -7.29524       -10.3929       -2.34464
        7.46008        5.29471        37.7266        37.5571        36.8902        47.5071       -7.29524       -10.3929        37.7266        37.5571        36.8902        47.5071       -7.29524       -10.3929       -2.34464
        7.47008        5.29471        37.7266        37.5571        36.8902        47.5071       -7.29524       -10.3929        37.7266        37.5571        36.8902        47.5071       -7.29524       -10.3929       -2.34464
        7.48008        5.29471        37.7266        37.5571        36.8902        47.5071       -7.29524       -10.3929        37.7266        37.5571        36.8902        47.5071       -7.29524       -10.3929       -2.34464
        7.49008        5.29472        37.7266        37.5571        36.8902        47.5071       -7.29523       -10.3929        37.7266        37.5571        36.8902        47.5071       -7.29523       -10.3929       -2.34464
        7.50008        5.29472        37.7266        37.5571        36.8902        47.5071       -7.29523       -10.3929        37.7266        37.5571        36.8902        47.5071       -7.29523       -10.3929       -2.34464
        7.51008        5.29472        37.7266        37.5571        36.8902        47.5071       -7.29523       -10.3929        37.7266        37.5571        36.8902        47.5071       -7.29523       -10.3929       -2.34464
        7.52008        5.29472        37.7266        37.5571        36.8902        47.5071       -7.29523       -10.3929        37.7266        37.5571        36.8902        47.5071       -7.29523       -10.3929       -2.34464
        7.53008        5.29472        37.7266        37.5571        36.8902        47.5071       -7.29523       -10.3929        37.7266        37.5571        36.8902        47.5071       -7.29523       -10.3929       -2.34464
        7.54008        5.29472        37.7266        37.5571        36.8902        47.5071       -7.29523       -10.3929        37.7266        37.5571        36.8902        47.5071       -7.29523       -10.3929       -2.34464
        7.55008        5.29472        37.7266        37.5571        36.8902        47.5071       -7.29523       -10.3929        37.7266        37.5571        36.8902        47.5071       -7.29523       -10.3929       -2.34463
        7.56008        5.29472        37.7266        37.5571        36.8902        47.5071       -7.29523       -10.3929        37.7266        37.5571        36.8902        47.5071       -7.29523       -10.3929       -2.34463
        7.57008        5.29473        37.7266        37.5571        36.8902        47.5072       -7.29522       -10.3929        37.7266        37.5571        36.8902        47.5072       -7.29522       -10.3929       -2.34462
        7.58008        5.29473        37.7266        37.5571        36.8902        47.5072       -7.29522       -10.3929        37.7266        37.5571        36.8902        47.5072       -7.29522       -10.3929       -2.34462
        7.59008        5.29473        37.7266        37.5571        36.8902        47.5072       -7.29522       -10.3929        37.7266        37.5571        36.8902        47.5072       -7.29522       -10.3929       -2.34462
        7.60008        5.29473        37.7266        37.5571        36.8902        47.5072       -7.29522       -10.3929        37.7266        37.5571        36.8902        47.5072       -7.29522       -10.3929       -2.34462
        7.61008        5.29473        37.7266        37.5571        36.8902        47.5072       -7.29522       -10.3929        37.7266        37.5571        36.8902        47.5072       -7.29522       -10.3929       -2.34462
        7.62008        5.29473        37.7266        37.5571        36.8902        47.5072       -7.29522       -10.3929        37.7266        37.5571        36.8902        47.5072       -7.29522       -10.3929       -2.34462
        7.63008        5.29473        37.7266        37.5571        36.8902        47.5072       -7.29522       -10.3929        37.7266        37.5571        36.8902        47.5072       -7.29522       -10.3929       -2.34462
        7.64008        5.29473        37.7266        37.5571        36.8902        47.5072       -7.29523       -10.3929        37.7266        37.5571        36.8902        47.5072       -7.29523       -10.3929       -2.34462
        7.65008        5.29472        37.7266        37.5571        36.8902        47.5072       -7.29523       -10.3929        37.7266        37.5571        36.8902        47.5072       -7.29523       -10.3929       -2.34462
        7.66008        5.29472        37.7266        37.5571        36.8902        47.5072       -7.29524       -10.3929        37.7266        37.5571        36.8902        47.5072       -7.29524       -10.3929       -2.34462
        7.67008        5.29471        37.7266        37.5571        36.8902        47.5072       -7.29524       -10.3929        37.7266        37.5571        36.8902        47.5072       -7.29524       -10.3929       -2.34462
        7.68008        5.29471        37.7266        37.5571        36.8902        47.5072       -7.29524       -10.3929        37.7266        37.5571        36.8902        47.5072       -7.29524       -10.3929       -2.34462
        7.69008        5.29471        37.7266        37.5571        36.8902        47.5072       -7.29524       -10.3929        37.7266        37.5571        36.8902        47.5072       -7.29524       -10.3929       -2.34463
        7.70008        5.29471        37.7266        37.5571        36.8902        47.5072       -7.29524       -10.3929        37.7266        37.5571        36.8902        47.5072       -7.29524       -10.3929       -2.34464
        7.71008        5.29471        37.7266        37.5571        36.8902        47.5071       -7.29524       -10.3929        37.7266        37.5571        36.8902        47.5071       -7.29524       -10.3929       -2.34464
        7.72008        5.29471        37.7266        37.5571        36.8902        47.5071       -7.29524       -10.3929        37.7266        37.5571        36.8902        47.5071       -7.29524       -10.3929       -2.34465
        7.73008        5.29472        37.7266        37.5571        36.8902        47.5072       -7.29523       -10.3929        37.7266        37.5571        36.8902        47.5072       -7.29523       -10.3929       -2.34464
        7.74008        5.29472        37.7266        37.5571        36.8902        47.5072       -7.29523       -10.3929        37.7266        37.5571        36.8902        47.5072       -7.29523       -10.3929       -2.34464
        7.75008        5.29472        37.7266        37.5571        36.8902        47.5071       -7.29523       -10.3929        37.7266        37.5571        36.8902        47.5071       -7.29523       -10.3929       -2.34465
        7.76008        5.29473        37.7266        37.5571        36.8902        47.5072       -7.29522       -10.3929        37.7266        37.5571        36.8902        47.5072       -7.29522       -10.3929       -2.34465
        7.77008        5.29473        37.7266        37.5571        36.8902        47.5071       -7.29522       -10.3929        37.7266        37.5571        36.8902        47.5071       -7.29522       -10.3929       -2.34465
        7.78008        5.29473        37.7266        37.5571        36.8902        47.5071       -7.29522       -10.3929        37.7266        37.5571        36.8902        47.5071       -7.29522       -10.3929       -2.34465
        7.79008        5.29473        37.7266        37.5571        36.8902        47.5071       -7.29522       -10.3929        37.7266        37.5571        36.8902        47.5071       -7.29522       -10.3929       -2.34465
        7.80008        5.29473        37.7266        37.5571        36.8902        47.5071       -7.29522       -10.3929        37.7266        37.5571        36.8902        47.5071       -7.29522       -10.3929       -2.34465
        7.81008        5.29473        37.7266        37.5571        36.8902        47.5071       -7.29522       -10.3929        37.7266        37.5571        36.8902        47.5071       -7.29522       -10.3929       -2.34465
        7.82008        5.29473        37.7266        37.5571        36.8902        47.5071       -7.29522       -10.3929        37.7266        37.5571        36.8902        47.5071       -7.29522       -10.3929       -2.34465
        7.83008        5.29473        37.7266        37.5571        36.8902        47.5071       -7.29522       -10.3929        37.7266        37.5571        36.8902        47.5071       -7.29522       -10.3929       -2.34465
        7.84008        5.29473        37.7266        37.5571        36.8902        47.5071       -7.29522       -10.3929        37.7266        37.5571        36.8902        47.5071       -7.29522       -10.3929       -2.34465
        7.85008        5.29473        37.7266        37.5571        36.8902        47.5071       -7.29522       -10.3929        37.7266        37.5571        36.8902        47.5071       -7.29522       -10.3929       -2.34465
        7.86009        5.29473        37.7266        37.5571        36.8902        47.5071       -7.29522       -10.3929        37.7266        37.5571        36.8902        47.5071       -7.29522       -10.3929       -2.34465
        7.87009        5.29473        37.7266        37.5571        36.8902        47.5071       -7.29522       -10.3929        37.7266        37.5571        36.8902        47.5071       -7.29522       -10.3929       -2.34465
        7.88009        5.29473        37.7266        37.5571        36.8902        47.5071       -7.29522       -10.3929        37.7266        37.5571        36.8902        47.5071       -7.29522       -10.3929       -2.34465
        7.89009        5.29473        37.7266        37.5571        36.8902        47.5071       -7.29522       -10.3929        37.7266        37.5571        36.8902        47.5071       -7.29522       -10.3929       -2.34465
        7.90009        5.29473        37.7266        37.5571        36.8902        47.5071       -7.29522       -10.3929        37.7266        37.5571        36.8902        47.5071       -7.29522       -10.3929       -2.34465
        7.91009        5.29473        37.7266        37.5571        36.8902        47.5071       -7.29522       -10.3929        37.7266        37.5571        36.8902        47.5071       -7.29522       -10.3929       -2.34465
        7.92009        5.29473        37.7266        37.5571        36.8902        47.5071       -7.29522       -10.3929        37.7266        37.5571        36.8902        47.5071       -7.29522       -10.3929       -2.34465
        7.93009        5.29473        37.7266        37.5571        36.8902        47.5071       -7.29522       -10.3929        37.7266        37.5571        36.8902        47.5071       -7.29522       -10.3929       -2.34465
        7.94009        5.29473        37.7266        37.5571        36.8902        47.5071       -7.29522       -10.3929        37.7266        37.5571        36.8902        47.5071       -7.29522       -10.3929       -2.34465
        7.95009        5.29473        37.7266        37.5571        36.8902        47.5071       -7.29522       -10.3929        37.7266        37.5571        36.8902        47.5071       -7.29522       -10.3929       -2.34465
        7.96009        5.29473        37.7266        37.5571        36.8902        47.5071       -7.29522       -10.3929        37.7266        37.5571        36.8902        47.5071       -7.29522       -10.3929       -2.34465
        7.97009        5.29473        37.7266        37.5571        36.8902        47.5071       -7.29522       -10.3929        37.7266        37.5571        36.8902        47.5071       -7.29522       -10.3929       -2.34465
        7.98009        5.29473        37.7266        37.5571        36.8902        47.5071       -7.29523       -10.3929        37.7266        37.5571        36.8902        47.5071       -7.29523       -10.3929       -2.34465
        7.99009        5.29473        37.7266        37.5571        36.8902        47.5071       -7.29523       -10.3929        37.7266        37.5571        36.8902        47.5071       -7.29523       -10.3929       -2.34465
        8.00009        5.29473        37.7266        37.5571        36.8902        47.5071       -7.29523       -10.3929        37.7266        37.5571        36.8902        47.5071       -7.29523       -10.3929       -2.34465
        8.01009        5.29473        37.7266        37.5571        36.8902        47.5071       -7.29523       -10.3929        37.7266        37.5571        36.8902        47.5071       -7.29523       -10.3929       -2.34465
        8.02009        5.29472        37.7266        37.5571        36.8902        47.5071       -7.29523       -10.3929        37.7266        37.5571        36.8902        47.5071       -7.29523       -10.3929       -2.34465
        8.03009        5.29472        37.7266        37.5571        36.8902        47.5071       -7.29523       -10.3929        37.7266        37.5571        36.8902        47.5071       -7.29523       -10.3929       -2.34465
        8.04009        5.29472        37.7266        37.5571        36.8902        47.5071       -7.29523       -10.3929        37.7266        37.5571        36.8902        47.5071       -7.29523       -10.3929       -2.34465
        8.05009        5.29472        37.7266        37.5571        36.8902        47.5072       -7.29523       -10.3929        37.7266        37.5571        36.8902        47.5072       -7.29523       -10.3929       -2.34464
        8.06009        5.29472        37.7266        37.5571        36.8902        47.5072       -7.29523       -10.3929        37.7266        37.5571        36.8902        47.5072       -7.29523       -10.3929       -2.34464
        8.07009        5.29472        37.7266        37.5571        36.8902        47.5072       -7.29523       -10.3929        37.7266        37.5571        36.8902        47.5072       -7.29523       -10.3929       -2.34464
        8.08009        5.29472        37.7266        37.5571        36.8902        47.5072       -7.29523       -10.3929        37.7266        37.5571        36.8902        47.5072       -7.29523       -10.3929       -2.34464
        8.09009        5.29472        37.7266        37.5571        36.8902        47.5072       -7.29523       -10.3929        37.7266        37.5571        36.8902        47.5072       -7.29523       -10.3929       -2.34464
        8.10009        5.29472        37.7266        37.5571        36.8902        47.5072       -7.29523       -10.3929        37.7266        37.5571        36.8902        47.5072       -7.29523       -10.3929       -2.34464
        8.11009        5.29472        37.7266        37.5571        36.8902        47.5072       -7.29523       -10.3929        37.7266        37.5571        36.8902        47.5072       -7.29523       -10.3929       -2.34464
        8.12009        5.29474        37.7266        37.5571        36.8902        47.5072       -7.29521       -10.3929        37.7266        37.5571        36.8902        47.5072       -7.29521       -10.3929       -2.34463
        8.13009        5.29474        37.7266        37.5571        36.8902        47.5072       -7.29521       -10.3929        37.7266        37.5571        36.8902        47.5072       -7.29521       -10.3929       -2.34463
        8.14009        5.29474        37.7266        37.5571        36.8902        47.5072       -7.29521       -10.3929        37.7266        37.5571        36.8902        47.5072       -7.29521       -10.3929       -2.34463
        8.15009        5.29474        37.7266        37.5571        36.8902        47.5072       -7.29521       -10.3929        37.7266        37.5571        36.8902        47.5072       -7.29521       -10.3929       -2.34463
        8.16009        5.29474        37.7266        37.5571        36.8902        47.5072       -7.29521       -10.3929        37.7266        37.5571        36.8902        47.5072       -7.29521       -10.3929       -2.34463
        8.17009        5.29474        37.7266        37.5571        36.8902        47.5072       -7.29521       -10.3929        37.7266        37.5571        36.8902        47.5072       -7.29521       -10.3929       -2.34463
        8.18009        5.29474        37.7266        37.5571        36.8902        47.5072       -7.29521       -10.3929        37.7266        37.5571        36.8902        47.5072       -7.29521       -10.3929       -2.34463
        8.19009        5.29474        37.7266        37.5571        36.8902        47.5071       -7.29521       -10.3929        37.7266        37.5571        36.8902        47.5071       -7.29521       -10.3929       -2.34463
        8.20009        5.29474        37.7266        37.5571        36.8902        47.5071       -7.29521       -10.3929        37.7266        37.5571        36.8902        47.5071       -7.29521       -10.3929       -2.34463
        8.21009        5.29474        37.7266        37.5571        36.8902        47.5071       -7.29521       -10.3929        37.7266        37.5571        36.8902        47.5071       -7.29521       -10.3929       -2.34463
        8.22009        5.29474        37.7266        37.5571        36.8902        47.5071       -7.29521       -10.3929        37.7266        37.5571        36.8902        47.5071       -7.29521       -10.3929       -2.34463
        8.23009        5.29474        37.7266        37.5571        36.8902        47.5071       -7.29521       -10.3929        37.7266        37.5571        36.8902        47.5071       -7.29521       -10.3929       -2.34463
        8.24009        5.29474        37.7266        37.5571        36.8902        47.5071       -7.29521       -10.3929        37.7266        37.5571        36.8902        47.5071       -7.29521       -10.3929       -2.34463
        8.25009        5.29474        37.7266        37.5571        36.8902        47.5071       -7.29521       -10.3929        37.7266        37.5571        36.8902        47.5071       -7.29521       -10.3929       -2.34463
        8.26009        5.29474        37.7266        37.5571        36.8902        47.5071       -7.29521       -10.3929        37.7266        37.5571        36.8902        47.5071       -7.29521       -10.3929       -2.34463
        8.27009        5.29474        37.7266        37.5571        36.8902        47.5071       -7.29521       -10.3929        37.7266        37.5571        36.8902        47.5071       -7.29521       -10.3929       -2.34463
        8.28009        5.29474        37.7266        37.5571        36.8902        47.5071       -7.29521       -10.3929        37.7266        37.5571        36.8902        47.5071       -7.29521       -10.3929       -2.34463
        8.29009        5.29474        37.7266        37.5571        36.8902        47.5071       -7.29521       -10.3929        37.7266        37.5571        36.8902        47.5071       -7.29521       -10.3929       -2.34463
        8.30009        5.29473        37.7266        37.5571        36.8902        47.5071       -7.29521       -10.3929        37.7266        37.5571        36.8902        47.5071       -7.29521       -10.3929       -2.34463
        8.31009        5.29473        37.7266        37.5571        36.8902        47.5071        -7.2952       -10.3929        37.7266        37.5571        36.8902        47.5071        -7.2952       -10.3929       -2.34462
         8.3201        5.29472        37.7266        37.5571        36.8902        47.5071        -7.2952       -10.3929        37.7266        37.5571        36.8902        47.5071        -7.2952       -10.3929       -2.34462
         8.3301        5.29472        37.7266        37.5571        36.8902        47.5071        -7.2952       -10.3929        37.7266        37.5571        36.8902        47.5071        -7.2952       -10.3929       -2.34462
         8.3401        5.29472        37.7266        37.5571        36.8902        47.5071        -7.2952       -10.3929        37.7266        37.5571        36.8902        47.5071        -7.2952       -10.3929       -2.34462
         8.3501        5.29472        37.7266        37.5571        36.8902        47.5071        -7.2952       -10.3929        37.7266        37.5571        36.8902        47.5071        -7.2952       -10.3929       -2.34462
         8.3601        5.29472        37.7266        37.5571        36.8902        47.5071       -7.29521       -10.3929        37.7266        37.5571        36.8902        47.5071       -7.29521       -10.3929       -2.34462
         8.3701        5.29472        37.7266        37.5571        36.8902        47.5071       -7.29522       -10.3929        37.7266        37.5571        36.8902        47.5071       -7.29522       -10.3929       -2.34462
         8.3801        5.29472        37.7266        37.5571        36.8902        47.5071       -7.29523       -10.3929        37.7266        37.5571        36.8902        47.5071       -7.29523       -10.3929       -2.34462
         8.3901        5.29472        37.7266        37.5571        36.8902        47.5071       -7.29523       -10.3929        37.7266        37.5571        36.8902        47.5071       -7.29523       -10.3929       -2.34462
         8.4001        5.29474        37.7266        37.5572        36.8902        47.5072       -7.29521       -10.3929        37.7266        37.5572        36.8902        47.5072       -7.29521       -10.3929        -2.3446
         8.4101        5.29474        37.7266        37.5572        36.8902        47.5072       -7.29521       -10.3929        37.7266        37.5572        36.8902        47.5072       -7.29521       -10.3929        -2.3446
         8.4201        5.29474        37.7266        37.5572        36.8902        47.5072       -7.29521       -10.3929        37.7266        37.5572        36.8902        47.5072       -7.29521       -10.3929        -2.3446
         8.4301        5.29474        37.7266        37.5572        36.8902        47.5072       -7.29521       -10.3929        37.7266        37.5572        36.8902        47.5072       -7.29521       -10.3929        -2.3446
         8.4401        5.29474        37.7266        37.5572        36.8902        47.5072       -7.29521       -10.3929        37.7266        37.5572        36.8902        47.5072       -7.29521       -10.3929        -2.3446
         8.4501        5.29474        37.7266        37.5572        36.8902        47.5072       -7.29521       -10.3929        37.7266        37.5572        36.8902        47.5072       -7.29521       -10.3929        -2.3446
         8.4601        5.29474        37.7266        37.5571        36.8902        47.5072       -7.29521       -10.3929        37.7266        37.5571        36.8902        47.5072       -7.29521       -10.3929        -2.3446
         8.4701        5.29474        37.7266        37.5571        36.8902        47.5072       -7.29521       -10.3929        37.7266        37.5571        36.8902        47.5072       -7.29521       -10.3929        -2.3446
         8.4801        5.29474        37.7266        37.5571        36.8902        47.5072       -7.29521       -10.3929        37.7266        37.5571        36.8902        47.5072       -7.29521       -10.3929        -2.3446
         8.4901        5.29474        37.7266        37.5571        36.8902        47.5072       -7.29521       -10.3929        37.7266        37.5571        36.8902        47.5072       -7.29521       -10.3929       -2.34461
         8.5001        5.29474        37.7266        37.5571        36.8902        47.5072       -7.29521       -10.3929        37.7266        37.5571        36.8902        47.5072       -7.29521       -10.3929       -2.34462
         8.5101        5.29474        37.7266        37.5571        36.8902        47.5072       -7.29521       -10.3929        37.7266        37.5571        36.8902        47.5072       -7.29521       -10.3929       -2.34463
         8.5201        5.29474        37.7266        37.5571        36.8902        47.5072       -7.29521       -10.3929        37.7266        37.5571        36.8902        47.5072       -7.29521       -10.3929       -2.34464
         8.5301        5.29474        37.7266        37.5571        36.8902        47.5072       -7.29521       -10.3929        37.7266        37.5571        36.8902        47.5072       -7.29521       -10.3929       -2.34464
         8.5401        5.29475        37.7266        37.5571        36.8902        47.5072        -7.2952       -10.3929        37.7266        37.5571        36.8902        47.5072        -7.2952       -10.3929       -2.34464
         8.5501        5.29475        37.7266        37.5571        36.8902        47.5072        -7.2952       -10.3929        37.7266        37.5571        36.8902        47.5072        -7.2952       -10.3929       -2.34464
         8.5601        5.29475        37.7266        37.5571        36.8902        47.5072        -7.2952       -10.3929        37.7266        37.5571        36.8902        47.5072        -7.2952       -10.3929       -2.34464
         8.5701        5.29475        37.7266        37.5571        36.8902        47.5072        -7.2952       -10.3929        37.7266        37.5571        36.8902        47.5072        -7.2952       -10.3929       -2.34464
         8.5801        5.29475        37.7266        37.5571        36.8902        47.5072        -7.2952       -10.3929        37.7266        37.5571        36.8902        47.5072        -7.2952       -10.3929       -2.34464
         8.5901        5.29474        37.7266        37.5571        36.8902        47.5072        -7.2952       -10.3929        37.7266        37.5571        36.8902        47.5072        -7.2952       -10.3929       -2.34464
         8.6001        5.29473        37.7266        37.5571        36.8902        47.5072        -7.2952       -10.3929        37.7266        37.5571        36.8902        47.5072        -7.2952       -10.3929       -2.34464
         8.6101        5.29472        37.7266        37.5571        36.8902        47.5072        -7.2952       -10.3929        37.7266        37.5571        36.8902        47.5072        -7.2952       -10.3929       -2.34464
         8.6201        5.29472        37.7266        37.5571        36.8902        47.5072        -7.2952       -10.3929        37.7266        37.5571        36.8902        47.5072        -7.2952       -10.3929       -2.34464
         8.6301        5.29472        37.7266        37.5571        36.8902        47.5072       -7.29521       -10.3929        37.7266        37.5571        36.8902        47.5072       -7.29521       -10.3929       -2.34464
         8.6401        5.29472        37.7266        37.5571        36.8902        47.5072       -7.29522       -10.3929        37.7266        37.5571        36.8902        47.5072       -7.29522       -10.3929       -2.34464
         8.6501        5.29472        37.7266        37.5571        36.8902        47.5072       -7.29522       -10.3929        37.7266        37.5571        36.8902        47.5072       -7.29522       -10.3929       -2.34464
         8.6601        5.29472        37.7266        37.5571        36.8902        47.5071       -7.29522       -10.3929        37.7266        37.5571        36.8902        47.5071       -7.29522       -10.3929       -2.34464
         8.6701        5.29472        37.7266        37.5571        36.8902        47.5071       -7.29522       -10.3929        37.7266        37.5571        36.8902        47.5071       -7.29522       -10.3929       -2.34464
         8.6801        5.29472        37.7266        37.5571        36.8902        47.5071       -7.29522       -10.3929        37.7266        37.5571        36.8902        47.5071       -7.29522       -10.3929       -2.34464
         8.6901        5.29472        37.7266        37.5571        36.8902        47.5071       -7.29522       -10.3929        37.7266        37.5571        36.8902        47.5071       -7.29522       -10.3929       -2.34464
         8.7001        5.29472        37.7266        37.5571        36.8902        47.5071       -7.29522       -10.3929        37.7266        37.5571        36.8902        47.5071       -7.29522       -10.3929       -2.34464
         8.7101        5.29472        37.7266        37.5571        36.8902        47.5071       -7.29522       -10.3929        37.7266        37.5571        36.8902        47.5071       -7.29522       -10.3929       -2.34464
         8.7201        5.29473        37.7266        37.5571        36.8902        47.5071       -7.29521       -10.3929        37.7266        37.5571        36.8902        47.5071       -7.29521       -10.3929       -2.34464
         8.7301        5.29473        37.7266        37.5571        36.8902        47.5071       -7.29521       -10.3929        37.7266        37.5571        36.8902        47.5071       -7.29521       -10.3929       -2.34464
         8.7401        5.29473        37.7266        37.5571        36.8902        47.5071       -7.29521       -10.3929        37.7266        37.5571        36.8902        47.5071       -7.29521       -10.3929       -2.34464
         8.7501        5.29473        37.7266        37.5571        36.8902        47.5071       -7.29521       -10.3929        37.7266        37.5571        36.8902        47.5071       -7.29521       -10.3929       -2.34464
        8.76011        5.29473        37.7266        37.5571        36.8902        47.5071       -7.29521       -10.3929        37.7266        37.5571        36.8902        47.5071       -7.29521       -10.3929       -2.34464
        8.77011        5.29473        37.7266        37.5571        36.8902        47.5071       -7.29521       -10.3929        37.7266        37.5571        36.8902        47.5071       -7.29521       -10.3929       -2.34464
        8.78011        5.29473        37.7266        37.5571        36.8902        47.5071       -7.29521       -10.3929        37.7266        37.5571        36.8902        47.5071       -7.29521       -10.3929       -2.34464
        8.79011        5.29473        37.7266        37.5571        36.8902        47.5071       -7.29521       -10.3929        37.7266        37.5571        36.8902        47.5071       -7.29521       -10.3929       -2.34464
        8.80011        5.29473        37.7266        37.5571        36.8902        47.5071       -7.29521       -10.3929        37.7266        37.5571        36.8902        47.5071       -7.29521       -10.3929       -2.34464
        8.81011        5.29473        37.7266        37.5571        36.8902        47.5071       -7.29521       -10.3929        37.7266        37.5571        36.8902        47.5071       -7.29521       -10.3929       -2.34464
        8.82011        5.29473        37.7266        37.5571        36.8902        47.5071       -7.29521       -10.3929        37.7266        37.5571        36.8902        47.5071       -7.29521       -10.3929       -2.34464
        8.83011        5.29473        37.7266        37.5571        36.8902        47.5071       -7.29521       -10.3929        37.7266        37.5571        36.8902        47.5071       -7.29521       -10.3929       -2.34464
        8.84011        5.29473        37.7266        37.5571        36.8902        47.5071       -7.29521       -10.3929        37.7266        37.5571        36.8902        47.5071       -7.29521       -10.3929       -2.34464
        8.85011        5.29473        37.7266        37.5571        36.8902        47.5071       -7.29521       -10.3929        37.7266        37.5571        36.8902        47.5071       -7.29521       -10.3929       -2.34464
        8.86011        5.29473        37.7266        37.5571        36.8902        47.5071       -7.29521       -10.3929        37.7266        37.5571        36.8902        47.5071       -7.29521       -10.3929       -2.34464
        8.87011        5.29472        37.7266        37.5571        36.8902        47.5071       -7.29521       -10.3929        37.7266        37.5571        36.8902        47.5071       -7.29521       -10.3929       -2.34464
        8.88011        5.29472        37.7266        37.5571        36.8902        47.5071       -7.29521       -10.3929        37.7266        37.5571        36.8902        47.5071       -7.29521       -10.3929       -2.34464
        8.89011        5.29472        37.7266        37.5571        36.8902        47.5071       -7.29521       -10.3929        37.7266        37.5571        36.8902        47.5071       -7.29521       -10.3929       -2.34464
        8.90011        5.29472        37.7266        37.5571        36.8902        47.5071       -7.29521       -10.3929        37.7266        37.5571        36.8902        47.5071       -7.29521       -10.3929       -2.34464
        8.91011        5.29472        37.7266        37.5571        36.8902        47.5071       -7.29521       -10.3929        37.7266        37.5571        36.8902        47.5071       -7.29521       -10.3929       -2.34464
        8.92011        5.29472        37.7266        37.5571        36.8902        47.5071       -7.29521       -10.3929        37.7266        37.5571        36.8902        47.5071       -7.29521       -10.3929       -2.34464
        8.93011        5.29472        37.7266        37.5571        36.8902        47.5071       -7.29521       -10.3929        37.7266        37.5571        36.8902        47.5071       -7.29521       -10.3929       -2.34464
        8.94011        5.29472        37.7266        37.5571        36.8902        47.5071       -7.29521       -10.3929        37.7266        37.5571        36.8902        47.5071       -7.29521       -10.3929       -2.34464
        8.95011        5.29472        37.7266        37.5571        36.8902        47.5071       -7.29521       -10.3929        37.7266        37.5571        36.8902        47.5071       -7.29521       -10.3929       -2.34464
        8.96011        5.29472        37.7266        37.5571        36.8902        47.5071       -7.29522       -10.3929        37.7266        37.5571        36.8902        47.5071       -7.29522       -10.3929       -2.34464
        8.97011        5.29472        37.7266        37.5571        36.8902        47.5071       -7.29523       -10.3929        37.7266        37.5571        36.8902        47.5071       -7.29523       -10.3929       -2.34464
        8.98011        5.29472        37.7266        37.5571        36.8902        47.5071       -7.29523       -10.3929        37.7266        37.5571        36.8902        47.5071       -7.29523       -10.3929       -2.34463
        8.99011        5.29472        37.7266        37.5571        36.8902        47.5071       -7.29523       -10.3929        37.7266        37.5571        36.8902        47.5071       -7.29523       -10.3929       -2.34463
        9.00011        5.29472        37.7266        37.5571        36.8902        47.5071       -7.29523       -10.3929        37.7266        37.5571        36.8902        47.5071       -7.29523       -10.3929       -2.34463
        9.01011        5.29472        37.7266        37.5571        36.8902        47.5071       -7.29523       -10.3929        37.7266        37.5571        36.8902        47.5071       -7.29523       -10.3929       -2.34463
        9.02011        5.29472        37.7266        37.5571        36.8902        47.5071       -7.29523       -10.3929        37.7266        37.5571        36.8902        47.5071       -7.29523       -10.3929       -2.34463
        9.03011        5.29472        37.7266        37.5571        36.8902        47.5071       -7.29523       -10.3929        37.7266        37.5571        36.8902        47.5071       -7.29523       -10.3929       -2.34463
        9.04011        5.29472        37.7266        37.5571        36.8902        47.5071       -7.29523       -10.3929        37.7266        37.5571        36.8902        47.5071       -7.29523       -10.3929       -2.34463
        9.05011        5.29472        37.7266        37.5571        36.8902        47.5071       -7.29523       -10.3929        37.7266        37.5571        36.8902        47.5071       -7.29523       -10.3929       -2.34463
        9.06011        5.29472        37.7266        37.5571        36.8902        47.5071       -7.29523       -10.3929        37.7266        37.5571        36.8902        47.5071       -7.29523       -10.3929       -2.34463
        9.07011        5.29472        37.7266        37.5571        36.8902        47.5071       -7.29523       -10.3929        37.7266        37.5571        36.8902        47.5071       -7.29523       -10.3929       -2.34463
        9.08011        5.29472        37.7265        37.5571        36.8902        47.5071       -7.29523       -10.3929        37.7265        37.5571        36.8902        47.5071       -7.29523       -10.3929       -2.34463
        9.09011        5.29472        37.7265        37.5571        36.8902        47.5071       -7.29523       -10.3929        37.7265        37.5571        36.8902        47.5071       -7.29523       -10.3929       -2.34463
        9.10011        5.29472        37.7265        37.5571        36.8902        47.5071       -7.29523       -10.3929        37.7265        37.5571        36.8902        47.5071       -7.29523       -10.3929       -2.34463
        9.11011        5.29472        37.7265        37.5571        36.8902        47.5071       -7.29523       -10.3929        37.7265        37.5571        36.8902        47.5071       -7.29523       -10.3929       -2.34463
        9.12011        5.29472        37.7265        37.5571        36.8902        47.5071       -7.29523       -10.3929        37.7265        37.5571        36.8902        47.5071       -7.29523       -10.3929       -2.34463
        9.13011        5.29472        37.7265        37.5571        36.8902        47.5071       -7.29523       -10.3929        37.7265        37.5571        36.8902        47.5071       -7.29523       -10.3929       -2.34463
        9.14011        5.29472        37.7265        37.5571        36.8902        47.5071       -7.29523       -10.3929        37.7265        37.5571        36.8902        47.5071       -7.29523       -10.3929       -2.34463
        9.15011        5.29472        37.7265        37.5571        36.8902        47.5071       -7.29523       -10.3929        37.7265        37.5571        36.8902        47.5071       -7.29523       -10.3929       -2.34463
        9.16011        5.29472        37.7265        37.5571        36.8902        47.5071       -7.29523       -10.3929        37.7265        37.5571        36.8902        47.5071       -7.29523       -10.3929       -2.34463
        9.17011        5.29472        37.7265        37.5571        36.8902        47.5071       -7.29523       -10.3929        37.7265        37.5571        36.8902        47.5071       -7.29523       -10.3929       -2.34464
        9.18011        5.29473        37.7265        37.5571        36.8902        47.5071       -7.29523       -10.3929        37.7265        37.5571        36.8902        47.5071       -7.29523       -10.3929       -2.34464
        9.19011        5.29473        37.7265        37.5571        36.8902        47.5071       -7.29523       -10.3929        37.7265        37.5571        36.8902        47.5071       -7.29523       -10.3929       -2.34464
        9.20012        5.29472        37.7265        37.5571        36.8902        47.5071       -7.29524       -10.3929        37.7265        37.5571        36.8902        47.5071       -7.29524       -10.3929       -2.34465
        9.21012        5.29472        37.7265        37.5571        36.8902        47.5071       -7.29525       -10.3929        37.7265        37.5571        36.8902        47.5071       -7.29525       -10.3929       -2.34466
        9.22012        5.29471        37.7265        37.5571        36.8902        47.5071       -7.29525       -10.3929        37.7265        37.5571        36.8902        47.5071       -7.29525       -10.3929       -2.34467
        9.23012         5.2947        37.7265        37.5571        36.8902        47.5071       -7.29525       -10.3929        37.7265        37.5571        36.8902        47.5071       -7.29525       -10.3929       -2.34467
        9.24012         5.2947        37.7265        37.5571        36.8902        47.5071       -7.29525       -10.3929        37.7265        37.5571        36.8902        47.5071       -7.29525       -10.3929       -2.34468
        9.25012        5.29471        37.7266        37.5571        36.8902        47.5072       -7.29524       -10.3929        37.7266        37.5571        36.8902        47.5072       -7.29524       -10.3929       -2.34467
        9.26012        5.29471        37.7266        37.5571        36.8902        47.5072       -7.29524       -10.3929        37.7266        37.5571        36.8902        47.5072       -7.29524       -10.3929       -2.34467
        9.27012        5.29471        37.7266        37.5571        36.8902        47.5072       -7.29524       -10.3929        37.7266        37.5571        36.8902        47.5072       -7.29524       -10.3929       -2.34467
        9.28012        5.29471        37.7266        37.5571        36.8902        47.5072       -7.29524       -10.3929        37.7266        37.5571        36.8902        47.5072       -7.29524       -10.3929       -2.34467
        9.29012        5.29471        37.7266        37.5571        36.8902        47.5071       -7.29524       -10.3929        37.7266        37.5571        36.8902        47.5071       -7.29524       -10.3929       -2.34467
        9.30012        5.29471        37.7266        37.5571        36.8902        47.5071       -7.29524       -10.3929        37.7266        37.5571        36.8902        47.5071       -7.29524       -10.3929       -2.34467
        9.31012        5.29471        37.7266        37.5571        36.8902        47.5071       -7.29524       -10.3929        37.7266        37.5571        36.8902        47.5071       -7.29524       -10.3929       -2.34467
        9.32012        5.29471        37.7266        37.5571        36.8902        47.5071       -7.29524       -10.3929        37.7266        37.5571        36.8902        47.5071       -7.29524       -10.3929       -2.34467
        9.33012        5.29471        37.7266        37.5571        36.8902        47.5071       -7.29524       -10.3929        37.7266        37.5571        36.8902        47.5071       -7.29524       -10.3929       -2.34467
        9.34012        5.29471        37.7266        37.5571        36.8902        47.5071       -7.29524       -10.3929        37.7266        37.5571        36.8902        47.5071       -7.29524       -10.3929       -2.34467
        9.35012        5.29471        37.7266        37.5571        36.8902        47.5071       -7.29524       -10.3929        37.7266        37.5571        36.8902        47.5071       -7.29524       -10.3929       -2.34467
        9.36012        5.29472        37.7266        37.5571        36.8902        47.5071       -7.29523       -10.3929        37.7266        37.5571        36.8902        47.5071       -7.29523       -10.3929       -2.34467
        9.37012        5.29472        37.7266        37.5571        36.8902        47.5071       -7.29523       -10.3929        37.7266        37.5571        36.8902        47.5071       -7.29523       -10.3929       -2.34467
        9.38012        5.29472        37.7266        37.5571        36.8902        47.5071       -7.29523       -10.3929        37.7266        37.5571        36.8902        47.5071       -7.29523       -10.3929       -2.34467
        9.39012        5.29471        37.7266        37.5571        36.8902        47.5071       -7.29523       -10.3929        37.7266        37.5571        36.8902        47.5071       -7.29523       -10.3929       -2.34467
        9.40012         5.2947        37.7266        37.5571        36.8902        47.5071       -7.29523       -10.3929        37.7266        37.5571        36.8902        47.5071       -7.29523       -10.3929       -2.34467
        9.41012        5.29471        37.7266        37.5571        36.8902        47.5071       -7.29522       -10.3929        37.7266        37.5571        36.8902        47.5071       -7.29522       -10.3929       -2.34465
        9.42012        5.29471        37.7266        37.5571        36.8902        47.5071       -7.29522       -10.3929        37.7266        37.5571        36.8902        47.5071       -7.29522       -10.3929       -2.34465
        9.43012        5.29471        37.7266        37.5571        36.8902        47.5071       -7.29522       -10.3929        37.7266        37.5571        36.8902        47.5071       -7.29522       -10.3929       -2.34465
        9.44012        5.29471        37.7266        37.5571        36.8902        47.5071       -7.29522       -10.3929        37.7266        37.5571        36.8902        47.5071       -7.29522       -10.3929       -2.34465
        9.45012        5.29471        37.7266        37.5571        36.8902        47.5071       -7.29523       -10.3929        37.7266        37.5571        36.8902        47.5071       -7.29523       -10.3929       -2.34465
        9.46012        5.29471        37.7266        37.5571        36.8902        47.5071       -7.29523       -10.3929        37.7266        37.5571        36.8902        47.5071       -7.29523       -10.3929       -2.34465
        9.47012        5.29471        37.7265        37.5571        36.8902        47.5071       -7.29523       -10.3929        37.7265        37.5571        36.8902        47.5071       -7.29523       -10.3929       -2.34465
        9.48012        5.29471        37.7265        37.5571        36.8902        47.5071       -7.29523       -10.3929        37.7265        37.5571        36.8902        47.5071       -7.29523       -10.3929       -2.34465
        9.49012        5.29471        37.7265        37.5571        36.8902        47.5071       -7.29523       -10.3929        37.7265        37.5571        36.8902        47.5071       -7.29523       -10.3929       -2.34465
        9.50012        5.29471        37.7265        37.5571        36.8902        47.5071       -7.29523       -10.3929        37.7265        37.5571        36.8902        47.5071       -7.29523       -10.3929       -2.34465
        9.51012        5.29471        37.7265        37.5571        36.8902        47.5071       -7.29523       -10.3929        37.7265        37.5571        36.8902        47.5071       -7.29523       -10.3929       -2.34465
        9.52012        5.29471        37.7265        37.5571        36.8902        47.5071       -7.29523       -10.3929        37.7265        37.5571        36.8902        47.5071       -7.29523       -10.3929       -2.34465
        9.53012        5.29471        37.7265        37.5571        36.8902        47.5071       -7.29523       -10.3929        37.7265        37.5571        36.8902        47.5071       -7.29523       -10.3929       -2.34465
        9.54012        5.29472        37.7265        37.5571        36.8902        47.5071       -7.29523       -10.3929        37.7265        37.5571        36.8902        47.5071       -7.29523       -10.3929       -2.34464
        9.55012        5.29472        37.7265        37.5571        36.8902        47.5071       -7.29523       -10.3929        37.7265        37.5571        36.8902        47.5071       -7.29523       -10.3929       -2.34464
        9.56012        5.29472        37.7265        37.5571        36.8902        47.5071       -7.29523       -10.3929        37.7265        37.5571        36.8902        47.5071       -7.29523       -10.3929       -2.34464
        9.57012        5.29471        37.7265        37.5571        36.8902        47.5071       -7.29523       -10.3929        37.7265        37.5571        36.8902        47.5071       -7.29523       -10.3929       -2.34464
        9.58012        5.29471        37.7265        37.5571        36.8902        47.5071       -7.29523       -10.3929        37.7265        37.5571        36.8902        47.5071       -7.29523       -10.3929       -2.34464
        9.59012         5.2947        37.7265        37.5571        36.8902        47.5071       -7.29523       -10.3929        37.7265        37.5571        36.8902        47.5071       -7.29523       -10.3929       -2.34464
        9.60012        5.29469        37.7265        37.5571        36.8902        47.5071       -7.29524       -10.3929        37.7265        37.5571        36.8902        47.5071       -7.29524       -10.3929       -2.34465
        9.61012        5.29469        37.7265        37.5571        36.8902        47.5071       -7.29525       -10.3929        37.7265        37.5571        36.8902        47.5071       -7.29525       -10.3929       -2.34466
        9.62012         5.2947        37.7265        37.5571        36.8902        47.5071       -7.29524       -10.3929        37.7265        37.5571        36.8902        47.5071       -7.29524       -10.3929       -2.34466
        9.63013         5.2947        37.7265        37.5571        36.8902        47.5071       -7.29524       -10.3929        37.7265        37.5571        36.8902        47.5071       -7.29524       -10.3929       -2.34467
        9.64013         5.2947        37.7265        37.5571        36.8902        47.5071       -7.29524       -10.3929        37.7265        37.5571        36.8902        47.5071       -7.29524       -10.3929       -2.34467
        9.65013         5.2947        37.7265        37.5571        36.8902        47.5071       -7.29524       -10.3929        37.7265        37.5571        36.8902        47.5071       -7.29524       -10.3929       -2.34467
        9.66013         5.2947        37.7265        37.5571        36.8902        47.5071       -7.29524       -10.3929        37.7265        37.5571        36.8902        47.5071       -7.29524       -10.3929       -2.34467
        9.67013         5.2947        37.7265        37.5571        36.8902        47.5071       -7.29524       -10.3929        37.7265        37.5571        36.8902        47.5071       -7.29524       -10.3929       -2.34467
        9.68013         5.2947        37.7265        37.5571        36.8902        47.5071       -7.29524       -10.3929        37.7265        37.5571        36.8902        47.5071       -7.29524       -10.3929       -2.34467
        9.69013        5.29471        37.7265        37.5571        36.8902        47.5071       -7.29523       -10.3929        37.7265        37.5571        36.8902        47.5071       -7.29523       -10.3929       -2.34467
        9.70013        5.29471        37.7265        37.5571        36.8902        47.5071       -7.29523       -10.3929        37.7265        37.5571        36.8902        47.5071       -7.29523       -10.3929       -2.34467
        9.71013        5.29471        37.7265        37.5571        36.8902        47.5071       -7.29523       -10.3929        37.7265        37.5571        36.8902        47.5071       -7.29523       -10.3929       -2.34467
        9.72013        5.29471        37.7265        37.5571        36.8902        47.5071       -7.29523       -10.3929        37.7265        37.5571        36.8902        47.5071       -7.29523       -10.3929       -2.34467
        9.73013        5.29471        37.7265        37.5571        36.8902        47.5071       -7.29524       -10.3929        37.7265        37.5571        36.8902        47.5071       -7.29524       -10.3929       -2.34467
        9.74013        5.29471        37.7265        37.5571        36.8902        47.5071       -7.29525       -10.3929        37.7265        37.5571        36.8902        47.5071       -7.29525       -10.3929       -2.34467
        9.75013        5.29472        37.7265        37.5571        36.8902        47.5071       -7.29524       -10.3929        37.7265        37.5571        36.8902        47.5071       -7.29524       -10.3929       -2.34465
        9.76013        5.29472        37.7265        37.5571        36.8902        47.5071       -7.29524       -10.3929        37.7265        37.5571        36.8902        47.5071       -7.29524       -10.3929       -2.34465
        9.77013        5.29472        37.7265        37.5571        36.8902        47.5071       -7.29524       -10.3929        37.7265        37.5571        36.8902        47.5071       -7.29524       -10.3929       -2.34465
        9.78013        5.29472        37.7265        37.5571        36.8902        47.5071       -7.29524       -10.3929        37.7265        37.5571        36.8902        47.5071       -7.29524       -10.3929       -2.34465
        9.79013        5.29471        37.7265        37.5571        36.8902        47.5071       -7.29524       -10.3929        37.7265        37.5571        36.8902        47.5071       -7.29524       -10.3929       -2.34465
        9.80013         5.2947        37.7265        37.5571        36.8902        47.5071       -7.29524       -10.3929        37.7265        37.5571        36.8902        47.5071       -7.29524       -10.3929       -2.34465
        9.81013        5.29469        37.7265        37.5571        36.8902        47.5071       -7.29524       -10.3929        37.7265        37.5571        36.8902        47.5071       -7.29524       -10.3929       -2.34465
        9.82013        5.29469        37.7265        37.5571        36.8902        47.5071       -7.29524       -10.3929        37.7265        37.5571        36.8902        47.5071       -7.29524       -10.3929       -2.34465
        9.83013        5.29469        37.7265        37.5571        36.8902        47.5071       -7.29524       -10.3929        37.7265        37.5571        36.8902        47.5071       -7.29524       -10.3929       -2.34465
        9.84013        5.29469        37.7265        37.5571        36.8902        47.5071       -7.29524       -10.3929        37.7265        37.5571        36.8902        47.5071       -7.29524       -10.3929       -2.34465
        9.85013        5.29469        37.7265        37.5571        36.8902        47.5071       -7.29524       -10.3929        37.7265        37.5571        36.8902        47.5071       -7.29524       -10.3929       -2.34465
        9.86013        5.29469        37.7265        37.5571        36.8902        47.5071       -7.29523       -10.3929        37.7265        37.5571        36.8902        47.5071       -7.29523       -10.3929       -2.34464
        9.87013        5.29469        37.7265        37.5571        36.8902        47.5071       -7.29523       -10.3929        37.7265        37.5571        36.8902        47.5071       -7.29523       -10.3929       -2.34465
        9.88013        5.29469        37.7265        37.5571        36.8902        47.5071       -7.29523       -10.3929        37.7265        37.5571        36.8902        47.5071       -7.29523       -10.3929       -2.34466
        9.89013        5.29471        37.7266        37.5571        36.8902        47.5071       -7.29522       -10.3929        37.7266        37.5571        36.8902        47.5071       -7.29522       -10.3929       -2.34465
        9.90013        5.29471        37.7266        37.5571        36.8902        47.5071       -7.29523       -10.3929        37.7266        37.5571        36.8902        47.5071       -7.29523       -10.3929       -2.34466
        9.91013        5.29471        37.7265        37.5571        36.8902        47.5071       -7.29523       -10.3929        37.7265        37.5571        36.8902        47.5071       -7.29523       -10.3929       -2.34466
        9.92013        5.29471        37.7265        37.5571        36.8902        47.5071       -7.29523       -10.3929        37.7265        37.5571        36.8902        47.5071       -7.29523       -10.3929       -2.34466
        9.93013        5.29471        37.7265        37.5571        36.8902        47.5071       -7.29524       -10.3929        37.7265        37.5571        36.8902        47.5071       -7.29524       -10.3929       -2.34466
        9.94013        5.29471        37.7265        37.5571        36.8902        47.5071       -7.29524       -10.3929        37.7265        37.5571        36.8902        47.5071       -7.29524       -10.3929       -2.34466
        9.95013        5.29471        37.7265        37.5571        36.8902        47.5071       -7.29524       -10.3929        37.7265        37.5571        36.8902        47.5071       -7.29524       -10.3929       -2.34466
        9.96013        5.29471        37.7265        37.5571        36.8902        47.5071       -7.29524       -10.3929        37.7265        37.5571        36.8902        47.5071       -7.29524       -10.3929       -2.34466
        9.97013        5.29471        37.7265        37.5571        36.8902        47.5071       -7.29524       -10.3929        37.7265        37.5571        36.8902        47.5071       -7.29524       -10.3929       -2.34466
        9.98013        5.29472        37.7265        37.5571        36.8902        47.5071       -7.29523       -10.3929        37.7265        37.5571        36.8902        47.5071       -7.29523       -10.3929       -2.34465
        9.99013        5.29472        37.7265        37.5571        36.8902        47.5071       -7.29523       -10.3929        37.7265        37.5571        36.8902        47.5071       -7.29523       -10.3929       -2.34465
        10.0001        5.29472        37.7265        37.5571        36.8902        47.5071       -7.29523       -10.3929        37.7265        37.5571        36.8902        47.5071       -7.29523       -10.3929       -2.34465
