D:\Hang\3. Programs\SourceCode\Tool-PSSE-2\taoSuCo\gop.out
NAM 2030-CHE DO PHU TAI CUC DAI
TRUONG HOP VAN HANH BINH THUONG-PA1
                     1              2              3              4              5              6              7              8              9              10             11             12             13             14             15             16             17             18             19             20             21             22             23             24             25      
        Time(s)  ANGLE_NAMCUM4 ANGLE_NAMCUM3. ANGLE_NAMCUM1.    ANGLE_PACMA ANGLE_MUONGKIM      ANGLE_HO4   PELEC_NAMBUM  PELEC_NAMCUM4 PELEC_NAMCUM3. PELEC_NAMCUM1.    PELEC_PACMA PELEC_MUONGKIM      PELEC_HO4  SPEED_NAMCUM4 SPEED_NAMCUM3. SPEED_NAMCUM1.    SPEED_PACMA SPEED_MUONGKIM VOLTAGE_BANCHA VOLTAGE_NAMBUM VOLTAGE_NAMCUM VOLTAGE_NAMCUM VOLTAGE_NAMCUM  VOLTAGE_PACMA VOLTAGE_MUONGK
                                            6            2.5                             2                                                           6            2.5                             2                                            6            2.5                             2           T_H2                             4            3.6          1.2.5                           IM2
          -0.02        25.8036        25.6484        25.3875        35.5563       0.689907       -3.44385         0.0462          0.378          0.329         0.2975       0.979999          0.091          0.126              0              0              0              0              0           1.05           1.05           1.05           1.05           1.05           1.05           1.05
          -0.01        25.8036        25.6484        25.3875        35.5563       0.689907       -3.44385         0.0462          0.378          0.329         0.2975       0.979999          0.091          0.126    2.23517E-10              0              0     6.1575E-10   -3.35276E-10           1.05           1.05           1.05           1.05           1.05           1.05           1.05
              0        25.8036        25.6484        25.3875        35.5563       0.689907       -3.44385         0.0462          0.378          0.329         0.2975       0.979999          0.091          0.126    3.72529E-10              0              0    1.02625E-09   -5.58794E-10           1.05           1.05           1.05           1.05           1.05           1.05           1.05
           0.01        25.8035        25.6484        25.3875        35.5562       0.689899       -3.44386         0.0462          0.378          0.329         0.2975       0.979999          0.091          0.126    5.21541E-10              0              0    1.43675E-09   -7.82311E-10           1.05           1.05           1.05           1.05           1.05           1.05           1.05
           0.02        25.8035        25.6484        25.3875        35.5562       0.689899       -3.44386         0.0462          0.378          0.329         0.2975       0.979999          0.091          0.126    6.70552E-10              0              0    1.84725E-09   -1.00583E-09           1.05           1.05           1.05           1.05           1.05           1.05           1.05
           0.03        25.8036        25.6484        25.3875        35.5563       0.689907       -3.44385         0.0462          0.378          0.329         0.2975       0.979999          0.091          0.126    8.19564E-10              0              0    2.25775E-09   -1.22935E-09           1.05           1.05           1.05           1.05           1.05           1.05           1.05
           0.04        25.8035        25.6484        25.3875        35.5562       0.689899       -3.44386         0.0462          0.378          0.329         0.2975       0.979999          0.091          0.126    9.68575E-10              0              0    2.66825E-09    -1.3411E-09           1.05           1.05           1.05           1.05           1.05           1.05           1.05
           0.05        25.8035        25.6484        25.3875        35.5562       0.689899       -3.44386         0.0462          0.378          0.329         0.2975       0.979999          0.091          0.126    1.11759E-09              0              0    3.07875E-09   -1.49012E-09           1.05           1.05           1.05           1.05           1.05           1.05           1.05
           0.06        25.8035        25.6484        25.3875        35.5562       0.689899       -3.44386         0.0462          0.378          0.329         0.2975       0.979999          0.091          0.126     1.2666E-09              0              0    3.48925E-09   -1.63913E-09           1.05           1.05           1.05           1.05           1.05           1.05           1.05
           0.07        25.8035        25.6484        25.3875        35.5562       0.689899       -3.44386         0.0462          0.378          0.329         0.2975       0.979999          0.091          0.126    1.41561E-09              0              0    3.89975E-09   -1.78814E-09           1.05           1.05           1.05           1.05           1.05           1.05           1.05
           0.08        25.8035        25.6484        25.3875        35.5562       0.689899       -3.44386         0.0462          0.378          0.329         0.2975       0.979999          0.091          0.126    1.56462E-09              0              0    4.31025E-09   -1.93715E-09           1.05           1.05           1.05           1.05           1.05           1.05           1.05
           0.09        25.8035        25.6484        25.3875        35.5562       0.689899       -3.44386         0.0462          0.378          0.329         0.2975       0.979999          0.091          0.126    1.71363E-09              0              0    4.72075E-09   -2.08616E-09           1.05           1.05           1.05           1.05           1.05           1.05           1.05
            0.1        25.8035        25.6484        25.3875        35.5562       0.689899       -3.44386         0.0462          0.378          0.329         0.2975       0.979999          0.091          0.126    1.86264E-09              0              0    5.13125E-09   -2.23517E-09           1.05           1.05           1.05           1.05           1.05           1.05           1.05
           0.11        25.8035        25.6484        25.3875        35.5562       0.689892       -3.44387         0.0462          0.378          0.329         0.2975       0.979999          0.091          0.126    2.01166E-09              0              0    5.54175E-09   -2.38419E-09           1.05           1.05           1.05           1.05           1.05           1.05           1.05
           0.12        25.8035        25.6484        25.3875        35.5562       0.689892       -3.44387         0.0462          0.378          0.329         0.2975       0.979999          0.091          0.126    2.16067E-09              0              0    5.95225E-09    -2.5332E-09           1.05           1.05           1.05           1.05           1.05           1.05           1.05
           0.13        25.8035        25.6484        25.3875        35.5562       0.689884       -3.44387         0.0462          0.378          0.329         0.2975       0.979999          0.091          0.126    2.30968E-09              0              0    6.36275E-09   -2.68221E-09           1.05           1.05           1.05           1.05           1.05           1.05           1.05
           0.14        25.8035        25.6484        25.3875        35.5562        0.68988       -3.44388         0.0462          0.378          0.329         0.2975       0.979999          0.091          0.126    2.45869E-09              0              0    6.77325E-09   -2.83122E-09           1.05           1.05           1.05           1.05           1.05           1.05           1.05
           0.15        25.8035        25.6484        25.3875        35.5562       0.689877       -3.44388         0.0462          0.378          0.329         0.2975       0.979999          0.091          0.126     2.6077E-09              0              0    7.18375E-09   -2.98023E-09           1.05           1.05           1.05           1.05           1.05           1.05           1.05
           0.16        25.8035        25.6484        25.3875        35.5562       0.689877       -3.44388         0.0462          0.378          0.329         0.2975       0.979999          0.091          0.126    2.75671E-09              0              0    7.59425E-09   -3.12924E-09           1.05           1.05           1.05           1.05           1.05           1.05           1.05
           0.17        25.8035        25.6484        25.3875        35.5562       0.689869       -3.44389         0.0462          0.378          0.329         0.2975       0.979999          0.091          0.126    2.90573E-09              0              0    8.00475E-09   -3.27826E-09           1.05           1.05           1.05           1.05           1.05           1.05           1.05
           0.18        25.8035        25.6484        25.3875        35.5562       0.689854        -3.4439         0.0462          0.378          0.329         0.2975       0.979999          0.091          0.126    3.05474E-09              0              0    8.41525E-09   -3.42727E-09           1.05           1.05           1.05           1.05           1.05           1.05           1.05
           0.19        25.8035        25.6484        25.3875        35.5562       0.689854        -3.4439         0.0462          0.378          0.329         0.2975       0.979999          0.091          0.126    3.20375E-09              0              0    8.82575E-09   -3.57628E-09           1.05           1.05           1.05           1.05           1.05           1.05           1.05
            0.2        25.8035        25.6483        25.3875        35.5562       0.689846       -3.44391         0.0462          0.378          0.329         0.2975       0.979999          0.091          0.126    3.35276E-09              0              0    9.23625E-09   -3.72529E-09           1.05           1.05           1.05           1.05           1.05           1.05           1.05
           0.21        25.8035        25.6483        25.3875        35.5562        0.68985       -3.44391         0.0462          0.378          0.329         0.2975       0.979999          0.091          0.126    3.50177E-09              0              0    9.64675E-09    -3.8743E-09           1.05           1.05           1.05           1.05           1.05           1.05           1.05
           0.22        25.8035        25.6483        25.3875        35.5562       0.689846       -3.44391         0.0462          0.378          0.329         0.2975       0.979999          0.091          0.126    3.65079E-09              0              0    1.00573E-08   -4.02331E-09           1.05           1.05           1.05           1.05           1.05           1.05           1.05
           0.23        25.8035        25.6483        25.3874        35.5562       0.689838       -3.44392         0.0462          0.378          0.329         0.2975       0.979999          0.091          0.126     3.7998E-09              0              0    1.04678E-08   -4.17233E-09           1.05           1.05           1.05           1.05           1.05           1.05           1.05
           0.24        25.8035        25.6483        25.3874        35.5562       0.689835       -3.44392         0.0462          0.378          0.329         0.2975       0.979999          0.091          0.126    3.94881E-09              0              0    1.08783E-08   -4.32134E-09           1.05           1.05           1.05           1.05           1.05           1.05           1.05
           0.25        25.8035        25.6483        25.3874        35.5562       0.689835       -3.44392         0.0462          0.378          0.329         0.2975       0.979999          0.091          0.126    4.09782E-09              0              0    1.12888E-08   -4.80562E-09           1.05           1.05           1.05           1.05           1.05           1.05           1.05
           0.26        25.8035        25.6483        25.3874        35.5562       0.689835       -3.44392         0.0462          0.378          0.329         0.2975       0.979999          0.091          0.126    4.24683E-09              0              0    1.16993E-08   -4.28408E-09           1.05           1.05           1.05           1.05           1.05           1.05           1.05
           0.27        25.8035        25.6483        25.3874        35.5562       0.689835       -3.44392         0.0462          0.378          0.329         0.2975       0.979999          0.091          0.126    4.39584E-09              0              0    1.21098E-08   -4.39584E-09           1.05           1.05           1.05           1.05           1.05           1.05           1.05
           0.28        25.8035        25.6483        25.3874        35.5562       0.689835       -3.44392         0.0462          0.378          0.329         0.2975       0.979999          0.091          0.126    4.54485E-09              0              0    1.25203E-08   -4.39584E-09           1.05           1.05           1.05           1.05           1.05           1.05           1.05
           0.29        25.8035        25.6483        25.3874        35.5562       0.689835       -3.44392         0.0462          0.378          0.329         0.2975       0.979999          0.091          0.126    4.69387E-09              0              0    1.29308E-08   -4.39584E-09           1.05           1.05           1.05           1.05           1.05           1.05           1.05
            0.3        25.8035        25.6483        25.3874        35.5562       0.689831       -3.44393         0.0462          0.378          0.329         0.2975       0.979999          0.091          0.126    4.84288E-09              0              0    1.33413E-08   -4.39584E-09           1.05           1.05           1.05           1.05           1.05           1.05           1.05
           0.31        25.8035        25.6483        25.3874        35.5562       0.689827       -3.44393         0.0462          0.378          0.329         0.2975       0.979999          0.091          0.126    4.99189E-09              0              0    1.37518E-08   -4.06057E-09           1.05           1.05           1.05           1.05           1.05           1.05           1.05
           0.32        25.8035        25.6483        25.3874        35.5562       0.689831       -3.44393         0.0462          0.378          0.329         0.2975       0.979999          0.091          0.126    6.25849E-09              0              0    1.41623E-08   -3.83705E-09           1.05           1.05           1.05           1.05           1.05           1.05           1.05
           0.33        25.8035        25.6483        25.3874        35.5562       0.689835       -3.44392         0.0462          0.378          0.329         0.2975       0.979999          0.091          0.126    7.15256E-09              0              0    1.45728E-08   -3.61353E-09           1.05           1.05           1.05           1.05           1.05           1.05           1.05
           0.34        25.8035        25.6483        25.3874        35.5562       0.689835       -3.44392         0.0462          0.378          0.329         0.2975       0.979999      0.0909999          0.126    8.04663E-09              0              0    1.49833E-08   -3.39002E-09           1.05           1.05           1.05           1.05           1.05           1.05           1.05
           0.35        25.8035        25.6483        25.3874        35.5562       0.689835       -3.44392         0.0462          0.378          0.329         0.2975       0.979999          0.091          0.126     8.9407E-09              0              0    1.53938E-08   -2.94298E-09           1.05           1.05           1.05           1.05           1.05           1.05           1.05
           0.36        25.8035        25.6483        25.3874        35.5562       0.689835       -3.44392         0.0462          0.378          0.329         0.2975       0.979999          0.091          0.126    9.83477E-09              0              0    1.58043E-08   -3.01749E-09           1.05           1.05           1.05           1.05           1.05           1.05           1.05
           0.37        25.8035        25.6483        25.3874        35.5562       0.689835       -3.44392         0.0462          0.378          0.329         0.2975       0.979999      0.0909999          0.126    1.18464E-08              0              0    1.62148E-08   -2.94298E-09           1.05           1.05           1.05           1.05           1.05           1.05           1.05
           0.38        25.8035        25.6483        25.3874        35.5562       0.689835       -3.44392      0.0461999          0.378          0.329         0.2975       0.979999          0.091          0.126    1.34856E-08              0              0    1.66253E-08   -2.42144E-09           1.05           1.05           1.05           1.05           1.05           1.05           1.05
           0.39        25.8035        25.6483        25.3874        35.5562       0.689838       -3.44392         0.0462          0.378          0.329         0.2975       0.979999          0.091          0.126    1.42306E-08              0              0    1.70358E-08    -2.6077E-09           1.05           1.05           1.05           1.05           1.05           1.05           1.05
            0.4        25.8035        25.6483        25.3874        35.5562       0.689838       -3.44392      0.0461999          0.378          0.329         0.2975       0.979999          0.091          0.126    1.52737E-08    6.70552E-10              0    1.74463E-08    -2.6077E-09           1.05           1.05           1.05           1.05           1.05           1.05           1.05
           0.41        25.8035        25.6483        25.3874        35.5562       0.689838       -3.44392         0.0462          0.378          0.329         0.2975       0.979999          0.091          0.126    1.63168E-08    1.11759E-09    6.70552E-10    1.78568E-08   -2.49595E-09           1.05           1.05           1.05           1.05           1.05           1.05           1.05
           0.42        25.8035        25.6483        25.3875        35.5562       0.689846       -3.44391      0.0461999          0.378          0.329         0.2975       0.979999          0.091          0.126    1.73599E-08    1.56462E-09    1.11759E-09    1.82673E-08   -2.42144E-09           1.05           1.05           1.05           1.05           1.05           1.05           1.05
           0.43        25.8035        25.6483        25.3875        35.5562        0.68985       -3.44391         0.0462          0.378          0.329         0.2975       0.979999      0.0909999          0.126    1.84029E-08    2.01166E-09    1.56462E-09    1.86778E-08   -2.34693E-09           1.05           1.05           1.05           1.05           1.05           1.05           1.05
           0.44        25.8035        25.6483        25.3875        35.5562        0.68985       -3.44391      0.0461999          0.378          0.329         0.2975       0.979999      0.0909999          0.126     1.9446E-08    2.45869E-09    2.01166E-09    1.90883E-08   -2.04891E-09           1.05           1.05           1.05           1.05           1.05           1.05           1.05
           0.45        25.8035        25.6483        25.3875        35.5562        0.68985        -3.4439         0.0462          0.378          0.329         0.2975           0.98      0.0909999          0.126    2.04891E-08    2.90573E-09    2.45869E-09    1.94988E-08   -1.82539E-09           1.05           1.05           1.05           1.05           1.05           1.05           1.05
           0.46        25.8035        25.6484        25.3875        35.5562       0.689854        -3.4439         0.0462          0.378          0.329         0.2975           0.98      0.0909999          0.126    2.13087E-08    3.35276E-09    2.90573E-09    1.92935E-08    -1.2666E-09           1.05           1.05           1.05           1.05           1.05           1.05           1.05
           0.47        25.8035        25.6484        25.3875        35.5562       0.689857       -3.44389      0.0461999          0.378          0.329         0.2975           0.98      0.0909999          0.126    2.10851E-08     3.7998E-09    3.35276E-09    1.94167E-08   -8.19566E-10           1.05           1.05           1.05           1.05           1.05           1.05           1.05
           0.48        25.8035        25.6484        25.3875        35.5562       0.689861       -3.44388      0.0461999          0.378          0.329         0.2975           0.98      0.0909999          0.126    1.98931E-08    5.58794E-09     3.7998E-09    1.83904E-08   -2.60772E-10           1.05           1.05           1.05           1.05           1.05           1.05           1.05
           0.49        25.8035        25.6484        25.3875        35.5562       0.689865       -3.44387      0.0461999       0.378001          0.329         0.2975           0.98      0.0909999          0.126    2.07126E-08    8.27014E-09    4.91738E-09    1.78568E-08    4.84286E-10           1.05           1.05           1.05           1.05           1.05           1.05           1.05
            0.5        25.8035        25.6484        25.3875        35.5562       0.689865       -3.44387      0.0461999       0.378001          0.329         0.2975           0.98      0.0909999          0.126    1.74344E-08    1.05053E-08    5.81145E-09     1.8021E-08    1.49011E-09           1.05           1.05           1.05           1.05           1.05           1.05           1.05
            0.5        25.8035        25.6484        25.3875        35.5562       0.689865       -3.44387    -0.00304367        0.23384       0.202726       0.182903       0.701387      0.0703508      0.0958951    1.74344E-08    1.05053E-08    5.81145E-09     1.8021E-08    1.49011E-09       0.782506       0.863843        0.96899       0.965382       0.959344        1.00134       0.832122
           0.51        25.8035        25.6484        25.3875        35.5562       0.689857       -3.44388    -0.00286737        0.22735       0.197205       0.178073       0.687121      0.0722748      0.0973192    0.000474893    0.000477934    0.000479623     0.00019506    0.000141306        0.77308       0.851979        0.96046       0.956631       0.950782       0.997284       0.818511
           0.52        25.9241        25.7697        25.5093        35.6012       0.720333       -3.41139    -0.00466961       0.220002       0.191035        0.17579       0.673412      0.0755266        0.10002     0.00130783     0.00131497     0.00131774    0.000539611    0.000350101       0.776369       0.852055       0.959735       0.955939       0.953056        1.00026       0.813677
           0.53        26.2143        26.0616        25.8018        35.7092       0.782009        -3.3417     -0.0053222       0.218799       0.190291       0.177749        0.66418      0.0763626       0.100609     0.00201481     0.00202365     0.00199927     0.00083098    0.000475635       0.783057       0.860154         0.9651       0.961465        0.96105        1.00489       0.817672
           0.54        26.6112        26.4602        26.1935        35.8556       0.849483       -3.25875    -0.00534681       0.219376       0.191126       0.180724       0.654981      0.0776194       0.101617     0.00271242     0.00272123     0.00265663     0.00112843    0.000604413       0.790719       0.869304       0.971548       0.968079       0.969994        1.00982       0.822835
           0.55        27.1233         26.974        26.6921        36.0466       0.931015       -3.15538    -0.00474366       0.221925       0.193702       0.184832       0.646188      0.0784821        0.10231      0.0034024     0.00340944     0.00329329     0.00143396    0.000719603       0.799818       0.880576       0.979552       0.976283        0.98035        1.01524       0.830132
           0.56        27.7492        27.6009        27.2935        36.2836        1.02224       -3.03452    -0.00346371       0.226182       0.197773       0.189847       0.637633      0.0793086       0.103002     0.00407577     0.00407916     0.00390293     0.00174702    0.000828594       0.810001       0.893216       0.988611       0.985562       0.991599        1.02099       0.838818
           0.57        28.4851        28.3371        27.9925        36.5678        1.12282       -2.89629    -0.00145376       0.231957       0.203163       0.195555       0.629206      0.0800251       0.103631     0.00472571      0.0047236     0.00448132     0.00206747    0.000930101       0.820982       0.906755       0.998347       0.995532        1.00331         1.0269       0.848474
           0.58        29.3263        29.1774        28.7833        36.9009        1.23147       -2.74146     0.00132075       0.239038       0.209672       0.201745       0.620844      0.0806679       0.104227     0.00534611     0.00533669     0.00502539     0.00239526     0.00102551       0.832508       0.920738         1.0084        1.00582        1.01507        1.03282       0.858693
           0.59        30.2672         30.116        29.6596        37.2843        1.34745       -2.57047     0.00486313       0.247219       0.217108       0.208227       0.612543      0.0812282       0.104782     0.00593185     0.00591342     0.00553328     0.00273035     0.00111535       0.844374       0.934809        1.01847        1.01613        1.02658        1.03862       0.869167
            0.6        31.3015        31.1462        30.6152        37.7198        1.47015       -2.38367     0.00914133       0.256288       0.225274       0.214832        0.60434       0.081706       0.105299     0.00647872     0.00644978     0.00600409     0.00307272     0.00120046       0.856411        0.94868        1.02832        1.02622        1.03757        1.04423       0.879645
           0.61        32.4221        32.2606        31.6435         38.209        1.59911       -2.18134      0.0140847        0.26603       0.233971       0.221406       0.596306      0.0820971       0.105772     0.00698344     0.00694275     0.00643782     0.00342225      0.0012816       0.868477       0.962121        1.03778         1.0359        1.04787        1.04959       0.889936
           0.62        33.6216        33.4517        32.7383        38.7534        1.73408       -1.96368       0.019583       0.276224       0.242997       0.227814        0.58853       0.082399       0.106202      0.0074437     0.00739031     0.00683526     0.00377877     0.00135962       0.880458       0.974959         1.0467        1.04504        1.05734        1.05464       0.899892
           0.63         34.892        34.7114        33.8936        39.3548        1.87501       -1.73075      0.0254886       0.286647       0.252149       0.233939       0.581115      0.0826095       0.106587     0.00785818      0.0077915      0.0071979     0.00414203     0.00143536       0.892257       0.987064        1.05498        1.05353        1.06591        1.05938       0.909407
           0.64        36.2255        36.0317        35.1036        40.0148        2.02189       -1.48268      0.0316219       0.297076       0.261225       0.239678       0.574162      0.0827278       0.106928     0.00822651     0.00814635     0.00752784     0.00451163     0.00150968       0.903799       0.998345        1.06257        1.06131        1.07352        1.06377       0.918403
           0.65         37.614        37.4045        36.3628        40.7347        2.17487       -1.21951      0.0377956       0.307261       0.270008       0.244929        0.56768      0.0827646       0.107239     0.00854933     0.00845591     0.00782767     0.00488714     0.00158343       0.915013        1.00859        1.06932        1.06825        1.08007        1.06777       0.926809
           0.66        39.0499        38.8224        37.6668        41.5162        2.33453      -0.940987      0.0437929       0.316975         0.2783       0.249613       0.561738      0.0827233       0.107527      0.0088284     0.00872236     0.00810055     0.00526811     0.00165734       0.925847         1.0177         1.0752        1.07429        1.08554        1.07136       0.934589
           0.67        40.5257         40.278         39.011        42.3603        2.50104      -0.647343      0.0493908       0.326025       0.285936        0.25369       0.556422      0.0826042       0.107788     0.00906643     0.00894881     0.00835001     0.00565404     0.00173209       0.936262        1.02569         1.0802        1.07944        1.08996        1.07457        0.94173
           0.68        42.0345        41.7646        40.3919        43.2682        2.67503      -0.338459      0.0543816       0.334246       0.292775       0.257138       0.551792      0.0824079       0.108023     0.00926687     0.00913908     0.00857967     0.00604431     0.00180841        0.94623        1.03258        1.08438        1.08375        1.09343        1.07741       0.948238
           0.69        43.5703        43.2764        41.8066         44.241        2.85706     -0.0143585      0.0585832       0.341494       0.298702       0.259954       0.547888      0.0821346       0.108228     0.00943384     0.00929768      0.0087932     0.00643828     0.00188699       0.955728        1.03842        1.08778        1.08726        1.09601        1.07992       0.954127
            0.7        45.1274        44.8083        43.2526        45.2793        3.04782       0.324951      0.0618483       0.347658       0.303629       0.262145       0.544725      0.0817844       0.108398     0.00957201     0.00942956     0.00899424     0.00683527     0.00196855       0.964734        1.04327        1.09046        1.09003        1.09781        1.08215       0.959411
            0.7        45.1274        44.8083        43.2526        45.2793        3.04782       0.324951        0.13663       0.509667       0.445324       0.390035       0.780997      0.0851122       0.111882     0.00957201     0.00942956     0.00899424     0.00683527     0.00196855        1.26045        1.25934        1.18795        1.19173        1.20686        1.14586        1.20102
           0.71        46.7013         46.356        44.7282        46.3839        3.24801       0.679405       0.143712       0.528771       0.461382       0.402182       0.797002      0.0840632        0.11276     0.00915277     0.00900377     0.00865107      0.0070692     0.00203101        1.28661        1.28245        1.20207        1.20629        1.22034         1.1537         1.2263
           0.72        48.1402        47.7675        46.0836        47.5066        3.44834        1.04036       0.146105       0.538748       0.469403       0.408602       0.810326      0.0826318       0.114016     0.00826787     0.00811376     0.00785896     0.00716915     0.00209122         1.2965         1.2928        1.20708        1.21164        1.22437        1.15234        1.24053
           0.73        49.3688        48.9679         47.247        48.6261        3.65023        1.40453       0.140984       0.538763        0.46863       0.408255       0.823094      0.0814405       0.114275     0.00754026     0.00738549     0.00722984     0.00731344     0.00217401        1.29996        1.29214        1.20486        1.20958        1.22153        1.14887        1.24364
           0.74        50.4771        50.0482        48.3082        49.7719        3.86547        1.77819       0.133722       0.537071       0.466425        0.40692       0.839557      0.0808594       0.115352     0.00683681     0.00668563      0.0066249     0.00744626     0.00226669         1.3019        1.29017        1.20162        1.20647        1.21762        1.14508        1.24532
           0.75        51.4564        51.0007        49.2583        50.9363        4.09386        2.16134       0.124171       0.532275       0.461569       0.403731       0.858836      0.0806509       0.116715     0.00614688     0.00600283     0.00603337     0.00756226       0.002362         1.3013        1.28493         1.1961        1.20102        1.21149         1.1405        1.24402
           0.76        52.3098        51.8288        50.1001         52.117        4.33665        2.55266       0.113304       0.525372       0.454961       0.399341       0.880965      0.0808604       0.118516     0.00548704      0.0053534     0.00546765     0.00765926     0.00245762        1.29889        1.27748        1.18895         1.1939        1.20376        1.13534         1.2407
           0.77        53.0451         52.541        50.8404        53.3114        4.59467         2.9514       0.101899       0.516928       0.447111       0.394102       0.905747      0.0814314       0.120683     0.00486416     0.00474371     0.00493228     0.00773461     0.00254954        1.29514        1.26833         1.1805        1.18547        1.19479        1.12983        1.23588
           0.78        53.6706         53.146         51.486        54.5164        4.86786        3.35589      0.0906583       0.507497       0.438518       0.388358       0.932989      0.0823616       0.123227     0.00428358     0.00417853     0.00443062     0.00778598     0.00263474        1.29044        1.25793        1.17105        1.17601        1.18486        1.12411        1.23004
           0.79        54.1955        53.6534        52.0445        55.7286        5.15585        3.76432      0.0801312       0.497551       0.429596       0.382392       0.962456      0.0836267       0.126124     0.00374818     0.00366014     0.00396411     0.00781118     0.00270996        1.28512        1.24665        1.16085        1.16578        1.17422        1.11828        1.22354
            0.8        54.6292        54.0727        52.5232        56.9441        5.45761        4.17435      0.0707003       0.487449       0.420657       0.376408       0.993848      0.0852014       0.129341     0.00325895     0.00318891     0.00353289      0.0078083     0.00277228        1.27935        1.23474        1.15006        1.15496        1.16304        1.11243        1.21662
           0.81         54.981        54.4135        52.9296        58.1585        5.77145        4.58309      0.0626152       0.477476       0.411946        0.37056        1.02685      0.0870538       0.132831     0.00281555      0.0027639     0.00313616     0.00777571     0.00281902        1.27323         1.2224        1.13882        1.14368        1.15146        1.10659         1.2094
           0.82        55.2604        54.6853        53.2709        59.3677        6.09562        4.98773      0.0559998        0.46786        0.40365       0.364967        1.06118      0.0891545       0.136538     0.00241656     0.00238313     0.00277241     0.00771209     0.00284783        1.26684        1.20979        1.12726        1.13207        1.13959        1.10082        1.20201
           0.83        55.4763        54.8968         53.554         60.567        6.42762        5.38486      0.0508661       0.458892       0.395903       0.359713        1.09652      0.0914619       0.140401     0.00205968     0.00204378     0.00243958     0.00761638      0.0028566        1.26024        1.19704         1.1155        1.12022        1.12751        1.09511        1.19451
       0.839999        55.6371        55.0563        53.7853        61.7515        6.76477        5.77102       0.047131       0.451632        0.38934       0.354799        1.13257       0.093931       0.144354     0.00174121     0.00174255     0.00213526      0.0074878     0.00284367        1.25344        1.18422        1.10409        1.10851        1.11537         1.0895        1.18694
       0.849999        55.7505        55.1716         53.971        62.9164        7.10415         6.1427      0.0446649       0.446149       0.384453       0.350244        1.16904      0.0965165       0.148332     0.00145113     0.00147166     0.00185729     0.00732588     0.00280782        1.24647         1.1714        1.09312        1.09724        1.10323        1.08398        1.17931
       0.859999        55.8217        55.2482        54.1164        64.0566        7.44245        6.49615      0.0432718       0.442353       0.381174       0.346037        1.20566      0.0991657       0.152273      0.0011813     0.00122125     0.00160336     0.00713037      0.0027482        1.23932        1.15867        1.08261        1.08644        1.09117        1.07859        1.17163
       0.869999        55.8546        55.2901        54.2267        65.1671        7.77632        6.82772       0.042649       0.440083       0.379302       0.342417        1.24213       0.101807       0.156071    0.000924361    0.000983222     0.00137132      0.0069013     0.00266451          1.232        1.14622        1.07274        1.07627        1.07952        1.07338        1.16391
       0.879999        55.8519        55.2996        54.3066        66.2426        8.10237        7.13387      0.0426268        0.43919         0.3787       0.340552        1.27819       0.104403       0.159673    0.000673852    0.000750868     0.00115701     0.00663896     0.00255717         1.2245        1.13405        1.06359        1.06683         1.0689        1.06839        1.15615
       0.889999        55.8146        55.2778        54.3596         67.278        8.41699        7.41101      0.0430125       0.439502       0.379207       0.340198        1.31363       0.106929        0.16301    0.000423947    0.000518031    0.000947193     0.00634387     0.00242679        1.21682        1.12222        1.05521        1.05818        1.05931        1.06365         1.1484
       0.899999        55.7433         55.225        54.3861        68.2683        8.71696        7.65607      0.0436675       0.440865       0.380684       0.341136        1.34819       0.109439       0.166178    0.000169645    0.000279443    0.000733967     0.00601674     0.00227412        1.20896        1.11076        1.04757        1.05028        1.05065        1.05913         1.1408
       0.909999        55.6372          55.14        54.3852        69.2081        8.99878        7.86597      0.0445583       0.443108       0.382972       0.343226        1.38164       0.111884       0.169113   -9.33985E-05    3.05033E-05    0.000510615     0.00565851     0.00209907        1.20092        1.09979        1.04063         1.0431        1.04287        1.05481        1.13332
       0.919999        55.4948        55.0212        54.3551        70.0924        9.25896        8.03775      0.0456826       0.446047       0.385901       0.346295        1.41381        0.11423       0.171773   -0.000368724    -0.00023253    0.000271042     0.00527032     0.00190246        1.19272        1.08948        1.03438        1.03662        1.03595        1.05069        1.12598
       0.929999        55.3138        54.8658        54.2925        70.9163        9.49387        8.16848      0.0469237       0.449502       0.389307       0.350158        1.44453       0.116447       0.174122   -0.000659021   -0.000512499    1.02232E-05     0.00485346     0.00168534        1.18438        1.07983        1.02879         1.0308        1.02983        1.04677        1.11878
       0.939999        55.0916        54.6709        54.1934         71.675        9.70023        8.25574      0.0481967       0.453305       0.393034       0.354627        1.47369       0.118508       0.176133   -0.000966188   -0.000811405   -0.000275768     0.00440934     0.00144902        1.17594        1.07086        1.02382        1.02562        1.02447        1.04304        1.11177
       0.949999        54.8249        54.4329         54.053        72.3636         9.8747        8.29719      0.0494535       0.457302       0.396939       0.359516        1.50115       0.120397       0.177792    -0.00129141     -0.0011305   -0.000589805     0.00393949     0.00119502        1.16741        1.06256        1.01943        1.02103         1.0198        1.03949        1.10496
       0.959999        54.5104        54.1479        53.8657        72.9776        10.0141        8.29081      0.0506574       0.461345       0.400886        0.36464        1.52683       0.122101       0.179094    -0.00163522    -0.00147033   -0.000933702     0.00344552    0.000924967        1.15881         1.0549        1.01558        1.01699        1.01577        1.03612        1.09834
       0.969999        54.1444        53.8119         53.626        73.5126        10.1156         8.2349      0.0517821       0.465301       0.404754       0.369822        1.55065        0.12361       0.180037    -0.00199749    -0.00183076    -0.00130825     0.00292912    0.000640567        1.15016        1.04784        1.01223        1.01345        1.01232        1.03292        1.09194
       0.979999        53.7234        53.4211        53.3279        73.9645        10.1764        8.12816      0.0528095       0.469056       0.408434       0.374897        1.57258       0.124914       0.180622    -0.00237757    -0.00221109    -0.00171326     0.00239205    0.000343616        1.14149        1.04138        1.00934        1.01039        1.00939         1.0299        1.08575
       0.989999        53.2439        52.9715        52.9658        74.3294        10.1942        7.96958      0.0537291       0.472507       0.411832       0.379713        1.59262       0.126006       0.180852    -0.00277432    -0.00261011     -0.0021477     0.00183606    3.59833E-05        1.13282         1.0355        1.00689        1.00777        1.00696        1.02705        1.07981
       0.999999        52.7024        52.4594        52.5337        74.6035        10.1666        7.75838      0.0545382       0.475565       0.414864       0.384131        1.61075       0.126889       0.180748     -0.0031862    -0.00302616     -0.0026097     0.00126289   -0.000280407         1.1242        1.03018        1.00484        1.00556        1.00497        1.02439        1.07414
           1.01         52.096        51.8815        52.0266        74.7834        10.0919        7.49427      0.0552361       0.478152       0.417459       0.388022          1.627        0.12756       0.180321    -0.00361129    -0.00345718    -0.00309666     0.00067429   -0.000603704        1.11566        1.02541        1.00318        1.00374        1.00339        1.02192        1.06879
           1.02        51.4217        51.2344        51.4394        74.8658        9.96812        7.17698      0.0558255       0.480201       0.419552       0.391273        1.64138       0.128016       0.179585    -0.00404737     -0.0039008    -0.00360529    7.19699E-05   -0.000932026        1.10721        1.02117        1.00187        1.00228        1.00219        1.01963        1.06377
           1.03        50.6773        50.5156        50.7679        74.8479        9.79412         6.8069        0.05631       0.481657       0.421091       0.393785        1.65391       0.128258       0.178552    -0.00449194    -0.00435433    -0.00413171   -0.000542372    -0.00126346        1.09888        1.01744        1.00089        1.00115        1.00133        1.01753        1.05907
           1.04        49.8606        49.7229        50.0087        74.7269        9.56877        6.38449      0.0566928       0.482471        0.42203       0.395473        1.66462       0.128284       0.177237     -0.0049423    -0.00481487    -0.00467154    -0.00116706    -0.00159611        1.09068         1.0142        1.00022        1.00034        1.00077        1.01563        1.05471
           1.05        48.9702        48.8546        49.1591        74.5003        9.29131        5.91057      0.0569775       0.482603       0.422333       0.396271        1.67353       0.128096       0.175655    -0.00539554    -0.00527931    -0.00521996    -0.00180046    -0.00192807        1.08261        1.01143       0.999828       0.999812         1.0005        1.01392        1.05068
           1.06        48.0053        47.9095        48.2172        74.1663        8.96143        5.38635       0.057168       0.482027       0.421975       0.396129        1.68065       0.127697       0.173823    -0.00584861    -0.00574436    -0.00577182    -0.00244093    -0.00225746         1.0747        1.00911       0.999701       0.999554        1.00048        1.01241        1.04701
           1.07        46.9654        46.8873        47.1822        73.7229        8.57906        4.81324      0.0572602       0.480716       0.420929        0.39501        1.68601       0.127089       0.171754    -0.00629837    -0.00620665    -0.00632179    -0.00308686    -0.00258243        1.06696        1.00722        0.99982        0.99955        1.00069        1.01111        1.04367
           1.08        45.8506        45.7879        46.0542        73.1686        8.14439        4.19283       0.057278       0.478715       0.419237       0.392944        1.68974       0.126293       0.169492    -0.00674157     -0.0066627    -0.00686432    -0.00373668    -0.00290115        1.05972        1.00582        1.00019       0.999804        1.00113        1.01002        1.04077
           1.09        44.6619        44.6123        44.8344        72.5021        7.65818        3.52724      0.0572162       0.476006       0.416882       0.389923         1.6918       0.125306       0.167041    -0.00717533    -0.00710938    -0.00739428    -0.00438895    -0.00321206        1.05302        1.00487        1.00079        1.00029        1.00178        1.00914        1.03829
            1.1        43.4006        43.3616         43.525        71.7227        7.12127        2.81854      0.0570675       0.472569       0.413847       0.385945        1.69213       0.124131       0.164413    -0.00759653    -0.00754336    -0.00790636    -0.00504217     -0.0035135        1.04679        1.00433        1.00159        1.00099        1.00261        1.00847        1.03621
           1.11        42.0686        42.0381        42.1291        70.8296          6.535        2.06922      0.0568227       0.468389       0.410121       0.381023        1.69064        0.12277       0.161618    -0.00800197    -0.00796121    -0.00839527    -0.00569473     -0.0038038        1.04104        1.00415        1.00256        1.00186        1.00357        1.00799        1.03448
           1.12        40.6683         40.644        40.6505        69.8224        5.90075         1.2817      0.0564711       0.463457       0.405698       0.375185        1.68724       0.121226       0.158666    -0.00838843    -0.00835947    -0.00885584    -0.00634495    -0.00408134        1.03575         1.0043        1.00367        1.00288        1.00464         1.0077         1.0331
           1.13        39.2031        39.1829        39.0945        68.7012        5.22061       0.458992      0.0560003       0.457765       0.400574        0.36847        1.68181       0.119504       0.155569    -0.00875262    -0.00873466    -0.00928311    -0.00699105    -0.00434454         1.0309        1.00474        1.00489        1.00402        1.00578        1.00758        1.03201
           1.14        37.6768        37.6588         37.467        67.4666        4.49683      -0.395866      0.0553964       0.451313       0.394753       0.360933        1.67421       0.117608       0.152335    -0.00909123     -0.0090833    -0.00967239    -0.00763113    -0.00459184        1.02648        1.00541         1.0062        1.00525        1.00698        1.00764         1.0312
           1.15        36.0937        36.0763        35.7748        66.1193        3.73188        -1.2797      0.0546471       0.444105       0.388243        0.35264         1.6643       0.115544       0.148976    -0.00940099    -0.00940193     -0.0100193    -0.00826316    -0.00482175        1.02248        1.00629        1.00756        1.00655        1.00819        1.00785        1.03064
           1.16         34.459        34.4407        34.0254        64.6604        2.92865       -2.18909      0.0537407       0.436155       0.381062       0.343664        1.65192       0.113321       0.145503    -0.00967865    -0.00968717       -0.01032    -0.00888496     -0.0050328        1.01888        1.00734        1.00896        1.00788         1.0094        1.00821        1.03028
           1.17        32.7782        32.7577        32.2272        63.0915        2.09013       -3.12061      0.0526795       0.427601       0.373335       0.334185        1.63726       0.110943       0.141921    -0.00992102    -0.00993572     -0.0105708    -0.00949421    -0.00522365        1.01569        1.00866        1.01045        1.00931        1.01068        1.00873        1.03016
           1.18        31.0578         31.034         30.389        61.4148        1.21982       -4.07042      0.0514588       0.418489       0.365109       0.324306        1.62022        0.10842       0.138243     -0.0101258     -0.0101452     -0.0107697     -0.0100889    -0.00539293        1.01294        1.01027        1.01205        1.01085        1.01205        1.00942        1.03026
           1.19        29.3042        29.2765        28.5201        59.6328       0.321396       -5.03471      0.0500707       0.408825       0.356394       0.314091        1.60055       0.105765       0.134484     -0.0102907     -0.0103133     -0.0109147     -0.0106669    -0.00553943        1.01058         1.0121        1.01371        1.01247        1.01347        1.01026        1.03055
            1.2        27.5245        27.4925        26.6298        57.7482      -0.601444       -6.00967      0.0485107       0.398625       0.347212       0.303611          1.578        0.10299       0.130656     -0.0104134     -0.0104377     -0.0110043     -0.0112256    -0.00566204         1.0086         1.0141         1.0154        1.01413        1.01491        1.01121        1.03099
           1.21        25.7262        25.6897        24.7282        55.7645       -1.54448       -6.99114      0.0467784       0.387919       0.337595       0.292943        1.55234        0.10011       0.126775     -0.0104916      -0.010516     -0.0110372     -0.0117622    -0.00575975        1.00696        1.01622         1.0171        1.01581        1.01635        1.01225        1.03155
           1.22        23.9172        23.8762         22.825        53.6855       -2.50354       -7.97512      0.0448781       0.376747       0.327584       0.282168        1.52338      0.0971388       0.122857     -0.0105232     -0.0105462     -0.0110129     -0.0122739    -0.00583169        1.00564        1.01841        1.01878        1.01746        1.01776        1.01335        1.03219
           1.23        22.1058        22.0609        20.9305        51.5158       -3.47406       -8.95726      0.0428191       0.365161       0.317232       0.271366        1.49091      0.0940943       0.118918     -0.0105063     -0.0105264     -0.0109309     -0.0127575    -0.00587714        1.00462        1.02062        1.02042        1.01908        1.01913        1.01447        1.03288
           1.24        20.3006        20.2523        19.0547        49.2603       -4.45162       -9.93352       0.040617       0.353227       0.306603       0.260624        1.45479      0.0909943       0.114974     -0.0104391     -0.0104552     -0.0107915     -0.0132097    -0.00589552        1.00386        1.02282        1.02198        1.02064        1.02044        1.01557        1.03359
           1.25        18.5105        18.4597        17.2077        46.9248       -5.43154       -10.8996      0.0382923       0.341025       0.295772       0.250025        1.41492      0.0878573       0.111044     -0.0103205     -0.0103314     -0.0105951     -0.0136271    -0.00588644        1.00335        1.02497        1.02347        1.02211        1.02168        1.01663        1.03431
           1.26        16.7447        16.6923        15.3994        44.5155       -6.40912       -11.8514      0.0358712       0.328648       0.284824       0.239656        1.37124      0.0847025       0.107145     -0.0101492      -0.010154     -0.0103429     -0.0140062    -0.00584964        1.00307        1.02704        1.02485         1.0235        1.02284         1.0176        1.03502
           1.27        15.0125        14.9598        13.6397        42.0395       -7.37949       -12.7845      0.0333844       0.316197       0.273855         0.2296        1.32378      0.0815495       0.103296    -0.00992496    -0.00992278     -0.0100362     -0.0143435    -0.00578506        1.00299        1.02901        1.02614        1.02478        1.02393        1.01844        1.03569
           1.28        13.3231        13.2715        11.9377        39.5043       -8.33806        -13.695      0.0308662       0.303787       0.262966       0.219937        1.27261      0.0784178      0.0995148    -0.00964752    -0.00963789    -0.00967705     -0.0146355     -0.0056928        1.00311        1.03088        1.02731        1.02596        1.02495        1.01913        1.03631
           1.29         11.686        11.6367        10.3026         36.918       -9.28003       -14.5787      0.0283531       0.291537       0.252263       0.210743         1.2179      0.0753268      0.0958196    -0.00931735    -0.00929997    -0.00926773     -0.0148789    -0.00557314        1.00339        1.03262        1.02838        1.02704         1.0259        1.01963        1.03689
            1.3        10.1103        10.0649        8.74298        34.2897       -10.2007       -15.4316      0.0258836       0.279567       0.241853       0.202089        1.15987      0.0722953      0.0922279    -0.00893542    -0.00891022    -0.00881094     -0.0150704    -0.00542653        1.00384        1.03424        1.02935        1.02802         1.0268        1.01991        1.03741
           1.31        8.60498        8.56482        7.26682        31.6285       -11.0956       -16.2499      0.0234958       0.268003       0.231843       0.194036        1.09883      0.0693412      0.0887574     -0.0085032    -0.00847038    -0.00830974     -0.0152073    -0.00525358        1.00442        1.03574        1.03024        1.02893        1.02765        1.01995        1.03788
           1.32        7.17884        7.14527        5.88171        28.9444       -11.9601       -17.0299      0.0212268       0.256963       0.222335        0.18664        1.03516      0.0664817      0.0854247    -0.00802272     -0.0079827     -0.0077675     -0.0152868    -0.00505506        1.00514        1.03713        1.03105        1.02977        1.02849        1.01974        1.03829
           1.33        5.84017        5.81445        4.59454        26.2478         -12.79       -17.7679      0.0191116       0.246562       0.213428       0.179948       0.969274      0.0637329      0.0822459    -0.00749651    -0.00744994    -0.00718784     -0.0153068    -0.00483187        1.00599        1.03842        1.03182        1.03056        1.02932        1.01926        1.03865
           1.34        4.59672        4.57997        3.41146        23.5493       -13.5811       -18.4605      0.0171825        0.23691       0.205212       0.173998        0.90167      0.0611096      0.0792364    -0.00692758    -0.00687533    -0.00657461     -0.0152654    -0.00458507        1.00695        1.03961        1.03255        1.03132        1.03017        1.01853        1.03898
           1.35        3.45578        3.44895        2.33804        20.8601       -14.3293       -19.1044      0.0154676       0.228103       0.197766       0.168822       0.832866      0.0586252      0.0764108    -0.00631938     -0.0062625    -0.00593183     -0.0151614    -0.00431582        1.00801        1.04074        1.03326        1.03207        1.03105        1.01754        1.03927
           1.36         2.4239        2.42773        1.37903        18.1912       -15.0311       -19.6966      0.0139911       0.220229       0.191162       0.164441       0.763406      0.0562921      0.0737828    -0.00567578    -0.00561548    -0.00526369     -0.0149939     -0.0040254        1.00918         1.0418        1.03399        1.03283        1.03198        1.01632        1.03953
           1.37        1.50702        1.52201       0.538532        15.5542       -15.6827       -20.2341      0.0127727       0.213364        0.18546       0.160872       0.693842      0.0541214      0.0713655    -0.00500097    -0.00493859    -0.00457452     -0.0147627    -0.00371522        1.01044        1.04282        1.03475        1.03363        1.03298         1.0149        1.03978
           1.38       0.710285       0.736683      -0.180149        12.9605       -16.2808       -20.7144      0.0118271       0.207571       0.180708       0.158123       0.624719      0.0521226      0.0691709    -0.00429946    -0.00423644    -0.00386869     -0.0144678    -0.00338672        1.01179        1.04381        1.03556        1.03448        1.03407        1.01332        1.04003
           1.39      0.0379028      0.0757027      -0.774609        10.4212       -16.8225        -21.135      0.0111649       0.202903       0.176944       0.156197       0.556562      0.0503046      0.0672105    -0.00357597    -0.00351384    -0.00315063     -0.0141101    -0.00304148        1.01322        1.04479        1.03644        1.03541        1.03525        1.01162        1.04027
            1.4      -0.506565      -0.457657         -1.243        7.94765       -17.3048       -21.4937      0.0107918       0.199396       0.174196        0.15509        0.48986      0.0486748      0.0654949    -0.00283545    -0.00277573    -0.00242473     -0.0136907     -0.0026811        1.01473        1.04577         1.0374        1.03642        1.03653        1.00986        1.04053
           1.41      -0.920589      -0.861149       -1.58441        5.55078       -17.7252       -21.7886      0.0107092       0.197079        0.17248       0.154795       0.425061      0.0472398      0.0640341    -0.00208294    -0.00202717    -0.00169539     -0.0132112    -0.00230727        1.01632        1.04676        1.03846        1.03752        1.03792        1.00809        1.04081
           1.42       -1.20258       -1.13345       -1.79873        3.24114       -18.0817       -22.0182      0.0109141       0.195966       0.171804         0.1553       0.362557      0.0460053      0.0628373    -0.00132359    -0.00127327   -0.000966929     -0.0126736    -0.00192173        1.01798        1.04776        1.03962        1.03874        1.03943        1.00638        1.04111
           1.43       -1.35162       -1.27393       -1.88635        1.02912        -18.372       -22.1808         0.0114       0.196061       0.172164       0.156587       0.302689      0.0449764      0.0619129   -0.000562552   -0.000519142   -0.000243584     -0.0120803    -0.00152626        1.01971        1.04879         1.0409        1.04006        1.04104        1.00479        1.04144
           1.44       -1.36793       -1.28305       -1.84864       -1.07549       -18.5947       -22.2756      0.0121563       0.197355       0.173547       0.158636       0.245738      0.0441573       0.061269    0.000195007    0.000230166    0.000470506     -0.0114339    -0.00112266        1.02149        1.04984        1.04228         1.0415        1.04276        1.00337         1.0418
           1.45       -1.25245       -1.16198       -1.68748       -3.06321       -18.7482       -22.3015      0.0131694        0.19983       0.175933       0.161421       0.191931      0.0435517      0.0609125    0.000944012    0.000969688     0.00117133     -0.0107372   -0.000712792        1.02334        1.05091        1.04378        1.04305        1.04458         1.0022         1.0422
           1.46       -1.00717      -0.912933       -1.40561       -4.92525       -18.8317       -22.2582      0.0144228       0.203456       0.179291       0.164913       0.141445       0.043163        0.06085     0.00167949     0.00169459     0.00185504    -0.00999322   -0.000298538        1.02524        1.05201        1.04538         1.0447        1.04649        1.00132        1.04263
           1.47      -0.634884      -0.538883       -1.00639       -6.65329       -18.8444       -22.1455      0.0158968       0.208193       0.183583       0.169077      0.0944116      0.0429937      0.0610868     0.00239663     0.00240023     0.00251795    -0.00920516    0.000118183        1.02718        1.05312        1.04708        1.04644        1.04847        1.00078         1.0431
           1.48      -0.139267     -0.0436516      -0.493816       -8.23961       -18.7859       -21.9636      0.0175698        0.21399       0.188759       0.173873      0.0509259      0.0430461      0.0616277     0.00309082     0.00308216      0.0031566    -0.00837624    0.000535432        1.02916        1.05424        1.04885        1.04827         1.0505        1.00063         1.0436
           1.49       0.475544       0.568501       0.127842       -9.67674        -18.656       -21.7126      0.0194179       0.220784       0.194766       0.179259      0.0110551       0.043322      0.0624763      0.0037577     0.00373624     0.00376774     -0.0075098    0.000951251        1.03116        1.05536         1.0507        1.05016        1.05257        1.00091        1.04413
            1.5        1.20412        1.29206        0.85321       -10.9584       -18.4552       -21.3937      0.0214155       0.228506       0.201536       0.185183     -0.0251522      0.0438225       0.063635     0.00439322     0.00435861      0.0043484    -0.00660916     0.00136367        1.03319        1.05647        1.05259         1.0521        1.05466        1.00163        1.04469
           1.51        2.04084        2.12137        1.67692       -12.0782       -18.1839       -21.0077      0.0235358       0.237071       0.208998       0.191592     -0.0576607      0.0445481       0.065105     0.00499363     0.00494574     0.00489588    -0.00567774      0.0017707        1.03522        1.05755        1.05452        1.05407        1.05675        1.00281        1.04526
           1.52        2.97919         3.0499        2.59291       -13.0309        -17.843       -20.5563      0.0257509        0.24639       0.217072       0.198425     -0.0864379       0.045499      0.0668859      0.0055556     0.00549451     0.00540782    -0.00471892     0.00217036        1.03725        1.05859        1.05645        1.05605        1.05881        1.00446        1.04585
           1.53        4.01216        4.07069        3.59478       -13.8116        -17.434       -20.0411      0.0280326       0.256362       0.225671        0.20562       -0.11145      0.0466743       0.068976     0.00607619     0.00600222     0.00588219    -0.00373613     0.00256067        1.03927        1.05958        1.05838        1.05802        1.06083        1.00658        1.04645
           1.54        5.13231        5.17636        4.67585       -14.4161       -16.9584       -19.4644      0.0303525       0.266881       0.234702       0.213106      -0.132657      0.0480725      0.0713716     0.00655293      0.0064666     0.00631732    -0.00273283     0.00293965        1.04126         1.0605        1.06027        1.05996        1.06278        1.00915        1.04704
           1.55        6.33179         6.3592        5.82917       -14.8407       -16.4181       -18.8286      0.0326829        0.27783       0.244067       0.220813      -0.150009      0.0496909       0.074067     0.00698382     0.00688587     0.00671196    -0.00171251     0.00330535        1.04321        1.06135        1.06212        1.06184        1.06464        1.01217        1.04763
           1.56        7.60243        7.61115        7.04761       -15.0823       -15.8155       -18.1365       0.034997       0.289092       0.253664       0.228668      -0.163446      0.0515261      0.0770546     0.00736738     0.00725874     0.00706524   -0.000678698     0.00365585        1.04511         1.0621        1.06389        1.06366        1.06641         1.0156         1.0482
           1.57        8.93576        8.92397        8.32383       -15.1388       -15.1532       -17.3913      0.0372693       0.300546       0.263391       0.236594      -0.172897      0.0535733      0.0803246     0.00770263     0.00758444     0.00737671    0.000365015     0.00398925        1.04694        1.06275        1.06558        1.06539        1.06805        1.01942        1.04874
           1.58        10.3234        10.2895        9.65065       -15.0082       -14.4341       -16.5964      0.0394765       0.312066       0.273144       0.244518      -0.178282      0.0558265      0.0838648     0.00798915     0.00786272     0.00764634     0.00141497     0.00430372        1.04869        1.06329        1.06717        1.06702        1.06956        1.02359        1.04925
           1.59        11.7568        11.6993        11.0208       -14.6894       -13.6616       -15.7556      0.0415973       0.323532        0.28282       0.252365      -0.179513      0.0582785      0.0876606     0.00822703     0.00809382      0.0078745     0.00246743     0.00459747        1.05035         1.0637        1.06865        1.06853        1.07092        1.02808        1.04971
            1.6        13.2274        13.1454        12.4271       -14.1822       -12.8393        -14.873      0.0436134       0.334824       0.292321       0.260067      -0.176501      0.0609205      0.0916951      0.0084169      0.0082785     0.00806197     0.00351857      0.0048688        1.05191        1.06398        1.06999        1.06991        1.07213        1.03283        1.05013
           1.61        14.7269        14.6195        13.8625       -13.4869       -11.9711       -13.9529      0.0455095       0.345827       0.301552       0.267555       -0.16916      0.0637424      0.0959488     0.00855989     0.00841799     0.00820991     0.00456446     0.00511609        1.05336        1.06413         1.0712        1.07115        1.07318         1.0378         1.0505
           1.62        16.2473        16.1141        15.3204       -12.6044       -11.0612            -13      0.0472734       0.356436       0.310427       0.274771      -0.157407      0.0667325         0.1004     0.00865759     0.00851395     0.00831982     0.00560112      0.0053378        1.05468        1.06413        1.07226        1.07225        1.07406        1.04295         1.0508
           1.63        17.7809        17.6216        16.7943       -11.5365        -10.114       -12.0189      0.0488962       0.366554       0.318867       0.281661      -0.141175      0.0698776       0.105025     0.00871203     0.00856849     0.00839351     0.00662449     0.00553254        1.05587        1.06398        1.07318        1.07319        1.07477        1.04824        1.05105
           1.64        19.3201         19.135        18.2779       -10.2858       -9.13447       -11.0149       0.050372       0.376094       0.326804       0.288179      -0.120414      0.0731631       0.109797     0.00872564     0.00858402     0.00843307     0.00763043     0.00569902        1.05692        1.06369        1.07393        1.07397        1.07531         1.0536        1.05122
           1.65        20.8583        20.6479        19.7658        -8.8554       -8.12727       -9.99292      0.0516987       0.384984       0.334181       0.294288     -0.0950919      0.0765726       0.114688     0.00870117     0.00856329     0.00844081      0.0086148     0.00583611        1.05783        1.06326        1.07453         1.0746        1.07567        1.05899        1.05133
           1.66         22.389        22.1541        21.2524       -7.24954       -7.09782       -8.95862       0.052877       0.393165       0.340954       0.299962     -0.0652105      0.0800885       0.119669     0.00864167     0.00850929     0.00841915     0.00957341      0.0059428         1.0586        1.06268        1.07498        1.07506        1.07587        1.06437        1.05136
           1.67        23.9063        23.6481        22.7331       -5.47285       -6.05132       -7.91727      0.0539107       0.400594       0.347089       0.305183     -0.0307984      0.0836915       0.124707     0.00855037     0.00842518     0.00837061      0.0105021     0.00601825        1.05921        1.06196        1.07526        1.07536        1.07591        1.06968        1.05133
           1.68         25.405        25.1249        24.2034       -3.53101       -4.99335       -6.87452      0.0548062       0.407241        0.35257       0.309941     0.00807986      0.0873613       0.129769     0.00843065     0.00831423     0.00829775      0.0113968     0.00606182        1.05968        1.06111         1.0754        1.07551        1.07579        1.07489        1.05122
           1.69        26.8806        26.5803        25.6592       -1.43025       -3.92949       -5.83591      0.0555721       0.413095        0.35739        0.31424      0.0513236       0.091076       0.134823     0.00828598     0.00817976     0.00820313      0.0122534     0.00607301        1.06001        1.06013        1.07538         1.0755        1.07552        1.07995        1.05104
            1.7        28.3289        28.0104        27.0971       0.822281       -2.86551       -4.80711      0.0562192        0.41816       0.361558       0.318088      0.0987946       0.094813       0.139833     0.00811983     0.00802508     0.00808927      0.0130679     0.00605155        1.06019        1.05903        1.07521        1.07534         1.0751        1.08483        1.05079
           1.71        29.7467        29.4121        28.5141        3.21898       -1.80701       -3.79351      0.0567599       0.422453       0.365096       0.321505       0.150318      0.0985484       0.144764     0.00793558     0.00785337     0.00795857      0.0138367     0.00599736        1.06023        1.05782        1.07491        1.07504        1.07455        1.08948        1.05049
           1.72        31.1309        30.7827        29.9073        5.75123      -0.759914       -2.80077      0.0572078       0.426007       0.368033       0.324516       0.205681       0.102258       0.149583     0.00773651     0.00766771     0.00781327      0.0145562     0.00591058        1.06015        1.05651        1.07447         1.0746        1.07388        1.09387        1.05012
           1.73        32.4795        32.1202        31.2746        8.41005       0.270134       -1.83413      0.0575767       0.428869       0.370415       0.327157       0.264639       0.105916       0.154256     0.00752572     0.00747094     0.00765545      0.0152229     0.00579157        1.05994        1.05511         1.0739        1.07403        1.07308        1.09799         1.0497
           1.74        33.7907        33.4228        32.6139        11.1857        1.27745      -0.898838      0.0578809       0.431095       0.372292       0.329463       0.326915       0.109498       0.158748     0.00730603     0.00726567     0.00748696      0.0158337     0.00564091        1.05962        1.05363        1.07321        1.07333        1.07218         1.1018        1.04923
           1.75        35.0633        34.6894        33.9236         14.068         2.2565      0.0001297      0.0581343       0.432753       0.373724        0.33148       0.392206       0.112978       0.163028     0.00708001     0.00705422      0.0073094      0.0163857      0.0054594        1.05919        1.05208        1.07241        1.07253        1.07119        1.10528        1.04873
           1.76        36.2963        35.9191        35.2023        17.0461        3.20183       0.857956      0.0583513       0.433916       0.374776       0.333253       0.460187       0.116332       0.167066      0.0068499     0.00683855     0.00712413      0.0168765     0.00524805        1.05867        1.05047        1.07152        1.07162        1.07012        1.10843        1.04819
           1.77        37.4895        37.1115        36.4488        20.1089        4.10834        1.67023      0.0585449       0.434666       0.375517       0.334828       0.530516       0.119534       0.170833     0.00661756     0.00662032     0.00693222      0.0173037     0.00500812        1.05807        1.04882        1.07052        1.07061        1.06897        1.11122        1.04762
           1.78        38.6425        38.2663        37.6622        23.2448          4.971        2.43274       0.058727       0.435085       0.376018       0.336254       0.602836       0.122562       0.174304     0.00638454     0.00640078     0.00673447      0.0176655     0.00474106        1.05739        1.04714        1.06945        1.06952        1.06775        1.11365        1.04704
           1.79        39.7555        39.3834        38.8413        26.4419        5.78511        3.14158      0.0589081       0.435261       0.376351       0.337579       0.676784       0.125393       0.177455     0.00615195     0.00618085     0.00653141      0.0179602     0.00444852        1.05665        1.04544         1.0683        1.06836        1.06649        1.11571        1.04645
            1.8        40.8288        40.4631        39.9855        29.6881        6.54635        3.79336      0.0590974       0.435277       0.376585       0.338848       0.751989       0.128005       0.180265     0.00592054     0.00596107     0.00632331      0.0181866     0.00413235        1.05586        1.04373        1.06709        1.06713        1.06519        1.11741        1.04585
           1.81        41.8625        41.5051        41.0939        32.9709        7.25057        4.38484      0.0593024       0.435216       0.376788       0.340104       0.828082        0.13038       0.182718     0.00569071     0.00574164     0.00611019      0.0183438     0.00379458        1.05504        1.04203        1.06582        1.06586        1.06385        1.11873        1.04527
           1.82        42.8571        42.5098        42.1655        36.2779        7.89417        4.91342      0.0595288       0.435157       0.377024       0.341384       0.904694       0.132499       0.184798     0.00546246      0.0055224     0.00589183      0.0184313     0.00343739        1.05418        1.04035        1.06452        1.06454        1.06249        1.11968         1.0447
           1.83         43.813        43.4774        43.1996        39.5967        8.47398         5.3769      0.0597809       0.435172       0.377349       0.342725       0.981461       0.134349       0.186495      0.0052355     0.00530292     0.00566782      0.0184489     0.00306311         1.0533         1.0387        1.06318        1.06318        1.06113        1.12027        1.04416
           1.84        44.7304        44.4075         44.195        42.9144        8.98703        5.77333       0.060061       0.435327       0.377814       0.344153        1.05802       0.135915       0.187801     0.00500922     0.00508248     0.00543757      0.0183967     0.00267419        1.05241        1.03709        1.06182        1.06181        1.05976        1.12049        1.04364
           1.85        45.6093        45.3002        45.1507        46.2188        9.43102        6.10138      0.0603694       0.435677       0.378462       0.345693        1.13403       0.137188       0.188712     0.00478274     0.00486013     0.00520037       0.018275     0.00227319        1.05151        1.03553        1.06045        1.06043        1.05839        1.12035        1.04317
           1.86        46.4497        46.1548        46.0652        49.4972        9.80393        6.36004      0.0607053       0.436271       0.379327       0.347361        1.20915        0.13816       0.189226     0.00455496     0.00463473     0.00495537      0.0180848     0.00186273        1.05062        1.03403        1.05908        1.05904        1.05704        1.11986        1.04274
           1.87        47.2512        46.9709        46.9373        52.7375        10.1044        6.54894       0.061066       0.437145       0.380436       0.349167        1.28304       0.138825       0.189347      0.0043246       0.004405     0.00470167       0.017827      0.0014455        1.04973        1.03261        1.05772        1.05767        1.05572        1.11902        1.04236
           1.88        48.0134        47.7477        47.7653        55.9276        10.3316        6.66804      0.0614475       0.438326       0.381804       0.351117        1.35539       0.139181       0.189079     0.00409024     0.00416954     0.00443833      0.0175029      0.0010242        1.04886        1.03126        1.05637        1.05631        1.05442        1.11784        1.04203
           1.89        48.7355        48.4839        48.5474        59.0559        10.4849        6.71772      0.0618444        0.43983       0.383441       0.353207        1.42589       0.139228       0.188432     0.00385038      0.0039269     0.00416441      0.0171142    0.000601573        1.04801        1.03001        1.05505        1.05497        1.05315        1.11633        1.04176
            1.9        49.4162        49.1782        49.2816        62.1107        10.5645        6.69889      0.0622499       0.441662       0.385344       0.355428        1.49425        0.13897       0.187415     0.00360348     0.00367564       0.003879      0.0166628    0.000180329        1.04718        1.02885        1.05375        1.05367        1.05192        1.11449        1.04154
           1.91        50.0543        49.8288        49.9658        65.0811        10.5707         6.6127      0.0626562       0.443817       0.387503       0.357767        1.56022       0.138412       0.186045     0.00334799     0.00341432     0.00358128      0.0161509   -0.000236857        1.04637        1.02779         1.0525         1.0524        1.05074        1.11234        1.04139
           1.92        50.6479        50.4339        50.5976        67.9562        10.5045        6.46082      0.0630548       0.446279       0.389899       0.360201        1.62353       0.137563       0.184337     0.00308245     0.00314161     0.00327051      0.0155807   -0.000647368        1.04558        1.02684        1.05129        1.05118         1.0496        1.10989         1.0413
           1.93        51.1954        50.9914        51.1749        70.7259        10.3676        6.24546      0.0634363       0.449021       0.392506       0.362706        1.68398       0.136432        0.18231     0.00280546      0.0028563     0.00294611      0.0149549    -0.00104868        1.04482        1.02601        1.05013        1.05001        1.04851        1.10717        1.04127
           1.94        51.6944        51.4988        51.6949        73.3804        10.1616        5.96885      0.0637903       0.452008        0.39529       0.365249        1.74135       0.135033       0.179986      0.0025158     0.00255732     0.00260765      0.0142762    -0.00143837        1.04408         1.0253        1.04902        1.04889        1.04748        1.10418        1.04129
           1.95        52.1425        51.9535        52.1552        75.9104        9.88898        5.63379      0.0641068       0.455198       0.398209       0.367796        1.79548       0.133381       0.177386     0.00221239      0.0022438     0.00225488      0.0135476    -0.00181416        1.04337        1.02471        1.04797        1.04783         1.0465        1.10096        1.04137
           1.96        52.5374        52.3532        52.5533        78.3073        9.55257         5.2435      0.0643751       0.458538       0.401217       0.370308        1.84623       0.131494       0.174535      0.0018944     0.00191513      0.0018878      0.0127721    -0.00217389        1.04268        1.02424        1.04699        1.04683        1.04558        1.09752         1.0415
           1.97         52.876        52.6945        52.8863        80.5628        9.15513        4.80097      0.0645845       0.461971       0.404261       0.372741        1.89349       0.129388       0.171459     0.00156123     0.00157092     0.00150659      0.0119529    -0.00251558        1.04201        1.02391        1.04606         1.0459        1.04472         1.0939        1.04168
           1.98        53.1558         52.975        53.1519        82.6693        8.70029           4.31      0.0647248       0.465432       0.407286        0.37505        1.93718       0.127085       0.168184     0.00121255     0.00121106     0.00111172      0.0110933    -0.00283742        1.04136        1.02369        1.04521        1.04504        1.04392        1.09012        1.04191
           1.99        53.3737        53.1916        53.3475        84.6197         8.1916         3.7742      0.0647856       0.468854       0.410232        0.37719        1.97725       0.124606       0.164736    0.000848336    0.000835752     0.00070389      0.0101965    -0.00313781        1.04073        1.02361        1.04443        1.04424        1.04318        1.08623        1.04217
              2        53.5271        53.3418         53.471        86.4078        7.63323        3.19774      0.0647584       0.472164       0.413035       0.379111        2.01367       0.121973       0.161144    0.000468867    0.000445507    0.000284082     0.00926591     -0.0034153        1.04012        1.02365        1.04371        1.04352         1.0425        1.08225        1.04247
           2.01         53.613        53.4226          53.52        88.0276         7.0292        2.58451      0.0646342       0.475288       0.415634       0.380768        2.04645       0.119208       0.157435    7.47552E-05    4.11508E-05   -0.000146438     0.00830482     -0.0036687        1.03953        1.02381        1.04307        1.04287        1.04188        1.07823         1.0428
           2.02         53.629        53.4316        53.4929         89.474        6.38404        1.93889       0.064406        0.47815       0.417965       0.382111        2.07561       0.116335       0.153636   -0.000333059   -0.000376166   -0.000586138     0.00731654    -0.00389698        1.03895        1.02409         1.0425        1.04228        1.04132         1.0742        1.04315
           2.03        53.5725        53.3664        53.3879        90.7422        5.70215        1.26504      0.0640676       0.480675       0.419964       0.383097        2.10119       0.113377       0.149774   -0.000753301   -0.000804972    -0.00103322     0.00630436    -0.00409935         1.0384        1.02449        1.04199        1.04177        1.04081        1.07021        1.04352
           2.04        53.4413        53.2252         53.204        91.8281        4.98829       0.567394      0.0636149       0.482789       0.421571       0.383683        2.12324       0.110356       0.145875    -0.00118437    -0.00124349    -0.00148564     0.00527149    -0.00427523        1.03786          1.025        1.04156        1.04133        1.04036        1.06629        1.04391
           2.05        53.2335         53.006          52.94        92.7282        4.24709      -0.149773      0.0630447       0.484421       0.422728       0.383829        2.14182       0.107296       0.141966    -0.00162433    -0.00168962    -0.00194111     0.00422109    -0.00442422        1.03733        1.02561        1.04119        1.04095        1.03997        1.06248        1.04431
           2.06        52.9477        52.7079        52.5958        93.4396        3.48347      -0.881943      0.0623562       0.485504       0.423381       0.383502        2.15698       0.104219        0.13807    -0.00207097    -0.00214101    -0.00239716     0.00315627    -0.00454615        1.03683        1.02632        1.04089        1.04064        1.03962        1.05882        1.04471
           2.07        52.5825        52.3297         52.171        93.9597          2.702         -1.625      0.0615503       0.485976       0.423482       0.382671        2.16878       0.101146       0.134212    -0.00252177    -0.00259503    -0.00285109     0.00208008    -0.00464101        1.03635        1.02712        1.04065        1.04038        1.03932        1.05534        1.04512
           2.08        52.1374        51.8712        51.6664        94.2867        1.90751       -2.37459      0.0606293       0.485782       0.422988       0.381313        2.17726      0.0980967       0.130413    -0.00297396    -0.00304882     -0.0033001      0.0009955    -0.00470897         1.0359          1.028        1.04047        1.04019        1.03907        1.05208        1.04554
           2.09        51.6124        51.3325        51.0829        94.4193        1.10475       -3.12649      0.0595985       0.484876       0.421864       0.379411        2.18245      0.0950902       0.126693    -0.00342456    -0.00349934    -0.00374125   -9.44904E-05     -0.0047504        1.03547        1.02896        1.04034        1.04005        1.03885        1.04907        1.04595
            2.1        51.0078        50.7145        50.4222        94.3565       0.298298       -3.87664      0.0584643       0.483219       0.420085       0.376955        2.18436      0.0921444       0.123074    -0.00387038    -0.00394339    -0.00417153    -0.00118693    -0.00476578        1.03507        1.02998        1.04026        1.03995        1.03867        1.04634        1.04636
           2.11        50.3244        50.0181         49.686        94.0979      -0.507504       -4.62126      0.0572352       0.480784       0.417631       0.373944        2.18296      0.0892757       0.119571    -0.00430812    -0.00437765    -0.00458789    -0.00227887    -0.00475579         1.0347        1.03106        1.04022         1.0399        1.03853         1.0439        1.04677
           2.12        49.5641        49.2456        48.8772         93.644       -1.30813       -5.35637      0.0559213       0.477554       0.414495       0.370384        2.17821      0.0864987       0.116201    -0.00473435    -0.00479874     -0.0049873     -0.0033673    -0.00472121        1.03438        1.03218        1.04021        1.03989         1.0384        1.04176        1.04718
           2.13        48.7287        48.3991        47.9988        92.9951       -2.09963       -6.07858      0.0545343       0.473524        0.41068       0.366289        2.17003      0.0838269       0.112978    -0.00514562    -0.00520327     -0.0053668    -0.00444917    -0.00466294        1.03409        1.03335        1.04024         1.0399         1.0383        1.03995        1.04758
           2.14        47.8215        47.4821        47.0546        92.1529       -2.87774       -6.78419      0.0530875       0.468702       0.406198       0.361682        2.15832      0.0812723       0.109915    -0.00553847     -0.0055879    -0.00572351    -0.00552134    -0.00458201        1.03385        1.03454        1.04029        1.03994        1.03822        1.03847        1.04798
           2.15        46.8456        46.4981        46.0487         91.119       -3.63876       -7.47007      0.0515948        0.46311       0.401074       0.356594        2.14294      0.0788451       0.107024    -0.00590951    -0.00594936    -0.00605473    -0.00658055    -0.00447952        1.03365        1.03576        1.04036        1.03999        1.03815         1.0373        1.04838
           2.16        45.8052        45.4513        44.9856        89.8958       -4.37924       -8.13329      0.0500713        0.45678       0.395343       0.351065        2.12372      0.0765543       0.104313    -0.00625548    -0.00628456    -0.00635794    -0.00762339    -0.00435667        1.03351        1.03699        1.04044        1.04006        1.03808        1.03645        1.04879
           2.17        44.7048        44.3467        43.8707        88.4865       -5.09562       -8.77084      0.0485323       0.449758        0.38905       0.345139        2.10047      0.0744075       0.101791    -0.00657329    -0.00659059    -0.00663087     -0.0086463    -0.00421471        1.03343        1.03823        1.04052        1.04013        1.03802        1.03589        1.04919
           2.18        43.5496        43.1894        42.7092        86.8947       -5.78487       -9.38021      0.0469934       0.442104       0.382249       0.338872        2.07298      0.0724107      0.0994655    -0.00686008    -0.00686481    -0.00687152    -0.00964551    -0.00405496         1.0334        1.03947         1.0406         1.0402        1.03796        1.03561         1.0496
           2.19        42.3453        41.9854         41.507        85.1249       -6.44408       -9.95899      0.0454699       0.433887       0.375006        0.33232        2.04105      0.0705691      0.0973407    -0.00711326    -0.00710486    -0.00707821     -0.0106171    -0.00387877        1.03344        1.04069        1.04067        1.04026         1.0379        1.03555        1.05001
            2.2         41.098        40.7408        40.2702        83.1823        -7.0705       -10.5049      0.0439768       0.425186       0.367392       0.325547        2.00446      0.0688863      0.0954212    -0.00733058    -0.00730875    -0.00724961     -0.0115568    -0.00368753        1.03354        1.04191        1.04072        1.04031        1.03784         1.0357        1.05043
           2.21        39.8142        39.4621         39.005        81.0727       -7.66183       -11.0162      0.0425278        0.41609       0.359484       0.318618        1.96302      0.0673649      0.0937095    -0.00751018    -0.00747485    -0.00738473     -0.0124604    -0.00348268         1.0337         1.0431        1.04076        1.04035        1.03776        1.03599        1.05086
           2.22        38.5006        38.1561         37.718        78.8029        -8.2159        -11.491      0.0411357       0.406694       0.351366       0.311601        1.91657      0.0660068      0.0922074    -0.00765057    -0.00760194    -0.00748297     -0.0133233    -0.00326562        1.03393        1.04426        1.04078        1.04036        1.03768        1.03638         1.0513
           2.23        37.1642        36.8297        36.4156        76.3804       -8.73078        -11.928      0.0398119       0.397097       0.343123       0.304564        1.86501      0.0648125      0.0909157    -0.00775069    -0.00768921    -0.00754411     -0.0141409     -0.0030378        1.03422        1.04539        1.04077        1.04035        1.03759         1.0368        1.05175
           2.24        35.8123          35.49        35.1044        73.8137       -9.20485       -12.3258       0.038566         0.3874       0.334842       0.297574        1.80827      0.0637821      0.0898337    -0.00780994    -0.00773631    -0.00756826     -0.0149084    -0.00280066        1.03458        1.04648        1.04073        1.04032        1.03749         1.0372        1.05221
           2.25        34.4523        34.1443         33.791        71.1122       -9.63656       -12.6834      0.0374056       0.377707       0.326608       0.290695        1.74639      0.0629147      0.0889602    -0.00782814     -0.0077433    -0.00755587     -0.0156211    -0.00255562        1.03501        1.04752        1.04066        1.04026        1.03738         1.0375        1.05267
           2.26        33.0911        32.7994        32.4817        68.2858       -10.0249       -13.0001      0.0363365       0.368117       0.318504       0.283987         1.6795      0.0622086      0.0882929    -0.00780557    -0.00771066    -0.00750775     -0.0162743     -0.0023041         1.0355        1.04852        1.04056        1.04017        1.03726        1.03765        1.05316
           2.27        31.7363        31.4625        31.1827        65.3457       -10.3689       -13.2752      0.0353624       0.358725       0.310607       0.277508        1.60781      0.0616619      0.0878285    -0.00774292    -0.00763929      -0.007425     -0.0168636    -0.00204748        1.03605        1.04946        1.04044        1.04006        1.03714        1.03758        1.05365
           2.28        30.3947        30.1404        29.9002        62.3038       -10.6679       -13.5084      0.0344831       0.349616       0.302986       0.271301        1.53188      0.0612713       0.087563    -0.00764131    -0.00753043    -0.00730901     -0.0173846    -0.00178715        1.03666        1.05035        1.04029        1.03993        1.03701        1.03729        1.05415
           2.29        29.0732        28.8396        28.6398        59.1725       -10.9213       -13.6996      0.0336991       0.340873       0.295707       0.265412        1.45211      0.0610337      0.0874916    -0.00750215    -0.00738565    -0.00716136     -0.0178338    -0.00152444        1.03733        1.05118        1.04012        1.03979        1.03689        1.03674        1.05466
            2.3        27.7784        27.5662        27.4071        55.9651        -11.129       -13.8487      0.0330095       0.332572       0.288829       0.259881        1.36891      0.0609452      0.0876088    -0.00732724    -0.00720683    -0.00698389     -0.0182079    -0.00126064        1.03805        1.05195        1.03993        1.03963        1.03677        1.03583        1.05518
           2.31        26.5166        26.3265        26.2074        52.6953       -11.2908       -13.9559      0.0324113       0.324781       0.282402       0.254739        1.28286      0.0610017      0.0879084    -0.00711867    -0.00699613    -0.00677859     -0.0185041   -0.000997042        1.03882        1.05265        1.03974        1.03946        1.03666        1.03451        1.05571
           2.32        25.2934        25.1255         25.045        49.3773       -11.4072        -14.022      0.0319009       0.317553       0.276468       0.250011        1.19462      0.0611983      0.0883835     -0.0068788    -0.00675592    -0.00654763       -0.01872   -0.000734856        1.03963        1.05329        1.03954        1.03928        1.03656        1.03274        1.05624
           2.33        24.1145        23.9687        23.9249        46.0259       -11.4782       -14.0472      0.0314729       0.310933       0.271058       0.245713        1.10491      0.0615298      0.0890268    -0.00661019    -0.00648875    -0.00629324     -0.0188541   -0.000475266        1.04047        1.05387        1.03934        1.03912        1.03649        1.03049        1.05677
           2.34        22.9844        22.8604        22.8506        42.6557       -11.5048       -14.0326      0.0311214       0.304953       0.266194       0.241858        1.01452      0.0619908      0.0898297    -0.00631554    -0.00619729    -0.00601775     -0.0189055   -0.000219406        1.04136        1.05438        1.03916        1.03896        1.03644        1.02776         1.0573
           2.35         21.908        21.8049        21.8261        39.2819       -11.4874       -13.9789      0.0308384       0.299631       0.261884       0.238443       0.924494      0.0625753      0.0907834    -0.00599769    -0.00588429    -0.00572348      -0.018874    3.16416E-05        1.04226        1.05484          1.039        1.03882        1.03642        1.02463        1.05783
           2.36        20.8889        20.8059        20.8543        35.9194       -11.4272       -13.8874      0.0306178       0.294979       0.258134        0.23547       0.835675      0.0632768      0.0918788     -0.0056595    -0.00555249    -0.00541275     -0.0187605    0.000276853         1.0432        1.05525        1.03887        1.03872        1.03645        1.02119        1.05836
           2.37        19.9307        19.8663         19.938        32.5827       -11.3252       -13.7593      0.0304544       0.291004       0.254946       0.232934       0.748801      0.0640891      0.0931061    -0.00530386    -0.00520465    -0.00508783     -0.0185668    0.000515259        1.04414        1.05562        1.03878        1.03865        1.03653        1.01746        1.05888
           2.38        19.0362         18.989        19.0796        29.2864       -11.1828        -13.596      0.0303437       0.287705       0.252314        0.23083       0.664567      0.0650053      0.0944552    -0.00493367    -0.00484353    -0.00475097     -0.0182949    0.000745946         1.0451        1.05594        1.03874        1.03864        1.03667        1.01353        1.05939
           2.39         18.208        18.1761        18.2812        26.0442       -11.0013        -13.399       0.030282       0.285075       0.250229       0.229146       0.583582      0.0660185      0.0959157    -0.00455181    -0.00447182    -0.00440437     -0.0179479    0.000968065        1.04606        1.05623        1.03876        1.03868        1.03687        1.00947        1.05989
            2.4        17.4477        17.4294        17.5443        22.8695       -10.7824       -13.1699      0.0302664       0.283102       0.248678       0.227873       0.506354      0.0671214       0.097477    -0.00416109    -0.00409216    -0.00405016      -0.017529     0.00118083        1.04702         1.0565        1.03885        1.03879        1.03714        1.00537        1.06038
           2.41        16.7568        16.7499        16.8702         19.775       -10.5277       -12.9105       0.030295       0.281767       0.247643       0.226997       0.433289      0.0683066      0.0991282    -0.00376426     -0.0037071    -0.00369039      -0.017042     0.00138351        1.04798        1.05674        1.03902        1.03896        1.03749        1.00132        1.06085
           2.42        16.1364        16.1388        16.2597        16.7727        -10.239       -12.6226      0.0303667       0.281049       0.247107       0.226504       0.364683      0.0695667       0.100858    -0.00336397    -0.00331909    -0.00332704      -0.016491     0.00157545        1.04892        1.05698        1.03926        1.03922        1.03791         0.9974         1.0613
           2.43        15.5867         15.596        15.7133        13.8737       -9.91834       -12.3082      0.0304811       0.280925       0.247047       0.226379       0.300732      0.0708939       0.102656    -0.00296278    -0.00293048      -0.002962     -0.0158804     0.00175607        1.04985        1.05721        1.03959        1.03956        1.03842       0.993711        1.06173
           2.44        15.1078        15.1218        15.2313        11.0885       -9.56769       -11.9691      0.0306383       0.281366        0.24744       0.226607        0.24154      0.0722803        0.10451    -0.00256311     -0.0025435     -0.0025971     -0.0152146     0.00192482        1.05075        1.05744           1.04        1.03998        1.03901       0.990328        1.06214
           2.45        14.6994        14.7157        14.8136         8.4267       -9.18912       -11.6074      0.0308384       0.282342        0.24826       0.227169       0.187131      0.0737183        0.10641    -0.00216726    -0.00216026    -0.00223403     -0.0144979     0.00208126        1.05162        1.05767        1.04049        1.04048        1.03967       0.987328        1.06253
           2.46        14.3603        14.3768        14.4596        5.89705       -8.78494       -11.2253      0.0310819       0.283817       0.249479        0.22805       0.137462      0.0751996       0.108344    -0.00177739    -0.00178273    -0.00187443      -0.013735     0.00222499        1.05247        1.05791        1.04107        1.04106        1.04041       0.984775        1.06289
           2.47        14.0898        14.1042        14.1689        3.50774       -8.35718       -10.8247      0.0313688       0.285756       0.251068       0.229228      0.0924424      0.0767163       0.110301    -0.00139549    -0.00141272    -0.00151983       -0.01293      0.0023557        1.05327        1.05817        1.04173        1.04173        1.04122       0.982722        1.06322
           2.48         13.886        13.8963        13.9403        1.26579       -7.90838       -10.4079      0.0316989        0.28812       0.252996       0.230685      0.0519438      0.0782603        0.11227    -0.00102339    -0.00105191    -0.00117168     -0.0120873     0.00247314        1.05404        1.05843        1.04247        1.04246        1.04209       0.981211        1.06352
           2.49        13.7473        13.7513        13.7727      -0.822117       -7.44069       -9.97693      0.0320715       0.290867       0.255229       0.232398      0.0158195      0.0798235       0.114242   -0.000662739   -0.000701804   -0.000831275     -0.0112109     0.00257714        1.05476        1.05871        1.04327        1.04327        1.04302       0.980273        1.06379
            2.5        13.6714        13.6675        13.6646       -2.75024       -6.95647       -9.53389      0.0324853       0.293953       0.257734       0.234344      -0.016087      0.0813979       0.116204   -0.000315013   -0.000363741   -0.000499831     -0.0103048     0.00266756        1.05544          1.059        1.04413        1.04413          1.044       0.979924        1.06403
           2.51         13.656        13.6424        13.6145       -4.51358       -6.45819         -9.081      0.0329383       0.297334       0.260473       0.236499     -0.0439291      0.0829754       0.118148    1.85148E-05   -3.88863E-05   -0.000178422     -0.0093728     0.00274439        1.05606         1.0593        1.04504        1.04504        1.04502       0.980171        1.06423
           2.52        13.6986        13.6739        13.6205       -6.10756       -5.94804       -8.62017      0.0334277       0.300963        0.26341       0.238839     -0.0678502      0.0845482       0.120064    0.000336768     0.00027178    0.000132012    -0.00841843     0.00280764        1.05663         1.0596          1.046          1.046        1.04606       0.981011         1.0644
           2.53        13.7963        13.7593        13.6807       -7.52853       -5.42851       -8.15359      0.0339506       0.304792       0.266508       0.241337     -0.0879753      0.0861086       0.121942    0.000638874    0.000567462    0.000430659    -0.00744524     0.00285742        1.05715        1.05992        1.04699        1.04699        1.04712       0.982428        1.06453
           2.54        13.9462        13.8958        13.7929       -8.77331       -4.90193       -7.68326      0.0345026       0.308773       0.269728       0.243966       -0.10441      0.0876489       0.123774    0.000924172    0.000847548    0.000716855    -0.00645658     0.00289387        1.05761        1.06023          1.048          1.048        1.04819       0.984401        1.06461
           2.55        14.1455        14.0808        13.9549       -9.83928       -4.37052       -7.21106      0.0350797       0.312857       0.273033         0.2467      -0.117236       0.089162       0.125551      0.0011922     0.00111162    0.000990084    -0.00545575     0.00291723        1.05801        1.06053        1.04902        1.04902        1.04925       0.986901        1.06466
           2.56        14.3909        14.3114        14.1644       -10.7245       -3.83659       -6.73892       0.035677       0.316999       0.276384       0.249512      -0.126511      0.0906407       0.127267     0.00144272     0.00135944     0.00124997    -0.00444596     0.00292778        1.05835        1.06084        1.05005        1.05005         1.0503       0.989893        1.06467
           2.57        14.6795        14.5847        14.4191       -11.4276       -3.30234       -6.26867      0.0362897       0.321151       0.279747       0.252376      -0.132272      0.0920784       0.128914     0.00167566     0.00159096     0.00149627    -0.00343038     0.00292586        1.05863        1.06112        1.05106        1.05107        1.05133       0.993336        1.06463
           2.58        15.0081        14.8979        14.7167       -11.9476       -2.76979       -5.80193      0.0369127       0.325271       0.283087       0.255265      -0.134537      0.0934687       0.130486     0.00189117     0.00180628     0.00172891    -0.00241214     0.00291188        1.05886         1.0614        1.05206        1.05207        1.05232       0.997189        1.06455
           2.59        15.3737        15.2482        15.0546       -12.2844       -2.24111       -5.34047      0.0375409       0.329316       0.286372       0.258156      -0.133303      0.0948058       0.131978     0.00208956     0.00200569     0.00194791    -0.00139438     0.00288628        1.05902        1.06165        1.05304        1.05305        1.05328         1.0014        1.06443
            2.6        15.7734        15.6329        15.4306        -12.438       -1.71819       -4.88574      0.0381694       0.333251       0.289571       0.261026      -0.128562      0.0960842       0.133384     0.00227132     0.00218962     0.00215342   -0.000380248     0.00284957        1.05913        1.06188        1.05398          1.054        1.05418        1.00593        1.06427
           2.61        16.2041        16.0491        15.8423       -12.4097       -1.20305       -4.43937      0.0387937       0.337041        0.29266       0.263854      -0.120291       0.097299       0.134702     0.00243708     0.00235863     0.00234572    0.000627098     0.00280228        1.05918        1.06207        1.05489        1.05491        1.05504        1.01073        1.06407
           2.62        16.6633        16.4945        16.2874       -12.2006      -0.697304       -4.00254      0.0394098       0.340656       0.295614       0.266622      -0.108469      0.0984457       0.135927     0.00258762      0.0025134     0.00252514     0.00162446       0.002745        1.05917        1.06224        1.05574        1.05577        1.05583        1.01575        1.06382
           2.63        17.1483        16.9665        16.7638       -11.8127      -0.202656       -3.57654      0.0400137       0.344073       0.298416       0.269315     -0.0930755      0.0995206       0.137057      0.0027238     0.00265472     0.00269215     0.00260863     0.00267835        1.05911        1.06237        1.05655        1.05658        1.05657        1.02094        1.06353
           2.64        17.6567        17.4629        17.2692       -11.2488        0.27924       -3.16262      0.0406027       0.347271       0.301049       0.271918     -0.0740961        0.10052       0.138092      0.0028466     0.00278343     0.00284725     0.00357636     0.00260298          1.059        1.06246         1.0573        1.05734        1.05723        1.02625         1.0632
           2.65        18.1861        17.9815        17.8016        -10.512       0.746979       -2.76178      0.0411738       0.350238       0.303504       0.274422      -0.051527       0.101442       0.139029     0.00295704     0.00290047     0.00299101     0.00452442     0.00251954        1.05884        1.06251        1.05798        1.05803        1.05783        1.03164        1.06283
           2.66        18.7345        18.5203        18.3592       -9.60603         1.1992       -2.37498      0.0417257       0.352963       0.305775       0.276819     -0.0253798       0.102284       0.139869     0.00305621     0.00300677     0.00312404     0.00544955     0.00242874        1.05863        1.06251        1.05861        1.05866        1.05835        1.03707        1.06242
           2.67        19.3001        19.0776          18.94       -8.53529        1.63476       -2.00301      0.0422569       0.355444        0.30786       0.279106     0.00431341       0.103044       0.140611      0.0031452      0.0031033     0.00324697     0.00634854     0.00233128        1.05838        1.06246        1.05916        1.05923         1.0588        1.04248        1.06198
           2.68        19.8812        19.6519        19.5425       -7.30466         2.0526       -1.64656       0.042767       0.357684       0.309759        0.28128      0.0375018       0.103723       0.141259     0.00322509     0.00319103     0.00336042     0.00721818     0.00222786        1.05808        1.06237        1.05965        1.05973        1.05917        1.04785        1.06149
           2.69        20.4763        20.2415        20.1649       -5.91981        2.45162       -1.30641      0.0432558       0.359689       0.311482       0.283345       0.074109       0.104318       0.141812     0.00329695     0.00327087     0.00346503     0.00805536     0.00211921        1.05774        1.06222        1.06007        1.06015        1.05947        1.05313        1.06098
            2.7        21.0839        20.8452        20.8058       -4.38675        2.83105      -0.983021      0.0437242       0.361473       0.313037       0.285304       0.114035       0.104831       0.142274     0.00336179     0.00334371     0.00356138     0.00885701     0.00200604        1.05737        1.06202        1.06042        1.06051         1.0597        1.05829        1.06043
           2.71        21.7031        21.4618        21.4637       -2.71212        3.19017       -0.67683      0.0441734       0.363051       0.314438       0.287166       0.157152       0.105262       0.142647     0.00342054     0.00341036     0.00365003      0.0096202     0.00188905        1.05697        1.06177        1.06069        1.06079        1.05985         1.0633        1.05985
           2.72        22.3329        22.0905        22.1375      -0.903019        3.52845      -0.388107      0.0446048       0.364444       0.315702       0.288937       0.203308       0.105613       0.142934     0.00347406     0.00347155     0.00373147      0.0103421     0.00176895        1.05653        1.06147         1.0609        1.06101        1.05993        1.06812        1.05925
           2.73        22.9723        22.7302        22.8258        1.03285        3.84537      -0.117153      0.0450204       0.365677       0.316849       0.290632       0.252324       0.105886       0.143139     0.00352309     0.00352791     0.00380613      0.0110201     0.00164641        1.05607        1.06111        1.06104        1.06115        1.05994        1.07274        1.05861
           2.74        23.6208        23.3801        23.5275        3.08735        4.14055       0.135849      0.0454222       0.366775       0.317899       0.292262       0.303998       0.106082       0.143267     0.00356827     0.00357996     0.00387438      0.0116517     0.00152209        1.05559         1.0607        1.06111        1.06123        1.05988        1.07712        1.05796
           2.75        24.2776        24.0397        24.2415        5.25195        4.41381       0.370876      0.0458127       0.367768       0.318876       0.293842       0.358106       0.106205        0.14332      0.0036101     0.00362811     0.00393648      0.0122345     0.00139665        1.05508        1.06023        1.06111        1.06124        1.05977        1.08126        1.05728
           2.76        24.9422        24.7081        24.9667        7.51767        4.66495       0.587864      0.0461944       0.368685       0.319803       0.295386       0.414406       0.106257       0.143305     0.00364894     0.00367265     0.00399262      0.0127666     0.00127068        1.05456        1.05972        1.06105        1.06119        1.05959        1.08513        1.05658
           2.77        25.6142        25.3849        25.7021        9.87526        4.89404       0.786961      0.0465696       0.369557       0.320704       0.296909       0.472638       0.106241       0.143224     0.00368504     0.00371375     0.00404291      0.0132462     0.00114477        1.05402        1.05915        1.06094        1.06108        1.05935        1.08872        1.05586
           2.78        26.2931        26.0694        26.4466         12.315        5.10105       0.968212      0.0469408       0.370414       0.321602       0.298428       0.532527       0.106162       0.143084     0.00371848     0.00375143     0.00408734      0.0136715     0.00101948        1.05347        1.05854        1.06076        1.06091        1.05906        1.09203        1.05513
           2.79        26.9783        26.7609        27.1993        14.8271        5.28621        1.13187      0.0473102       0.371286       0.322521       0.299956       0.593791       0.106023       0.142888     0.00374924     0.00378563     0.00412584      0.0140414    0.000895328        1.05291        1.05788        1.06054        1.06069        1.05872        1.09504        1.05439
            2.8        27.6696         27.459         27.959        17.4015        5.44979        1.27822      0.0476796       0.372201       0.323483       0.301508       0.656136       0.105827       0.142642     0.00377715     0.00381615     0.00415826      0.0143548    0.000772799        1.05234        1.05718        1.06027        1.06042        1.05834        1.09775        1.05363
           2.81        28.3662         28.163        28.7247        20.0278        5.59214        1.40755       0.048051       0.373185       0.324506       0.303095       0.719267        0.10558       0.142349     0.00380191     0.00384267     0.00418434      0.0146109    0.000652341        1.05177        1.05644        1.05995        1.06011        1.05792        1.10015        1.05287
           2.82        29.0677        28.8719        29.4951        22.6957        5.71362         1.5202      0.0484257        0.37426       0.325609        0.30473       0.782883       0.105285       0.142016     0.00382314      0.0038648     0.00420379      0.0148092    0.000534367         1.0512        1.05566         1.0596        1.05976        1.05746        1.10225        1.05209
           2.83        29.7734        29.5852        30.2692        25.3948        5.81481        1.61661      0.0488051       0.375449       0.326808       0.306421       0.846687       0.104946       0.141646     0.00384033     0.00388208     0.00421624      0.0149494    0.000419251        1.05062        1.05485        1.05921        1.05937        1.05697        1.10405        1.05132
           2.84        30.4824        30.3018        31.0454        28.1146        5.89614        1.69712      0.0491896       0.376769       0.328114       0.308177       0.910382       0.104569       0.141243     0.00385291     0.00389393     0.00422127      0.0150318    0.000307332        1.05005        1.05401        1.05878        1.05894        1.05645        1.10555        1.05054
           2.85         31.194        31.0207        31.8227        30.8446        5.95833         1.7623      0.0495798       0.378232       0.329537       0.310002       0.973676       0.104156       0.140812     0.00386023     0.00389975     0.00421843      0.0150564    0.000198908        1.04948        1.05315        1.05834        1.05849         1.0559        1.10675        1.04977
           2.86        31.9071        31.7407        32.5993        33.5746        6.00197        1.81258      0.0499756        0.37985       0.331085         0.3119        1.03628       0.103713       0.140357      0.0038616      0.0038989     0.00420725       0.015024    9.42432E-05        1.04891        1.05227        1.05787        1.05802        1.05534        1.10765        1.04899
           2.87        32.6205        32.4606        33.3738        36.2942        6.02769        1.84841      0.0503771       0.381629        0.33276       0.313872        1.09793       0.103243       0.139881     0.00385628     0.00389069     0.00418723      0.0149353   -6.43533E-06        1.04836        1.05137        1.05738        1.05753        1.05477        1.10827        1.04823
           2.88        33.3331        33.1792        34.1446        38.9935        6.03644        1.87053      0.0507831       0.383571       0.334564       0.315917        1.15834        0.10275       0.139389     0.00384351     0.00387444     0.00415787      0.0147915   -0.000102936        1.04781        1.05046        1.05688        1.05702        1.05418        1.10861        1.04746
           2.89        34.0434        33.8947          34.91        41.6626        6.02877        1.87927       0.051193       0.385675       0.336493       0.318032        1.21727       0.102239       0.138883     0.00382255     0.00384948     0.00411871      0.0145938     -0.0001951        1.04727        1.04954        1.05638        1.05651        1.05358        1.10867        1.04671
            2.9        34.7498        34.6056         35.668        44.2919        6.00559        1.87531      0.0516055       0.387936       0.338544       0.320211        1.27447       0.101712       0.138368     0.00379265     0.00381514     0.00406929      0.0143437   -0.000282806        1.04674        1.04862        1.05586        1.05598        1.05298        1.10847        1.04598
           2.91        35.4506        35.3101         36.417        46.8722         5.9677        1.85919      0.0520189       0.390346       0.340707       0.322447        1.32971       0.101174       0.137845     0.00375312      0.0037708     0.00400919       0.014043   -0.000365956        1.04623         1.0477        1.05535        1.05546        1.05237        1.10801        1.04525
           2.92        36.1441        36.0063        37.1547        49.3943         5.9158        1.83138      0.0524316       0.392894       0.342972        0.32473        1.38278       0.100629       0.137317     0.00370327     0.00371589     0.00393803      0.0136937    -0.00044449        1.04573         1.0468        1.05484        1.05493        1.05177        1.10732        1.04455
           2.93        36.8284        36.6924        37.8793          51.85        5.85093        1.79265      0.0528414       0.395564       0.345326        0.32705        1.43348       0.100078       0.136788     0.00364251     0.00364988      0.0038555      0.0132979   -0.000518369        1.04525         1.0459        1.05433        1.05441        1.05117        1.10639        1.04386
           2.94        37.5014        37.3663        38.5886        54.2307        5.77374        1.74338       0.053246        0.39834       0.347755       0.329394        1.48165      0.0995255       0.136259     0.00357032     0.00357235     0.00376134      0.0128578   -0.000587584        1.04479        1.04503        1.05383         1.0539        1.05058        1.10524         1.0432
           2.95        38.1609        38.0257        39.2806        56.5289        5.68513        1.68421      0.0536433       0.401202       0.350241       0.331747        1.52712      0.0989742       0.135732     0.00348623     0.00348291     0.00365538      0.0123758   -0.000652151        1.04434        1.04417        1.05334         1.0534           1.05        1.10389        1.04256
           2.96        38.8049        38.6686        39.9531        58.7372        5.58598        1.61574      0.0540304       0.404127       0.352766       0.334094        1.56976      0.0984265       0.135209     0.00338988     0.00338131     0.00353752      0.0118546   -0.000712106        1.04392        1.04335        1.05287        1.05291        1.04944        1.10236        1.04195
           2.97         39.431        39.2927        40.6038        60.8487        5.47698        1.53839      0.0544049       0.407092       0.355309       0.336419        1.60946      0.0978849       0.134693     0.00328103     0.00326736     0.00340775      0.0112968   -0.000767508        1.04352        1.04256        1.05241        1.05243        1.04888        1.10065        1.04137
           2.98         40.037        39.8958        41.2308        62.8572        5.35908        1.45287      0.0547639       0.410072        0.35785       0.338706        1.64613      0.0973516       0.134184     0.00315953       0.003141     0.00326616      0.0107051   -0.000818435        1.04315         1.0418        1.05198        1.05198        1.04834        1.09881        1.04082
           2.99        40.6206        40.4756        41.8317        64.7567        5.23299        1.35961       0.055105       0.413041       0.360368       0.340937        1.67968      0.0968287       0.133683     0.00302533     0.00300227     0.00311291      0.0100824    -0.00086498         1.0428        1.04109        1.05156        1.05154        1.04782        1.09683        1.04031
              3        41.1794        41.0299        42.4046        66.5418        5.09945        1.25911      0.0554252       0.415972        0.36284       0.343094        1.71007      0.0963179       0.133193     0.00287853      0.0028513     0.00294828     0.00943155   -0.000907255        1.04247        1.04043        1.05117        1.05113        1.04732        1.09474        1.03983
           3.01        41.7113        41.5565        42.9475        68.2079        4.95932          1.152      0.0557221       0.418837       0.365244       0.345159        1.73727      0.0958208       0.132714     0.00271931     0.00268836     0.00277263      0.0087554   -0.000945381        1.04218        1.03981        1.05079        1.05074        1.04684        1.09257         1.0394
           3.02         42.214        42.0532        43.4582        69.7505        4.81318        1.03859      0.0559929       0.421609       0.367558       0.347114        1.76124      0.0953389       0.132247     0.00254801     0.00251382     0.00258644     0.00805692   -0.000979495        1.04191        1.03925        1.05045        1.05038        1.04639        1.09033        1.03901
           3.03        42.6852         42.518         43.935        71.1659        4.66183       0.919487      0.0562354       0.424262       0.369759       0.348944          1.782      0.0948734       0.131792     0.00236506     0.00232815     0.00239026     0.00733902    -0.00100974        1.04168        1.03874        1.05013        1.05004        1.04595        1.08805        1.03866
           3.04         43.123         42.949        44.3762        72.4509        4.50594       0.795147      0.0564473       0.426769       0.371828        0.35063        1.79954      0.0944255       0.131351     0.00217102     0.00213196     0.00218474     0.00660463    -0.00103628        1.04148        1.03829        1.04983        1.04972        1.04554        1.08574        1.03835
           3.05        43.5254         43.344          44.78        73.6026        4.34602       0.665878      0.0566265       0.429105       0.373742       0.352159        1.81388      0.0939961       0.130923     0.00196654     0.00192593     0.00197063     0.00585664    -0.00105927        1.04131        1.03789        1.04956        1.04944        1.04515        1.08343         1.0381
           3.06        43.8905        43.7018         45.145        74.6191         4.1829       0.532337      0.0567714       0.431246       0.375486       0.353515        1.82505      0.0935857        0.13051     0.00175241     0.00171084     0.00174873     0.00509793    -0.00107888        1.04117        1.03756        1.04932        1.04918        1.04478        1.08112        1.03789
           3.07        44.2168        44.0204        45.4699        75.4985        4.01699        0.39476      0.0568803        0.43317       0.377039       0.354686        1.83308      0.0931953       0.130111      0.0015295     0.00148758     0.00151996     0.00433135    -0.00109528        1.04107         1.0373         1.0491        1.04894        1.04443        1.07884        1.03773
           3.08        44.5025        44.2986        45.7533        76.2396        3.84883       0.253517      0.0569517       0.434859       0.378388       0.355661        1.83801      0.0928249       0.129727     0.00129876     0.00125711     0.00128526     0.00355971    -0.00110866          1.041        1.03709         1.0489        1.04874         1.0441        1.07661        1.03762
           3.09        44.7465        44.5351        45.9945        76.8419        3.67905       0.109127      0.0569851       0.436291       0.379517       0.356429        1.83987      0.0924752       0.129357     0.00106125     0.00102047     0.00104566     0.00278577    -0.00111918        1.04097        1.03694        1.04873        1.04855         1.0438        1.07443        1.03755
            3.1        44.9475        44.7288        46.1925        77.3051          3.508     -0.0382004      0.0569794       0.437454       0.380415       0.356983        1.83871      0.0921461       0.129003    0.000818085    0.000778741    0.000802219     0.00201227    -0.00112703        1.04097        1.03686        1.04858        1.04839        1.04351        1.07231        1.03754
           3.11        45.1047        44.8791        46.3468        77.6295        3.33625         -0.188      0.0569344       0.438334       0.381073       0.357318        1.83457      0.0918377       0.128663    0.000570437     0.00053309    0.000556044     0.00124191    -0.00113239          1.041        1.03684        1.04844        1.04824        1.04324        1.07026        1.03758
           3.12        45.2172        44.9851        46.4569        77.8158        3.16408      -0.340069      0.0568501        0.43892       0.381482       0.357428        1.82748      0.0915499       0.128338     0.00031954    0.000284705    0.000308263    0.000477322    -0.00113543        1.04107        1.03687        1.04832        1.04811        1.04298        1.06829        1.03767
           3.13        45.2846        45.0464        46.5226        77.8654        2.99188      -0.494099      0.0567265       0.439205       0.381639       0.357314        1.81749      0.0912825       0.128027     6.6656E-05    3.48129E-05    6.00261E-05   -0.000278866    -0.00113634        1.04117        1.03696        1.04822          1.048        1.04274        1.06639         1.0378
           3.14        45.3067         45.063        46.5439          77.78        2.82011        -0.6497      0.0565644       0.439184       0.381539       0.356973        1.80464      0.0910353        0.12773   -0.000186923   -0.000215345   -0.000187516    -0.00102409    -0.00113528         1.0413         1.0371        1.04813         1.0479         1.0425        1.06458        1.03798
           3.15        45.2834         45.035        46.5211        77.5618        2.64908      -0.806587      0.0563644       0.438857       0.381183        0.35641        1.78898      0.0908078       0.127447   -0.000439892   -0.000464519   -0.000433216     -0.0017558    -0.00113243        1.04146        1.03729        1.04804        1.04781        1.04227        1.06284         1.0382
           3.16        45.2149        44.9624        46.4545        77.2134        2.47898      -0.964615      0.0561278       0.438225       0.380574       0.355628        1.77056      0.0905994       0.127178   -0.000690954   -0.000711465   -0.000675943    -0.00247153    -0.00112794        1.04165        1.03753        1.04796        1.04773        1.04205        1.06117        1.03847
           3.17        45.1017        44.8459        46.3447        76.7378         2.3101       -1.12348      0.0558557       0.437291       0.379714       0.354633        1.74944      0.0904095       0.126921   -0.000938819   -0.000954957   -0.000914593    -0.00316882    -0.00112198        1.04188        1.03781        1.04789        1.04765        1.04183        1.05956        1.03878
           3.18        44.9445        44.6861        46.1926        76.1387        2.14271       -1.28295      0.0555498       0.436063       0.378611       0.353433        1.72567      0.0902376       0.126677    -0.00118222     -0.0011938     -0.0011481    -0.00384529     -0.0011147        1.04212        1.03812        1.04781        1.04758        1.04162        1.05801        1.03913
           3.19        44.7439        44.4839        45.9991        75.4198        1.97688        -1.4429      0.0552116        0.43455       0.377274       0.352038        1.69932      0.0900827       0.126445    -0.00141994    -0.00142682    -0.00137544     -0.0044986    -0.00110624        1.04239        1.03847        1.04773         1.0475         1.0414        1.05651        1.03951
            3.2        44.5014        44.2405        45.7655        74.5857        1.81294         -1.603      0.0548432       0.432766       0.375713       0.350458        1.67049      0.0899441       0.126224    -0.00165079    -0.00165293    -0.00159564     -0.0051265    -0.00109674        1.04269        1.03885        1.04765        1.04741        1.04117        1.05503        1.03992
           3.21         44.218        43.9572         45.493         73.641        1.65096       -1.76312      0.0544464       0.430723       0.373942       0.348706        1.63926      0.0898208       0.126014    -0.00187366    -0.00187105    -0.00180779     -0.0057268    -0.00108633          1.043        1.03925        1.04755        1.04732        1.04094        1.05358        1.04036
           3.22        43.8954        43.6355        45.1832        72.5908        1.49104       -1.92311      0.0540234        0.42844       0.371972       0.346796        1.60576       0.089712       0.125815    -0.00208749    -0.00208022    -0.00201107    -0.00629741    -0.00107513        1.04333        1.03967        1.04745        1.04722        1.04071        1.05214        1.04083
           3.23        43.5353        43.2771        44.8378        71.4408        1.33339       -2.08272      0.0535763       0.425934       0.369821       0.344741         1.5701      0.0896165       0.125624    -0.00229132    -0.00227951    -0.00220469    -0.00683636    -0.00106326        1.04368         1.0401        1.04733         1.0471        1.04046        1.05069        1.04133
           3.24        43.1394        42.8837        44.4585        70.1967        1.17801       -2.24184      0.0531075       0.423224       0.367506       0.342558        1.53244      0.0895333       0.125442    -0.00248425    -0.00246809    -0.00238797     -0.0073418     -0.0010508        1.04404        1.04055        1.04719        1.04697        1.04021        1.04922        1.04184
           3.25        42.7098        42.4575        44.0471        68.8646        1.02493       -2.40039      0.0526189       0.420334       0.365044       0.340261        1.49294      0.0894615       0.125269    -0.00266548    -0.00264523    -0.00256029    -0.00781201    -0.00103787        1.04441          1.041        1.04704        1.04683        1.03994        1.04773        1.04237
           3.26        42.2488        42.0004        43.6058        67.4512       0.874321       -2.55807      0.0521132       0.417284       0.362452       0.337867        1.45179      0.0893998       0.125102     -0.0028343    -0.00281025    -0.00272113    -0.00824544    -0.00102453         1.0448        1.04145        1.04687        1.04667        1.03966        1.04619        1.04291
           3.27        41.7584        41.5147        43.1365         65.963        0.72612       -2.71489      0.0515926       0.414099       0.359751       0.335391        1.40918      0.0893473       0.124942    -0.00299011     -0.0029626    -0.00287004    -0.00864072    -0.00101087        1.04518        1.04189        1.04669        1.04649        1.03937         1.0446        1.04346
           3.28        41.2412        41.0028        42.6415        64.4072        0.58046       -2.87057      0.0510594       0.410802        0.35696        0.33285        1.36534      0.0893026       0.124788    -0.00313239    -0.00310182    -0.00300666    -0.00899666   -0.000996942        1.04557        1.04233        1.04648        1.04629        1.03908        1.04296        1.04402
           3.29        40.6995        40.4669         42.123        62.7907        0.43718       -3.02518      0.0505158       0.407417       0.354098        0.33026         1.3205      0.0892649        0.12464    -0.00326075    -0.00322751     -0.0031307    -0.00931229   -0.000982802        1.04597        1.04276        1.04626        1.04608        1.03877        1.04126        1.04458
            3.3         40.136        39.9096        41.5832         61.121        0.29649       -3.17839      0.0499643       0.403969       0.351185       0.327636        1.27489      0.0892329       0.124495    -0.00337487    -0.00333942    -0.00324196    -0.00958683   -0.000968496        1.04636        1.04318        1.04602        1.04585        1.03845         1.0395        1.04514
           3.31        39.5531        39.3332        41.0245        59.4055       0.158272       -3.33021      0.0494071       0.400479       0.348239       0.324994        1.22878      0.0892056       0.124355    -0.00347457    -0.00343735    -0.00334033    -0.00981976   -0.000954055        1.04675        1.04358        1.04577         1.0456        1.03813        1.03767        1.04569
           3.32        38.9533        38.7404         40.449        57.6516      0.0225105       -3.48052      0.0488467       0.396973       0.345281       0.322349        1.18241       0.089182       0.124218    -0.00355974    -0.00352121    -0.00342576     -0.0100108   -0.000939506        1.04713        1.04396         1.0455        1.04534         1.0378        1.03578        1.04624
           3.33        38.3394        38.1335        39.8592         55.867      -0.110786        -3.6292      0.0482855       0.393472       0.342327       0.319714        1.13605      0.0891612       0.124084    -0.00363037    -0.00359101    -0.00349828     -0.0101598   -0.000924864        1.04751        1.04433        1.04523        1.04508        1.03748        1.03385        1.04678
           3.34        37.7139        37.5152        39.2573        54.0591      -0.241604        -3.7761      0.0477258       0.389998       0.339396       0.317102        1.08996      0.0891422       0.123952    -0.00368655    -0.00364683    -0.00355797     -0.0102671   -0.000910137        1.04788        1.04467        1.04494         1.0448        1.03715        1.03187        1.04731
           3.35        37.0794        36.8879        38.6457        52.2356      -0.369953       -3.92112        0.04717       0.386572       0.336504       0.314526        1.04438      0.0891242       0.123822    -0.00372847    -0.00368883      -0.003605     -0.0103329   -0.000895327        1.04823          1.045        1.04466        1.04452        1.03683        1.02986        1.04783
           3.36        36.4385         36.254        38.0265        50.4036      -0.495869       -4.06416      0.0466204       0.383213       0.333666       0.311998       0.999556      0.0891064       0.123694    -0.00375639    -0.00371727     -0.0036396     -0.0103579   -0.000880427        1.04858         1.0453        1.04437        1.04424        1.03652        1.02783        1.04833
           3.37        35.7934         35.616        37.4018        48.5706      -0.619377       -4.20513      0.0460795        0.37994       0.330898       0.309527       0.955711      0.0890881       0.123567    -0.00377065    -0.00373246    -0.00366202     -0.0103431   -0.000865422        1.04891        1.04558        1.04408        1.04396        1.03622        1.02581        1.04881
           3.38        35.1469        34.9762        36.7742        46.7437      -0.740314       -4.34376      0.0455499       0.376767       0.328213       0.307125       0.913059      0.0890689       0.123441    -0.00377165    -0.00373479     -0.0036726     -0.0102893   -0.000850298        1.04923        1.04585         1.0438        1.04368        1.03594         1.0238        1.04927
           3.39        34.5009        34.3368        36.1451        44.9294      -0.858997       -4.48023      0.0450336       0.373712       0.325623         0.3048       0.871793       0.089048       0.123316    -0.00375989    -0.00372471    -0.00367171     -0.0101978   -0.000835031        1.04953        1.04609        1.04353        1.04342        1.03568        1.02183        1.04971
            3.4         33.858           33.7        35.5171        43.1348      -0.975166       -4.61419      0.0445331       0.370787       0.323139       0.302559       0.832087      0.0890253       0.123192     -0.0037359    -0.00370271    -0.00365974     -0.0100701   -0.000819594        1.04982        1.04632        1.04327        1.04316        1.03543        1.01991        1.05014
           3.41        33.2201         33.068        34.8919        41.3662       -1.08883       -4.74552      0.0440506       0.368003       0.320771       0.300409       0.794093      0.0890003       0.123069    -0.00370026    -0.00366936    -0.00363716    -0.00990757    -0.00080396        1.05009        1.04654        1.04303        1.04293        1.03522        1.01808        1.05054
           3.42        32.5894        32.4426        34.2713        39.6295       -1.20005       -4.87421      0.0435882       0.365372       0.318527       0.298357       0.757941      0.0889729       0.122948    -0.00365361    -0.00362523    -0.00360443    -0.00971198   -0.000788097        1.05034        1.04674        1.04281        1.04271        1.03503        1.01634        1.05091
           3.43        31.9676        31.8257        33.6571        37.9306       -1.30881       -5.00013      0.0431478         0.3629       0.316414       0.296406       0.723743      0.0889431       0.122829    -0.00359661    -0.00357096    -0.00356205    -0.00948505   -0.000771975        1.05057        1.04693        1.04261        1.04252        1.03488        1.01472        1.05127
           3.44        31.3566         31.219         33.051         36.275       -1.41508       -5.12315      0.0427313       0.360595       0.314437       0.294562       0.691587      0.0889108       0.122712    -0.00352997     -0.0035072    -0.00351053    -0.00922863   -0.000755564        1.05078        1.04711        1.04244        1.04235        1.03475        1.01323         1.0516
           3.45         30.758        30.6243        32.4546        34.6678       -1.51873       -5.24308      0.0423407       0.358461       0.312601       0.292827       0.661542      0.0888761       0.122598     -0.0034544    -0.00343463    -0.00345042    -0.00894466   -0.000738832        1.05098        1.04728         1.0423        1.04221        1.03467        1.01189         1.0519
           3.46        30.1734        30.0429        31.8693        33.1136       -1.61989       -5.35996      0.0419768       0.356501       0.310908       0.291203       0.633659      0.0888393       0.122487    -0.00337064    -0.00335394    -0.00338225    -0.00863509   -0.000721753        1.05116        1.04745        1.04219        1.04211        1.03462        1.01073        1.05219
           3.47        29.6041        29.4764        31.2965        31.6171       -1.71837       -5.47354      0.0416413       0.354717        0.30936       0.289691       0.607971      0.0888007        0.12238    -0.00327941    -0.00326582    -0.00330657    -0.00830192     -0.0007043        1.05132        1.04761        1.04212        1.04203         1.0346        1.00974        1.05245
           3.48        29.0515         28.926        30.7376        30.1822       -1.81407       -5.58366      0.0413348       0.353107       0.307956       0.288292       0.584496      0.0887605       0.122277    -0.00318147    -0.00317097    -0.00322394    -0.00794718   -0.000686455        1.05146        1.04777        1.04207        1.04199        1.03463        1.00895        1.05268
           3.49        28.5166        28.3927        30.1937        28.8126        -1.9071       -5.69037      0.0410583       0.351671       0.306695       0.287006       0.563241      0.0887194       0.122179    -0.00307753    -0.00307009     -0.0031349    -0.00757289   -0.000668195        1.05158        1.04793        1.04206        1.04198         1.0347        1.00836         1.0529
            3.5        28.0004        27.8776        29.6658        27.5116       -1.99731       -5.79349      0.0408119       0.350404       0.305576       0.285831       0.544197      0.0886776       0.122088    -0.00296831    -0.00296385    -0.00303999    -0.00718106   -0.000649509        1.05169        1.04809        1.04209        1.04201         1.0348        1.00797         1.0531
           3.51        27.5039        27.3815        29.1551        26.2822       -2.08462       -5.89287      0.0405959       0.349303       0.304594       0.284766       0.527347      0.0886358       0.122003    -0.00285451    -0.00285291    -0.00293974     -0.0067737   -0.000630389        1.05178        1.04825        1.04215        1.04207        1.03494         1.0078        1.05327
           3.52        27.0277        26.9054        28.6624        25.1269       -2.16896       -5.98846      0.0404101       0.348361       0.303745       0.283809       0.512669      0.0885945       0.121925     -0.0027368    -0.00273793    -0.00283468    -0.00635279    -0.00061083        1.05186        1.04842        1.04225        1.04216        1.03512        1.00784        1.05343
           3.53        26.5725        26.4498        28.1884        24.0482       -2.25032       -6.08018      0.0402542       0.347571       0.303024       0.282956        0.50013      0.0885542       0.121855    -0.00261583    -0.00261951    -0.00272531    -0.00592028   -0.000590837        1.05192        1.04858        1.04238        1.04229        1.03534         1.0081        1.05356
           3.54        26.1388        26.0152         27.734        23.0477       -2.32862       -6.16796      0.0401274       0.346927       0.302424       0.282205       0.489693      0.0885156       0.121794    -0.00249219    -0.00249824    -0.00261212    -0.00547807   -0.000570414        1.05196        1.04875        1.04254        1.04245        1.03559        1.00856        1.05368
           3.55        25.7271        25.6021        27.2997        22.1272       -2.40371       -6.25165      0.0400288       0.346419        0.30194       0.281551       0.481317      0.0884793       0.121743    -0.00236647    -0.00237468    -0.00249556    -0.00502805   -0.000549576        1.05199        1.04893        1.04273        1.04264        1.03587        1.00923        1.05378
           3.56        25.3377         25.211        26.8862        21.2878       -2.47556       -6.33119      0.0399575       0.346039       0.301564       0.280992       0.474957      0.0884457       0.121701    -0.00223919    -0.00224934     -0.0023761    -0.00457204   -0.000528342        1.05201        1.04911        1.04295        1.04287        1.03618         1.0101        1.05386
           3.57        24.9706         24.842        26.4938        20.5305       -2.54416       -6.40662      0.0399121       0.345777       0.301289       0.280523       0.470567      0.0884155       0.121669    -0.00211086     -0.0021227    -0.00225415    -0.00411183   -0.000506736        1.05202        1.04929         1.0432        1.04311        1.03651        1.01116        1.05393
           3.58        24.6263        24.4954        26.1231        19.8558       -2.60938       -6.47779      0.0398913       0.345623       0.301106        0.28014       0.468097      0.0883891       0.121649     -0.0019819    -0.00199521    -0.00213012    -0.00364916   -0.000484787        1.05202        1.04947        1.04347        1.04339        1.03688         1.0124        1.05398
           3.59        24.3046        24.1711        25.7743        19.2641       -2.67123       -6.54473      0.0398934       0.345567       0.301008       0.279839       0.467496      0.0883671       0.121639    -0.00185275    -0.00186726    -0.00200438    -0.00318573   -0.000462528          1.052        1.04966        1.04376        1.04368        1.03726        1.01381        1.05402
            3.6        24.0057        23.8695        25.4478        18.7553       -2.72951       -6.60729      0.0399169         0.3456       0.300987       0.279615       0.468711      0.0883498       0.121641    -0.00172375    -0.00173923    -0.00187731    -0.00272317   -0.000439997        1.05198        1.04985        1.04408          1.044        1.03766        1.01537        1.05405
           3.61        23.7293        23.5902        25.1436         18.329       -2.78442       -6.66568      0.0399602       0.345713       0.301036       0.279464       0.471688      0.0883376       0.121654    -0.00159523    -0.00161142    -0.00174922    -0.00226308   -0.000417236        1.05195        1.05004        1.04441        1.04433        1.03808        1.01707        1.05406
           3.62        23.4754        23.3334         24.862        17.9848       -2.83573       -6.71971      0.0400213       0.345894       0.301146       0.279382       0.476373      0.0883309       0.121678    -0.00146747    -0.00148412    -0.00162042      -0.001807    -0.00039429        1.05191        1.05024        1.04475        1.04468        1.03851        1.01891        1.05406
           3.63         23.244        23.0989        24.6031        17.7218       -2.88344       -6.76942      0.0400988       0.346137       0.301311       0.279364       0.482706      0.0883299       0.121714    -0.00134071    -0.00135759    -0.00149123    -0.00135641   -0.000371206        1.05186        1.05043        1.04511        1.04504        1.03895        1.02086        1.05405
           3.64        23.0347        22.8866        24.3669        17.5388       -2.92759       -6.81489      0.0401907       0.346433       0.301525       0.279409       0.490631      0.0883346       0.121761    -0.00121516    -0.00123205     -0.0013619   -0.000912754   -0.000348035        1.05181        1.05062        1.04548        1.04541         1.0394         1.0229        1.05402
           3.65        22.8473        22.6962        24.1535        17.4345       -2.96806       -6.85605      0.0402957       0.346774        0.30178        0.27951       0.500084      0.0883453       0.121819    -0.00109098    -0.00110767     -0.0012327   -0.000477411   -0.000324825        1.05174         1.0508        1.04585        1.04579        1.03986        1.02503        1.05399
           3.66        22.6816        22.5274        23.9627        17.4072         -3.005       -6.89312      0.0404121       0.347153       0.302071       0.279666       0.511004      0.0883619       0.121887   -0.000968329   -0.000984613    -0.00110386   -5.17008E-05   -0.000301629        1.05168        1.05099        1.04623        1.04617        1.04031        1.02723        1.05394
           3.67        22.5373        22.3803        23.7946        17.4552       -3.03823       -6.92594      0.0405385       0.347565       0.302394       0.279874       0.523323      0.0883844       0.121965   -0.000847306   -0.000863008   -0.000975599    0.000363111   -0.000278499        1.05161        1.05117        1.04661        1.04655        1.04077        1.02948        1.05389
           3.68         22.414        22.2543        23.6489        17.5763       -3.06788        -6.9547      0.0406735       0.348002       0.302744       0.280129       0.536975      0.0884128       0.122052   -0.000728008   -0.000742968   -0.000848135    0.000765823   -0.000255484        1.05153        1.05134        1.04699        1.04694        1.04122        1.03178        1.05382
           3.69        22.3116        22.1492        23.5256        17.7682       -3.09392       -6.97944      0.0408158       0.348462       0.303118       0.280431       0.551889      0.0884467       0.122148   -0.000610502    -0.00062458   -0.000721659      0.0011553   -0.000232636        1.05145         1.0515        1.04737        1.04732        1.04167         1.0341        1.05375
            3.7        22.2296        22.0647        23.4243        18.0285       -3.11648       -7.00034      0.0409643       0.348941       0.303512       0.280777        0.56799      0.0884861       0.122252   -0.000494843   -0.000507923   -0.000596365     0.00153046       -0.00021        1.05137        1.05166        1.04774         1.0477        1.04212        1.03643        1.05367
           3.71        22.1677        22.0006        23.3451        18.3546       -3.13543       -7.01731       0.041118       0.349436       0.303924       0.281165       0.585201      0.0885305       0.122363   -0.000381077   -0.000393059   -0.000472431      0.0018903   -0.000187624        1.05128        1.05181        1.04811        1.04807        1.04255        1.03876        1.05357
           3.72        22.1256        21.9564        23.2874        18.7435       -3.15094       -7.03061      0.0412763       0.349945       0.304353       0.281593       0.603443      0.0885796       0.122479   -0.000269237   -0.000280046   -0.000350029     0.00223389    -0.00016555         1.0512        1.05194        1.04847        1.04844        1.04298        1.04107        1.05347
           3.73         22.103         21.932        23.2512        19.1923       -3.16296       -7.04021      0.0414384       0.350468       0.304798       0.282061       0.622634      0.0886331       0.122601   -0.000159355   -0.000168941    -0.00022933     0.00256037   -0.000143816         1.0511        1.05207        1.04882        1.04879         1.0434        1.04337        1.05336
           3.74        22.0994        21.9268         23.236        19.6977       -3.17167       -7.04637      0.0416036       0.351003       0.305259       0.282566       0.642686      0.0886905       0.122727   -5.14617E-05   -5.97901E-05   -0.000110499     0.00286895    -0.00012246        1.05101        1.05218        1.04916        1.04914         1.0438        1.04562        1.05324
           3.75        22.1147        21.9406        23.2416        20.2567       -3.17701       -7.04907      0.0417717       0.351553       0.305736       0.283109       0.663514      0.0887513       0.122856    5.44117E-05    4.73482E-05    6.30486E-06     0.00315893   -0.000101513        1.05091        1.05228        1.04948        1.04947        1.04419        1.04783        1.05312
           3.76        22.1483        21.9731        23.2676        20.8657        -3.1791       -7.04847      0.0419423       0.352117       0.306229       0.283689       0.685025       0.088815       0.122987    0.000158224    0.000152416    0.000120915     0.00342968   -8.10013E-05        1.05082        1.05237         1.0498         1.0498        1.04457        1.04998        1.05298
           3.77        22.1999        22.0238        23.3134        21.5212       -3.17805       -7.04475       0.042115       0.352697       0.306741       0.284304       0.707129      0.0888811       0.123119     0.00025993    0.000255348     0.00023317     0.00368066   -6.09494E-05        1.05072        1.05244         1.0501        1.05011        1.04493        1.05207        1.05284
           3.78        22.2692        22.0923        23.3788        22.2197       -3.17387       -7.03795      0.0422899       0.353295       0.307272       0.284956        0.72973      0.0889491       0.123251    0.000359474    0.000356069    0.000342909      0.0039114   -4.13751E-05        1.05062         1.0525        1.05039         1.0504        1.04527        1.05409        1.05269
           3.79        22.3557        22.1784        23.4633        22.9574       -3.16667       -7.02823       0.042467       0.353914       0.307824       0.285643       0.752734      0.0890185       0.123382     0.00045679    0.000454493    0.000449968     0.00412155   -2.22929E-05        1.05052        1.05254        1.05066        1.05068         1.0456        1.05603        1.05254
            3.8        22.4591        22.2815        23.5664        23.7306       -3.15654       -7.01571      0.0426463       0.354556       0.308399       0.286365       0.776043      0.0890887       0.123511    0.000551792    0.000550527    0.000554181      0.0043108   -3.71162E-06        1.05042        1.05257        1.05092        1.05095        1.04591        1.05788        1.05237
           3.81        22.5791        22.4013        23.6876        24.5356       -3.14348       -7.00043      0.0428279       0.355225          0.309       0.287122       0.799562      0.0891592       0.123637    0.000644389    0.000644059     0.00065538     0.00447896    1.43646E-05        1.05032        1.05258        1.05117         1.0512        1.04621        1.05964        1.05221
           3.82        22.7149        22.5372        23.8262        25.3685       -3.12772       -6.98264       0.043012       0.355923       0.309628       0.287914       0.823192      0.0892297        0.12376    0.000734467    0.000734971    0.000753401     0.00462592    3.19352E-05        1.05022        1.05258         1.0514        1.05144        1.04649        1.06131        1.05203
           3.83        22.8664        22.6888        23.9818        26.2256       -3.10922       -6.96234      0.0431987       0.356654       0.310286        0.28874       0.846839      0.0892995       0.123878    0.000821904    0.000823128    0.000848068     0.00475164    4.90019E-05        1.05012        1.05256        1.05161        1.05166        1.04675        1.06288        1.05185
           3.84         23.033        22.8557        24.1538         27.103       -3.08809       -6.93966      0.0433885       0.357419       0.310976         0.2896       0.870405      0.0893682       0.123991    0.000906561    0.000908385    0.000939216      0.0048562    6.55738E-05        1.05002        1.05253        1.05181        1.05186        1.04699        1.06434        1.05167
           3.85        23.2142        23.0372        24.3414        27.9968       -3.06443       -6.91471      0.0435811       0.358222       0.311699       0.290494       0.893799      0.0894356       0.124099    0.000988288    0.000990589     0.00102667     0.00493973    8.16613E-05        1.04993        1.05248          1.052        1.05206        1.04722         1.0657        1.05148
           3.86        23.4094         23.233        24.5441        28.9035       -3.03826       -6.88754      0.0437771       0.359065       0.312457        0.29142       0.916927      0.0895013         0.1242     0.00106692     0.00106957     0.00111026     0.00500247    9.72784E-05        1.04983        1.05242        1.05217        1.05223        1.04743        1.06696        1.05129
           3.87        23.6182        23.4422        24.7611        29.8193       -3.00971       -6.85827      0.0439764       0.359949       0.313251       0.292378       0.939701      0.0895648       0.124295     0.00114228     0.00114516     0.00118982     0.00504472    0.000112441        1.04974        1.05234        1.05233         1.0524        1.04763        1.06811        1.05109
           3.88        23.8399        23.6644        24.9917        30.7404       -2.97881       -6.82695      0.0441792       0.360876       0.314082       0.293368       0.962033      0.0896261       0.124383     0.00121419     0.00121718     0.00126518     0.00506687    0.000127169        1.04965        1.05225        1.05247        1.05255        1.04781        1.06915        1.05089
           3.89        24.0739         23.899        25.2352        31.6634        -2.9456       -6.79362      0.0443857       0.361847        0.31495       0.294386       0.983841      0.0896848       0.124463     0.00128247     0.00128543     0.00133618     0.00506938    0.000141482        1.04957        1.05215        1.05261        1.05268        1.04798        1.07008        1.05069
            3.9        24.3196        24.1452        25.4908        32.5848       -2.91016       -6.75834      0.0445958       0.362862       0.315855       0.295433        1.00505       0.089741       0.124537     0.00134692     0.00134975     0.00140266     0.00505279    0.000155404        1.04949        1.05204        1.05272        1.05281        1.04813        1.07091         1.0505
           3.91        24.5762        24.4023        25.7577        33.5012       -2.87255       -6.72118      0.0448097       0.363921       0.316797       0.296506        1.02557      0.0897943       0.124603     0.00140734     0.00140994     0.00146447     0.00501771    0.000168956        1.04941        1.05192        1.05283        1.05292        1.04826        1.07163         1.0503
           3.92        24.8431        24.6697        26.0349        34.4094        -2.8328       -6.68216       0.045027       0.365023       0.317775       0.297603        1.04535       0.089845       0.124663     0.00146356     0.00146582     0.00152148     0.00496479    0.000182163        1.04934        1.05178        1.05293        1.05302        1.04839        1.07224         1.0501
           3.93        25.1194        24.9464        26.3217        35.3061         -2.791       -6.64134      0.0452478       0.366167       0.318786       0.298721        1.06432      0.0898929       0.124716     0.00151537      0.0015172     0.00157354     0.00489477    0.000195046        1.04927        1.05164        1.05301        1.05311        1.04849        1.07276         1.0499
           3.94        25.4044        25.2317        26.6173        36.1885       -2.74712       -6.59869      0.0454718       0.367351        0.31983       0.299859         1.0824      0.0899381       0.124762      0.0015626     0.00156394     0.00162055     0.00480844    0.000207629        1.04921        1.05149        1.05309        1.05319        1.04859        1.07318        1.04971
           3.95        25.6973        25.5247        26.9205        37.0536       -2.70129       -6.55429      0.0456986       0.368571       0.320904       0.301014        1.09956      0.0899808       0.124802     0.00160507     0.00160586     0.00166238     0.00470662    0.000219935        1.04916        1.05133        1.05315        1.05325        1.04867         1.0735        1.04952
           3.96        25.9972        25.8247        27.2307        37.8987       -2.65343       -6.50807      0.0459281       0.369826       0.322004       0.302182        1.11574      0.0900211       0.124836     0.00164263     0.00164281     0.00169894      0.0045902     0.00023198        1.04912        1.05116        1.05321        1.05331        1.04874        1.07372        1.04933
           3.97        26.3032        26.1307        27.5468        38.7215       -2.60362       -6.46007      0.0461596        0.37111       0.323128        0.30336         1.1309      0.0900593       0.124866     0.00167514     0.00167468     0.00173016      0.0044601    0.000243786        1.04908        1.05099        1.05325        1.05336         1.0488        1.07386        1.04915
           3.98        26.6144        26.4418        27.8678        39.5194       -2.55189       -6.41028      0.0463928        0.37242       0.324272       0.304544        1.14499      0.0900956       0.124891     0.00170246     0.00170134     0.00175596     0.00431726    0.000255366        1.04905        1.05082        1.05329         1.0534        1.04885        1.07391        1.04898
           3.99          26.93        26.7571        28.1928        40.2902       -2.49825       -6.35868      0.0466271       0.373751        0.32543       0.305732          1.158      0.0901302       0.124912     0.00172449      0.0017227     0.00177631     0.00416268    0.000266736        1.04903        1.05064        1.05332        1.05343        1.04889        1.07387        1.04881
              4        27.2489        27.0757         28.521        41.0322       -2.44264        -6.3052      0.0468618       0.375097         0.3266       0.306918        1.16988      0.0901636       0.124931     0.00174114     0.00173869     0.00179118     0.00399737    0.000277904        1.04902        1.05046        1.05334        1.05345        1.04891        1.07376        1.04865
           4.01        27.5703        27.3965        28.8511        41.7433       -2.38519        -6.2499      0.0470964       0.376454       0.327775         0.3081        1.18062      0.0901962       0.124947     0.00175235     0.00174926     0.00180056     0.00382235    0.000288878        1.04902        1.05027        1.05336        1.05346        1.04893        1.07358         1.0485
           4.02        27.8931        27.7187        29.1824        42.4219       -2.32585       -6.19274      0.0473301       0.377815       0.328953       0.309273        1.19022      0.0902281       0.124963     0.00175807     0.00175437     0.00180447     0.00363865    0.000299661        1.04903        1.05009        1.05336        1.05346        1.04893        1.07332        1.04836
           4.03        28.2164        28.0412        29.5139        43.0666       -2.26462       -6.13364      0.0475621       0.379174       0.330126       0.310433        1.19864      0.0902598       0.124977      0.0017583     0.00175403     0.00180292     0.00344734    0.000310255        1.04904        1.04991        1.05336        1.05346        1.04892        1.07299        1.04823
           4.04        28.5391        28.3632        29.8446        43.6762       -2.20155       -6.07264      0.0477918       0.380525       0.331291       0.311577        1.20591      0.0902919       0.124993     0.00175304     0.00174826     0.00179599     0.00324947    0.000320654        1.04907        1.04972        1.05335        1.05345        1.04891         1.0726        1.04811
           4.05        28.8604        28.6836        30.1735        44.2495       -2.13667       -6.00973      0.0480182       0.381862       0.332441       0.312699        1.21201      0.0903245       0.125009     0.00174233      0.0017371     0.00178374     0.00304608    0.000330853        1.04911        1.04954        1.05333        1.05343        1.04888        1.07215          1.048
           4.06        29.1794        29.0015        30.4997        44.7858       -2.06993       -5.94483      0.0482404       0.383178       0.333571       0.313796        1.21696      0.0903583       0.125028     0.00172624     0.00172064     0.00176626     0.00283822     0.00034084        1.04916        1.04936        1.05331        1.05341        1.04884        1.07165         1.0479
           4.07        29.4949        29.3161        30.8223        45.2843       -2.00139       -5.87795      0.0484578       0.384467       0.334677       0.314864        1.22077      0.0903935        0.12505     0.00170485     0.00169896     0.00174368     0.00262691    0.000350599        1.04922        1.04918        1.05328        1.05337         1.0488        1.07109        1.04781
           4.08        29.8062        29.6263        31.1405        45.7444       -1.93105       -5.80907      0.0486695       0.385723       0.335753       0.315899        1.22346      0.0904307       0.125076      0.0016783      0.0016722     0.00171613     0.00241318    0.000360114        1.04928        1.04901        1.05324        1.05333        1.04874        1.07049        1.04773
           4.09        30.1123        29.9313        31.4533         46.166       -1.85898       -5.73824      0.0488746       0.386939       0.336793       0.316897        1.22505      0.0904699       0.125106     0.00164672      0.0016405     0.00168376     0.00219801     0.00036936        1.04936        1.04884         1.0532        1.05329        1.04868        1.06984        1.04767
            4.1        30.4124        30.2302          31.76        46.5488       -1.78512       -5.66535      0.0490723        0.38811       0.337795       0.317855        1.22557      0.0905119       0.125142     0.00161028     0.00160404     0.00164675     0.00198239    0.000378316        1.04945        1.04868        1.05315        1.05323         1.0486        1.06916        1.04761
           4.11        30.7056        30.5223        32.0597        46.8928        -1.7096       -5.59051      0.0492619       0.389231       0.338752       0.318768        1.22505      0.0905568       0.125185     0.00156918     0.00156301     0.00160529     0.00176724     0.00038695        1.04955        1.04852        1.05309        1.05317        1.04852        1.06843        1.04757
           4.12        30.9912        30.8067        32.3518        47.1984       -1.63237       -5.51366      0.0494425       0.390296        0.33966       0.319635        1.22354       0.090605       0.125234     0.00152365     0.00151763     0.00155958     0.00155347    0.000395232        1.04965        1.04836        1.05302         1.0531        1.04843        1.06767        1.04755
           4.13        31.2683        31.0828        32.6353        47.4657       -1.55356       -5.43489      0.0496132       0.391301       0.340517       0.320451        1.22106      0.0906568        0.12529      0.0014739     0.00146814     0.00150987     0.00134196    0.000403128        1.04977        1.04821        1.05295        1.05302        1.04833        1.06688        1.04753
           4.14        31.5362        31.3497        32.9097        47.6953       -1.47316       -5.35418      0.0497735        0.39224       0.341317       0.321215        1.21766      0.0907124       0.125354     0.00142021     0.00141479     0.00145638     0.00113354    0.000410601        1.04989        1.04807        1.05287        1.05294        1.04822        1.06606        1.04753
           4.15        31.7944        31.6069        33.1744        47.8879       -1.39125        -5.2716      0.0499228       0.393111       0.342059       0.321923        1.21339       0.090772       0.125427     0.00136285     0.00135785     0.00139937    0.000928988    0.000417611        1.05002        1.04793        1.05278        1.05285         1.0481        1.06522        1.04754
           4.16         32.042        31.8537        33.4286        48.0442       -1.30796       -5.18726      0.0500604       0.393909       0.342739       0.322574        1.20831      0.0908358       0.125508      0.0013021      0.0012976      0.0013391    0.000729062    0.000424119        1.05016         1.0478        1.05269        1.05275        1.04798        1.06436        1.04756
           4.17        32.2787        32.0896         33.672        48.1653       -1.22324       -5.10108      0.0501857       0.394632       0.343355       0.323166        1.20245      0.0909038       0.125599     0.00123828     0.00123435     0.00127586    0.000534454    0.000430084        1.05031        1.04767        1.05259        1.05265        1.04785        1.06347        1.04759
           4.18        32.5039        32.3141         33.904         48.252       -1.13728       -5.01329      0.0502983       0.395277       0.343905       0.323698        1.19588      0.0909764       0.125699      0.0011717      0.0011684     0.00120991    0.000345814    0.000435463        1.05046        1.04756        1.05248        1.05254        1.04771        1.06257        1.04764
           4.19        32.7171        32.5268        34.1241        48.3055       -1.05013       -4.92392      0.0503975       0.395843       0.344387       0.324167        1.18865      0.0910533       0.125807     0.00110268     0.00110006     0.00114157    0.000163738    0.000440212        1.05062        1.04744        1.05237        1.05242        1.04756        1.06166        1.04769
            4.2        32.9179        32.7272         34.332        48.3271      -0.961922        -4.8331      0.0504834       0.396329       0.344802       0.324574        1.18082      0.0911348       0.125925     0.00103155     0.00102966     0.00107111   -1.12286E-05    0.000444289        1.05078        1.04734        1.05225        1.05229        1.04741        1.06074        1.04776
           4.21         33.106        32.9151        34.5274        48.3183      -0.872684       -4.74087      0.0505554       0.396732       0.345147       0.324917        1.17246      0.0912206       0.126053    0.000958643    0.000957521    0.000998849   -0.000178597     0.00044765        1.05094        1.04724        1.05212        1.05217        1.04725         1.0598        1.04783
           4.22        33.2812        33.0901        34.7098        48.2802      -0.782642       -4.64745      0.0506134       0.397054       0.345423       0.325197        1.16361      0.0913108       0.126189    0.000884301    0.000883963    0.000925075    -0.00033793    0.000450253        1.05111        1.04714        1.05199        1.05203        1.04708        1.05887        1.04791
           4.23        33.4432        33.2521        34.8792        48.2145      -0.691879       -4.55296      0.0506572       0.397295        0.34563       0.325413        1.15434      0.0914051       0.126334    0.000808854     0.00080932      0.0008501   -0.000488844    0.000452055        1.05128        1.04706        1.05186        1.05189        1.04691        1.05793        1.04801
           4.24        33.5918        33.4009        35.0353        48.1228      -0.600502       -4.45751      0.0506869       0.397455        0.34577       0.325567        1.14471      0.0915035       0.126487    0.000732636    0.000733909    0.000774224   -0.000631013    0.000453018        1.05146        1.04697        1.05172        1.05174        1.04674        1.05699        1.04811
           4.25        33.7269        33.5363        35.1779        48.0065      -0.508774       -4.36138      0.0507025       0.397537       0.345842       0.325659        1.13478      0.0916056       0.126649    0.000655975    0.000658051    0.000697743   -0.000764166    0.000453104        1.05163         1.0469        1.05157        1.05159        1.04656        1.05605        1.04822
           4.26        33.8486        33.6585        35.3072        47.8675      -0.416679       -4.26459       0.050704        0.39754       0.345848       0.325689        1.12461      0.0917111       0.126818    0.000579188    0.000582053    0.000620951   -0.000888085    0.000452278         1.0518        1.04683        1.05142        1.05144        1.04638        1.05512        1.04833
           4.27        33.9568        33.7673        35.4229        47.7074      -0.324471        -4.1674      0.0506916       0.397468       0.345791       0.325659        1.11426      0.0918199       0.126993    0.000502593    0.000506224     0.00054414     -0.0010026    0.000450506        1.05197        1.04677        1.05127        1.05128         1.0462         1.0542        1.04845
           4.28        34.0516        33.8627        35.5251        47.5278      -0.232353       -4.07006      0.0506658       0.397324       0.345672       0.325571        1.10378      0.0919316       0.127175     0.00042649    0.000430853    0.000467589    -0.00110761    0.000447758        1.05214        1.04671        1.05111        1.05112        1.04601        1.05329        1.04857
           4.29        34.1331        33.9451         35.614        47.3305      -0.140438       -3.97271      0.0506268       0.397109       0.345495       0.325427        1.09324      0.0920457       0.127362    0.000351167    0.000356225     0.00039157    -0.00120305    0.000444006        1.05231        1.04665        1.05095        1.05096        1.04582        1.05239         1.0487
            4.3        34.2015        34.0144        35.6895        47.1173     -0.0489159       -3.87557      0.0505749       0.396828        0.34526       0.325229        1.08268      0.0921618       0.127554    0.000276902    0.000282604    0.000316346     -0.0012889    0.000439229        1.05247        1.04661        1.05079        1.05079        1.04563         1.0515        1.04883
           4.31        34.2569         34.071         35.752        46.8899      0.0420151       -3.77888      0.0505109       0.396484       0.344972       0.324978        1.07216      0.0922796       0.127749    0.000203962     0.00021025    0.000242169     -0.0013652    0.000433407        1.05263        1.04656        1.05063        1.05063        1.04545        1.05064        1.04897
           4.32        34.2998         34.115        35.8016          46.65       0.132217       -3.68281      0.0504349        0.39608       0.344634       0.324679        1.06172      0.0923985       0.127948    0.000132588    0.000139404    0.000169284    -0.00143203    0.000426524        1.05278        1.04653        1.05046        1.05046        1.04526         1.0498         1.0491
           4.33        34.3302        34.1468        35.8386        46.3992       0.221397       -3.58768      0.0503479       0.395622       0.344248       0.324332        1.05142       0.092518       0.128148    6.30135E-05    7.02909E-05    9.79125E-05    -0.00148952     0.00041857        1.05293        1.04649         1.0503        1.05029        1.04507        1.04898        1.04924
           4.34        34.3487        34.1666        35.8632        46.1394       0.309429       -3.49369      0.0502504       0.395112       0.343818       0.323941         1.0413      0.0926378       0.128349   -4.55107E-06    3.11698E-06    2.82731E-05    -0.00153784    0.000409538        1.05307        1.04647        1.05014        1.05013        1.04489        1.04819        1.04938
           4.35        34.3557        34.1749        35.8758         45.872        0.39616         -3.401      0.0501432       0.394556       0.343348       0.323509         1.0314      0.0927571        0.12855   -6.99097E-05   -6.19189E-05   -3.94345E-05    -0.00157717    0.000399425         1.0532        1.04644        1.04998        1.04996        1.04471        1.04743        1.04951
           4.36        34.3513        34.1721        35.8768        45.5988         0.4813       -3.30996      0.0500271       0.393957       0.342842       0.323039        1.02176      0.0928755        0.12875   -0.000132887   -0.000124648   -0.000105025    -0.00160777    0.000388236        1.05332        1.04642        1.04982         1.0498        1.04453        1.04669        1.04965
        4.37001        34.3363        34.1585        35.8665        45.3211       0.564682       -3.22076      0.0499027        0.39332       0.342303       0.322534        1.01241      0.0929924       0.128947   -0.000193324    -0.00018491   -0.000168328     -0.0016299    0.000375979        1.05344        1.04641        1.04966        1.04964        1.04436        1.04599        1.04978
        4.38001        34.3109        34.1347        35.8454        45.0406        0.64616       -3.13361      0.0497708        0.39265       0.341734       0.321997        1.00339      0.0931074       0.129142   -0.000251084   -0.000242569   -0.000229187    -0.00164386    0.000362665        1.05355         1.0464        1.04951        1.04948         1.0442        1.04533        1.04991
        4.39001        34.2758        34.1011        35.8139        44.7587       0.725506       -3.04877      0.0496324        0.39195        0.34114       0.321432        0.99473      0.0932199       0.129332   -0.000306043   -0.000297499   -0.000287464    -0.00164997    0.000348313        1.05364        1.04639        1.04936        1.04933        1.04404         1.0447        1.05004
        4.40001        34.2314        34.0582        35.7725        44.4768       0.802536       -2.96645      0.0494883       0.391226       0.340523       0.320841       0.986447      0.0933293       0.129516   -0.000358098   -0.000349597   -0.000343036     -0.0016486    0.000332945        1.05373        1.04639        1.04921        1.04918        1.04388        1.04411        1.05016
        4.41001        34.1782        34.0066        35.7217        44.1961       0.877022       -2.88694      0.0493393       0.390481       0.339888       0.320228        0.97857       0.093435       0.129695   -0.000407166   -0.000398775   -0.000395792    -0.00164011    0.000316587         1.0538        1.04639        1.04907        1.04903        1.04373        1.04356        1.05028
        4.42001        34.1168        33.9466         35.662        43.9179       0.948799       -2.81042      0.0491861        0.38972       0.339239       0.319596       0.971117      0.0935366       0.129866    -0.00045318   -0.000444962   -0.000445642    -0.00162488    0.000299274        1.05387        1.04639        1.04893         1.0489        1.04359        1.04305         1.0504
        4.43001        34.0477         33.879        35.5939        43.6435        1.01774       -2.73707      0.0490297       0.388947       0.338578       0.318948       0.964105      0.0936336       0.130028    -0.00049609   -0.000488106   -0.000492508    -0.00160333     0.00028104        1.05392         1.0464         1.0488        1.04876        1.04346        1.04258        1.05051
        4.44001        33.9715        33.8042         35.518        43.3738        1.08364       -2.66711      0.0488711       0.388165       0.337908       0.318288       0.957548      0.0937254       0.130182   -0.000535861   -0.000528165   -0.000536329    -0.00157586    0.000261928        1.05396        1.04641        1.04868        1.04864        1.04334        1.04215        1.05061
        4.45001        33.8887        33.7228        35.4348        43.1098        1.14633       -2.60074      0.0487107       0.387379       0.337234       0.317618       0.951455      0.0938116       0.130325   -0.000572474   -0.000565117   -0.000577055    -0.00154291    0.000241982        1.05399        1.04643        1.04856        1.04852        1.04323        1.04177        1.05071
        4.46001        33.7999        33.6353        35.3448        42.8526        1.20566       -2.53815      0.0485496       0.386591       0.336557       0.316941       0.945835      0.0938917       0.130458   -0.000605925    -0.00059895   -0.000614657    -0.00150491    0.000221252          1.054        1.04645        1.04845         1.0484        1.04312        1.04143         1.0508
        4.47001        33.7058        33.5424        35.2488        42.6031        1.26155       -2.47944      0.0483883       0.385806       0.335881       0.316262       0.940693      0.0939654       0.130579   -0.000636222   -0.000629673   -0.000649114    -0.00146229    0.000199793        1.05401        1.04647        1.04835         1.0483        1.04303        1.04113        1.05088
        4.48001        33.6067        33.4445         35.147        42.3619        1.31377       -2.42487      0.0482277       0.385026       0.335209        0.31558       0.936031      0.0940322       0.130687   -0.000663393   -0.000657301   -0.000680424    -0.00141549     0.00017766          1.054        1.04649        1.04825         1.0482        1.04294        1.04087        1.05095
        4.49001        33.5033        33.3421        35.0401        42.1298         1.3622       -2.37457      0.0480684       0.384254       0.334542       0.314901       0.931849      0.0940917       0.130783    -0.00068747   -0.000681861    -0.00070859    -0.00136495    0.000154916        1.05397        1.04652        1.04817        1.04811        1.04287        1.04066        1.05102
        4.50001        33.3962         33.236        34.9289        41.9075        1.40684       -2.32854      0.0479111       0.383494       0.333884       0.314226       0.928145      0.0941436       0.130865     -0.0007085   -0.000703396   -0.000733635    -0.00131112    0.000131622        1.05394        1.04655        1.04809        1.04803         1.0428        1.04049        1.05108
        4.51001        33.2857        33.1264        34.8136        41.6953        1.44743       -2.28707      0.0477561       0.382746       0.333237       0.313557       0.924913      0.0941876       0.130933    -0.00072654   -0.000721955   -0.000755589    -0.00125441    0.000107848        1.05389        1.04659        1.04802        1.04796        1.04275        1.04036        1.05113
        4.52001        33.1726        33.0141        34.6949        41.4939        1.48398       -2.25015      0.0476044       0.382015       0.332601       0.312897       0.922147      0.0942234       0.130986   -0.000741654     -0.0007376   -0.000774496    -0.00119526    8.36612E-05        1.05384        1.04663        1.04796         1.0479        1.04271        1.04027        1.05118
        4.53001        33.0573        32.8995        34.5733        41.3036        1.51643       -2.21786      0.0474559       0.381301       0.331981       0.312249       0.919838      0.0942509       0.131025    -0.00075392   -0.000750397   -0.000790408    -0.00113407    5.91352E-05        1.05377        1.04667        1.04791        1.04784        1.04267        1.04023        1.05121
        4.54001        32.9403         32.783        34.4494        41.1248        1.54462       -2.19032      0.0473117       0.380607       0.331376       0.311613       0.917977      0.0942698       0.131049   -0.000763417   -0.000760427   -0.000803386    -0.00107127    3.43412E-05        1.05368        1.04671        1.04786         1.0478        1.04265        1.04021        1.05124
        4.55001        32.8221        32.6653        34.3237        40.9577        1.56866       -2.16746      0.0471716       0.379934       0.330789       0.310992       0.916549      0.0942799       0.131057   -0.000770236   -0.000767769   -0.000813502    -0.00100725    9.35614E-06        1.05359        1.04675        1.04782        1.04776        1.04264        1.04024        1.05126
        4.56001        32.7031        32.5467        34.1966        40.8023        1.58832        -2.1495      0.0470365       0.379284       0.330221       0.310388       0.915542      0.0942811        0.13105   -0.000774471   -0.000772514   -0.000820837   -0.000942375   -1.57435E-05        1.05348         1.0468         1.0478        1.04773        1.04264         1.0403        1.05127
        4.57001        32.5838        32.4277        34.0687        40.6591        1.60376       -2.13623      0.0469063       0.378658       0.329673       0.309802        0.91494      0.0942733       0.131028   -0.000776218   -0.000774757   -0.000825474   -0.000877032   -4.08816E-05        1.05337        1.04685        1.04778        1.04771        1.04265        1.04039        1.05128
        4.58001        32.4646        32.3087        33.9403        40.5277        1.61475       -2.12791      0.0467814       0.378057       0.329146       0.309235       0.914727      0.0942566        0.13099   -0.000775582   -0.000774599   -0.000827507   -0.000811569   -6.59779E-05        1.05324         1.0469        1.04777         1.0477        1.04267        1.04052        1.05128
        4.59001         32.346        32.1902        33.8121        40.4085        1.62155       -2.12424       0.046662       0.377482       0.328641       0.308689       0.914887      0.0942308       0.130937   -0.000772669   -0.000772141   -0.000827036   -0.000746323   -9.09556E-05         1.0531        1.04696        1.04776        1.04769         1.0427        1.04067        1.05126
        4.60001        32.2283        32.0726        33.6844        40.3011        1.62405       -2.12532      0.0465482       0.376933       0.328159       0.308165         0.9154      0.0941961       0.130869    -0.00076759   -0.000767496    -0.00082416   -0.000681618   -0.000115735        1.05296        1.04702        1.04777         1.0477        1.04273        1.04085        1.05125
        4.61001        32.1118        31.9562        33.5576        40.2056        1.62229       -2.13108      0.0464402       0.376412         0.3277       0.307664       0.916246      0.0941524       0.130786   -0.000760458   -0.000760768   -0.000818993   -0.000617753   -0.000140239         1.0528        1.04707        1.04778        1.04771        1.04278        1.04106        1.05122
        4.62001        31.9971        31.8413        33.4321        40.1216        1.61631       -2.14146      0.0463382       0.375919       0.327265       0.307186       0.917407         0.0941       0.130689   -0.000751384   -0.000752074   -0.000811643   -0.000555015    -0.00016439        1.05263        1.04713         1.0478        1.04773        1.04284        1.04129        1.05119
        4.63001        31.8843        31.7283        33.3083         40.049        1.60619       -2.15634      0.0462421       0.375454       0.326854       0.306733        0.91886      0.0940389       0.130578   -0.000740484   -0.000741524   -0.000802225   -0.000493669   -0.000188112        1.05246         1.0472        1.04783        1.04776         1.0429        1.04155        1.05115
        4.64001        31.7738        31.6176        33.1866        39.9874          1.592       -2.17564      0.0461518       0.375017       0.326468       0.306304       0.920585      0.0939693       0.130453   -0.000727874    -0.00072923    -0.00079086   -0.000433959   -0.000211329        1.05228        1.04726        1.04786        1.04779        1.04297        1.04182         1.0511
        4.65001        31.6659        31.5095        33.0673        39.9367        1.57389       -2.19915      0.0460676       0.374608       0.326106       0.305901       0.922561      0.0938915       0.130316   -0.000713669   -0.000715313   -0.000777663   -0.000376113   -0.000233969        1.05209        1.04732         1.0479        1.04783        1.04305         1.0421        1.05105
        4.66001        31.5608        31.4041        32.9506        39.8963        1.55182       -2.22689      0.0459893       0.374228       0.325769       0.305523       0.924765      0.0938056       0.130165   -0.000697982   -0.000699883   -0.000762757   -0.000320337    -0.00025596        1.05189        1.04739        1.04795        1.04788        1.04314        1.04241        1.05099
        4.67001        31.4589        31.3018        32.8369         39.866        1.52606       -2.25856      0.0459169       0.373876       0.325457       0.305171       0.927176      0.0937121       0.130003   -0.000680928   -0.000683057   -0.000746264   -0.000266815   -0.000277234        1.05169        1.04746          1.048        1.04793        1.04323        1.04272        1.05092
        4.68001        31.3603        31.2028        32.7265        39.8452        1.49669       -2.29404      0.0458502       0.373552       0.325169       0.304846       0.929771      0.0936111        0.12983   -0.000662624   -0.000664948   -0.000728303   -0.000215715   -0.000297724        1.05149        1.04752        1.04806        1.04799        1.04333        1.04305        1.05085
        4.69001        31.2652        31.1073        32.6196        39.8335        1.46383       -2.33316      0.0457892       0.373256       0.324906       0.304546       0.932528      0.0935032       0.129646   -0.000643174   -0.000645667   -0.000709001    -0.00016718   -0.000317366        1.05127        1.04759        1.04812        1.04805        1.04344        1.04339        1.05078
        4.70001        31.1739        31.0154        32.5164        39.8304        1.42758       -2.37579      0.0457339       0.372988       0.324667       0.304272       0.935425      0.0933885       0.129453   -0.000622693   -0.000625329   -0.000688472   -0.000121337     -0.0003361        1.05106        1.04766        1.04818        1.04812        1.04355        1.04373         1.0507
        4.71001        31.0864        30.9275         32.417        39.8355        1.38817       -2.42167      0.0456838       0.372746       0.324452       0.304023        0.93844      0.0932676       0.129251    -0.00060129   -0.000604041   -0.000666843   -7.82907E-05   -0.000353869        1.05084        1.04773        1.04825        1.04819        1.04366        1.04408        1.05061
        4.72001         31.003        30.8436        32.3219        39.8482        1.34582       -2.47051      0.0456392       0.372531        0.32426         0.3038       0.941553      0.0931407        0.12904   -0.000579071   -0.000581913   -0.000644226   -3.81256E-05    -0.00037062        1.05062         1.0478        1.04833        1.04826        1.04378        1.04443        1.05052
        4.73001        30.9239        30.7639         32.231         39.868        1.30065       -2.52219      0.0455997       0.372342       0.324091       0.303602       0.944742      0.0930085       0.128823   -0.000556137   -0.000559047   -0.000620738   -9.09882E-07   -0.000386301         1.0504        1.04787         1.0484        1.04834        1.04391        1.04478        1.05043
        4.74001        30.8489        30.6884        32.1445        39.8943         1.2528       -2.57649      0.0455651       0.372179       0.323944       0.303428       0.947985      0.0928714       0.128599   -0.000532589    -0.00053555   -0.000596494    3.33091E-05   -0.000400867        1.05017        1.04794        1.04848        1.04842        1.04404        1.04513        1.05034
        4.75001        30.7784        30.6173        32.0625        39.9266        1.20253       -2.63313      0.0455354        0.37204        0.32382       0.303279       0.951263      0.0927298        0.12837   -0.000508531    -0.00051152   -0.000571607    6.45032E-05   -0.000414278        1.04995          1.048        1.04857        1.04851        1.04417        1.04548        1.05024
        4.76001        30.7123        30.5508        31.9852        39.9643        1.15009       -2.69184      0.0455105       0.371926       0.323717       0.303153       0.954557      0.0925843       0.128137   -0.000484053   -0.000487055   -0.000546183     9.2661E-05   -0.000426494        1.04973        1.04807        1.04865         1.0486         1.0443        1.04583        1.05014
        4.77001        30.6508        30.4887        31.9125        40.0069         1.0956       -2.75244      0.0454899       0.371835       0.323635        0.30305       0.957848      0.0924354         0.1279   -0.000459252   -0.000462252   -0.000520329    0.000117788   -0.000437484         1.0495        1.04814        1.04874        1.04868        1.04443        1.04617        1.05004
        4.78001        30.5938        30.4312        31.8447        40.0539        1.03932       -2.81464      0.0454738       0.371767       0.323573       0.302969       0.961116      0.0922836        0.12766   -0.000434216   -0.000437199   -0.000494146    0.000139906   -0.000447219        1.04928        1.04821        1.04882        1.04877        1.04457        1.04651        1.04994
        4.79001        30.5414        30.3782        31.7816        40.1045       0.981449        -2.8782      0.0454618       0.371721        0.32353       0.302909       0.964347      0.0921295       0.127419   -0.000409031   -0.000411986   -0.000467735    0.000159055   -0.000455674        1.04907        1.04827        1.04891        1.04887        1.04471        1.04684        1.04984
        4.80001        30.4937          30.33        31.7234        40.1585       0.922287       -2.94281      0.0454538       0.371696       0.323507       0.302871       0.967523      0.0919737       0.127177   -0.000383783     -0.0003867   -0.000441187    0.000175286   -0.000462832        1.04885        1.04834          1.049        1.04896        1.04484        1.04716        1.04974
        4.81002        30.4505        30.2863          31.67        40.2152       0.861988       -3.00828      0.0454497       0.371692       0.323501       0.302852       0.970627      0.0918167       0.126935   -0.000358551    -0.00036142   -0.000414597    0.000188666   -0.000468678        1.04865        1.04841        1.04909        1.04905        1.04498        1.04747        1.04964
        4.82002        30.4119        30.2472        31.6215         40.274       0.800785       -3.07433      0.0454493       0.371708       0.323513       0.302853       0.973646       0.091659       0.126694   -0.000333412   -0.000336226   -0.000388054    0.000199278   -0.000473203        1.04844        1.04847        1.04918        1.04914        1.04512        1.04777        1.04954
        4.83002        30.3779        30.2127        31.5777        40.3346       0.738922       -3.14072      0.0454524       0.371742       0.323541       0.302872       0.976567      0.0915013       0.126456    -0.00030844   -0.000311189   -0.000361636    0.000207212   -0.000476403        1.04825        1.04853        1.04927        1.04923        1.04526        1.04806        1.04944
        4.84002        30.3484        30.1827        31.5388        40.3963       0.676643       -3.20715      0.0454589       0.371794       0.323586       0.302908       0.979376      0.0913442        0.12622   -0.000283706   -0.000286386   -0.000335426    0.000212573   -0.000478278        1.04806        1.04859        1.04935        1.04932        1.04539        1.04834        1.04934
        4.85002        30.3233        30.1571        31.5045        40.4589       0.614159       -3.27343      0.0454686       0.371863       0.323645       0.302961       0.982064      0.0911881       0.125989   -0.000259274   -0.000261881   -0.000309497    0.000215476   -0.000478833        1.04788        1.04865        1.04944        1.04941        1.04553        1.04861        1.04925
        4.86002        30.3027         30.136         31.475        40.5217       0.551723       -3.33924      0.0454815       0.371949       0.323718        0.30303       0.984617      0.0910336       0.125761   -0.000235207   -0.000237739    -0.00028392    0.000216043   -0.000478081         1.0477        1.04871        1.04953         1.0495        1.04566        1.04886        1.04916
        4.87002        30.2863        30.1192          31.45        40.5845       0.489559       -3.40439      0.0454973        0.37205       0.323806       0.303113       0.987029      0.0908814        0.12554   -0.000211568   -0.000214018   -0.000258762     0.00021441   -0.000476035        1.04754        1.04877        1.04961        1.04959        1.04579         1.0491        1.04907
        4.88002        30.2741        30.1066        31.4295        40.6467       0.427876       -3.46864      0.0455158       0.372165       0.323905       0.303211       0.989291       0.090732       0.125324   -0.000188409   -0.000190778   -0.000234086    0.000210713   -0.000472716        1.04738        1.04882        1.04969        1.04968        1.04592        1.04933        1.04898
        4.89002        30.2661        30.0981        31.4133        40.7081       0.366863       -3.53177      0.0455371       0.372294       0.324017       0.303321       0.991394      0.0905857       0.125116   -0.000165783   -0.000168069    -0.00020995    0.000205099   -0.000468148        1.04724        1.04888        1.04977        1.04976        1.04605        1.04954         1.0489
        4.90002        30.2622        30.0938        31.4016        40.7684       0.306877       -3.59345      0.0455609       0.372436       0.324139       0.303444       0.993335      0.0904434       0.124915   -0.000143743   -0.000145939   -0.000186406    0.000197721   -0.000462361         1.0471        1.04893        1.04985        1.04984        1.04617        1.04974        1.04882
        4.91002         30.262        30.0933        31.3939        40.8271       0.247913       -3.65366      0.0455871       0.372589       0.324272       0.303579       0.995109      0.0903053       0.124723   -0.000122333   -0.000124434   -0.000163506    0.000188733   -0.000455389        1.04698        1.04898        1.04993        1.04992        1.04629        1.04992        1.04875
        4.92002        30.2657        30.0966        31.3903         40.884       0.190361       -3.71203      0.0456156       0.372754       0.324414       0.303723       0.996711       0.090172        0.12454   -0.000101591   -0.000103598   -0.000141297    0.000178294   -0.000447268        1.04686        1.04903           1.05        1.04999        1.04641        1.05009        1.04868
        4.93002         30.273        30.1035        31.3906        40.9389        0.13427       -3.76849      0.0456463       0.372928       0.324566       0.303877       0.998139       0.090044       0.124366   -8.15589E-05   -8.34695E-05   -0.000119819    0.000166564   -0.000438043        1.04676        1.04907        1.05007        1.05007        1.04652        1.05024        1.04861
        4.94002        30.2838         30.114        31.3946        40.9915       0.079937       -3.82276      0.0456789       0.373111       0.324725        0.30404       0.999393      0.0899217       0.124202   -6.22691E-05   -6.40822E-05   -9.91112E-05    0.000153706   -0.000427758        1.04668        1.04912        1.05014        1.05014        1.04663        1.05038        1.04855
        4.95002        30.2979        30.1278        31.4023        41.0416      0.0274773       -3.87473      0.0457135       0.373303        0.32489        0.30421        1.00047      0.0898054       0.124049   -4.37515E-05   -4.54653E-05   -7.92058E-05    0.000139882   -0.000416464         1.0466        1.04916         1.0502        1.05021        1.04674        1.05051         1.0485
        4.96002        30.3153        30.1449        31.4134        41.0891     -0.0229034        -3.9242      0.0457498       0.373502       0.325063       0.304388        1.00137      0.0896957       0.123908    -2.6038E-05   -2.76481E-05   -6.01346E-05    0.000125254   -0.000404213        1.04654         1.0492        1.05026        1.05027        1.04684        1.05062        1.04845
        4.97002        30.3357         30.165        31.4278        41.1338     -0.0710411       -3.97102      0.0457879       0.373707       0.325241       0.304572        1.00211      0.0895929       0.123778   -9.14992E-06   -1.06539E-05   -4.19249E-05     0.00010998   -0.000391063        1.04649        1.04924        1.05032        1.05033        1.04694        1.05072        1.04841
        4.98002         30.359         30.188        31.4452        41.1756      -0.116875       -4.01514      0.0458275       0.373918       0.325424       0.304762        1.00267      0.0894973        0.12366    6.89117E-06    5.49509E-06   -2.46002E-05     9.4218E-05   -0.000377073        1.04645        1.04928        1.05037        1.05039        1.04704        1.05081        1.04837
        4.99002         30.385        30.2138        31.4657        41.2145      -0.160133       -4.05633      0.0458686       0.374134       0.325611       0.304956        1.00306      0.0894093       0.123553    2.20655E-05    2.07839E-05   -8.17959E-06    7.81223E-05   -0.000362306        1.04643        1.04931        1.05042        1.05044        1.04713        1.05088        1.04834
        5.00002        30.4136        30.2422         31.489        41.2504      -0.200783       -4.09454      0.0459108       0.374354       0.325802       0.305154         1.0033       0.089329        0.12346    3.63578E-05    3.51926E-05    7.31762E-06    6.18416E-05   -0.000346826        1.04641        1.04934        1.05047        1.05049        1.04722        1.05094        1.04831
        5.01002        30.4445        30.2729        31.5148        41.2832      -0.238701        -4.1297      0.0459544       0.374577       0.325995       0.305356        1.00337      0.0892569       0.123379    4.97599E-05    4.87124E-05    2.18833E-05    4.55185E-05   -0.000330701        1.04642        1.04937        1.05051        1.05053         1.0473        1.05098        1.04829
        5.02002        30.4778         30.306        31.5431         41.313      -0.273701       -4.16162       0.045999       0.374802       0.326191        0.30556         1.0033      0.0891929       0.123311    6.22616E-05    6.13336E-05    3.55015E-05    2.92927E-05   -0.000314002        1.04643         1.0494        1.05055        1.05058        1.04738        1.05102        1.04827
        5.03002         30.513         30.341        31.5736        41.3397      -0.305847        -4.1904      0.0460446        0.37503       0.326388       0.305767        1.00309      0.0891375       0.123256    7.38565E-05    7.30512E-05    4.81671E-05    1.32955E-05   -0.000296798        1.04646        1.04942        1.05059        1.05061        1.04745        1.05104        1.04826
        5.04002        30.5501         30.378        31.6062        41.3634        -0.3349       -4.21582      0.0460909       0.375258       0.326586       0.305974        1.00274      0.0890906       0.123214    8.45431E-05    8.38642E-05     5.9876E-05   -2.34661E-06   -0.000279161        1.04649        1.04945        1.05062        1.05065        1.04752        1.05106        1.04826
        5.05002         30.589        30.4167        31.6407        41.3843      -0.360909       -4.23795      0.0461379       0.375487       0.326785       0.306182        1.00226      0.0890525       0.123185    9.43205E-05    9.37677E-05    7.06253E-05   -1.75167E-05   -0.000261166        1.04655        1.04947        1.05065        1.05068        1.04759        1.05106        1.04826
        5.06002        30.6294        30.4571         31.677        41.4023      -0.383755       -4.25671      0.0461856       0.375715       0.326983        0.30639        1.00167      0.0890232       0.123169     0.00010319    0.000102766    8.04174E-05   -3.21055E-05   -0.000242888        1.04661        1.04948        1.05067        1.05071        1.04765        1.05105        1.04827
        5.07002        30.6711        30.4988        31.7147        41.4176      -0.403423       -4.27212      0.0462336       0.375943       0.327181       0.306598        1.00097      0.0890027       0.123166    0.000111154    0.000110862    8.92528E-05   -4.60137E-05   -0.000224402        1.04668         1.0495        1.05069        1.05073         1.0477        1.05104        1.04828
        5.08002        30.7141        30.5416        31.7538        41.4303      -0.419964       -4.28424       0.046282       0.376169       0.327378       0.306804        1.00017      0.0889911       0.123175    0.000118223    0.000118063    9.71408E-05   -5.91485E-05   -0.000205783        1.04676        1.04951        1.05071        1.05075        1.04775        1.05102         1.0483
        5.09002        30.7581        30.5857        31.7941        41.4405      -0.433205       -4.29295      0.0463308       0.376392       0.327573       0.307009       0.999276      0.0889883       0.123197    0.000124405    0.000124376    0.000104089   -7.14274E-05   -0.000187106        1.04686        1.04952        1.05073        1.05077         1.0478        1.05099        1.04832
        5.10002        30.8029        30.6305        31.8353        41.4485      -0.443321       -4.29843      0.0463794       0.376614       0.327765       0.307212       0.998307      0.0889943       0.123231     0.00012971    0.000129814    0.000110108   -8.27773E-05   -0.000168448        1.04696        1.04953        1.05074        1.05078        1.04785        1.05095        1.04835
        5.11002        30.8485        30.6761        31.8775        41.4543      -0.450176       -4.30059      0.0464282       0.376832       0.327956       0.307412       0.997269       0.089009       0.123278    0.000134154    0.000134388    0.000115207   -9.31348E-05    -0.00014988        1.04707        1.04954        1.05075        1.05079        1.04789         1.0509        1.04838
        5.12002        30.8946        30.7223        31.9202        41.4582      -0.453934       -4.29961      0.0464769       0.377046       0.328143        0.30761       0.996174      0.0890323       0.123335    0.000137749     0.00013811    0.000119403   -0.000102446    -0.00013148        1.04719        1.04954        1.05075        1.05079        1.04792        1.05086        1.04841
        5.13002        30.9412        30.7689        31.9635        41.4603      -0.454529       -4.29546      0.0465252       0.377257       0.328327       0.307804       0.995031       0.089064       0.123405    0.000140512    0.000140999    0.000122711   -0.000110667   -0.000113317        1.04732        1.04955        1.05075        1.05079        1.04796         1.0508        1.04845
        5.14002        30.9879        30.8158        32.0071        41.4609      -0.452095       -4.28831      0.0465733       0.377463       0.328507       0.307994       0.993851       0.089104       0.123485    0.000142461    0.000143072    0.000125149   -0.000117763   -9.54636E-05        1.04745        1.04954        1.05075        1.05079        1.04799        1.05074        1.04849
        5.15002        31.0347        30.8626        32.0508          41.46      -0.446709       -4.27826      0.0466208       0.377665       0.328683        0.30818       0.992646      0.0891519       0.123575    0.000143616    0.000144344    0.000126736    -0.00012371   -7.79891E-05        1.04759        1.04954        1.05074        1.05079        1.04801        1.05068        1.04853
        5.16002        31.0815        30.9096        32.0946         41.458      -0.438343        -4.2653      0.0466678       0.377861       0.328855       0.308361       0.991425      0.0892078       0.123675    0.000143997     0.00014484    0.000127493   -0.000128494   -6.09607E-05        1.04774        1.04954        1.05074        1.05078        1.04803        1.05061        1.04858
        5.17002         31.128        30.9563        32.1382        41.4551      -0.427166       -4.24963      0.0467141       0.378053       0.329023       0.308538       0.990198       0.089271       0.123785    0.000143624    0.000144576    0.000127441   -0.000132109   -4.44444E-05        1.04789        1.04953        1.05073        1.05077        1.04805        1.05055        1.04863
        5.18002        31.1743        31.0028        32.1816        41.4514      -0.413246       -4.23136      0.0467598       0.378238       0.329185        0.30871       0.988976      0.0893415       0.123904    0.000142523     0.00014358    0.000126606   -0.000134559   -2.85014E-05        1.04804        1.04952        1.05071        1.05076        1.04807        1.05048        1.04868
        5.19002        31.2201        31.0487        32.2245        41.4472      -0.396706       -4.21061      0.0468046       0.378418       0.329343       0.308876        0.98777      0.0894189       0.124031    0.000140714    0.000141873    0.000125009   -0.000135856   -1.31933E-05         1.0482        1.04951         1.0507        1.05074        1.04808         1.0504        1.04873
        5.20002        31.2652        31.0941        32.2669        41.4426      -0.377731       -4.18761      0.0468484       0.378591       0.329495       0.309036       0.986586      0.0895028       0.124166    0.000138225    0.000139474    0.000122677   -0.000136025     1.4237E-06        1.04836         1.0495        1.05068        1.05072        1.04809        1.05033        1.04878
        5.21002        31.3097        31.1388        32.3085        41.4379      -0.356384       -4.16244      0.0468912       0.378758       0.329642       0.309191       0.985435      0.0895929       0.124309     0.00013508    0.000136412    0.000119636   -0.000135093    1.52942E-05        1.04852        1.04948        1.05066         1.0507         1.0481        1.05026        1.04884
        5.22002        31.3533        31.1826        32.3494        41.4333      -0.332775       -4.13521      0.0469332       0.378919       0.329784        0.30934       0.984326      0.0896887       0.124457    0.000131302    0.000132712    0.000115912   -0.000133098    2.83676E-05        1.04868        1.04947        1.05064        1.05068         1.0481        1.05019        1.04889
        5.23002         31.396        31.2256        32.3893        41.4288      -0.307125       -4.10618      0.0469737       0.379074        0.32992       0.309483       0.983264      0.0897901       0.124612    0.000126917    0.000128402    0.000111533   -0.000130086    4.05981E-05        1.04885        1.04945        1.05061        1.05066        1.04811        1.05012        1.04895
        5.24003        31.4375        31.2674        32.4281        41.4248      -0.279568       -4.07549      0.0470133       0.379221        0.33005        0.30962        0.98226      0.0898962       0.124771    0.000121956    0.000123503    0.000106529   -0.000126109    5.19382E-05        1.04901        1.04943        1.05059        1.05063        1.04811        1.05005        1.04901
        5.25003         31.478        31.3082        32.4658        41.4215      -0.250237       -4.04329      0.0470515       0.379362       0.330174        0.30975        0.98132      0.0900069       0.124936    0.000116441    0.000118045    0.000100925   -0.000121225    6.23503E-05        1.04917        1.04941        1.05056         1.0506        1.04811        1.04998        1.04906
        5.26003        31.5172        31.3477        32.5022        41.4188      -0.219372       -4.00984      0.0470885       0.379496       0.330293       0.309874       0.980449      0.0901217       0.125104    0.000110403     0.00011205    9.47535E-05     -0.0001155    7.17977E-05        1.04932        1.04938        1.05053        1.05057         1.0481        1.04991        1.04912
        5.27003         31.555        31.3858        32.5372         41.417      -0.187088       -3.97524      0.0471241       0.379624       0.330406       0.309991       0.979655      0.0902399       0.125275    0.000103862    0.000105549    8.80405E-05   -0.000109003     8.0248E-05        1.04948        1.04936         1.0505        1.05054         1.0481        1.04985        1.04917
        5.28003        31.5915        31.4225        32.5708        41.4163      -0.153545       -3.93969      0.0471583       0.379745       0.330513       0.310102       0.978942      0.0903614       0.125449    9.68456E-05    9.85659E-05     8.0817E-05    -0.00010181    8.76737E-05        1.04963        1.04933        1.05047        1.05051        1.04809        1.04979        1.04923
        5.29003        31.6263        31.4577        32.6027        41.4167      -0.119034       -3.90347      0.0471912       0.379859       0.330614       0.310206       0.978314      0.0904854       0.125625    8.93834E-05    9.11239E-05    7.31117E-05   -9.39989E-05    9.40489E-05        1.04978         1.0493        1.05044        1.05047        1.04808        1.04973        1.04928
        5.30003        31.6597        31.4914        32.6331        41.4184     -0.0836105       -3.86663      0.0472226       0.379967       0.330709       0.310304       0.977776      0.0906116       0.125802    8.14997E-05    8.32529E-05    6.49527E-05    -8.5654E-05     9.9354E-05        1.04992        1.04928         1.0504        1.05044        1.04808        1.04967        1.04934
        5.31003        31.6913        31.5233        32.6617        41.4214      -0.047596       -3.82952      0.0472525       0.380068       0.330799       0.310396        0.97733      0.0907393        0.12598    7.32181E-05      7.498E-05    5.63679E-05   -7.68613E-05    0.000103573        1.05006        1.04925        1.05037         1.0504        1.04807        1.04962        1.04939
        5.32003        31.7212        31.5535        32.6886        41.4258     -0.0110893       -3.79222       0.047281       0.380163       0.330883       0.310481        0.97698      0.0908682       0.126157     6.4566E-05    6.63277E-05    4.73836E-05   -6.77088E-05    0.000106696        1.05019        1.04922        1.05033        1.05037        1.04806        1.04957        1.04943
        5.33003        31.7494         31.582        32.7136        41.4318       0.025692       -3.75495       0.047308       0.380251       0.330961        0.31056       0.976728      0.0909977       0.126333    5.55697E-05     5.7324E-05    3.80335E-05   -5.82864E-05    0.000108714        1.05031        1.04919         1.0503        1.05033        1.04804        1.04953        1.04948
        5.34003        31.7756        31.6086        32.7367        41.4392      0.0625381       -3.71792      0.0473334       0.380333       0.331034       0.310632       0.976574      0.0911272       0.126508    4.62507E-05    4.79917E-05    2.83371E-05   -4.86871E-05    0.000109625        1.05043        1.04916        1.05026        1.05029        1.04803        1.04948        1.04953
        5.35003           31.8        31.6333        32.7578        41.4482      0.0992775       -3.68129      0.0473573       0.380408       0.331101       0.310698        0.97652      0.0912565       0.126681    3.66353E-05    3.83536E-05    1.83278E-05   -3.90023E-05     0.00010943        1.05054        1.04912        1.05023        1.05026        1.04802        1.04945        1.04957
        5.36003        31.8225        31.6561         32.777        41.4588       0.135681       -3.64528      0.0473797       0.380478       0.331163       0.310759       0.976566      0.0913848       0.126852    2.67457E-05    2.84357E-05    8.03072E-06   -2.93252E-05    0.000108135        1.05064        1.04909        1.05019        1.05022        1.04801        1.04941        1.04961
        5.37003         31.843        31.6769        32.7941         41.471       0.171608       -3.61004      0.0474007       0.380542        0.33122       0.310813        0.97671      0.0915119       0.127018    1.66023E-05     1.8259E-05   -2.53398E-06   -1.97478E-05    0.000105751        1.05074        1.04906        1.05015        1.05018        1.04799        1.04938        1.04965
        5.38003        31.8615        31.6957        32.8091        41.4847       0.206841       -3.57575        0.04742         0.3806       0.331272       0.310862       0.976953      0.0916371       0.127181    6.22988E-06    7.84684E-06    -1.3335E-05   -1.03607E-05    0.000102289        1.05083        1.04902        1.05012        1.05014        1.04798        1.04935        1.04968
        5.39003        31.8779        31.7124        32.8219           41.5       0.241196       -3.54259      0.0474378       0.380653       0.331318       0.310905       0.977292      0.0917599        0.12734   -4.35069E-06   -2.77888E-06   -2.43508E-05   -1.25425E-06    9.77678E-05         1.0509        1.04899        1.05008         1.0501        1.04797        1.04933        1.04971
        5.40003        31.8923         31.727        32.8326        41.5166       0.274467       -3.51077      0.0474541         0.3807        0.33136       0.310943       0.977725      0.0918801       0.127494   -1.51201E-05   -1.35965E-05   -3.55567E-05    7.48353E-06    9.22111E-05        1.05097        1.04896        1.05004        1.05007        1.04795        1.04931        1.04974
        5.41003        31.9045        31.7396        32.8412        41.5347       0.306511       -3.48039      0.0474689       0.380742       0.331398       0.310976        0.97825       0.091997       0.127642   -2.60592E-05   -2.45873E-05   -4.69302E-05     1.5768E-05    8.56427E-05        1.05104        1.04892        1.05001        1.05003        1.04794        1.04929        1.04977
        5.42003        31.9147          31.75        32.8475        41.5541       0.337151       -3.45164      0.0474821       0.380779       0.331431       0.311003       0.978862      0.0921103       0.127784   -3.71458E-05     -3.573E-05    -5.8449E-05    2.35156E-05    7.80933E-05        1.05109        1.04889        1.04997        1.04999        1.04793        1.04928         1.0498
        5.43003        31.9227        31.7582        32.8517        41.5747       0.366211       -3.42466      0.0474938       0.380811       0.331459       0.311026       0.979558      0.0922196        0.12792   -4.83627E-05   -4.70053E-05   -7.00943E-05    3.06487E-05    6.95957E-05        1.05113        1.04886        1.04994        1.04995        1.04792        1.04927        1.04982
        5.44003        31.9286        31.7643        32.8536        41.5965       0.393597       -3.39953       0.047504       0.380838       0.331483       0.311043       0.980334      0.0923244       0.128049   -5.96922E-05   -5.83935E-05   -8.18432E-05    3.70931E-05    6.01855E-05        1.05117        1.04883         1.0499        1.04992         1.0479        1.04926        1.04984
        5.45003        31.9323        31.7683        32.8533        41.6193       0.419064       -3.37648      0.0475128        0.38086       0.331503       0.311057       0.981186      0.0924244        0.12817   -7.11144E-05   -6.98806E-05   -9.36763E-05    4.27767E-05     4.9904E-05        1.05119        1.04879        1.04987        1.04988        1.04789        1.04925        1.04985
        5.46003        31.9339        31.7701        32.8508        41.6429       0.442551       -3.35555        0.04752       0.380879       0.331519       0.311065       0.982107      0.0925193       0.128285   -8.26138E-05   -8.14448E-05   -0.000105578    4.76334E-05    3.87933E-05        1.05121        1.04876        1.04984        1.04985        1.04788        1.04925        1.04986
        5.47003        31.9333        31.7697         32.846        41.6672       0.463821       -3.33696      0.0475257       0.380892       0.331532       0.311069       0.983094      0.0926088       0.128391   -9.41757E-05    -9.3069E-05   -0.000117526    5.16027E-05    2.68996E-05        1.05122        1.04873         1.0498        1.04981        1.04787        1.04924        1.04987
        5.48003        31.9306        31.7672        32.8391        41.6921       0.482903       -3.32065        0.04753       0.380902        0.33154        0.31107        0.98414      0.0926924       0.128488   -0.000105781   -0.000104743   -0.000129502     5.4628E-05     1.4271E-05        1.05122         1.0487        1.04977        1.04978        1.04786        1.04924        1.04988
        5.49003        31.9257        31.7625        32.8299        41.7174       0.499531       -3.30687      0.0475327       0.380907       0.331544       0.311066        0.98524      0.0927698       0.128578   -0.000117419   -0.000116444   -0.000141492    5.66589E-05    9.57943E-07        1.05121        1.04867        1.04974        1.04975        1.04785        1.04924        1.04988
        5.50003        31.9187        31.7557        32.8185         41.743        0.51368       -3.29564      0.0475341       0.380909       0.331546       0.311058       0.986385       0.092841       0.128658   -0.000129068   -0.000128159   -0.000153481    5.76497E-05    -1.2983E-05        1.05119        1.04864        1.04971        1.04972        1.04785        1.04925        1.04989
        5.51003        31.9095        31.7467         32.805        41.7686       0.525204       -3.28706      0.0475339       0.380906       0.331543       0.311047       0.987572      0.0929056        0.12873    -0.00014072   -0.000139873   -0.000165447    5.75623E-05   -2.74982E-05        1.05116        1.04862        1.04968        1.04969        1.04784        1.04925        1.04988
        5.52003        31.8983        31.7356        32.7892        41.7941       0.534077       -3.28116      0.0475323         0.3809       0.331537       0.311032       0.988793      0.0929633       0.128792   -0.000152353    -0.00015157    -0.00017738    5.63629E-05   -4.25297E-05        1.05113        1.04859        1.04965        1.04966        1.04783        1.04925        1.04988
        5.53003        31.8849        31.7223        32.7713        41.8192       0.540184       -3.27801      0.0475292        0.38089       0.331528       0.311013        0.99004       0.093014       0.128845    -0.00016396   -0.000163237   -0.000189262    5.40254E-05   -5.80185E-05        1.05109        1.04857        1.04963        1.04963        1.04783        1.04925        1.04987
        5.54003        31.8695        31.7071        32.7513        41.8439       0.543495       -3.27764      0.0475247       0.380876       0.331516       0.310991       0.991308      0.0930576       0.128889   -0.000175524   -0.000174858   -0.000201081    5.05301E-05   -7.39022E-05        1.05104        1.04854         1.0496         1.0496        1.04782        1.04926        1.04987
        5.55003        31.8521        31.6897        32.7292        41.8678       0.543919       -3.28012      0.0475186       0.380859         0.3315       0.310966       0.992589      0.0930938       0.128923   -0.000187031   -0.000186419    -0.00021282    4.58614E-05   -9.01204E-05        1.05098        1.04852        1.04957        1.04957        1.04782        1.04926        1.04985
        5.56003        31.8325        31.6703        32.7051        41.8908       0.541424       -3.28545      0.0475112       0.380838       0.331481       0.310937       0.993876      0.0931228       0.128947   -0.000198465   -0.000197907   -0.000224466    4.00134E-05   -0.000106607        1.05092         1.0485        1.04955        1.04955        1.04782        1.04926        1.04984
        5.57003         31.811        31.6489        32.6789        41.9128       0.536007       -3.29363      0.0475022       0.380813       0.331459       0.310906       0.995162      0.0931441       0.128962   -0.000209815   -0.000209305   -0.000236002    3.29838E-05   -0.000123302        1.05085        1.04848        1.04953        1.04952        1.04782        1.04927        1.04983
        5.58003        31.7875        31.6255        32.6506        41.9334       0.527588       -3.30472      0.0474919       0.380785       0.331433       0.310871       0.996441       0.093158       0.128967   -0.000221064   -0.000220598    -0.00024742    2.47786E-05   -0.000140137        1.05077        1.04846         1.0495         1.0495        1.04782        1.04927        1.04981
        5.59003        31.7622        31.6001        32.6205        41.9525        0.51627        -3.3186      0.0474801       0.380753       0.331404       0.310833       0.997705      0.0931643       0.128963   -0.000232202   -0.000231776   -0.000258699    1.54092E-05   -0.000157049        1.05069        1.04844        1.04948        1.04948        1.04782        1.04927        1.04979
        5.60003        31.7348        31.5729        32.5884        41.9699       0.501934       -3.33537      0.0474669       0.380717       0.331373       0.310792       0.998948       0.093163       0.128949    -0.00024321   -0.000242819   -0.000269829    4.89347E-06    -0.00017397        1.05061        1.04843        1.04946        1.04946        1.04782        1.04927        1.04977
        5.61003        31.7056        31.5438        32.5544        41.9854       0.484688       -3.35492      0.0474522       0.380677       0.331338       0.310747        1.00016      0.0931542       0.128925   -0.000254074   -0.000253719   -0.000280793    -6.7445E-06   -0.000190839        1.05052        1.04841        1.04944        1.04944        1.04782        1.04926        1.04975
        5.62003        31.6746        31.5128        32.5185        41.9988       0.464481       -3.37727      0.0474362       0.380634       0.331299         0.3107        1.00134       0.093138       0.128893   -0.000264781   -0.000264454   -0.000291579   -1.94736E-05    -0.00020759        1.05043         1.0484        1.04942        1.04942        1.04783        1.04926        1.04972
        5.63003        31.6417          31.48        32.4808        42.0099       0.441376       -3.40236      0.0474187       0.380587       0.331258       0.310649        1.00248      0.0931144       0.128851   -0.000275314   -0.000275014   -0.000302168   -3.32583E-05   -0.000224159        1.05033        1.04839         1.0494         1.0494        1.04783        1.04925         1.0497
        5.64003        31.6072        31.4455        32.4415        42.0187       0.415524       -3.43003      0.0473999       0.380536       0.331212       0.310596        1.00357      0.0930836         0.1288   -0.000285656   -0.000285383   -0.000312548   -4.80577E-05   -0.000240483        1.05023        1.04839        1.04939        1.04938        1.04784        1.04924        1.04967
        5.65003        31.5709        31.4093        32.4004        42.0248       0.386845       -3.46035      0.0473796       0.380481       0.331164       0.310539        1.00461      0.0930456       0.128741   -0.000295794   -0.000295539   -0.000322703   -6.38234E-05     -0.0002565        1.05012        1.04838        1.04937        1.04936        1.04784        1.04923        1.04965
        5.66003         31.533        31.3714        32.3576        42.0281       0.355492       -3.49315       0.047358       0.380422       0.331112       0.310479        1.00559      0.0930007       0.128673   -0.000305708   -0.000305473   -0.000332619   -8.05038E-05   -0.000272149        1.05002        1.04837        1.04936        1.04935        1.04785        1.04922        1.04962
        5.67003        31.4935         31.332        32.3133        42.0286       0.321526       -3.52837       0.047335       0.380359       0.331056       0.310416         1.0065      0.0929492       0.128596   -0.000315387   -0.000315163   -0.000342275   -9.80418E-05   -0.000287372        1.04991        1.04837        1.04934        1.04934        1.04786         1.0492         1.0496
        5.68004        31.4524        31.2909        32.2673        42.0259       0.284973       -3.56598      0.0473107       0.380292       0.330997        0.31035        1.00735       0.092891       0.128512   -0.000324809   -0.000324592   -0.000351658   -0.000116375   -0.000302112        1.04981        1.04837        1.04933        1.04932        1.04787        1.04919        1.04957
        5.69004        31.4099        31.2484          32.22        42.0201       0.246033       -3.60577      0.0472852       0.380221       0.330934        0.31028        1.00812      0.0928265       0.128421   -0.000333956   -0.000333745   -0.000360752   -0.000135437   -0.000316313         1.0497        1.04837        1.04932        1.04931        1.04788        1.04917        1.04954
        5.70004        31.3659        31.2045        32.1712        42.0109       0.204765       -3.64768      0.0472584       0.380146       0.330868       0.310207        1.00882      0.0927561       0.128322   -0.000342814   -0.000342601   -0.000369537   -0.000155157   -0.000329922        1.04959        1.04838        1.04931         1.0493        1.04789        1.04915        1.04951
        5.71004        31.3206        31.1592         32.121        41.9984        0.16132       -3.69157      0.0472304       0.380066       0.330798       0.310131        1.00943      0.0926799       0.128216   -0.000351362   -0.000351146   -0.000377997   -0.000175461   -0.000342888        1.04948        1.04838         1.0493        1.04929         1.0479        1.04912        1.04949
        5.72004        31.2739        31.1126        32.0696        41.9823        0.11581       -3.73731      0.0472013       0.379981       0.330724       0.310051        1.00996      0.0925984       0.128104   -0.000359581   -0.000359359   -0.000386112   -0.000196271   -0.000355164        1.04938        1.04839        1.04929        1.04928        1.04791        1.04909        1.04946
        5.73004         31.226        31.0647        32.0169        41.9627      0.0683098       -3.78484       0.047171       0.379893       0.330645       0.309969        1.01039      0.0925117       0.127985   -0.000367452   -0.000367221   -0.000393863   -0.000217508   -0.000366705        1.04927         1.0484        1.04928        1.04927        1.04793        1.04907        1.04944
        5.74004         31.177        31.0157        31.9631        41.9394      0.0190659       -3.83391      0.0471396         0.3798       0.330563       0.309882        1.01074      0.0924203       0.127861   -0.000374958    -0.00037471   -0.000401235   -0.000239086   -0.000377467        1.04917        1.04841        1.04927        1.04926        1.04794        1.04903        1.04941
        5.75004        31.1268        30.9656        31.9082        41.9125     -0.0318184       -3.88442      0.0471072       0.379702       0.330478       0.309793        1.01099      0.0923245       0.127732   -0.000382076    -0.00038181   -0.000408207   -0.000260921   -0.000387411        1.04907        1.04843        1.04927        1.04926        1.04796          1.049        1.04939
        5.76004        31.0756        30.9144        31.8524        41.8817     -0.0842323       -3.93627      0.0470738         0.3796       0.330388         0.3097        1.01114      0.0922247       0.127599   -0.000388789   -0.000388501    -0.00041476   -0.000282924   -0.000396501        1.04898        1.04844        1.04926        1.04925        1.04798        1.04896        1.04937
        5.77004        31.0235        30.8624        31.7956        41.8473      -0.137932       -3.98921      0.0470395       0.379494       0.330294       0.309604         1.0112      0.0921213       0.127461   -0.000395076   -0.000394761   -0.000420875   -0.000305006   -0.000404705        1.04888        1.04846        1.04926        1.04925          1.048        1.04893        1.04935
        5.78004        30.9705        30.8094        31.7379        41.8091       -0.19289       -4.04323      0.0470044       0.379382       0.330197       0.309504        1.01115      0.0920147       0.127319   -0.000400919   -0.000400574   -0.000426535   -0.000327078   -0.000411992         1.0488        1.04848        1.04925        1.04924        1.04802        1.04889        1.04933
        5.79004        30.9167        30.7557        31.6796        41.7672      -0.248745       -4.09797      0.0469685       0.379267       0.330096       0.309401        1.01101      0.0919052       0.127174   -0.000406294   -0.000405916   -0.000431715   -0.000349048   -0.000418336        1.04871         1.0485        1.04925        1.04924        1.04804        1.04885        1.04932
        5.80004        30.8623        30.7013        31.6206        41.7215      -0.305462        -4.1534      0.0469319       0.379147        0.32999       0.309295        1.01077      0.0917934       0.127026   -0.000411184   -0.000410773   -0.000436404   -0.000370825   -0.000423716        1.04863        1.04853        1.04925        1.04924        1.04806         1.0488         1.0493
        5.81004        30.8072        30.6463         31.561        41.6722      -0.362843       -4.20934      0.0468947       0.379023       0.329881       0.309186        1.01043      0.0916797       0.126877    -0.00041557   -0.000415118   -0.000440577   -0.000392317   -0.000428111        1.04856        1.04856        1.04925        1.04924        1.04808        1.04876        1.04929
        5.82004        30.7516        30.5908        31.5009        41.6192      -0.420692       -4.26559      0.0468569       0.378894       0.329769       0.309075        1.00998      0.0915644       0.126725   -0.000419435    -0.00041894   -0.000444219   -0.000413433   -0.000431508        1.04849        1.04858        1.04925        1.04924         1.0481        1.04872        1.04928
        5.83004        30.6956        30.5349        31.4404        41.5627      -0.478867       -4.32202      0.0468187       0.378761       0.329653        0.30896        1.00944       0.091448       0.126573   -0.000422754   -0.000422217   -0.000447311   -0.000434082   -0.000433893        1.04843        1.04861        1.04925        1.04924        1.04813        1.04867        1.04927
        5.84004        30.6392        30.4787        31.3797        41.5028       -0.53709       -4.37838      0.0467802       0.378624       0.329533       0.308842        1.00881       0.091331        0.12642   -0.000425513   -0.000424928   -0.000449835   -0.000454177   -0.000435261        1.04838        1.04865        1.04925        1.04924        1.04815        1.04862        1.04927
        5.85004        30.5827        30.4222        31.3188        41.4395      -0.595261       -4.43456      0.0467413       0.378484       0.329411       0.308722        1.00807      0.0912138       0.126267   -0.000427694   -0.000427061   -0.000451776   -0.000473628   -0.000435607        1.04833        1.04868        1.04925        1.04925        1.04818        1.04858        1.04927
        5.86004         30.526        30.3657        31.2578         41.373      -0.653206        -4.4904      0.0467022        0.37834       0.329285         0.3086        1.00725      0.0910968       0.126114   -0.000429281   -0.000428596   -0.000453119   -0.000492351   -0.000434931        1.04829        1.04872        1.04926        1.04925         1.0482        1.04853        1.04927
        5.87004        30.4693        30.3091        31.1969        41.3035      -0.710697        -4.5457      0.0466631       0.378193       0.329156       0.308475        1.00633      0.0909805       0.125963   -0.000430258   -0.000429518   -0.000453843   -0.000510262   -0.000433237        1.04825        1.04876        1.04926        1.04926        1.04823        1.04848        1.04927
        5.88004        30.4128        30.2527        31.1361         41.231      -0.767559       -4.60028      0.0466239       0.378042       0.329025       0.308348        1.00533      0.0908653       0.125813   -0.000430608   -0.000429813   -0.000453939    -0.00052728   -0.000430532        1.04823        1.04879        1.04927        1.04926        1.04826        1.04844        1.04928
        5.89004        30.3564        30.1965        31.0755        41.1557       -0.82365         -4.654       0.046585       0.377889       0.328891        0.30822        1.00424      0.0907515       0.125665   -0.000430319   -0.000429467   -0.000453392   -0.000543328   -0.000426826        1.04821        1.04884        1.04927        1.04927        1.04829        1.04839        1.04929
        5.90004        30.3003        30.1405        31.0153        41.0778      -0.878826       -4.70675       0.046546       0.377733       0.328756        0.30809        1.00307      0.0906397        0.12552   -0.000429376   -0.000428467   -0.000452192    -0.00055833   -0.000422135         1.0482        1.04888        1.04928        1.04928        1.04832        1.04834         1.0493
        5.91004        30.2446         30.085        30.9555        40.9974      -0.932873       -4.75831      0.0465076       0.377575       0.328618       0.307958        1.00182      0.0905301       0.125379   -0.000427769   -0.000426806   -0.000450323   -0.000572216   -0.000416477        1.04819        1.04892        1.04929        1.04929        1.04836         1.0483        1.04932
        5.92004        30.1895          30.03        30.8963        40.9149      -0.985603       -4.80852      0.0464694       0.377415       0.328478       0.307826        1.00051      0.0904233        0.12524   -0.000425488   -0.000424469    -0.00044778   -0.000584918   -0.000409871         1.0482        1.04897         1.0493         1.0493        1.04839        1.04825        1.04934
        5.93004         30.135        29.9757        30.8378        40.8304       -1.03692       -4.85728      0.0464318       0.377253       0.328338       0.307693       0.999122      0.0903195       0.125106   -0.000422524   -0.000421448   -0.000444552   -0.000596374   -0.000402345        1.04821        1.04901        1.04931        1.04931        1.04843        1.04821        1.04936
        5.94004        30.0812        29.9222        30.7801         40.744       -1.08664       -4.90442      0.0463948        0.37709       0.328197        0.30756       0.997673      0.0902193       0.124976   -0.000418868   -0.000417741   -0.000440635   -0.000606523   -0.000393924        1.04822        1.04906        1.04932        1.04932        1.04846        1.04817        1.04938
        5.95004        30.0284        29.8695        30.7234        40.6561       -1.13455       -4.94975      0.0463584       0.376927       0.328055       0.307426       0.996167      0.0901227       0.124852   -0.000414517   -0.000413338   -0.000436024   -0.000615312   -0.000384642        1.04825        1.04911        1.04933        1.04933         1.0485        1.04813        1.04941
        5.96004        29.9765        29.8179        30.6677        40.5669       -1.18059        -4.9932       0.046323       0.376763       0.327913       0.307293       0.994608      0.0900303       0.124732   -0.000409467   -0.000408238   -0.000430716   -0.000622691   -0.000374531        1.04828        1.04916        1.04935        1.04935        1.04854         1.0481        1.04944
        5.97004        29.9258        29.7674        30.6131        40.4767        -1.2246       -5.03462      0.0462883       0.376599        0.32777       0.307161       0.993002      0.0899422       0.124619   -0.000403715   -0.000402439   -0.000424709   -0.000628617   -0.000363627        1.04832        1.04921        1.04936        1.04936        1.04858        1.04806        1.04947
        5.98004        29.8762        29.7181        30.5598        40.3856       -1.26645       -5.07391      0.0462548       0.376436       0.327629       0.307029       0.991354      0.0898589       0.124512   -0.000397265   -0.000395942   -0.000418002   -0.000633047   -0.000351969        1.04837        1.04926        1.04938        1.04938        1.04862        1.04803        1.04951
        5.99004        29.8281        29.6701         30.508         40.294         -1.306       -5.11092      0.0462223       0.376273       0.327488       0.306899       0.989671      0.0897806       0.124411   -0.000390112   -0.000388749   -0.000410599   -0.000635949   -0.000339599        1.04843        1.04931         1.0494         1.0494        1.04866          1.048        1.04955
        6.00004        29.7814        29.6237        30.4576        40.2022       -1.34313       -5.14555      0.0461909       0.376113       0.327349        0.30677       0.987958      0.0897075       0.124317   -0.000382266   -0.000380865   -0.000402504   -0.000637295   -0.000326561        1.04849        1.04937        1.04941        1.04942         1.0487        1.04798        1.04959
        6.01004        29.7362        29.5787        30.4088        40.1103       -1.37784        -5.1778      0.0461609       0.375954       0.327212       0.306644       0.986221      0.0896399        0.12423   -0.000373729   -0.000372296   -0.000393722   -0.000637059   -0.000312902        1.04856        1.04942        1.04943        1.04944        1.04874        1.04796        1.04963
        6.02004        29.6927        29.5356        30.3618        40.0187       -1.40986       -5.20743      0.0461324       0.375797       0.327076        0.30652       0.984468       0.089578       0.124151   -0.000364512   -0.000363048   -0.000384264   -0.000635226   -0.000298667        1.04863        1.04947        1.04945        1.04946        1.04879        1.04794        1.04967
        6.03004         29.651        29.4941        30.3165        39.9276       -1.43927       -5.23448      0.0461052       0.375644       0.326944       0.306399       0.982703      0.0895218       0.124079   -0.000354623   -0.000353134   -0.000374138   -0.000631783   -0.000283907        1.04871        1.04953        1.04947        1.04948        1.04883        1.04793        1.04972
        6.04004        29.6113        29.4547        30.2733        39.8374       -1.46582       -5.25876      0.0460796       0.375494       0.326815       0.306281       0.980933      0.0894717       0.124016   -0.000344076   -0.000342565   -0.000363355   -0.000626724   -0.000268674        1.04879        1.04958         1.0495         1.0495        1.04888        1.04792        1.04976
        6.05004        29.5735        29.4172        30.2321        39.7482       -1.48962       -5.28034      0.0460557       0.375348       0.326689       0.306167       0.979164      0.0894278        0.12396   -0.000332883   -0.000331361   -0.000351931   -0.000620047   -0.000253018        1.04888        1.04963        1.04952        1.04953        1.04893        1.04791        1.04981
        6.06004        29.5379        29.3818         30.193        39.6605       -1.51047       -5.29907      0.0460335       0.375206       0.326566       0.306057       0.977403      0.0893901       0.123912   -0.000321061   -0.000319532   -0.000339883   -0.000611758   -0.000236994        1.04898        1.04969        1.04954        1.04955        1.04898        1.04791        1.04986
        6.07004        29.5044        29.3486        30.1562        39.5744       -1.52841       -5.31496      0.0460131       0.375069       0.326449       0.305952       0.975656      0.0893588       0.123873   -0.000308632   -0.000307098   -0.000327231   -0.000601867   -0.000220655        1.04907        1.04974        1.04957        1.04958        1.04903        1.04792        1.04991
        6.08004        29.4733        29.3178        30.1218        39.4903        -1.5433        -5.3279      0.0459945       0.374938       0.326335       0.305851       0.973929      0.0893339       0.123842   -0.000295613   -0.000294082   -0.000313993   -0.000590391   -0.000204056        1.04918        1.04979         1.0496         1.0496        1.04908        1.04792        1.04996
        6.09004        29.4446        29.2893        30.0897        39.4083       -1.55527         -5.338      0.0459779       0.374813       0.326227       0.305755       0.972228      0.0893155        0.12382   -0.000282029   -0.000280506   -0.000300191   -0.000577351   -0.000187254        1.04928        1.04984        1.04962        1.04963        1.04913        1.04794        1.05002
        6.10004        29.4184        29.2634        30.0603        39.3289       -1.56414       -5.34508      0.0459632       0.374694       0.326125       0.305665       0.970559      0.0893036       0.123806   -0.000267906   -0.000266395   -0.000285851   -0.000562775   -0.000170304        1.04939        1.04989        1.04965        1.04966        1.04918        1.04796        1.05007
        6.11004        29.3947          29.24        30.0334        39.2523       -1.56995       -5.34922      0.0459506       0.374582       0.326028       0.305581       0.968928      0.0892981       0.123801   -0.000253268   -0.000251775      -0.000271   -0.000546696    -0.00015326         1.0495        1.04994        1.04968        1.04969        1.04924        1.04798        1.05012
        6.12005        29.3737        29.2193        30.0092        39.1786       -1.57274       -5.35044      0.0459401       0.374477       0.325938       0.305503       0.967341      0.0892991       0.123805   -0.000238149   -0.000236676   -0.000255662   -0.000529151   -0.000136179        1.04961        1.04999        1.04971        1.04972        1.04929        1.04801        1.05017
        6.13005        29.3555        29.2013        29.9879        39.1082       -1.57246       -5.34869      0.0459317        0.37438       0.325855       0.305432       0.965802      0.0893065       0.123816   -0.000222574   -0.000221128   -0.000239873   -0.000510184   -0.000119117        1.04972        1.05004        1.04974        1.04975        1.04935        1.04804        1.05023
        6.14005          29.34        29.1861        29.9693        39.0412       -1.56917       -5.34403      0.0459255       0.374291       0.325778       0.305367       0.964318      0.0893202       0.123836   -0.000206576   -0.000205163   -0.000223662   -0.000489841   -0.000102126        1.04984        1.05008        1.04977        1.04978         1.0494        1.04808        1.05028
        6.15005        29.3274        29.1737        29.9536         38.978       -1.56289       -5.33648      0.0459215        0.37421       0.325709       0.305309       0.962894      0.0893401       0.123864    -0.00019019   -0.000188814   -0.000207061   -0.000468176    -8.5262E-05        1.04995        1.05013        1.04981        1.04982        1.04946        1.04813        1.05033
        6.16005        29.3177        29.1643         29.941        38.9188       -1.55362       -5.32605      0.0459197       0.374138       0.325647       0.305259       0.961535      0.0893661       0.123901   -0.000173451   -0.000172118   -0.000190109   -0.000445247   -6.85776E-05        1.05006        1.05017        1.04984        1.04985        1.04952        1.04818        1.05038
        6.17005         29.311        29.1578        29.9313        38.8637       -1.54147       -5.31286      0.0459203       0.374075       0.325593       0.305217       0.960245       0.089398       0.123945   -0.000156397   -0.000155108   -0.000172839   -0.000421114   -5.21243E-05        1.05018        1.05022        1.04987        1.04988        1.04957        1.04823        1.05043
        6.18005        29.3073        29.1543        29.9246         38.813       -1.52647       -5.29691      0.0459231       0.374022       0.325547       0.305182       0.959029      0.0894358       0.123997   -0.000139065   -0.000137826   -0.000155293   -0.000395843   -3.59518E-05        1.05029        1.05026        1.04991        1.04992        1.04963        1.04829        1.05047
        6.19005        29.3066        29.1539         29.921        38.7668       -1.50869       -5.27829      0.0459281       0.373978       0.325509       0.305156       0.957891      0.0894792       0.124056   -0.000121497   -0.000120309   -0.000137504   -0.000369505   -2.01115E-05         1.0504         1.0503        1.04994        1.04996        1.04969        1.04836        1.05052
        6.20005        29.3091        29.1566        29.9206        38.7254       -1.48813         -5.257      0.0459355       0.373944       0.325481       0.305137       0.956835       0.089528       0.124122   -0.000103733     -0.0001026   -0.000119514   -0.000342173   -4.64871E-06        1.05051        1.05033        1.04998        1.04999        1.04975        1.04843        1.05056
        6.21005        29.3146        29.1623        29.9234        38.6889       -1.46495       -5.23318       0.045945        0.37392        0.32546       0.305127       0.955865       0.089582       0.124196   -8.58135E-05   -8.47399E-05   -0.000101367   -0.000313922    1.03896E-05        1.05061        1.05037        1.05001        1.05003        1.04981         1.0485        1.05061
        6.22005        29.3233        29.1711        29.9292        38.6574       -1.43926       -5.20697      0.0459569       0.373907       0.325449       0.305126       0.954984       0.089641       0.124275   -6.77793E-05   -6.67668E-05   -8.31025E-05   -0.000284833    2.49604E-05        1.05071         1.0504        1.05005        1.05006        1.04987        1.04858        1.05065
        6.23005        29.3351        29.1831        29.9383        38.6312       -1.41106       -5.17834       0.045971       0.373904       0.325447       0.305134       0.954195      0.0897047       0.124362   -4.96782E-05   -4.87303E-05   -6.47672E-05   -0.000254988    3.90214E-05        1.05081        1.05043        1.05009         1.0501        1.04993        1.04867        1.05068
        6.24005          29.35        29.1982        29.9505        38.6102       -1.38052       -5.14746      0.0459873       0.373911       0.325454        0.30515       0.953501      0.0897728       0.124453   -3.15537E-05   -3.06679E-05   -4.64024E-05   -0.000224474    5.25327E-05        1.05091        1.05046        1.05012        1.05014        1.04999        1.04876        1.05072
        6.25005         29.368        29.2164        29.9659        38.5946       -1.34777       -5.11448      0.0460058        0.37393        0.32547       0.305175       0.952904      0.0898451       0.124551   -1.34476E-05   -1.26292E-05    -2.8054E-05   -0.000193377    6.54576E-05          1.051        1.05049        1.05016        1.05018        1.05005        1.04885        1.05075
        6.26005        29.3893        29.2378        29.9845        38.5846       -1.31282       -5.07939      0.0460265       0.373959       0.325496       0.305208       0.952407      0.0899212       0.124654    4.59351E-06    5.34441E-06   -9.76222E-06   -0.000161787    7.77605E-05        1.05109        1.05051         1.0502        1.05021         1.0501        1.04895        1.05078
        6.27005        29.4135        29.2621        30.0062        38.5801       -1.27594       -5.04245      0.0460493       0.373998        0.32553       0.305251       0.952011      0.0900011       0.124761     2.2523E-05    2.32061E-05    8.42473E-06   -0.000129796    8.94111E-05        1.05117        1.05054        1.05024        1.05025        1.05016        1.04905        1.05081
        6.28005        29.4409        29.2896         30.031        38.5813       -1.23709       -5.00361      0.0460742       0.374049       0.325574       0.305303       0.951717      0.0900841       0.124873    4.03012E-05    4.09135E-05    2.64595E-05   -9.74953E-05    0.000100378        1.05125        1.05055        1.05027        1.05029        1.05022        1.04915        1.05083
        6.29005        29.4712        29.3201        30.0589        38.5882       -1.19654       -4.96317       0.046101       0.374109       0.325627       0.305363       0.951527        0.09017       0.124988    5.78791E-05    5.84212E-05    4.42997E-05   -6.49794E-05    0.000110635        1.05132        1.05057        1.05031        1.05033        1.05028        1.04926        1.05086
        6.30005        29.5046        29.3535        30.0898        38.6008       -1.15435       -4.92117      0.0461298       0.374181        0.32569       0.305432       0.951442      0.0902586       0.125107     7.5214E-05     7.5686E-05    6.18997E-05    -3.2343E-05    0.000120157        1.05139        1.05059        1.05035        1.05036        1.05033        1.04937        1.05087
        6.31005        29.5409        29.3899        30.1238        38.6191       -1.11066       -4.87774      0.0461605       0.374263       0.325761       0.305509       0.951461      0.0903494       0.125229    9.22604E-05    9.26592E-05    7.92183E-05    3.18696E-07    0.000128924        1.05145         1.0506        1.05038         1.0504        1.05039        1.04949        1.05089
        6.32005          29.58        29.4291        30.1606        38.6431       -1.06566       -4.83307      0.0461929       0.374355       0.325842       0.305595       0.951585      0.0904423       0.125354    0.000108976    0.000109302    9.62072E-05    3.29107E-05    0.000136918         1.0515        1.05061        1.05042        1.05043        1.05045         1.0496         1.0509
        6.33005         29.622        29.4711        30.2003        38.6728       -1.01944       -4.78724       0.046227       0.374458       0.325931       0.305689       0.951813      0.0905366        0.12548    0.000125316    0.000125569    0.000112824    6.53394E-05    0.000144122        1.05155        1.05062        1.05045        1.05047         1.0505        1.04972        1.05091
        6.34005        29.6667        29.5159        30.2428        38.7082      -0.972153       -4.74039      0.0462628        0.37457       0.326028       0.305791       0.952146      0.0906322       0.125609    0.000141238     0.00014142    0.000129027    9.75086E-05    0.000150525        1.05159        1.05062        1.05049         1.0505        1.05055        1.04984        1.05092
        6.35005        29.7141        29.5633         30.288        38.7491      -0.923981       -4.69274      0.0463001       0.374692       0.326134       0.305901       0.952582      0.0907286       0.125738    0.000156701    0.000156814    0.000144773    0.000129325    0.000156117        1.05163        1.05063        1.05052        1.05054         1.0506        1.04996        1.05092
        6.36005         29.764        29.6132        30.3358        38.7956      -0.875057       -4.64437      0.0463389       0.374824       0.326248       0.306019       0.953119      0.0908257       0.125868    0.000171664     0.00017171    0.000160023    0.000160695    0.000160892        1.05166        1.05063        1.05056        1.05057        1.05066        1.05009        1.05092
        6.37005        29.8164        29.6656        30.3861        38.8475      -0.825497       -4.59542       0.046379       0.374964        0.32637       0.306144       0.953757      0.0909228       0.125998    0.000186086    0.000186068    0.000174736    0.000191529    0.000164846        1.05168        1.05063        1.05059         1.0506         1.0507        1.05021        1.05092
        6.38005        29.8712        29.7204        30.4389        38.9047       -0.77549       -4.54605      0.0464203       0.375113       0.326499       0.306276       0.954493      0.0910198       0.126128    0.000199935    0.000199849     0.00018887    0.000221736    0.000167979         1.0517        1.05062        1.05062        1.05063        1.05075        1.05033        1.05091
        6.39005        29.9282        29.7774        30.4939        38.9672       -0.72517       -4.49641      0.0464626        0.37527       0.326636       0.306415       0.955325      0.0911164       0.126257    0.000213169    0.000213022    0.000202393    0.000251228    0.000170293        1.05171        1.05061        1.05065        1.05066         1.0508        1.05046         1.0509
        6.40005        29.9874        29.8366        30.5512        39.0347       -0.67466       -4.44662      0.0465061       0.375436       0.326779       0.306561       0.956249       0.091212       0.126385    0.000225754    0.000225549    0.000215265     0.00027992    0.000171795        1.05171         1.0506        1.05068        1.05069        1.05084        1.05058        1.05089
        6.41005        30.0487        29.8978        30.6106        39.1071      -0.624126       -4.39683      0.0465505       0.375609       0.326929       0.306712       0.957266      0.0913065       0.126511    0.000237659    0.000237396    0.000227453    0.000307729    0.000172491        1.05171        1.05059         1.0507        1.05072        1.05089         1.0507        1.05088
        6.42005        30.1118        29.9609         30.672        39.1843      -0.573696       -4.34716      0.0465956       0.375789       0.327085        0.30687        0.95837      0.0913995       0.126636     0.00024885    0.000248533    0.000238925    0.000334574    0.000172395         1.0517        1.05058        1.05073        1.05075        1.05093        1.05083        1.05086
        6.43005        30.1767        30.0257        30.7351        39.2661      -0.523563        -4.2978      0.0466413       0.375976       0.327248       0.307032       0.959558      0.0914906       0.126757      0.0002593    0.000258931     0.00024965    0.000360376    0.000171518        1.05169        1.05056        1.05076        1.05077        1.05097        1.05095        1.05084
        6.44005        30.2433        30.0923           30.8        39.3522      -0.473812       -4.24885      0.0466877       0.376169       0.327415         0.3072       0.960825      0.0915797       0.126876    0.000268979     0.00026856    0.000259601    0.000385063    0.000169877        1.05167        1.05054        1.05078        1.05079          1.051        1.05106        1.05081
        6.45005        30.3114        30.1602        30.8664        39.4425      -0.424599       -4.20043      0.0467344       0.376368       0.327588       0.307371        0.96217      0.0916662       0.126991    0.000277863    0.000277394    0.000268748    0.000408564    0.000167493        1.05164        1.05052         1.0508        1.05082        1.05104        1.05118        1.05079
        6.46005        30.3808        30.2296        30.9342        39.5368       -0.37606       -4.15269      0.0467815       0.376572       0.327765       0.307547       0.963589      0.0917501       0.127103    0.000285924     0.00028541     0.00027707     0.00043081    0.000164386        1.05161         1.0505        1.05082        1.05084        1.05107        1.05129        1.05076
        6.47005        30.4515        30.3002        31.0033        39.6348      -0.328259       -4.10568      0.0468286        0.37678       0.327945       0.307727       0.965075       0.091831       0.127211    0.000293143    0.000292589    0.000284544    0.000451738     0.00016058        1.05157        1.05047        1.05084        1.05085         1.0511         1.0514        1.05073
        6.48005        30.5232        30.3718        31.0735        39.7363      -0.281406       -4.05962      0.0468759       0.376993        0.32813       0.307909       0.966625      0.0919088       0.127314    0.000299501     0.00029891    0.000291146    0.000471289    0.000156102        1.05152        1.05045        1.05086        1.05087        1.05113        1.05151         1.0507
        6.49005        30.5958        30.4443        31.1446         39.841      -0.235588       -4.01458       0.046923       0.377209       0.328317       0.308094       0.968235      0.0919829       0.127413    0.000304984    0.000304355    0.000296863    0.000489407    0.000150979        1.05148        1.05042        1.05087        1.05088        1.05116        1.05161        1.05066
        6.50005        30.6692        30.5175        31.2166        39.9488      -0.190861       -3.97061      0.0469699       0.377428       0.328507       0.308282       0.969899      0.0920534       0.127506    0.000309571    0.000308912    0.000301675    0.000506041    0.000145243        1.05142        1.05039        1.05088         1.0509        1.05118        1.05171        1.05063
        6.51005        30.7432        30.5914        31.2892        40.0592      -0.147358       -3.92785      0.0470164       0.377649       0.328699        0.30847       0.971612        0.09212       0.127595    0.000313254    0.000312566    0.000305569    0.000521143    0.000138925        1.05136        1.05036        1.05089        1.05091         1.0512        1.05181        1.05059
        6.52005        30.8176        30.6657        31.3622        40.1721      -0.105267       -3.88647      0.0470626       0.377873       0.328893        0.30866        0.97337      0.0921824       0.127677    0.000316022    0.000315309    0.000308537    0.000534674     0.00013206         1.0513        1.05032         1.0509        1.05092        1.05122         1.0519        1.05055
        6.53005        30.8923        30.7403        31.4356        40.2871     -0.0645332       -3.84642      0.0471081       0.378097       0.329087       0.308851       0.975166      0.0922406       0.127754    0.000317866    0.000317131     0.00031057    0.000546594    0.000124683        1.05123        1.05029        1.05091        1.05092        1.05124        1.05198        1.05051
        6.54005        30.9671         30.815        31.5091         40.404     -0.0252953       -3.80784      0.0471528       0.378322       0.329283       0.309041       0.976997      0.0922945       0.127825    0.000318786    0.000318031    0.000311661    0.000556872    0.000116831        1.05116        1.05025        1.05092        1.05093        1.05125        1.05206        1.05047
        6.55006        31.0418        30.8896        31.5826        40.5225      0.0122986       -3.77086      0.0471967       0.378547       0.329478       0.309232       0.978855      0.0923436        0.12789    0.000318772    0.000318002    0.000311806     0.00056548     0.00010854        1.05109        1.05021        1.05092        1.05093        1.05127        1.05213        1.05042
        6.56006        31.1164        30.9639        31.6559        40.6422      0.0482292       -3.73549      0.0472397       0.378771       0.329672       0.309421       0.980736      0.0923881       0.127948    0.000317829    0.000317048    0.000311007    0.000572395    9.98529E-05        1.05101        1.05017        1.05092        1.05093        1.05128         1.0522        1.05038
        6.57006        31.1905         31.038        31.7288        40.7628      0.0824585        -3.7018      0.0472815       0.378994       0.329866       0.309608       0.982635      0.0924279          0.128     0.00031596    0.000315171    0.000309262    0.000577601    9.08076E-05        1.05093        1.05013        1.05092        1.05093        1.05128        1.05227        1.05034
        6.58006        31.2642        31.1115        31.8012        40.8842       0.114925       -3.66981      0.0473222       0.379216       0.330057       0.309794       0.984545      0.0924627       0.128046     0.00031317    0.000312374    0.000306581    0.000581082     8.1444E-05        1.05085        1.05009        1.05092        1.05093        1.05129        1.05232        1.05029
        6.59006        31.3371        31.1842         31.873        41.0059       0.145535       -3.63963      0.0473616       0.379435       0.330247       0.309977        0.98646      0.0924927       0.128084    0.000309463    0.000308666     0.00030297    0.000582833    7.18061E-05        1.05076        1.05005        1.05091        1.05092        1.05129        1.05237        1.05025
        6.60006        31.4091        31.2561        31.9439        41.1277       0.174271       -3.61127      0.0473996        0.37965       0.330434       0.310157       0.988376      0.0925177       0.128116     0.00030485    0.000304061    0.000298433    0.000582853    6.19342E-05        1.05068        1.05001        1.05091        1.05092        1.05129        1.05242         1.0502
        6.61006        31.4801         31.327        32.0137        41.2491       0.201073       -3.58478      0.0474362       0.379862       0.330618       0.310334       0.990286      0.0925378       0.128142    0.000299347    0.000298564    0.000292988    0.000581141    5.18705E-05        1.05059        1.04997         1.0509        1.05091        1.05129        1.05245        1.05016
        6.62006          31.55        31.3968        32.0825        41.3701       0.226028       -3.56008      0.0474711        0.38007       0.330798       0.310506       0.992185      0.0925529       0.128161    0.000292968    0.000292193    0.000286649    0.000577707    4.16573E-05         1.0505        1.04993        1.05089         1.0509        1.05129        1.05249        1.05011
        6.63006        31.6186        31.4651        32.1499        41.4902       0.248978       -3.53733      0.0475043       0.380274       0.330974       0.310674       0.994068      0.0925631       0.128173    0.000285729    0.000284966     0.00027943    0.000572564    3.13366E-05        1.05041        1.04988        1.05087        1.05088        1.05128        1.05251        1.05007
        6.64006        31.6856         31.532        32.2158         41.609       0.269947       -3.51649      0.0475358       0.380472       0.331146       0.310838       0.995929      0.0925683       0.128179    0.000277649    0.000276904    0.000271354    0.000565729    2.09493E-05        1.05032        1.04984        1.05086        1.05087        1.05127        1.05253        1.05003
        6.65006         31.751        31.5973        32.2801        41.7264       0.288975       -3.49753      0.0475654       0.380663       0.331312       0.310995       0.997762      0.0925688       0.128178     0.00026875    0.000268025    0.000262441    0.000557224     1.0537E-05        1.05023         1.0498        1.05084        1.05085        1.05126        1.05254        1.04998
        6.66006        31.8147        31.6609        32.3426        41.8421       0.306042       -3.48046       0.047593       0.380849       0.331473       0.311147       0.999562      0.0925645       0.128171     0.00025906    0.000258356    0.000252714    0.000547078    1.40161E-07        1.05014        1.04976        1.05083        1.05083        1.05125        1.05254        1.04994
        6.67006        31.8765        31.7225        32.4032        41.9556       0.321098       -3.46533      0.0476187       0.381027       0.331628       0.311292        1.00132      0.0925556       0.128158    0.000248601    0.000247922    0.000242204    0.000535324    -1.0202E-05        1.05005        1.04971        1.05081        1.05081        1.05123        1.05254         1.0499
        6.68006        31.9362        31.7822        32.4618        42.0669       0.334301       -3.45199      0.0476423       0.381199       0.331777       0.311431        1.00304      0.0925421       0.128138    0.000237405    0.000236752    0.000230936    0.000521995   -2.04503E-05        1.04996        1.04967        1.05079        1.05079        1.05122        1.05253        1.04986
        6.69006        31.9938        31.8396        32.5183        42.1755       0.345554       -3.44053      0.0476638       0.381362       0.331918       0.311563        1.00472      0.0925243       0.128113    0.000225502    0.000224876    0.000218945    0.000507135   -3.05674E-05        1.04987        1.04963        1.05076        1.05077         1.0512        1.05251        1.04983
        6.70006        32.0491        31.8948        32.5724        42.2812       0.354927       -3.43087       0.047683       0.381517       0.332053       0.311687        1.00634      0.0925023       0.128083    0.000212923    0.000212327    0.000206256     0.00049079    -4.0517E-05        1.04979        1.04959        1.05074        1.05075        1.05118        1.05249        1.04979
        6.71006         32.102        31.9476         32.624        42.3838       0.362423       -3.42303      0.0477001       0.381663        0.33218       0.311803         1.0079      0.0924762       0.128047    0.000199703     0.00019914    0.000192913    0.000473007   -5.02647E-05         1.0497        1.04956        1.05072        1.05072        1.05116        1.05246        1.04976
        6.72006        32.1524        31.9979        32.6732        42.4829       0.368118       -3.41692      0.0477149         0.3818       0.332298       0.311911         1.0094      0.0924464       0.128005    0.000185878    0.000185349    0.000178945    0.000453843   -5.97762E-05        1.04962        1.04952        1.05069        1.05069        1.05114        1.05243        1.04973
        6.73006        32.2002        32.0456        32.7198        42.5785       0.372131       -3.41241      0.0477274       0.381927       0.332409       0.312011        1.01083      0.0924127        0.12796    0.000171486    0.000170995    0.000164394    0.000433351   -6.90213E-05        1.04954        1.04948        1.05066        1.05066        1.05111        1.05238         1.0497
        6.74006        32.2453        32.0906        32.7635        42.6702       0.374367       -3.40962      0.0477375       0.382045       0.332511       0.312102         1.0122      0.0923757       0.127909    0.000156567    0.000156113    0.000149301    0.000411597    -7.7968E-05        1.04947        1.04945        1.05063        1.05063        1.05109        1.05234        1.04967
        6.75006        32.2876        32.1328        32.8045        42.7578       0.375004       -3.40836      0.0477453       0.382152       0.332604       0.312184        1.01349      0.0923354       0.127854    0.000141158    0.000140747    0.000133707    0.000388644   -8.65904E-05        1.04939        1.04941         1.0506         1.0506        1.05106        1.05228        1.04964
        6.76006         32.327        32.1722        32.8426         42.841       0.374035       -3.40864      0.0477508       0.382249       0.332688       0.312256        1.01471      0.0922922       0.127796    0.000125307     0.00012494    0.000117649    0.000364558   -9.48604E-05        1.04932        1.04938        1.05057        1.05057        1.05104        1.05222        1.04962
        6.77006        32.3635        32.2086        32.8777        42.9199       0.371586       -3.41033      0.0477539       0.382336       0.332763       0.312319        1.01584      0.0922461       0.127734    0.000109054    0.000108731    0.000101178    0.000339413   -0.000102755        1.04925        1.04935        1.05054        1.05054        1.05101        1.05216         1.0496
        6.78006         32.397         32.242        32.9097         42.994       0.367687       -3.41341      0.0477547       0.382411       0.332828       0.312373        1.01689      0.0921976       0.127668    9.24418E-05     9.2167E-05    8.43377E-05     0.00031328   -0.000110252        1.04919        1.04933        1.05051        1.05051        1.05098        1.05208        1.04958
        6.79006        32.4274        32.2724        32.9386        43.0633       0.362404       -3.41781       0.047753       0.382475       0.332883       0.312417        1.01786      0.0921469         0.1276    7.55187E-05    7.52907E-05    6.71716E-05    0.000286238   -0.000117332        1.04913         1.0493        1.05047        1.05047        1.05095        1.05201        1.04957
        6.80006        32.4547        32.2997        32.9644        43.1276       0.355919       -3.42336      0.0477491       0.382527       0.332929        0.31245        1.01874      0.0920941       0.127529    5.83277E-05    5.81496E-05    4.97279E-05    0.000258364   -0.000123977        1.04907        1.04927        1.05044        1.05044        1.05092        1.05193        1.04956
        6.81006        32.4788        32.3238         32.987        43.1868       0.348167       -3.43012      0.0477428       0.382569       0.332964       0.312474        1.01952      0.0920397       0.127456    4.09187E-05     4.0789E-05    3.20564E-05    0.000229739   -0.000130172        1.04902        1.04925         1.0504         1.0504        1.05089        1.05184        1.04955
        6.82006        32.4998        32.3447        33.0063        43.2407       0.339314       -3.43792      0.0477343       0.382598        0.33299       0.312488        1.02022      0.0919838       0.127382    2.33352E-05    2.32594E-05    1.42013E-05    0.000200447   -0.000135904        1.04897        1.04923        1.05037        1.05036        1.05086        1.05175        1.04954
        6.83006        32.5175        32.3624        33.0224        43.2893       0.329441       -3.44669      0.0477235       0.382616       0.333006       0.312492        1.02082      0.0919267       0.127305     5.6273E-06    5.60348E-06    -3.7869E-06    0.000170571   -0.000141162        1.04892        1.04921        1.05033        1.05033        1.05083        1.05165        1.04954
        6.84006         32.532        32.3769        33.0351        43.3323       0.318623       -3.45637      0.0477105       0.382622       0.333011       0.312486        1.02132      0.0918688       0.127228   -1.21572E-05   -1.21285E-05   -2.18613E-05    0.000140198   -0.000145939        1.04888         1.0492         1.0503        1.05029         1.0508        1.05155        1.04954
        6.85006        32.5432        32.3881        33.0446        43.3699       0.306957       -3.46684      0.0476953       0.382617       0.333006       0.312469        1.02173      0.0918102        0.12715    -2.9972E-05   -2.98913E-05   -3.99716E-05    0.000109412   -0.000150228        1.04884        1.04919        1.05026        1.05026        1.05077        1.05145        1.04954
        6.86006        32.5512        32.3962        33.0508        43.4018       0.294544       -3.47803      0.0476781         0.3826       0.332992       0.312443        1.02204      0.0917512       0.127072   -4.77689E-05   -4.76334E-05   -5.80697E-05    7.83027E-05   -0.000154024        1.04881        1.04917        1.05023        1.05022        1.05074        1.05135        1.04955
        6.87006         32.556         32.401        33.0537        43.4281       0.281479       -3.48982      0.0476589       0.382572       0.332967       0.312407        1.02225      0.0916922       0.126994   -6.54987E-05   -6.53112E-05   -7.61057E-05    4.69576E-05   -0.000157328        1.04878        1.04917        1.05019        1.05018        1.05071        1.05124        1.04955
        6.88006        32.5575        32.4026        33.0533        43.4487       0.267784       -3.50223      0.0476375       0.382532       0.332932       0.312361        1.02236      0.0916333       0.126916   -8.31166E-05   -8.28743E-05   -9.40364E-05    1.54654E-05   -0.000160141        1.04876        1.04916        1.05015        1.05015        1.05068        1.05112        1.04956
        6.89006         32.556         32.401        33.0497        43.4636       0.253681         -3.515      0.0476144       0.382481       0.332888       0.312305        1.02238      0.0915748       0.126839   -0.000100574   -0.000100279   -0.000111809   -1.60853E-05   -0.000162464        1.04874        1.04916        1.05012        1.05011        1.05065        1.05101        1.04958
        6.90006        32.5512        32.3963        33.0429        43.4728        0.23912       -3.52821      0.0475894       0.382419       0.332834        0.31224        1.02229       0.091517       0.126763   -0.000117825   -0.000117479   -0.000129379    -4.7607E-05   -0.000164304        1.04872        1.04915        1.05008        1.05008        1.05062        1.05089        1.04959
        6.91006        32.5433        32.3885        33.0329        43.4762       0.224251       -3.54171      0.0475627       0.382346        0.33277       0.312166        1.02211      0.0914602       0.126689   -0.000134826   -0.000134428   -0.000146699   -7.90116E-05   -0.000165666        1.04871        1.04915        1.05005        1.05004        1.05059        1.05078        1.04961
        6.92006        32.5324        32.3777        33.0199        43.4741       0.209221       -3.55536      0.0475344       0.382262       0.332698       0.312083        1.02184      0.0914045       0.126616   -0.000151531   -0.000151082   -0.000163726   -0.000110212   -0.000166563        1.04871        1.04916        1.05002        1.05001        1.05056        1.05066        1.04963
        6.93006        32.5185        32.3638        33.0037        43.4663       0.193996       -3.56919      0.0475045       0.382168       0.332616       0.311991        1.02146      0.0913502       0.126545   -0.000167898   -0.000167398   -0.000180415   -0.000141122   -0.000167003         1.0487        1.04916        1.04998        1.04997        1.05054        1.05054        1.04966
        6.94006        32.5016        32.3471        32.9846        43.4529       0.178738       -3.58306       0.047473       0.382065       0.332526       0.311891          1.021      0.0912976       0.126476   -0.000183885   -0.000183335   -0.000196725   -0.000171657   -0.000167002         1.0487        1.04917        1.04995        1.04994        1.05051        1.05042        1.04968
        6.95006        32.4819        32.3274        32.9625        43.4341       0.163475       -3.59693      0.0474403       0.381951       0.332428       0.311783        1.02044      0.0912466        0.12641   -0.000199454   -0.000198852    -0.00021261   -0.000201734   -0.000166574        1.04871        1.04918        1.04992        1.04991        1.05049        1.05029        1.04971
        6.96006        32.4594        32.3051        32.9376        43.4099       0.148357       -3.61065      0.0474064       0.381828       0.332322       0.311667        1.01979      0.0911977       0.126347   -0.000214558   -0.000213913   -0.000228035   -0.000231272   -0.000165734        1.04872        1.04919        1.04989        1.04988        1.05046        1.05017        1.04974
        6.97006        32.4342          32.28        32.9099        43.3804       0.133389       -3.62425      0.0473712       0.381697       0.332208       0.311543        1.01906       0.091151       0.126287   -0.000229168   -0.000228479   -0.000242958    -0.00026019   -0.000164502        1.04873        1.04921        1.04986        1.04984        1.05044        1.05005        1.04977
        6.98006        32.4065        32.2524        32.8797        43.3458        0.11871       -3.63757       0.047335       0.381557       0.332086       0.311413        1.01824      0.0911066        0.12623   -0.000243244   -0.000242513   -0.000257346   -0.000288413   -0.000162897        1.04875        1.04922        1.04983        1.04982        1.05042        1.04993         1.0498
        6.99007        32.3762        32.2223        32.8469        43.3061       0.104328       -3.65061       0.047298        0.38141       0.331959       0.311276        1.01734      0.0910646       0.126176   -0.000256751   -0.000255982   -0.000271163   -0.000315864   -0.000160941        1.04876        1.04924         1.0498        1.04979         1.0504        1.04981        1.04984
        7.00007        32.3436        32.1897        32.8116        43.2616       0.090313       -3.66332      0.0472601       0.381254       0.331824       0.311134        1.01636      0.0910253       0.126126   -0.000269663   -0.000268856   -0.000284376   -0.000342473   -0.000158654        1.04879        1.04926        1.04977        1.04976        1.05038        1.04969        1.04988
        7.01007        32.3086        32.1549         32.774        43.2123      0.0767021       -3.67564      0.0472215       0.381092       0.331684       0.310985        1.01531      0.0909887        0.12608   -0.000281944   -0.000281102   -0.000296955   -0.000368169   -0.000156061        1.04881        1.04928        1.04975        1.04973        1.05037        1.04958        1.04991
        7.02007        32.2716         32.118        32.7342        43.1585       0.063652       -3.68745      0.0471824       0.380924       0.331538       0.310831        1.01418       0.090955       0.126038   -0.000293567   -0.000292694   -0.000308875   -0.000392887   -0.000153185        1.04884        1.04931        1.04972        1.04971        1.05035        1.04946        1.04995
        7.03007        32.2325        32.0791        32.6923        43.1004      0.0511589       -3.69874      0.0471428       0.380749       0.331387       0.310673        1.01299      0.0909242       0.125999   -0.000304509   -0.000303608   -0.000320104   -0.000416564   -0.000150052        1.04887        1.04933         1.0497        1.04969        1.05034        1.04935        1.04999
        7.04007        32.1915        32.0383        32.6485        43.0381      0.0392342       -3.70951      0.0471029        0.38057       0.331231        0.31051        1.01172      0.0908965       0.125965   -0.000314744   -0.000313819   -0.000330622   -0.000439141   -0.000146688         1.0489        1.04936        1.04968        1.04966        1.05033        1.04924        1.05003
        7.05007        32.1487        31.9957        32.6028        42.9718       0.027916       -3.71971      0.0470628       0.380386       0.331072       0.310344         1.0104      0.0908717       0.125935   -0.000324256   -0.000323308   -0.000340405   -0.000460559   -0.000143118        1.04894        1.04939        1.04966        1.04964        1.05032        1.04913        1.05008
        7.06007        32.1043        31.9514        32.5555        42.9017      0.0172653       -3.72932      0.0470226       0.380198       0.330909       0.310174        1.00903      0.0908501       0.125909   -0.000333017   -0.000332054   -0.000349436    -0.00048077   -0.000139368        1.04897        1.04942        1.04964        1.04962        1.05031        1.04902        1.05012
        7.07007        32.0584        31.9057        32.5066        42.8282      0.0073204       -3.73827      0.0469825       0.380006       0.330743       0.310002         1.0076      0.0908316       0.125887   -0.000341021   -0.000340044   -0.000357698   -0.000499724   -0.000135466        1.04901        1.04945        1.04962        1.04961        1.05031        1.04892        1.05016
        7.08007        32.0111        31.8586        32.4563        42.7513     -0.0018692       -3.74653      0.0469424       0.379812       0.330574       0.309827        1.00612      0.0908163       0.125869   -0.000348251   -0.000347263   -0.000365175   -0.000517376   -0.000131439        1.04905        1.04948         1.0496        1.04959         1.0503        1.04882         1.0502
        7.09007        31.9626        31.8102        32.4047        42.6714     -0.0103607       -3.75416      0.0469028       0.379615       0.330403       0.309651        1.00461      0.0908042       0.125855   -0.000354693   -0.000353697   -0.000371856   -0.000533687   -0.000127314        1.04909        1.04952        1.04959        1.04958         1.0503        1.04873        1.05025
        7.10007         31.913        31.7609         32.352        42.5888     -0.0180321       -3.76105      0.0468633       0.379417       0.330231       0.309473        1.00305      0.0907952       0.125846   -0.000360345   -0.000359342   -0.000377731   -0.000548621   -0.000123118        1.04913        1.04955        1.04958        1.04956         1.0503        1.04864        1.05029
        7.11007        31.8625        31.7106        32.2984        42.5036     -0.0249481       -3.76725      0.0468245       0.379218       0.330059       0.309295        1.00146      0.0907893       0.125841   -0.000365197    -0.00036419   -0.000382793   -0.000562147   -0.000118877        1.04917        1.04959        1.04957        1.04955        1.05031        1.04855        1.05033
        7.12007        31.8112        31.6595        32.2439         42.416     -0.0310669       -3.77274      0.0467862       0.379019       0.329886       0.309117       0.999844      0.0907864       0.125839   -0.000369245    -0.00036824   -0.000387042   -0.000574237   -0.000114618        1.04921        1.04963        1.04956        1.04954        1.05031        1.04847        1.05037
        7.13007        31.7594        31.6077        32.1888        42.3265     -0.0363808        -3.7775      0.0467486       0.378819       0.329713        0.30894       0.998204      0.0907866       0.125842   -0.000372492   -0.000371488   -0.000390473    -0.00058487   -0.000110367        1.04926        1.04966        1.04955        1.04954        1.05032        1.04839        1.05041
        7.14007         31.707        31.5555        32.1331        42.2352     -0.0409203       -3.78158      0.0467118       0.378621       0.329541       0.308763       0.996546      0.0907897       0.125848   -0.000374936   -0.000373937   -0.000393087   -0.000594026   -0.000106148         1.0493         1.0497        1.04954        1.04953        1.05033        1.04832        1.05045
        7.15007        31.6542        31.5029        32.0771        42.1424      -0.044693       -3.78498      0.0466759       0.378424        0.32937       0.308588       0.994876      0.0907956       0.125858    -0.00037658   -0.000375594   -0.000394891   -0.000601694   -0.000101988        1.04934        1.04974        1.04954        1.04953        1.05034        1.04825        1.05049
        7.16007        31.6013        31.4502        32.0208        42.0484     -0.0476837       -3.78767      0.0466411       0.378229       0.329201       0.308415       0.993198      0.0908043       0.125872   -0.000377434   -0.000376459   -0.000395888   -0.000607863    -9.7908E-05        1.04938        1.04978        1.04954        1.04952        1.05035        1.04819        1.05053
        7.17007        31.5483        31.3974        31.9646        41.9535     -0.0498676       -3.78966      0.0466072       0.378036       0.329035       0.308244       0.991516      0.0908156       0.125889   -0.000377505   -0.000376548   -0.000396088   -0.000612531   -9.39318E-05        1.04943        1.04982        1.04953        1.04952        1.05036        1.04813        1.05057
        7.18007        31.4954        31.3447        31.9083        41.8579     -0.0513668       -3.79106      0.0465746       0.377847       0.328871       0.308077       0.989838      0.0908294       0.125909   -0.000376805   -0.000375868   -0.000395497   -0.000615696    -9.0082E-05        1.04947        1.04986        1.04953        1.04952        1.05038        1.04808        1.05061
        7.19007        31.4427        31.2922        31.8523        41.7619     -0.0521431       -3.79182      0.0465432       0.377662        0.32871       0.307913       0.988167      0.0908457       0.125932   -0.000375348   -0.000374432   -0.000394135   -0.000617365   -8.63783E-05        1.04951         1.0499        1.04954        1.04953         1.0504        1.04804        1.05064
        7.20007        31.3904        31.2401        31.7966        41.6658     -0.0522156       -3.79197      0.0465132       0.377481       0.328553       0.307752       0.986509      0.0908641       0.125957   -0.000373146   -0.000372258   -0.000392015   -0.000617545   -8.28406E-05        1.04954        1.04994        1.04954        1.04953        1.05042          1.048        1.05067
        7.21007        31.3387        31.1884        31.7414        41.5698     -0.0516262       -3.79156      0.0464845       0.377304         0.3284       0.307596       0.984867      0.0908847       0.125986   -0.000370224   -0.000369365   -0.000389151   -0.000616251   -7.94866E-05        1.04958        1.04998        1.04955        1.04954        1.05044        1.04796         1.0507
        7.22007        31.2875        31.1374        31.6868        41.4742     -0.0504189       -3.79061      0.0464573       0.377133       0.328251       0.307444       0.983248      0.0909074       0.126017   -0.000366596   -0.000365767   -0.000385566   -0.000613501   -7.63343E-05        1.04962        1.05002        1.04955        1.04954        1.05046        1.04794        1.05073
        7.23007        31.2371        31.0872         31.633        41.3793     -0.0485611       -3.78912      0.0464316       0.376968       0.328108       0.307298       0.981656      0.0909317        0.12605   -0.000362286    -0.00036149   -0.000381279   -0.000609318   -7.33997E-05        1.04965        1.05006        1.04956        1.04955        1.05049        1.04791        1.05076
        7.24007        31.1876        31.0378          31.58        41.2852     -0.0462646       -3.78728      0.0464074       0.376808        0.32797       0.307157       0.980095      0.0909577       0.126085   -0.000357317   -0.000356557   -0.000376314   -0.000603728   -7.06956E-05        1.04968        1.05009        1.04957        1.04956        1.05052         1.0479        1.05079
        7.25007        31.1391        30.9894        31.5281        41.1925     -0.0433578       -3.78492      0.0463849       0.376655       0.327837       0.307021       0.978571      0.0909852       0.126121   -0.000351715   -0.000350992   -0.000370698   -0.000596763   -6.82362E-05        1.04972        1.05013        1.04958        1.04957        1.05054        1.04789        1.05081
        7.26007        31.0917        30.9422        31.4773        41.1011     -0.0400028        -3.7822       0.046364        0.37651        0.32771       0.306892       0.977087       0.091014       0.126159   -0.000345506   -0.000344821   -0.000364454   -0.000588456   -6.60318E-05        1.04974        1.05017         1.0496        1.04959        1.05057        1.04788        1.05083
        7.27007        31.0455        30.8961        31.4278        41.0114     -0.0362091       -3.77914      0.0463447       0.376371       0.327589       0.306769       0.975647      0.0910439       0.126199   -0.000338719   -0.000338071   -0.000357612   -0.000578847   -6.40929E-05        1.04977        1.05021        1.04961         1.0496        1.05061        1.04789        1.05085
        7.28007        31.0007        30.8514        31.3795        40.9236     -0.0320587        -3.7758      0.0463271        0.37624       0.327476       0.306653       0.974257      0.0910748       0.126239   -0.000331383   -0.000330776   -0.000350202   -0.000567976   -6.24277E-05         1.0498        1.05024        1.04963        1.04962        1.05064        1.04789        1.05086
        7.29007        30.9573        30.8081        31.3327        40.8379     -0.0275574       -3.77219      0.0463114       0.376116       0.327368       0.306544       0.972918      0.0911065        0.12628   -0.000323531   -0.000322964   -0.000342256   -0.000555892   -6.10441E-05        1.04982        1.05028        1.04964        1.04964        1.05067        1.04791        1.05088
        7.30007        30.9154        30.7663        31.2875        40.7546     -0.0228004       -3.76841      0.0462973       0.376001       0.327268       0.306442       0.971636      0.0911387       0.126322   -0.000315191   -0.000314668   -0.000333802   -0.000542642    -5.9946E-05        1.04984        1.05031        1.04966        1.04965        1.05071        1.04793        1.05089
        7.31007        30.8751        30.7261        31.2439        40.6738     -0.0177879       -3.76445       0.046285       0.375895       0.327175       0.306347       0.970414      0.0911714       0.126364   -0.000306402    -0.00030592   -0.000324876   -0.000528279   -5.91377E-05        1.04986        1.05035        1.04968        1.04967        1.05074        1.04795         1.0509
        7.32007        30.8365        30.6876         31.202        40.5958     -0.0125866       -3.76038      0.0462745       0.375796        0.32709       0.306259       0.969254      0.0912043       0.126406   -0.000297194   -0.000296752   -0.000315512   -0.000512858   -5.86207E-05        1.04987        1.05038         1.0497        1.04969        1.05078        1.04798         1.0509
        7.33007        30.7996        30.6508        31.1618        40.5206    -0.00731277       -3.75629      0.0462658       0.375706       0.327012       0.306179       0.968161      0.0912373       0.126448   -0.000287602   -0.000287201   -0.000305742   -0.000496437   -5.83969E-05        1.04988        1.05041        1.04972        1.04972        1.05082        1.04802        1.05091
        7.34007        30.7646        30.6158        31.1235        40.4486    -0.00194168       -3.75219      0.0462588       0.375626       0.326942       0.306107       0.967135      0.0912702        0.12649   -0.000277659   -0.000277303   -0.000295605   -0.000479078   -5.84635E-05        1.04989        1.05044        1.04974        1.04974        1.05086        1.04806        1.05091
        7.35007        30.7315        30.5828        31.0872        40.3799     0.00349617       -3.74807      0.0462534       0.375554       0.326879       0.306043       0.966182      0.0913028       0.126531   -0.000267404   -0.000267091   -0.000285138   -0.000460841    -5.8821E-05         1.0499        1.05047        1.04976        1.04976         1.0509        1.04811        1.05091
        7.36007        30.7003        30.5516        31.0528        40.3146     0.00889587       -3.74405      0.0462499       0.375491       0.326824       0.305987       0.965302      0.0913351       0.126571   -0.000256873   -0.000256602   -0.000274375   -0.000441794   -5.94641E-05        1.04991         1.0505        1.04979        1.04978        1.05094        1.04816        1.05091
        7.37007        30.6711        30.5225        31.0205        40.2529      0.0142231       -3.74016       0.046248       0.375437       0.326777       0.305938       0.964497      0.0913668        0.12661   -0.000246101   -0.000245871   -0.000263356   -0.000422003   -6.03888E-05        1.04991        1.05052        1.04981        1.04981        1.05098        1.04822         1.0509
        7.38007        30.6439        30.4953        30.9902        40.1948      0.0194187       -3.73644      0.0462478       0.375392       0.326738       0.305898        0.96377      0.0913977       0.126648   -0.000235125   -0.000234937   -0.000252113   -0.000401538    -6.1589E-05        1.04991        1.05055        1.04984        1.04983        1.05102        1.04828        1.05089
        7.39007        30.6188        30.4702        30.9621        40.1406      0.0244408       -3.73293      0.0462493       0.375356       0.326707       0.305865       0.963122      0.0914277       0.126685   -0.000223981   -0.000223833   -0.000240687   -0.000380468   -6.30563E-05        1.04991        1.05057        1.04986        1.04986        1.05107        1.04835        1.05088
        7.40007        30.5958        30.4473        30.9361        40.0903      0.0292702       -3.72965      0.0462524       0.375329       0.326683        0.30584       0.962554      0.0914568        0.12672   -0.000212704   -0.000212597   -0.000229111   -0.000358864    -6.4782E-05        1.04991        1.05059        1.04989        1.04989        1.05111        1.04842        1.05087
        7.41007        30.5748        30.4263        30.9122         40.044      0.0337505       -3.72676      0.0462571       0.375311       0.326667       0.305823       0.962067      0.0914847       0.126754   -0.000201333   -0.000201264   -0.000217424   -0.000336801   -6.67574E-05         1.0499        1.05061        1.04991        1.04991        1.05115        1.04849        1.05085
        7.42007         30.556        30.4075        30.8905        40.0018       0.037981       -3.72414      0.0462633       0.375302       0.326659       0.305814       0.961663      0.0915113       0.126786     -0.0001899    -0.00018987   -0.000205662    -0.00031435   -6.89716E-05        1.04989        1.05063        1.04994        1.04994        1.05119        1.04857        1.05084
        7.43008        30.5394        30.3909        30.8711        39.9637      0.0418854       -3.72186      0.0462709       0.375302       0.326658       0.305813        0.96134      0.0915366       0.126816   -0.000178445    -0.00017845   -0.000193864   -0.000291585   -7.14111E-05        1.04988        1.05065        1.04996        1.04996        1.05123        1.04865        1.05082
        7.44008        30.5248        30.3763        30.8537        39.9298      0.0453167       -3.72007        0.04628        0.37531       0.326665       0.305819         0.9611      0.0915605       0.126843   -0.000166998   -0.000167037   -0.000182064   -0.000268582   -7.40656E-05        1.04987        1.05067        1.04999        1.04999        1.05128        1.04874        1.05079
        7.45008        30.5124        30.3639        30.8387        39.9002      0.0484276        -3.7186      0.0462905       0.375326       0.326679       0.305832       0.960943      0.0915828       0.126869   -0.000155596   -0.000155668   -0.000170293   -0.000245412   -7.69204E-05        1.04985        1.05068        1.05001        1.05002        1.05132        1.04883        1.05077
        7.46008        30.5022        30.3536        30.8258        39.8748      0.0510235       -3.71766      0.0463022       0.375351         0.3267       0.305852       0.960869      0.0916034       0.126892   -0.000144272   -0.000144372    -0.00015859   -0.000222151   -7.99615E-05        1.04983        1.05069        1.05004        1.05004        1.05136        1.04892        1.05074
        7.47008        30.4939        30.3454        30.8151        39.8537       0.053091       -3.71723      0.0463152       0.375383       0.326728        0.30588       0.960875      0.0916223       0.126913   -0.000133056   -0.000133187   -0.000146987   -0.000198872   -8.31733E-05        1.04982         1.0507        1.05007        1.05007         1.0514        1.04901        1.05072
        7.48008        30.4879        30.3393        30.8065        39.8369      0.0547085       -3.71724      0.0463295       0.375424       0.326763       0.305914       0.960963      0.0916394       0.126932   -0.000121981    -0.00012214   -0.000135518   -0.000175647   -8.65404E-05         1.0498        1.05071        1.05009         1.0501        1.05144        1.04911        1.05069
        7.49008        30.4838        30.3352           30.8        39.8242      0.0556984       -3.71786      0.0463449       0.375472       0.326804       0.305955        0.96113      0.0916547       0.126948   -0.000111082   -0.000111262   -0.000124213   -0.000152548   -9.00469E-05        1.04977        1.05072        1.05011        1.05012        1.05148        1.04921        1.05066
        7.50008        30.4818        30.3331        30.7957        39.8158      0.0561771       -3.71898      0.0463614       0.375526       0.326851       0.306002       0.961376      0.0916681       0.126962   -0.000100381   -0.000100584   -0.000113102   -0.000129646   -9.36766E-05        1.04975        1.05073        1.05014        1.05015        1.05152        1.04931        1.05062
        7.51008        30.4817         30.333        30.7934        39.8115      0.0559978       -3.72072      0.0463789       0.375589       0.326904       0.306055       0.961698      0.0916796       0.126973   -8.99098E-05   -9.01323E-05   -0.000102219   -0.000107009   -9.74128E-05        1.04973        1.05073        1.05016        1.05017        1.05156        1.04941        1.05059
        7.52008        30.4836        30.3349        30.7931        39.8115      0.0552559         -3.723      0.0463972       0.375657       0.326963       0.306114       0.962095      0.0916891       0.126982   -7.96978E-05   -7.99363E-05   -9.15878E-05   -8.47067E-05   -0.000101238         1.0497        1.05073        1.05019        1.05019        1.05159        1.04951        1.05055
        7.53008        30.4873        30.3385        30.7947        39.8154      0.0538311       -3.72592      0.0464166       0.375732       0.327028       0.306178       0.962564      0.0916966       0.126988    -6.9767E-05   -7.00179E-05   -8.12345E-05   -6.28033E-05   -0.000105135        1.04967        1.05073        1.05021        1.05022        1.05163        1.04961        1.05052
        7.54008        30.4929         30.344        30.7982        39.8232      0.0517845       -3.72942      0.0464365       0.375813       0.327098       0.306248       0.963105      0.0917022       0.126991    -6.0145E-05   -6.04069E-05    -7.1187E-05   -4.13627E-05   -0.000109087        1.04964        1.05073        1.05023        1.05024        1.05166        1.04972        1.05048
        7.55008        30.5002        30.3513        30.8036         39.835      0.0490589       -3.73355      0.0464573       0.375899       0.327172       0.306323       0.963713      0.0917059       0.126992   -5.08521E-05   -5.11242E-05   -6.14701E-05   -2.04477E-05   -0.000113077        1.04962        1.05073        1.05025        1.05026         1.0517        1.04982        1.05044
        7.56008        30.5092        30.3602        30.8107        39.8505      0.0456638       -3.73829      0.0464788        0.37599       0.327252       0.306402       0.964387      0.0917075       0.126991   -4.19106E-05   -4.21902E-05   -5.21056E-05   -1.16884E-07   -0.000117087        1.04959        1.05073        1.05027        1.05028        1.05173        1.04992         1.0504
        7.57008        30.5198        30.3709        30.8196        39.8697      0.0416298       -3.74362      0.0465008       0.376087       0.327335       0.306486       0.965123      0.0917073       0.126987   -3.33419E-05   -3.36271E-05   -4.31165E-05    1.95731E-05     -0.0001211        1.04956        1.05072        1.05029         1.0503        1.05176        1.05003        1.05036
        7.58008         30.532         30.383          30.83        39.8925      0.0369091       -3.74958      0.0465233       0.376188       0.327423       0.306574       0.965918      0.0917051       0.126981   -2.51667E-05   -2.54535E-05   -3.45207E-05    3.85681E-05     -0.0001251        1.04953        1.05071        1.05031        1.05032        1.05179        1.05013        1.05032
        7.59008        30.5457        30.3966        30.8421        39.9186      0.0314884       -3.75617      0.0465462       0.376293       0.327514       0.306665       0.966769       0.091701       0.126972   -1.73981E-05   -1.76877E-05   -2.63392E-05     5.6817E-05    -0.00012907         1.0495        1.05071        1.05033        1.05034        1.05182        1.05023        1.05028
        7.60008        30.5609        30.4117        30.8556         39.948      0.0254879       -3.76327      0.0465696       0.376401       0.327608        0.30676       0.967674      0.0916952       0.126961    -1.0054E-05   -1.03453E-05   -1.85884E-05    7.42711E-05   -0.000132994        1.04947         1.0507        1.05034        1.05035        1.05185        1.05033        1.05024
        7.61008        30.5773        30.4281        30.8705        39.9805      0.0187416       -3.77105      0.0465931       0.376514       0.327705       0.306857       0.968628      0.0916876       0.126948   -3.14883E-06   -3.43813E-06   -1.12812E-05    9.08848E-05   -0.000136857        1.04944        1.05069        1.05036        1.05037        1.05187        1.05042         1.0502
        7.62008         30.595        30.4457        30.8868         40.016      0.0114288       -3.77932       0.046617       0.376629       0.327805       0.306957       0.969627      0.0916784       0.126933    3.30255E-06    3.01721E-06   -4.43348E-06    0.000106617   -0.000140644        1.04941        1.05067        1.05037        1.05038         1.0519        1.05052        1.05016
        7.63008        30.6138        30.4645        30.9043        40.0543     0.00341034       -3.78822      0.0466409       0.376747       0.327908        0.30706       0.970669      0.0916675       0.126916    9.29177E-06    9.01038E-06     1.9425E-06    0.000121429   -0.000144341        1.04938        1.05066        1.05039         1.0504        1.05192        1.05061        1.05012
        7.64008        30.6337        30.4844        30.9229        40.0952    -0.00517845       -3.79761      0.0466649       0.376867       0.328012       0.307165       0.971748      0.0916549       0.126897    1.48071E-05    1.45325E-05     7.8342E-06    0.000135285   -0.000147933        1.04935        1.05065         1.0504        1.05041        1.05194         1.0507        1.05008
        7.65008        30.6546        30.5052        30.9426        40.1385     -0.0143909       -3.80755       0.046689       0.376989       0.328118       0.307271       0.972861       0.091641       0.126877     1.9842E-05    1.95741E-05    1.32333E-05    0.000148154   -0.000151406        1.04932        1.05063        1.05041        1.05042        1.05196        1.05079        1.05003
        7.66008        30.6764         30.527        30.9632        40.1841     -0.0242157       -3.81802      0.0467128       0.377112       0.328225       0.307378       0.974004      0.0916257       0.126855    2.43913E-05    2.41332E-05     1.8135E-05    0.000160007    -0.00015475        1.04929        1.05062        1.05042        1.05043        1.05198        1.05087        1.04999
        7.67008         30.699        30.5496        30.9848        40.2318     -0.0345345        -3.8289      0.0467367       0.377237       0.328333       0.307486       0.975175       0.091609       0.126831    2.84459E-05     2.8197E-05    2.25339E-05    0.000170822   -0.000157952        1.04927         1.0506        1.05043        1.05044        1.05199        1.05095        1.04996
        7.68008        30.7223        30.5728         31.007        40.2813     -0.0454693       -3.84031      0.0467603       0.377363       0.328442       0.307595       0.976367      0.0915911       0.126806    3.20032E-05    3.17659E-05    2.64194E-05    0.000180575   -0.000161002        1.04924        1.05058        1.05043        1.05045        1.05201        1.05103        1.04992
        7.69008        30.7462        30.5967          31.03        40.3326     -0.0568638        -3.8521      0.0467836       0.377488       0.328551       0.307704       0.977576      0.0915721        0.12678    3.50618E-05     3.4839E-05    2.97957E-05    0.000189249   -0.000163888        1.04922        1.05056        1.05044        1.05045        1.05202         1.0511        1.04988
        7.70008        30.7706        30.6211        31.0535        40.3852        -0.0688       -3.86434      0.0468066       0.377614        0.32866       0.307813       0.978799      0.0915521       0.126752    3.76221E-05    3.74142E-05    3.26589E-05    0.000196834   -0.000166603        1.04919        1.05055        1.05044        1.05046        1.05203        1.05117        1.04984
        7.71008        30.7955        30.6459        31.0775        40.4392     -0.0811386       -3.87691      0.0468292       0.377739       0.328769       0.307922       0.980031      0.0915312       0.126724    3.96844E-05    3.94923E-05    3.50109E-05    0.000203318   -0.000169137        1.04917        1.05053        1.05045        1.05046        1.05204        1.05124        1.04981
        7.72008        30.8208        30.6711        31.1019        40.4943     -0.0938969       -3.88981      0.0468516       0.377863       0.328877        0.30803       0.981269      0.0915095       0.126695    4.12528E-05    4.10756E-05    3.68517E-05    0.000208696   -0.000171484        1.04915        1.05051        1.05045        1.05046        1.05205         1.0513        1.04977
        7.73008        30.8462        30.6965        31.1266        40.5503      -0.107082       -3.90307      0.0468732       0.377986       0.328984       0.308136       0.982508       0.091487       0.126665    4.23285E-05    4.21672E-05    3.81882E-05    0.000212965   -0.000173636        1.04913        1.05049        1.05045        1.05046        1.05206        1.05136        1.04974
        7.74008        30.8719        30.7221        31.1515        40.6069      -0.120623       -3.91659      0.0468944       0.378108        0.32909       0.308242       0.983745       0.091464       0.126634    4.29185E-05    4.27751E-05     3.9021E-05    0.000216128   -0.000175589        1.04912        1.05046        1.05045        1.05046        1.05207        1.05141        1.04971
        7.75008        30.8976        30.7478        31.1765         40.664      -0.134491       -3.93036       0.046915       0.378228       0.329194       0.308345       0.984974      0.0914404       0.126604    4.30282E-05    4.29018E-05    3.93607E-05    0.000218188   -0.000177337         1.0491        1.05044        1.05045        1.05046        1.05207        1.05146        1.04968
        7.76008        30.9232        30.7734        31.2015        40.7213      -0.148685       -3.94439      0.0469348       0.378346       0.329296       0.308447       0.986192      0.0914166       0.126572    4.26662E-05    4.25594E-05    3.92154E-05    0.000219155   -0.000178877        1.04909        1.05042        1.05045        1.05046        1.05207        1.05151        1.04965
        7.77008        30.9487         30.799        31.2265        40.7788      -0.163116       -3.95857       0.046954       0.378461       0.329396       0.308547       0.987396      0.0913923       0.126541    4.18425E-05    4.17543E-05      3.859E-05    0.000219041   -0.000180206        1.04907         1.0504        1.05045        1.05046        1.05207        1.05155        1.04962
        7.78008        30.9741        30.8243        31.2513        40.8361      -0.177757       -3.97289      0.0469725       0.378574       0.329494       0.308644       0.988582      0.0913679        0.12651    4.05683E-05    4.04982E-05    3.75012E-05    0.000217862   -0.000181322        1.04906        1.05038        1.05044        1.05045        1.05208        1.05158         1.0496
        7.79008        30.9992        30.8494        31.2758        40.8931      -0.192617       -3.98737      0.0469901       0.378683        0.32959       0.308738       0.989745      0.0913435       0.126479     3.8852E-05    3.88028E-05     3.5956E-05    0.000215636   -0.000182222        1.04905        1.05036        1.05044        1.05045        1.05207        1.05161        1.04958
        7.80008        31.0239         30.874           31.3        40.9495      -0.207663       -4.00196      0.0470069       0.378789       0.329682       0.308829       0.990882       0.091319       0.126448    3.67098E-05    3.66792E-05    3.39696E-05    0.000212386   -0.000182909        1.04905        1.05034        1.05043        1.05044        1.05207        1.05164        1.04956
        7.81008        31.0481        30.8983        31.3238        41.0053       -0.22279       -4.01657      0.0470228       0.378892       0.329771       0.308917       0.991991      0.0912947       0.126417    3.41532E-05    3.41452E-05    3.15565E-05    0.000208137   -0.000183383        1.04904        1.05032        1.05042        1.05043        1.05207        1.05166        1.04954
        7.82008        31.0718         30.922         31.347        41.0602      -0.238056       -4.03126      0.0470379        0.37899       0.329857       0.309002       0.993067      0.0912705       0.126387    3.11991E-05    3.12106E-05     2.8731E-05    0.000202917   -0.000183643        1.04904         1.0503        1.05042        1.05043        1.05206        1.05168        1.04952
        7.83008         31.095        30.9452        31.3698        41.1141      -0.253317       -4.04588      0.0470519       0.379085       0.329939       0.309082       0.994107      0.0912467       0.126357    2.78642E-05    2.78951E-05    2.55102E-05    0.000196757   -0.000183693        1.04904        1.05028        1.05041        1.05042        1.05206        1.05169         1.0495
        7.84008        31.1175        30.9677        31.3918        41.1667      -0.268614       -4.06049      0.0470651       0.379175       0.330018       0.309159       0.995109      0.0912233       0.126328    2.41643E-05    2.42134E-05    2.19121E-05    0.000189692   -0.000183536        1.04904        1.05026         1.0504        1.05041        1.05205         1.0517        1.04949
        7.85008        31.1393        30.9895        31.4132         41.218      -0.283875       -4.07502      0.0470773        0.37926       0.330092       0.309232        0.99607      0.0912003         0.1263    2.01192E-05    2.01884E-05    1.79559E-05    0.000181757   -0.000183176        1.04904        1.05024        1.05039         1.0504        1.05204         1.0517        1.04948
        7.86009        31.1602        31.0105        31.4338        41.2677      -0.299105       -4.08947      0.0470885       0.379341       0.330162       0.309301       0.996986      0.0911779       0.126272    1.57486E-05    1.58341E-05    1.36579E-05    0.000172992   -0.000182617        1.04905        1.05022        1.05038        1.05039        1.05204         1.0517        1.04947
        7.87009        31.1803        31.0306        31.4535        41.3157      -0.314283       -4.10383      0.0470986       0.379417       0.330228       0.309365       0.997855      0.0911561       0.126246    1.10679E-05    1.11725E-05    9.03947E-06    0.000163439   -0.000181864        1.04905         1.0502        1.05037        1.05037        1.05203        1.05169        1.04946
        7.88009        31.1995        31.0498        31.4723        41.3619      -0.329323       -4.11801      0.0471077       0.379488       0.330289       0.309425       0.998677       0.091135        0.12622    6.09942E-06    6.22557E-06    4.12559E-06     0.00015314   -0.000180923        1.04906        1.05018        1.05035        1.05036        1.05202        1.05168        1.04946
        7.89009        31.2178        31.0681        31.4902        41.4061      -0.344204         -4.132      0.0471158       0.379553       0.330346       0.309479       0.999447      0.0911147       0.126196    8.64199E-07    1.01449E-06   -1.06992E-06    0.000142139     -0.0001798        1.04907        1.05017        1.05034        1.05035          1.052        1.05167        1.04946
        7.90009         31.235        31.0853        31.5072        41.4483      -0.358902       -4.14578      0.0471228       0.379613       0.330398        0.30953        1.00016      0.0910952       0.126173   -4.61578E-06   -4.44277E-06    -6.5198E-06    0.000130485   -0.000178502        1.04909        1.05015        1.05033        1.05033        1.05199        1.05165        1.04946
        7.91009        31.2512        31.1015         31.523        41.4882      -0.373411       -4.15935      0.0471288       0.379668       0.330446       0.309575        1.00083      0.0910765       0.126151   -1.03178E-05   -1.01224E-05   -1.22047E-05    0.000118226   -0.000177036         1.0491        1.05014        1.05031        1.05032        1.05198        1.05163        1.04946
        7.92009        31.2663        31.1166        31.5377        41.5258      -0.387726        -4.1727      0.0471336       0.379717       0.330489       0.309616        1.00143      0.0910587        0.12613   -1.62215E-05   -1.60009E-05    -1.8101E-05    0.000105412    -0.00017541        1.04912        1.05012         1.0503        1.05031        1.05197         1.0516        1.04946
        7.93009        31.2802        31.1306        31.5513         41.561      -0.401764       -4.18576      0.0471374        0.37976       0.330526       0.309651        1.00198       0.091042       0.126111   -2.23007E-05   -2.20601E-05   -2.41821E-05    9.20925E-05    -0.00017363        1.04913        1.05011        1.05029        1.05029        1.05196        1.05157        1.04947
        7.94009        31.2929        31.1434        31.5637        41.5937      -0.415537       -4.19854      0.0471401       0.379797       0.330559       0.309682        1.00247      0.0910262       0.126092   -2.85353E-05   -2.82714E-05   -3.04255E-05    7.83217E-05   -0.000171707        1.04915         1.0501        1.05027        1.05028        1.05194        1.05154        1.04948
        7.95009        31.3045        31.1551         31.575        41.6239      -0.428976       -4.21099      0.0471419       0.379829       0.330586       0.309707         1.0029      0.0910115       0.126076   -3.48996E-05   -3.46149E-05   -3.68106E-05    6.41524E-05   -0.000169647        1.04917        1.05008        1.05026        1.05026        1.05193         1.0515        1.04949
        7.96009         31.315        31.1655        31.5851        41.6514      -0.442055       -4.22306      0.0471425       0.379855       0.330609       0.309727        1.00328      0.0909977        0.12606   -4.13744E-05   -4.10662E-05   -4.33128E-05    4.96373E-05   -0.000167462        1.04919        1.05007        1.05024        1.05024        1.05191        1.05146         1.0495
        7.97009        31.3241        31.1748        31.5939        41.6763        -0.4548       -4.23481      0.0471422       0.379875       0.330627       0.309743        1.00359      0.0909852       0.126046   -4.79316E-05    -4.7604E-05   -4.99054E-05    3.48324E-05   -0.000165159        1.04921        1.05007        1.05023        1.05023         1.0519        1.05142        1.04951
        7.98009         31.332        31.1827        31.6014        41.6983      -0.467245       -4.24626      0.0471409       0.379889       0.330639       0.309753        1.00384      0.0909736       0.126034   -5.45507E-05   -5.42005E-05   -5.65676E-05    1.97901E-05   -0.000162749        1.04924        1.05006        1.05021        1.05021        1.05189        1.05137        1.04953
        7.99009        31.3386        31.1894        31.6076        41.7175      -0.479277        -4.2573      0.0471385       0.379898       0.330647       0.309758        1.00403      0.0909631       0.126022   -6.12077E-05    -6.0837E-05   -6.32725E-05    4.56555E-06   -0.000160238        1.04926        1.05005        1.05019         1.0502        1.05187        1.05132        1.04954
        8.00009         31.344        31.1948        31.6126        41.7339      -0.490923       -4.26797      0.0471351       0.379901       0.330649       0.309758        1.00416      0.0909538       0.126013   -6.78808E-05   -6.74877E-05   -7.00007E-05   -1.07875E-05   -0.000157638        1.04929        1.05004        1.05018        1.05018        1.05186        1.05127        1.04956
        8.01009        31.3481         31.199        31.6163        41.7475      -0.502151       -4.27823      0.0471308       0.379899       0.330647       0.309754        1.00423      0.0909456       0.126004   -7.45448E-05   -7.41302E-05   -7.67259E-05   -2.62143E-05   -0.000154958        1.04931        1.05004        1.05016        1.05017        1.05184        1.05122        1.04958
        8.02009         31.351        31.2019        31.6188        41.7584      -0.512884       -4.28802      0.0471256        0.37989        0.33064       0.309745        1.00423      0.0909385       0.125997   -8.11795E-05   -8.07445E-05   -8.34264E-05   -4.16618E-05   -0.000152207        1.04934        1.05003        1.05015        1.05015        1.05183        1.05116         1.0496
        8.03009        31.3525        31.2035        31.6199        41.7662      -0.523315       -4.29753      0.0471195       0.379876       0.330628       0.309731        1.00419      0.0909325       0.125992   -8.77589E-05   -8.73057E-05   -9.00792E-05   -5.70767E-05   -0.000149395        1.04937        1.05003        1.05013        1.05014        1.05181         1.0511        1.04963
        8.04009        31.3528         31.204        31.6198        41.7713      -0.533211       -4.30653      0.0471126       0.379857       0.330612       0.309712        1.00408      0.0909275       0.125987   -9.42648E-05   -9.37932E-05   -9.66628E-05   -7.24072E-05   -0.000146531         1.0494        1.05003        1.05012        1.05012         1.0518        1.05105        1.04965
        8.05009        31.3519        31.2031        31.6185        41.7735      -0.542692       -4.31514      0.0471049       0.379834       0.330591       0.309689        1.00392      0.0909236       0.125984   -0.000100675   -0.000100188   -0.000103155   -8.76022E-05   -0.000143623        1.04943        1.05003         1.0501         1.0501        1.05178        1.05098        1.04968
        8.06009        31.3498        31.2011        31.6159        41.7729      -0.551723       -4.32333      0.0470964       0.379804       0.330566       0.309662         1.0037      0.0909208       0.125982   -0.000106971   -0.000106467   -0.000109534   -0.000102611   -0.000140679        1.04945        1.05003        1.05009        1.05009        1.05177        1.05092         1.0497
        8.07009        31.3464        31.1979        31.6121        41.7696      -0.560287       -4.33108      0.0470871       0.379771       0.330537        0.30963        1.00342      0.0909189       0.125982    -0.00011313   -0.000112612   -0.000115783   -0.000117386   -0.000137711        1.04948        1.05003        1.05008        1.05008        1.05176        1.05086        1.04973
        8.08009        31.3419        31.1934        31.6071        41.7635      -0.568392       -4.33841      0.0470772       0.379732       0.330504       0.309595         1.0031       0.090918       0.125982   -0.000119135   -0.000118604    -0.00012188   -0.000131879   -0.000134724        1.04951        1.05003        1.05006        1.05006        1.05175         1.0508        1.04976
        8.09009        31.3364        31.1879         31.601        41.7549      -0.575975       -4.34525      0.0470665       0.379689       0.330467       0.309556        1.00272      0.0909181       0.125984   -0.000124969   -0.000124424   -0.000127807   -0.000146045   -0.000131728        1.04954        1.05003        1.05005        1.05005        1.05173        1.05074        1.04979
        8.10009        31.3296        31.1813        31.5937        41.7436      -0.583176       -4.35175      0.0470552       0.379642       0.330426       0.309513         1.0023      0.0909189       0.125987   -0.000130612   -0.000130055   -0.000133546    -0.00015984    -0.00012873        1.04957        1.05004        1.05004        1.05003        1.05172        1.05067        1.04982
        8.11009        31.3218        31.1736        31.5854        41.7298       -0.58988       -4.35778      0.0470434       0.379591       0.330382       0.309466        1.00183      0.0909208        0.12599   -0.000136049   -0.000135482   -0.000139081   -0.000173223   -0.000125736         1.0496        1.05004        1.05002        1.05002        1.05171        1.05061        1.04985
        8.12009        31.3129        31.1648         31.576        41.7135      -0.596088       -4.36337      0.0470312       0.379536       0.330335       0.309417        1.00131      0.0909234       0.125995   -0.000141264   -0.000140688   -0.000144394   -0.000186152   -0.000122755        1.04963        1.05005        1.05001        1.05001         1.0517        1.05054        1.04988
        8.13009        31.3031        31.1551        31.5656        41.6949      -0.601877       -4.36857      0.0470184       0.379478       0.330284       0.309365        1.00076      0.0909268       0.126001   -0.000146242    -0.00014566   -0.000149471   -0.000198591   -0.000119793        1.04966        1.05006           1.05           1.05        1.05169        1.05048        1.04991
        8.14009        31.2923        31.1444        31.5542         41.674      -0.607172       -4.37333      0.0470052       0.379416       0.330231       0.309309        1.00016      0.0909309       0.126007   -0.000150969    -0.00015038     -0.0001543   -0.000210504   -0.000116857        1.04969        1.05006        1.04999        1.04999        1.05168        1.05042        1.04995
        8.15009        31.2806        31.1328        31.5419        41.6509      -0.612055       -4.37771      0.0469917       0.379351       0.330175       0.309252        0.99953      0.0909358       0.126014   -0.000155432   -0.000154842   -0.000158866   -0.000221855   -0.000113951        1.04971        1.05007        1.04998        1.04998        1.05167        1.05036        1.04998
        8.16009         31.268        31.1204        31.5287        41.6258      -0.616476       -4.38168      0.0469778       0.379284       0.330116       0.309191       0.998864      0.0909412       0.126022    -0.00015962    -0.00015903   -0.000163159   -0.000232616   -0.000111082        1.04974        1.05008        1.04997        1.04997        1.05166         1.0503        1.05001
        8.17009        31.2547        31.1071        31.5147        41.5987      -0.620443       -4.38523      0.0469636       0.379214       0.330056       0.309129       0.998167      0.0909472        0.12603   -0.000163525   -0.000162935   -0.000167164   -0.000242756   -0.000108255        1.04976        1.05009        1.04996        1.04996        1.05166        1.05024        1.05004
        8.18009        31.2406        31.0931        31.4999        41.5698      -0.624008       -4.38842      0.0469492       0.379142       0.329993       0.309065       0.997441      0.0909538       0.126039   -0.000167132   -0.000166546   -0.000170876   -0.000252251   -0.000105474        1.04979         1.0501        1.04995        1.04995        1.05165        1.05018        1.05008
        8.19009        31.2258        31.0784        31.4845        41.5391      -0.627138       -4.39123      0.0469347       0.379068       0.329929       0.308999        0.99669      0.0909607       0.126048   -0.000170442   -0.000169858   -0.000174284   -0.000261077   -0.000102742        1.04981        1.05011        1.04995        1.04994        1.05164        1.05012        1.05011
        8.20009        31.2104        31.0631        31.4683        41.5069      -0.629843       -4.39365        0.04692       0.378992       0.329864       0.308932       0.995916      0.0909682       0.126058   -0.000173441   -0.000172863   -0.000177378   -0.000269213   -0.000100064        1.04984        1.05012        1.04994        1.04993        1.05164        1.05007        1.05014
        8.21009        31.1943        31.0472        31.4516        41.4732      -0.632139        -4.3957      0.0469052       0.378915       0.329797       0.308864       0.995121       0.090976       0.126068   -0.000176122   -0.000175554   -0.000180156   -0.000276639   -9.74441E-05        1.04986        1.05013        1.04993        1.04993        1.05164        1.05001        1.05017
        8.22009        31.1778        31.0307        31.4343        41.4381      -0.634073       -4.39744      0.0468904       0.378837        0.32973       0.308794       0.994311      0.0909841       0.126079   -0.000178483   -0.000177926   -0.000182614   -0.000283341   -9.48835E-05        1.04988        1.05015        1.04993        1.04992        1.05163        1.04996        1.05021
        8.23009        31.1607        31.0138        31.4165        41.4018      -0.635639       -4.39884      0.0468756       0.378757       0.329661       0.308724       0.993486      0.0909925       0.126089   -0.000180522   -0.000179978   -0.000184742   -0.000289305   -9.23841E-05         1.0499        1.05016        1.04992        1.04992        1.05163        1.04991        1.05024
        8.24009        31.1433        30.9964        31.3983        41.3645      -0.636759       -4.39984       0.046861       0.378678       0.329592       0.308654       0.992651      0.0910011         0.1261   -0.000182233   -0.000181701   -0.000186543   -0.000294521   -8.99482E-05        1.04992        1.05017        1.04992        1.04991        1.05163        1.04986        1.05027
        8.25009        31.1255        30.9787        31.3797        41.3261      -0.637575       -4.40057      0.0468463       0.378599       0.329523       0.308583       0.991808      0.0910098       0.126111   -0.000183618   -0.000183101   -0.000188013   -0.000298983   -8.75785E-05        1.04993        1.05019        1.04992        1.04991        1.05163        1.04982         1.0503
        8.26009        31.1074        30.9608        31.3608         41.287      -0.638023       -4.40097      0.0468319       0.378519       0.329454       0.308512        0.99096      0.0910187       0.126122   -0.000184675   -0.000184174   -0.000189151   -0.000302684   -8.52744E-05        1.04995         1.0502        1.04991        1.04991        1.05163        1.04978        1.05033
        8.27009        31.0891        30.9426        31.3417        41.2472       -0.63813       -4.40106      0.0468176       0.378439       0.329385       0.308442        0.99011      0.0910276       0.126133   -0.000185406    -0.00018492   -0.000189958   -0.000305622   -8.30367E-05        1.04997        1.05022        1.04991         1.0499        1.05163        1.04974        1.05036
        8.28009        31.0706        30.9241        31.3224        41.2069      -0.637955       -4.40091      0.0468036        0.37836       0.329316       0.308372        0.98926      0.0910365       0.126144   -0.000185812   -0.000185341   -0.000190434   -0.000307798   -8.08664E-05        1.04998        1.05023        1.04991         1.0499        1.05163         1.0497        1.05039
        8.29009         31.052        30.9056        31.3029        41.1661      -0.637444       -4.40045      0.0467899       0.378282       0.329249       0.308303       0.988416      0.0910454       0.126155   -0.000185894   -0.000185441   -0.000190583   -0.000309213    -7.8762E-05        1.04999        1.05025        1.04991         1.0499        1.05163        1.04967        1.05041
        8.30009        31.0334        30.8871        31.2835        41.1252      -0.636551       -4.39964      0.0467764       0.378205       0.329181       0.308234       0.987577      0.0910543       0.126165   -0.000185661   -0.000185224   -0.000190409   -0.000309877   -7.67246E-05           1.05        1.05026        1.04991         1.0499        1.05164        1.04964        1.05044
        8.31009        31.0148        30.8685         31.264        41.0842      -0.635422       -4.39861      0.0467634       0.378129       0.329116       0.308167       0.986748      0.0910631       0.126176   -0.000185111   -0.000184693   -0.000189915   -0.000309793   -7.47525E-05        1.05001        1.05028        1.04991         1.0499        1.05164        1.04961        1.05046
         8.3201        30.9962          30.85        31.2445        41.0431      -0.634012       -4.39734      0.0467506       0.378055       0.329051       0.308101       0.985931      0.0910716       0.126186   -0.000184253   -0.000183856   -0.000189106   -0.000308974   -7.28453E-05        1.05002        1.05029        1.04991        1.04991        1.05164        1.04958        1.05049
         8.3301        30.9777        30.8316        31.2252        41.0022      -0.632339       -4.39582      0.0467384       0.377982       0.328988       0.308036       0.985128      0.0910802       0.126196   -0.000183095   -0.000182717   -0.000187993   -0.000307432   -7.09994E-05        1.05003        1.05031        1.04991        1.04991        1.05165        1.04956        1.05051
         8.3401        30.9594        30.8134         31.206        40.9615      -0.630369       -4.39404      0.0467264       0.377911       0.328926       0.307973       0.984343      0.0910884       0.126205   -0.000181641   -0.000181285   -0.000186577   -0.000305181   -6.92167E-05        1.05003        1.05032        1.04992        1.04991        1.05166        1.04954        1.05053
         8.3501        30.9414        30.7954        31.1871        40.9213      -0.628164       -4.39203       0.046715       0.377842       0.328866       0.307912       0.983577      0.0910964       0.126214     -0.0001799   -0.000179567   -0.000184869   -0.000302241   -6.74913E-05        1.05004        1.05034        1.04992        1.04991        1.05166        1.04953        1.05056
         8.3601        30.9236        30.7777        31.1684        40.8816      -0.625744       -4.38983      0.0467041       0.377775       0.328808       0.307853       0.982833      0.0911041       0.126223   -0.000177884   -0.000177572   -0.000182878   -0.000298627   -6.58244E-05        1.05004        1.05035        1.04993        1.04992        1.05167        1.04951        1.05058
         8.3701        30.9062        30.7603        31.1501        40.8426      -0.623011       -4.38733      0.0466937       0.377711       0.328752       0.307796       0.982112      0.0911116       0.126232   -0.000175598   -0.000175311   -0.000180614   -0.000294362   -6.42113E-05        1.05004        1.05037        1.04993        1.04992        1.05168         1.0495         1.0506
         8.3801         30.889        30.7432         31.132        40.8043      -0.620144       -4.38471      0.0466839       0.377649       0.328699       0.307741       0.981418      0.0911188        0.12624   -0.000173056   -0.000172791   -0.000178085    -0.00028947   -6.26508E-05        1.05004        1.05038        1.04994        1.04993        1.05169         1.0495        1.05061
         8.3901        30.8724        30.7267        31.1145        40.7669      -0.616962       -4.38179      0.0466745        0.37759       0.328647       0.307688       0.980751      0.0911255       0.126247   -0.000170267   -0.000170023   -0.000175302   -0.000283974   -6.11401E-05        1.05004         1.0504        1.04994        1.04994         1.0517         1.0495        1.05063
         8.4001        30.8562        30.7105        31.0974        40.7305      -0.613651       -4.37874      0.0466658       0.377534       0.328599       0.307638       0.980114       0.091132       0.126254   -0.000167242   -0.000167021   -0.000172276     -0.0002779   -5.96744E-05        1.05004        1.05041        1.04995        1.04994        1.05171         1.0495        1.05065
         8.4101        30.8405        30.6948        31.0808        40.6951      -0.610151       -4.37551      0.0466576       0.377481       0.328552        0.30759       0.979508      0.0911381       0.126261   -0.000163995   -0.000163796   -0.000169021   -0.000271278    -5.8253E-05        1.05003        1.05043        1.04996        1.04995        1.05172         1.0495        1.05066
         8.4201        30.8254        30.6797        31.0648         40.661       -0.60639       -4.37203        0.04665       0.377431       0.328508       0.307545       0.978935      0.0911439       0.126267   -0.000160536   -0.000160359   -0.000165548   -0.000264136   -5.68722E-05        1.05003        1.05044        1.04996        1.04996        1.05173        1.04951        1.05067
         8.4301        30.8109        30.6652        31.0493        40.6281      -0.602446       -4.36837      0.0466429       0.377384       0.328467       0.307503       0.978398      0.0911492       0.126273   -0.000156879   -0.000156722    -0.00016187   -0.000256505   -5.55292E-05        1.05002        1.05046        1.04997        1.04997        1.05174        1.04951        1.05069
         8.4401         30.797        30.6514        31.0345        40.5967      -0.598314       -4.36452      0.0466367       0.377341        0.32843       0.307463       0.977894      0.0911543       0.126278   -0.000153037     -0.0001529   -0.000157998   -0.000248417   -5.42191E-05        1.05002        1.05047        1.04998        1.04998        1.05176        1.04953         1.0507
         8.4501        30.7837        30.6381        31.0204        40.5666      -0.594009       -4.36049      0.0466309         0.3773       0.328394       0.307427       0.977428       0.091159       0.126283   -0.000149024   -0.000148909   -0.000153946   -0.000239903    -5.2941E-05        1.05001        1.05048        1.04999        1.04998        1.05177        1.04954        1.05071
         8.4601        30.7711        30.6255        31.0069        40.5381      -0.589563       -4.35633      0.0466258       0.377263       0.328362       0.307393       0.976999      0.0911633       0.126288    -0.00014485   -0.000144757   -0.000149729   -0.000230998   -5.16908E-05           1.05         1.0505           1.05        1.04999        1.05178        1.04956        1.05072
         8.4701        30.7593        30.6137        30.9942        40.5112      -0.584883       -4.35192      0.0466211       0.377229       0.328332       0.307362       0.976608      0.0911673       0.126292   -0.000140532   -0.000140461   -0.000145359   -0.000221736   -5.04659E-05           1.05        1.05051        1.05001           1.05         1.0518        1.04958        1.05072
         8.4801        30.7482        30.6026        30.9822        40.4859      -0.580048       -4.34736      0.0466173       0.377199       0.328306       0.307334       0.976256      0.0911709       0.126295   -0.000136082   -0.000136034    -0.00014085   -0.000212152   -4.92643E-05        1.04999        1.05052        1.05002        1.05001        1.05181         1.0496        1.05073
         8.4901        30.7379        30.5923        30.9711        40.4623      -0.575035       -4.34261       0.046614       0.377172       0.328283       0.307309       0.975944      0.0911741       0.126298   -0.000131518   -0.000131487   -0.000136219   -0.000202281    -4.8082E-05        1.04998        1.05053        1.05003        1.05002        1.05182        1.04963        1.05074
         8.5001        30.7283        30.5827        30.9606        40.4405      -0.569904       -4.33773      0.0466114       0.377149       0.328262       0.307287       0.975672       0.091177       0.126301   -0.000126849   -0.000126839   -0.000131478   -0.000192159   -4.69163E-05        1.04997        1.05054        1.05004        1.05004        1.05184        1.04966        1.05074
         8.5101        30.7196         30.574        30.9511        40.4205      -0.564543       -4.33261      0.0466093       0.377129       0.328244       0.307268        0.97544      0.0911797       0.126304   -0.000122092     -0.0001221   -0.000126641   -0.000181822   -4.57654E-05        1.04996        1.05055        1.05005        1.05005        1.05185        1.04969        1.05074
         8.5201        30.7117        30.5661        30.9424        40.4023      -0.559038       -4.32734      0.0466078       0.377112        0.32823       0.307253       0.975247       0.091182       0.126306   -0.000117259   -0.000117285   -0.000121719   -0.000171306   -4.46271E-05        1.04994        1.05056        1.05006        1.05006        1.05187        1.04972        1.05075
         8.5301        30.7045         30.559        30.9345         40.386        -0.5534       -4.32193       0.046607       0.377099       0.328218       0.307239       0.975096       0.091184       0.126308   -0.000112364   -0.000112405   -0.000116734   -0.000160647   -4.34976E-05        1.04993        1.05057        1.05007        1.05007        1.05188        1.04976        1.05075
         8.5401        30.6983        30.5528        30.9275        40.3716      -0.547548       -4.31629      0.0466068       0.377089        0.32821        0.30723       0.974983      0.0911859        0.12631   -0.000107422    -0.00010748   -0.000111692   -0.000149882   -4.23758E-05        1.04992        1.05058        1.05008        1.05008         1.0519        1.04979        1.05075
         8.5501         30.693        30.5474        30.9214        40.3592      -0.541534       -4.31046      0.0466071       0.377083       0.328204       0.307222        0.97491      0.0911874       0.126311   -0.000102446   -0.000102519   -0.000106612   -0.000139044   -4.12605E-05        1.04991        1.05059         1.0501        1.05009        1.05191        1.04983        1.05075
         8.5601        30.6885        30.5429        30.9162        40.3486      -0.535355       -4.30446       0.046608       0.377079       0.328201       0.307218       0.974876      0.0911888       0.126312   -9.74491E-05   -9.75349E-05   -0.000101505    -0.00012817   -4.01486E-05         1.0499         1.0506        1.05011         1.0501        1.05193        1.04987        1.05075
         8.5701        30.6849        30.5393        30.9118          40.34      -0.529039       -4.29831      0.0466094       0.377079       0.328201       0.307217        0.97488      0.0911899       0.126313   -9.24418E-05   -9.25429E-05   -9.63874E-05   -0.000117294     -3.904E-05        1.04988        1.05061        1.05012        1.05012        1.05194        1.04991        1.05075
         8.5801        30.6821        30.5365        30.9083        40.3333      -0.522537       -4.29196      0.0466114       0.377083       0.328203       0.307218       0.974922      0.0911909       0.126314   -8.74412E-05   -8.75565E-05   -9.12688E-05    -0.00010645   -3.79325E-05        1.04987        1.05062        1.05013        1.05013        1.05196        1.04995        1.05074
         8.5901        30.6802        30.5346        30.9058        40.3285      -0.515846        -4.2854      0.0466138       0.377089       0.328208       0.307222       0.975001      0.0911918       0.126315   -8.24579E-05   -8.25859E-05   -8.61643E-05   -9.56718E-05   -3.68259E-05        1.04986        1.05062        1.05014        1.05014        1.05197           1.05        1.05074
         8.6001        30.6792        30.5336        30.9041        40.3257       -0.50898       -4.27866      0.0466168       0.377098       0.328216       0.307229       0.975116      0.0911926       0.126316   -7.75037E-05   -7.76434E-05   -8.10841E-05   -8.49913E-05   -3.57193E-05        1.04985        1.05063        1.05015        1.05015        1.05199        1.05004        1.05074
         8.6101        30.6791        30.5334        30.9033        40.3247      -0.501976       -4.27176      0.0466203        0.37711       0.328227       0.307238       0.975265      0.0911933       0.126317   -7.25919E-05   -7.27416E-05   -7.60442E-05   -7.44399E-05   -3.46125E-05        1.04983        1.05063        1.05017        1.05016          1.052        1.05009        1.05073
         8.6201        30.6798        30.5341        30.9034        40.3255      -0.494768       -4.26464      0.0466243       0.377125       0.328239       0.307249       0.975448      0.0911939       0.126318   -6.77328E-05   -6.78926E-05   -7.10533E-05   -6.40481E-05    -3.3505E-05        1.04982        1.05064        1.05018        1.05018        1.05202        1.05013        1.05073
         8.6301        30.6814        30.5356        30.9044        40.3283      -0.487358       -4.25729      0.0466285       0.377142       0.328254       0.307263       0.975662      0.0911945       0.126319   -6.29384E-05   -6.31053E-05   -6.61237E-05   -5.38444E-05   -3.23958E-05        1.04981        1.05064        1.05019        1.05019        1.05203        1.05018        1.05072
         8.6401        30.6838         30.538        30.9062        40.3328      -0.479801       -4.24979      0.0466333       0.377163       0.328272       0.307279       0.975909      0.0911952        0.12632   -5.82175E-05   -5.83937E-05   -6.12663E-05   -4.38571E-05   -3.12865E-05         1.0498        1.05065         1.0502         1.0502        1.05205        1.05023        1.05072
         8.6501         30.687        30.5412        30.9089        40.3391      -0.472086       -4.24211      0.0466386       0.377185       0.328291       0.307297       0.976184      0.0911958       0.126321   -5.35816E-05    -5.3764E-05   -5.64916E-05   -3.41139E-05   -3.01779E-05        1.04979        1.05065        1.05021        1.05021        1.05206        1.05028        1.05071
         8.6601         30.691        30.5452        30.9125        40.3471      -0.464108       -4.23415      0.0466441        0.37721       0.328313       0.307317       0.976487      0.0911966       0.126322   -4.90373E-05   -4.92276E-05   -5.18094E-05   -2.46392E-05     -2.907E-05        1.04978        1.05066        1.05022        1.05022        1.05207        1.05032         1.0507
         8.6701        30.6958          30.55        30.9168        40.3567      -0.456028       -4.22608      0.0466499       0.377237       0.328336        0.30734       0.976816      0.0911975       0.126324   -4.45992E-05    -4.4794E-05   -4.72308E-05   -1.54571E-05   -2.79652E-05        1.04977        1.05066        1.05023        1.05023        1.05209        1.05037        1.05069
         8.6801        30.7015        30.5556         30.922         40.368      -0.447701       -4.21774      0.0466563       0.377266       0.328361       0.307364        0.97717      0.0911984       0.126326   -4.02736E-05   -4.04712E-05   -4.27636E-05   -6.58971E-06   -2.68627E-05        1.04976        1.05066        1.05024        1.05024         1.0521        1.05042        1.05069
         8.6901        30.7078        30.5619        30.9279        40.3809      -0.439224       -4.20924      0.0466629       0.377298       0.328388        0.30739       0.977547      0.0911995       0.126328   -3.60662E-05   -3.62691E-05    -3.8419E-05    1.94065E-06   -2.57652E-05        1.04975        1.05066        1.05025        1.05025        1.05211        1.05047        1.05068
         8.7001        30.7149        30.5689        30.9346        40.3952      -0.430546       -4.20053      0.0466697       0.377331       0.328417       0.307417       0.977945      0.0912007        0.12633   -3.19873E-05   -3.21925E-05   -3.42028E-05    1.01165E-05   -2.46739E-05        1.04975        1.05066        1.05026        1.05026        1.05212        1.05051        1.05067
         8.7101        30.7228        30.5768         30.942         40.411      -0.421658       -4.19159      0.0466769       0.377366       0.328447       0.307446       0.978362      0.0912022       0.126333   -2.80467E-05   -2.82506E-05   -3.01221E-05    1.79195E-05   -2.35916E-05        1.04974        1.05067        1.05027        1.05027        1.05213        1.05056        1.05066
         8.7201        30.7313        30.5853        30.9502        40.4282       -0.41256       -4.18243      0.0466842       0.377402       0.328478       0.307477       0.978797      0.0912039       0.126336   -2.42459E-05   -2.44496E-05    -2.6185E-05    2.53334E-05   -2.25203E-05        1.04973        1.05067        1.05028        1.05028        1.05214        1.05061        1.05065
         8.7301        30.7405        30.5944         30.959        40.4466      -0.403347       -4.17315      0.0466919        0.37744       0.328511       0.307508       0.979248      0.0912059       0.126339   -2.05912E-05   -2.07954E-05   -2.23994E-05    3.23442E-05   -2.14616E-05        1.04973        1.05067        1.05029        1.05029        1.05216        1.05065        1.05065
         8.7401        30.7503        30.6042        30.9685        40.4662      -0.393904       -4.16362      0.0466997       0.377479       0.328545       0.307541       0.979712       0.091208       0.126343   -1.70938E-05   -1.72936E-05     -1.877E-05    3.89386E-05     -2.042E-05        1.04972        1.05067         1.0503         1.0503        1.05217        1.05069        1.05064
         8.7501        30.7608        30.6146        30.9787         40.487      -0.384262       -4.15389      0.0467076       0.377519        0.32858       0.307575       0.980188      0.0912105       0.126347   -1.37514E-05   -1.39492E-05   -1.53002E-05    4.51064E-05   -1.93955E-05        1.04972        1.05067         1.0503        1.05031        1.05217        1.05074        1.05063
        8.76011        30.7718        30.6256        30.9895        40.5089      -0.374468         -4.144      0.0467157       0.377561       0.328616       0.307609       0.980674      0.0912134       0.126352   -1.05737E-05    -1.0768E-05   -1.19986E-05     5.0838E-05   -1.83931E-05        1.04971        1.05067        1.05031        1.05031        1.05218        1.05078        1.05062
        8.77011        30.7834        30.6371        31.0008        40.5318      -0.364483       -4.13391       0.046724       0.377603       0.328652       0.307645       0.981169      0.0912164       0.126357   -7.56372E-06   -7.75445E-06   -8.86369E-06    5.61251E-05   -1.74154E-05        1.04971        1.05066        1.05032        1.05032        1.05219        1.05082        1.05061
        8.78011        30.7955        30.6492        31.0127        40.5556       -0.35429       -4.12361      0.0467323       0.377646        0.32869       0.307681       0.981669      0.0912198       0.126363   -4.72468E-06   -4.91109E-06   -5.90417E-06    6.09618E-05   -1.64648E-05        1.04971        1.05066        1.05033        1.05033         1.0522        1.05085         1.0506
        8.79011        30.8082        30.6618        31.0252        40.5802      -0.343939       -4.11313      0.0467407        0.37769       0.328728       0.307718       0.982174      0.0912235       0.126369   -2.05678E-06    -2.2414E-06   -3.12228E-06    6.53451E-05   -1.55459E-05        1.04971        1.05066        1.05033        1.05033        1.05221        1.05089        1.05059
        8.80011        30.8213        30.6749        31.0381        40.6057      -0.333393       -4.10247      0.0467493       0.377734       0.328766       0.307755       0.982681      0.0912277       0.126376    4.33506E-07     2.5589E-07    -5.1733E-07    6.92714E-05   -1.46599E-05        1.04971        1.05066        1.05034        1.05034        1.05221        1.05093        1.05059
        8.81011        30.8348        30.6884        31.0515        40.6317      -0.322746        -4.0917      0.0467577       0.377779       0.328805       0.307792       0.983189      0.0912321       0.126383    2.74609E-06     2.5731E-06    1.90478E-06    7.27397E-05   -1.38126E-05        1.04971        1.05066        1.05035        1.05035        1.05222        1.05096        1.05058
        8.82011        30.8488        30.7024        31.0653        40.6584      -0.311865       -4.08069      0.0467663       0.377823       0.328844        0.30783       0.983697      0.0912369        0.12639      4.878E-06    4.71171E-06    4.14413E-06    7.57508E-05   -1.30054E-05        1.04971        1.05065        1.05035        1.05035        1.05223        1.05099        1.05057
        8.83011        30.8631        30.7167        31.0795        40.6856      -0.300865       -4.06957      0.0467749       0.377868       0.328883       0.307868       0.984201      0.0912421       0.126398    6.83273E-06    6.66764E-06    6.19803E-06    7.83066E-05   -1.22423E-05        1.04971        1.05065        1.05036        1.05036        1.05223        1.05102        1.05056
        8.84011        30.8778        30.7314        31.0941        40.7132      -0.289724       -4.05831      0.0467833       0.377914       0.328923       0.307905       0.984701      0.0912476       0.126407    8.60597E-06    8.44572E-06    8.06514E-06    8.04107E-05   -1.15279E-05        1.04971        1.05065        1.05036        1.05036        1.05224        1.05105        1.05055
        8.85011        30.8928        30.7464        31.1091        40.7412        -0.2784       -4.04686      0.0467918       0.377959       0.328962       0.307943       0.985195      0.0912535       0.126416    1.01989E-05    1.00428E-05    9.75121E-06    8.20686E-05   -1.08649E-05        1.04971        1.05064        1.05036        1.05037        1.05224        1.05108        1.05054
        8.86011        30.9081        30.7616        31.1243        40.7694      -0.266985       -4.03533      0.0468002       0.378004       0.329001        0.30798       0.985681      0.0912598       0.126426    1.16111E-05    1.14587E-05    1.12486E-05    8.32861E-05   -1.02579E-05        1.04972        1.05064        1.05037        1.05037        1.05224         1.0511        1.05054
        8.87011        30.9237        30.7772        31.1398        40.7978      -0.255442       -4.02367      0.0468085       0.378048        0.32904       0.308017       0.986159      0.0912664       0.126436    1.28447E-05    1.26962E-05    1.25628E-05    8.40729E-05   -9.70909E-06        1.04972        1.05064        1.05037        1.05037        1.05225        1.05112        1.05053
        8.88011        30.9395        30.7929        31.1555        40.8264      -0.243773       -4.01188      0.0468168       0.378093       0.329078       0.308054       0.986626      0.0912734       0.126446    1.38992E-05    1.37553E-05    1.36953E-05    8.44366E-05   -9.22219E-06        1.04973        1.05063        1.05037        1.05038        1.05225        1.05114        1.05052
        8.89011        30.9555        30.8089        31.1715         40.855      -0.232004       -4.00002      0.0468249       0.378136       0.329116        0.30809       0.987081      0.0912807       0.126457     1.4776E-05    1.46391E-05    1.46456E-05    8.43871E-05   -8.80042E-06        1.04973        1.05063        1.05038        1.05038        1.05225        1.05116        1.05051
        8.90011        30.9716         30.825        31.1876        40.8836      -0.220154       -3.98807      0.0468329       0.378179       0.329154       0.308126       0.987523      0.0912884       0.126469    1.54808E-05     1.5348E-05    1.54186E-05    8.39368E-05   -8.44759E-06        1.04974        1.05062        1.05038        1.05038        1.05225        1.05118        1.05051
        8.91011        30.9879        30.8412        31.2038        40.9121      -0.208237       -3.97606      0.0468407       0.378222        0.32919       0.308161        0.98795      0.0912964        0.12648    1.60141E-05     1.5886E-05    1.60133E-05    8.30985E-05   -8.16659E-06        1.04974        1.05062        1.05038        1.05038        1.05226        1.05119         1.0505
        8.92011        31.0043        30.8576        31.2203        40.9405      -0.196178       -3.96393      0.0468484       0.378263       0.329226       0.308195       0.988363      0.0913047       0.126493    1.63778E-05     1.6259E-05    1.64342E-05     8.1886E-05     -7.962E-06        1.04975        1.05062        1.05038        1.05038        1.05226        1.05121        1.05049
        8.93011        31.0207        30.8741        31.2367        40.9685      -0.184139       -3.95182      0.0468558       0.378304       0.329262       0.308228       0.988759      0.0913132       0.126505     1.6578E-05    1.64654E-05     1.6685E-05    8.03133E-05   -7.83411E-06        1.04975        1.05061        1.05038        1.05038        1.05226        1.05122        1.05048
        8.94011        31.0372        30.8906        31.2533        40.9964       -0.17202       -3.93964      0.0468632       0.378344       0.329296       0.308261       0.989137      0.0913221       0.126518    1.66144E-05    1.65096E-05    1.67683E-05    7.83955E-05   -7.78684E-06        1.04976        1.05061        1.05038        1.05038        1.05226        1.05122        1.05048
        8.95011        31.0538        30.9071        31.2698        41.0238      -0.159889       -3.92746      0.0468703       0.378382        0.32933       0.308292       0.989498      0.0913312       0.126531    1.64934E-05    1.63965E-05    1.66889E-05    7.61495E-05   -7.82309E-06        1.04977         1.0506        1.05038        1.05038        1.05226        1.05123        1.05047
        8.96011        31.0703        30.9235        31.2864        41.0509      -0.147751       -3.91529      0.0468772        0.37842       0.329363       0.308323       0.989839      0.0913405       0.126545    1.62187E-05    1.61286E-05    1.64505E-05    7.35919E-05    -7.9446E-06        1.04978         1.0506        1.05038        1.05038        1.05225        1.05123        1.05046
        8.97011        31.0867          30.94        31.3029        41.0775      -0.135622       -3.90314      0.0468838       0.378456       0.329395       0.308352       0.990161      0.0913501       0.126558    1.57934E-05    1.57138E-05    1.60581E-05    7.07401E-05   -8.15356E-06        1.04978        1.05059        1.05038        1.05038        1.05225        1.05124        1.05046
        8.98011        31.1031        30.9564        31.3193        41.1036      -0.123524       -3.89102      0.0468903       0.378491       0.329425        0.30838       0.990461      0.0913598       0.126572    1.52275E-05    1.51517E-05    1.55165E-05     6.7612E-05   -8.45299E-06        1.04979        1.05059        1.05038        1.05038        1.05225        1.05124        1.05045
        8.99011        31.1195        30.9727        31.3357        41.1291       -0.11141       -3.87891      0.0468965       0.378525       0.329455       0.308407       0.990743      0.0913696       0.126586    1.45194E-05    1.44527E-05    1.48307E-05    6.42273E-05   -8.84322E-06         1.0498        1.05058        1.05038        1.05038        1.05225        1.05123        1.05044
        9.00011        31.1357        30.9889         31.352         41.154     -0.0993786        -3.8669      0.0469025       0.378558       0.329483       0.308433       0.991002      0.0913797         0.1266     1.3677E-05    1.36188E-05    1.40055E-05    6.06021E-05   -9.32646E-06         1.0498        1.05058        1.05038        1.05038        1.05225        1.05123        1.05044
        9.01011        31.1518         31.005        31.3682        41.1783     -0.0873795       -3.85493      0.0469081       0.378589        0.32951       0.308458       0.991242      0.0913897       0.126615    1.27054E-05    1.26546E-05    1.30462E-05    5.67582E-05   -9.90414E-06        1.04981        1.05057        1.05038        1.05038        1.05224        1.05123        1.05043
        9.02011        31.1677        31.0209        31.3841        41.2019     -0.0755043        -3.8431      0.0469137       0.378619       0.329536       0.308482       0.991458         0.0914       0.126629    1.16103E-05    1.15676E-05    1.19573E-05    5.27129E-05    -1.0576E-05        1.04982        1.05057        1.05038        1.05038        1.05224        1.05122        1.05043
        9.03011        31.1834        31.0366        31.3999        41.2248     -0.0637245       -3.83138      0.0469188       0.378648       0.329561       0.308504       0.991653      0.0914102       0.126643    1.03965E-05    1.03605E-05    1.07445E-05    4.84872E-05   -1.13452E-05        1.04983        1.05056        1.05037        1.05037        1.05224        1.05121        1.05042
        9.04011         31.199        31.0522        31.4156        41.2469      -0.052042       -3.81977      0.0469237       0.378674       0.329585       0.308524       0.991826      0.0914205       0.126658    9.06873E-06    9.04035E-06    9.41489E-06    4.41001E-05   -1.22113E-05        1.04983        1.05056        1.05037        1.05037        1.05223         1.0512        1.05041
        9.05011        31.2143        31.0675         31.431        41.2683     -0.0404835        -3.8083      0.0469284         0.3787       0.329607       0.308543       0.991978      0.0914307       0.126672    7.63442E-06    7.61147E-06    7.97387E-06    3.95716E-05   -1.31743E-05        1.04984        1.05055        1.05037        1.05037        1.05223        1.05119        1.05041
        9.06011        31.2294        31.0826        31.4461        41.2888      -0.029108       -3.79704      0.0469327       0.378724       0.329628       0.308561       0.992108       0.091441       0.126686    6.09878E-06     6.0815E-06    6.42706E-06    3.49202E-05   -1.42335E-05        1.04985        1.05055        1.05037        1.05037        1.05222        1.05118         1.0504
        9.07011        31.2443        31.0974         31.461        41.3086     -0.0178947       -3.78594      0.0469368       0.378747       0.329648       0.308578       0.992217      0.0914512         0.1267    4.46636E-06    4.45623E-06    4.78145E-06    3.01653E-05   -1.53904E-05        1.04985        1.05054        1.05036        1.05036        1.05222        1.05116         1.0504
        9.08011        31.2588        31.1119        31.4755        41.3274    -0.00691986        -3.7751      0.0469405       0.378768       0.329666       0.308593       0.992305      0.0914612       0.126714    2.74497E-06    2.73999E-06    3.04003E-06    2.53247E-05   -1.66437E-05        1.04986        1.05054        1.05036        1.05036        1.05221        1.05114        1.05039
        9.09011        31.2731        31.1262        31.4899        41.3455     0.00392723       -3.76441      0.0469441       0.378787       0.329683       0.308607       0.992372      0.0914711       0.126727    9.38134E-07    9.38809E-07    1.21121E-06    2.04183E-05   -1.79916E-05        1.04986        1.05053        1.05036        1.05035        1.05221        1.05113        1.05038
        9.10011         31.287        31.1402        31.5039        41.3627      0.0145264       -3.75397      0.0469473       0.378805       0.329699        0.30862       0.992419      0.0914808       0.126741   -9.43958E-07   -9.38961E-07   -6.99346E-07    1.54632E-05   -1.94338E-05        1.04987        1.05053        1.05035        1.05035         1.0522        1.05111        1.05038
        9.11011        31.3006        31.1538        31.5176         41.379      0.0248566       -3.74382      0.0469502       0.378822       0.329713       0.308631       0.992446      0.0914904       0.126754   -2.90078E-06    -2.8899E-06   -2.68709E-06    1.04776E-05   -2.09689E-05        1.04987        1.05053        1.05035        1.05035         1.0522        1.05109        1.05037
        9.12011         31.314        31.1671        31.5309        41.3944      0.0349503       -3.73392      0.0469529       0.378837       0.329726       0.308641       0.992455      0.0914997       0.126766   -4.92383E-06   -4.90856E-06   -4.74293E-06    5.47894E-06    -2.2595E-05        1.04987        1.05052        1.05034        1.05034        1.05219        1.05107        1.05036
        9.13011        31.3269        31.1801        31.5439         41.409      0.0447845        -3.7243      0.0469553       0.378851       0.329738       0.308649       0.992445      0.0915087       0.126778   -7.00754E-06   -6.98861E-06    -6.8647E-06    4.83436E-07   -2.43099E-05        1.04987        1.05052        1.05034        1.05034        1.05218        1.05105        1.05036
        9.14011        31.3395        31.1927        31.5565        41.4227      0.0543022         -3.715      0.0469573       0.378863        0.32975       0.308656       0.992417      0.0915174        0.12679   -9.14794E-06   -9.12476E-06   -9.04571E-06   -4.49273E-06   -2.61114E-05        1.04988        1.05051        1.05033        1.05033        1.05218        1.05103        1.05035
        9.15011        31.3518         31.205        31.5688        41.4355      0.0635357         -3.706      0.0469592       0.378873       0.329759       0.308662       0.992372       0.091526       0.126801   -1.13371E-05   -1.13133E-05    -1.1279E-05   -9.43409E-06   -2.79969E-05        1.04988        1.05051        1.05033        1.05033        1.05217          1.051        1.05034
        9.16011        31.3636        31.2168        31.5806        41.4474      0.0723629       -3.69742      0.0469609       0.378883       0.329767       0.308667        0.99231       0.091534       0.126812   -1.35683E-05   -1.35452E-05   -1.35603E-05   -1.43272E-05   -2.99652E-05        1.04988         1.0505        1.05033        1.05032        1.05216        1.05098        1.05034
        9.17011         31.375        31.2282        31.5921        41.4585      0.0809002       -3.68914      0.0469622       0.378891       0.329775        0.30867       0.992234      0.0915417       0.126822   -1.58439E-05   -1.58184E-05   -1.58836E-05   -1.91567E-05   -3.20115E-05        1.04988         1.0505        1.05032        1.05032        1.05216        1.05096        1.05033
        9.18011        31.3861        31.2394        31.6032        41.4688      0.0891171       -3.68119      0.0469632       0.378898       0.329781       0.308673       0.992142      0.0915491       0.126832   -1.81509E-05   -1.81272E-05   -1.82444E-05   -2.39103E-05   -3.41322E-05        1.04988        1.05049        1.05032        1.05031        1.05215        1.05093        1.05032
        9.19011        31.3968          31.25        31.6138        41.4782      0.0969181       -3.67367       0.046964       0.378904       0.329785       0.308674       0.992038      0.0915559       0.126841   -2.04879E-05   -2.04658E-05   -2.06369E-05   -2.85757E-05   -3.63263E-05        1.04987        1.05049        1.05031        1.05031        1.05214        1.05091        1.05031
        9.20012         31.407        31.2602         31.624        41.4868       0.104311       -3.66657      0.0469646       0.378908       0.329789       0.308674        0.99192      0.0915624       0.126849   -2.28518E-05   -2.28284E-05   -2.30562E-05   -3.31417E-05   -3.85868E-05        1.04987        1.05048        1.05031         1.0503        1.05214        1.05088        1.05031
        9.21012        31.4169        31.2701        31.6339        41.4946       0.111382        -3.6598      0.0469649       0.378911       0.329792       0.308672       0.991791      0.0915683       0.126857    -2.5234E-05   -2.52102E-05   -2.54985E-05   -3.75971E-05   -4.09128E-05        1.04987        1.05048         1.0503         1.0503        1.05213        1.05086         1.0503
        9.22012        31.4264        31.2796        31.6432        41.5016          0.118       -3.65349       0.046965       0.378913       0.329794        0.30867       0.991652      0.0915738       0.126864   -2.76336E-05   -2.76091E-05    -2.7956E-05   -4.19334E-05   -4.32974E-05        1.04987        1.05048         1.0503        1.05029        1.05212        1.05083        1.05029
        9.23012        31.4354        31.2886        31.6522        41.5079       0.124231       -3.64757      0.0469649       0.378915       0.329795       0.308667       0.991503      0.0915788        0.12687   -3.00432E-05   -3.00205E-05   -3.04266E-05   -4.61417E-05   -4.57385E-05        1.04986        1.05047        1.05029        1.05029        1.05212        1.05081        1.05028
        9.24012         31.444        31.2972        31.6607        41.5134       0.129963       -3.64217      0.0469646       0.378914       0.329795       0.308662       0.991344      0.0915831       0.126875   -3.24635E-05   -3.24396E-05   -3.29068E-05   -5.02131E-05   -4.82302E-05        1.04985        1.05047        1.05029        1.05028        1.05211        1.05078        1.05027
        9.25012        31.4522        31.3054        31.6688        41.5183       0.135326       -3.63713       0.046964       0.378913       0.329794       0.308657       0.991179       0.091587        0.12688    -3.4885E-05   -3.48641E-05    -3.5392E-05    -5.4142E-05   -5.07685E-05        1.04985        1.05046        1.05028        1.05028         1.0521        1.05076        1.05027
        9.26012        31.4599        31.3131        31.6764        41.5224       0.140146       -3.63265      0.0469632       0.378911       0.329792       0.308651       0.991006      0.0915903       0.126884   -3.73062E-05   -3.72891E-05   -3.78766E-05   -5.79217E-05   -5.33488E-05        1.04984        1.05046        1.05027        1.05027         1.0521        1.05073        1.05026
        9.27012        31.4672        31.3205        31.6837        41.5259       0.144594       -3.62854      0.0469622       0.378908        0.32979       0.308645       0.990828       0.091593       0.126887   -3.97254E-05   -3.97092E-05   -4.03615E-05   -6.15468E-05   -5.59655E-05        1.04983        1.05046        1.05027        1.05027        1.05209        1.05071        1.05025
        9.28012        31.4741        31.3273        31.6904        41.5287       0.148521       -3.62496      0.0469611       0.378905       0.329787       0.308637       0.990645       0.091595       0.126889   -4.21377E-05   -4.21253E-05   -4.28386E-05   -6.50136E-05   -5.86135E-05        1.04982        1.05045        1.05026        1.05026        1.05208        1.05068        1.05024
        9.29012        31.4805        31.3338        31.6967         41.531       0.151987       -3.62184      0.0469597       0.378901       0.329783       0.308629       0.990459      0.0915965        0.12689   -4.45421E-05   -4.45295E-05   -4.53063E-05    -6.8318E-05   -6.12879E-05        1.04982        1.05045        1.05026        1.05026        1.05208        1.05066        1.05023
        9.30012        31.4866        31.3398        31.7026        41.5326       0.154963       -3.61922      0.0469583       0.378895       0.329778        0.30862        0.99027      0.0915974       0.126891   -4.69344E-05   -4.69231E-05   -4.77638E-05   -7.14593E-05   -6.39835E-05        1.04981        1.05045        1.05025        1.05025        1.05207        1.05063        1.05022
        9.31012        31.4921        31.3454         31.708        41.5337       0.157446       -3.61709      0.0469567        0.37889       0.329773        0.30861       0.990079      0.0915976       0.126891   -4.93092E-05   -4.93003E-05   -5.02051E-05   -7.44345E-05   -6.66942E-05        1.04979        1.05044        1.05025        1.05024        1.05206        1.05061        1.05021
        9.32012        31.4973        31.3506         31.713        41.5344       0.159477       -3.61541      0.0469548       0.378883       0.329768         0.3086       0.989888      0.0915972       0.126889   -5.16697E-05   -5.16623E-05   -5.26297E-05   -7.72431E-05   -6.94155E-05        1.04978        1.05044        1.05024        1.05024        1.05206        1.05059         1.0502
        9.33012         31.502        31.3553        31.7176        41.5344       0.160961       -3.61428      0.0469527       0.378875       0.329762       0.308589       0.989696      0.0915962       0.126887   -5.40076E-05   -5.40024E-05   -5.50335E-05   -7.98855E-05   -7.21409E-05        1.04977        1.05043        1.05024        1.05023        1.05205        1.05056         1.0502
        9.34012        31.5063        31.3596        31.7217         41.534       0.161945       -3.61365      0.0469507       0.378868       0.329755       0.308578       0.989505      0.0915945       0.126884   -5.63237E-05   -5.63217E-05   -5.74172E-05    -8.2362E-05   -7.48652E-05        1.04976        1.05043        1.05023        1.05023        1.05204        1.05054        1.05019
        9.35012        31.5102        31.3635        31.7254        41.5332       0.162477       -3.61347      0.0469483        0.37886       0.329748       0.308566       0.989317      0.0915922        0.12688   -5.86157E-05   -5.86181E-05   -5.97748E-05   -8.46752E-05   -7.75817E-05        1.04975        1.05043        1.05023        1.05022        1.05204        1.05052        1.05018
        9.36012        31.5137        31.3669        31.7286         41.532       0.162487       -3.61381       0.046946       0.378851       0.329741       0.308554       0.989131      0.0915892       0.126875   -6.08822E-05   -6.08898E-05   -6.21059E-05   -8.68273E-05   -8.02858E-05        1.04973        1.05042        1.05022        1.05022        1.05203         1.0505        1.05017
        9.37012        31.5168          31.37        31.7315        41.5304       0.162022       -3.61462      0.0469434       0.378842       0.329733       0.308541       0.988949      0.0915856        0.12687   -6.31223E-05   -6.31334E-05   -6.44107E-05   -8.88213E-05   -8.29728E-05        1.04972        1.05042        1.05022        1.05021        1.05202        1.05048        1.05016
        9.38012        31.5194        31.3726        31.7338        41.5284       0.161007       -3.61597      0.0469409       0.378833       0.329725       0.308528        0.98877      0.0915814       0.126863    -6.5334E-05   -6.53461E-05   -6.66835E-05   -9.06607E-05   -8.56353E-05         1.0497        1.05042        1.05021        1.05021        1.05202        1.05046        1.05015
        9.39012        31.5216        31.3749        31.7359        41.5261        0.15959       -3.61773      0.0469381       0.378823       0.329716       0.308515       0.988596      0.0915765       0.126856   -6.75135E-05   -6.75297E-05   -6.89265E-05   -9.23494E-05   -8.82687E-05        1.04969        1.05042        1.05021         1.0502        1.05201        1.05044        1.05014
        9.40012        31.5234        31.3766        31.7374        41.5235       0.157597       -3.62006      0.0469353       0.378813       0.329708       0.308501       0.988428       0.091571       0.126848    -6.9664E-05   -6.96819E-05   -7.11378E-05    -9.3893E-05   -9.08669E-05        1.04967        1.05041         1.0502         1.0502          1.052        1.05043        1.05013
        9.41012        31.5249        31.3781        31.7386        41.5207       0.155191       -3.62279      0.0469324       0.378802       0.329699       0.308487       0.988266       0.091565       0.126839   -7.17795E-05   -7.18029E-05   -7.33161E-05    -9.5297E-05   -9.34253E-05        1.04966        1.05041         1.0502        1.05019          1.052        1.05041        1.05012
        9.42012        31.5259        31.3791        31.7393        41.5175       0.152243       -3.62606      0.0469292       0.378792        0.32969       0.308473        0.98811      0.0915583       0.126829   -7.38632E-05   -7.38905E-05   -7.54576E-05   -9.65675E-05   -9.59392E-05        1.04964        1.05041        1.05019        1.05019        1.05199        1.05039        1.05011
        9.43012        31.5265        31.3797        31.7396        41.5141        0.14888       -3.62974      0.0469261       0.378781        0.32968       0.308458       0.987961       0.091551       0.126818   -7.59124E-05   -7.59454E-05   -7.75638E-05   -9.77093E-05   -9.84013E-05        1.04963         1.0504        1.05019        1.05018        1.05199        1.05038         1.0501
        9.44012        31.5267          31.38        31.7396        41.5105       0.145039       -3.63388       0.046923        0.37877       0.329671       0.308444        0.98782      0.0915432       0.126807   -7.79254E-05   -7.79631E-05   -7.96316E-05   -9.87303E-05   -0.000100808        1.04961         1.0504        1.05018        1.05018        1.05198        1.05036         1.0501
        9.45012        31.5266        31.3798        31.7391        41.5067       0.140734       -3.63849      0.0469197       0.378759       0.329661       0.308429       0.987686      0.0915348       0.126795   -7.99027E-05   -7.99483E-05   -8.16631E-05   -9.96377E-05   -0.000103155         1.0496         1.0504        1.05018        1.05017        1.05198        1.05035        1.05009
        9.46012         31.526        31.3792        31.7382        41.5027        0.13595       -3.64356      0.0469164       0.378748       0.329652       0.308414       0.987561       0.091526       0.126782   -8.18436E-05   -8.18964E-05   -8.36568E-05   -0.000100438   -0.000105435        1.04958         1.0504        1.05017        1.05017        1.05197        1.05034        1.05008
        9.47012        31.5251        31.3783         31.737        41.4985       0.130779       -3.64901       0.046913       0.378737       0.329642       0.308399       0.987444      0.0915165       0.126769   -8.37475E-05   -8.38083E-05   -8.56108E-05    -0.00010114   -0.000107646        1.04956        1.05039        1.05017        1.05017        1.05197        1.05033        1.05007
        9.48012        31.5239         31.377        31.7354        41.4942       0.125172       -3.65488      0.0469095       0.378725       0.329632       0.308384       0.987336      0.0915066       0.126755   -8.56167E-05   -8.56825E-05   -8.75236E-05   -0.000101751   -0.000109782        1.04955        1.05039        1.05017        1.05016        1.05196        1.05032        1.05006
        9.49012        31.5222        31.3754        31.7334        41.4898       0.119158       -3.66116      0.0469059       0.378714       0.329622       0.308369       0.987236      0.0914964        0.12674   -8.74462E-05   -8.75207E-05   -8.94009E-05   -0.000102278   -0.000111839        1.04953        1.05039        1.05016        1.05016        1.05195        1.05031        1.05006
        9.50012        31.5202        31.3734         31.731        41.4853       0.112772       -3.66779      0.0469024       0.378702       0.329612       0.308354       0.987146      0.0914856       0.126725   -8.92399E-05   -8.93194E-05   -9.12339E-05   -0.000102731   -0.000113814        1.04952        1.05039        1.05016        1.05015        1.05195         1.0503        1.05005
        9.51012        31.5179        31.3711        31.7284        41.4806       0.106003        -3.6748      0.0468988       0.378691       0.329602       0.308339       0.987064      0.0914744       0.126709   -9.09949E-05   -9.10826E-05   -9.30278E-05   -0.000103117   -0.000115702         1.0495        1.05039        1.05015        1.05015        1.05195        1.05029        1.05004
        9.52012        31.5151        31.3683        31.7252        41.4758      0.0987873       -3.68224      0.0468951       0.378679       0.329592       0.308324       0.986991      0.0914628       0.126693   -9.27128E-05   -9.28068E-05   -9.47814E-05   -0.000103444   -0.000117499        1.04949        1.05039        1.05015        1.05015        1.05194        1.05028        1.05004
        9.53012        31.5121        31.3652        31.7218         41.471      0.0912991       -3.68994      0.0468915       0.378668       0.329582       0.308309       0.986927      0.0914509       0.126676   -9.43923E-05   -9.44922E-05   -9.64934E-05    -0.00010372   -0.000119203        1.04947        1.05038        1.05015        1.05014        1.05194        1.05027        1.05003
        9.54012        31.5087        31.3618        31.7181        41.4661      0.0834408         -3.698      0.0468877       0.378656       0.329571       0.308294       0.986872      0.0914386       0.126659   -9.60346E-05   -9.61387E-05   -9.81642E-05   -0.000103952   -0.000120809        1.04946        1.05038        1.05014        1.05014        1.05193        1.05027        1.05002
        9.55012         31.505        31.3581         31.714        41.4611      0.0752831       -3.70635       0.046884       0.378645       0.329561       0.308279       0.986826      0.0914261       0.126641   -9.76364E-05   -9.77452E-05   -9.97958E-05    -0.00010415   -0.000122316        1.04944        1.05038        1.05014        1.05013        1.05193        1.05026        1.05002
        9.56012         31.501         31.354        31.7095         41.456      0.0668049         -3.715      0.0468802       0.378633       0.329551       0.308263       0.986788      0.0914133       0.126623   -9.92032E-05   -9.93103E-05   -0.000101384    -0.00010432    -0.00012372        1.04943        1.05038        1.05013        1.05013        1.05192        1.05026        1.05001
        9.57012        31.4966        31.3497        31.7048        41.4508      0.0580311       -3.72394      0.0468763       0.378622       0.329541       0.308248       0.986758      0.0914002       0.126605   -0.000100728   -0.000100836    -0.00010293    -0.00010447   -0.000125019        1.04942        1.05038        1.05013        1.05013        1.05192        1.05025        1.05001
        9.58012        31.4919         31.345        31.6997        41.4456      0.0489902       -3.73314      0.0468725        0.37861        0.32953       0.308233       0.986737       0.091387       0.126587   -0.000102216   -0.000102322   -0.000104431   -0.000104607   -0.000126211         1.0494        1.05038        1.05013        1.05012        1.05192        1.05025           1.05
        9.59012        31.4869        31.3399        31.6943        41.4402      0.0396729       -3.74259      0.0468687       0.378598        0.32952       0.308218       0.986723      0.0913736       0.126568   -0.000103658   -0.000103767   -0.000105892   -0.000104738   -0.000127294        1.04939        1.05038        1.05012        1.05012        1.05191        1.05024           1.05
        9.60012        31.4816        31.3346        31.6886        41.4349      0.0301991        -3.7522      0.0468649       0.378587        0.32951       0.308203       0.986717      0.0913601        0.12655   -0.000105065   -0.000105172   -0.000107308    -0.00010487   -0.000128266        1.04938        1.05038        1.05012        1.05012        1.05191        1.05024           1.05
        9.61012        31.4761         31.329        31.6826        41.4295      0.0204678       -3.76204      0.0468609       0.378575       0.329499       0.308188       0.986717      0.0913464       0.126531   -0.000106429   -0.000106535   -0.000108684    -0.00010501   -0.000129126        1.04937        1.05038        1.05012        1.05011         1.0519        1.05024        1.04999
        9.62012        31.4702        31.3231        31.6763         41.424      0.0105572       -3.77205      0.0468571       0.378564       0.329489       0.308173       0.986724      0.0913327       0.126512   -0.000107754   -0.000107856   -0.000110014   -0.000105161   -0.000129873        1.04936        1.05038        1.05011        1.05011         1.0519        1.05024        1.04999
        9.63013         31.464        31.3169        31.6697        41.4183    0.000429153       -3.78228      0.0468532       0.378552       0.329479       0.308158       0.986737       0.091319       0.126493   -0.000109038   -0.000109137   -0.000111301    -0.00010533   -0.000130507        1.04935        1.05038        1.05011        1.05011         1.0519        1.05024        1.04999
        9.64013        31.4576        31.3105        31.6629        41.4127    -0.00978088       -3.79256      0.0468494        0.37854       0.329469       0.308143       0.986756      0.0913052       0.126474   -0.000110282   -0.000110376   -0.000112543   -0.000105523   -0.000131026        1.04934        1.05038        1.05011         1.0501        1.05189        1.05024        1.04999
        9.65013        31.4509        31.3038        31.6558        41.4069     -0.0201645       -3.80301      0.0468455       0.378528       0.329459       0.308129       0.986779      0.0912914       0.126455   -0.000111479   -0.000111574   -0.000113742   -0.000105744   -0.000131432        1.04933        1.05038         1.0501         1.0501        1.05189        1.05024        1.04999
        9.66013        31.4438        31.2967        31.6483         41.401     -0.0307045       -3.81361      0.0468415       0.378516       0.329448       0.308113       0.986808      0.0912778       0.126437   -0.000112636   -0.000112729   -0.000114896   -0.000105998   -0.000131723        1.04933        1.05038         1.0501         1.0501        1.05189        1.05024        1.04999
        9.67013        31.4366        31.2895        31.6407        41.3951     -0.0412865       -3.82424      0.0468377       0.378505       0.329438       0.308099        0.98684      0.0912642       0.126418   -0.000113752   -0.000113841   -0.000116001   -0.000106286     -0.0001319        1.04932        1.05038         1.0501         1.0501        1.05188        1.05024        1.04999
        9.68013        31.4291         31.282        31.6328         41.389     -0.0519638       -3.83495      0.0468338       0.378493       0.329427       0.308084       0.986876      0.0912508         0.1264   -0.000114825   -0.000114911   -0.000117064   -0.000106613   -0.000131964        1.04931        1.05038         1.0501        1.05009        1.05188        1.05024        1.04999
        9.69013        31.4214        31.2742        31.6247        41.3828     -0.0626945       -3.84571      0.0468299       0.378481       0.329417       0.308069       0.986915      0.0912375       0.126382   -0.000115854   -0.000115933   -0.000118077   -0.000106981   -0.000131917        1.04931        1.05038        1.05009        1.05009        1.05188        1.05024        1.04999
        9.70013        31.4134        31.2662        31.6163        41.3765     -0.0734673       -3.85649       0.046826       0.378469       0.329406       0.308055       0.986957      0.0912244       0.126364   -0.000116839   -0.000116913   -0.000119047   -0.000107393   -0.000131758         1.0493        1.05038        1.05009        1.05009        1.05188        1.05024        1.04999
        9.71013        31.4053        31.2581        31.6078        41.3701     -0.0842037       -3.86722      0.0468222       0.378456       0.329396        0.30804          0.987      0.0912115       0.126347   -0.000117777   -0.000117848   -0.000119967   -0.000107851    -0.00013149         1.0493        1.05039        1.05009        1.05009        1.05187        1.05024        1.04999
        9.72013        31.3968        31.2496        31.5989        41.3635     -0.0950165       -3.87803      0.0468185       0.378444       0.329385       0.308025       0.987045      0.0911989       0.126329   -0.000118669   -0.000118737    -0.00012084   -0.000108355   -0.000131114         1.0493        1.05039        1.05009        1.05008        1.05187        1.05024           1.05
        9.73013        31.3882        31.2409        31.5899        41.3567      -0.105782       -3.88878      0.0468146       0.378432       0.329374        0.30801        0.98709      0.0911866       0.126313   -0.000119515   -0.000119578   -0.000121664   -0.000108905   -0.000130632         1.0493        1.05039        1.05008        1.05008        1.05187        1.05025           1.05
        9.74013        31.3793        31.2321        31.5807        41.3498      -0.116482       -3.89945      0.0468109       0.378419       0.329363       0.307996       0.987135      0.0911746       0.126297   -0.000120316   -0.000120372   -0.000122436   -0.000109502   -0.000130048         1.0493        1.05039        1.05008        1.05008        1.05187        1.05025           1.05
        9.75013        31.3703        31.2231        31.5713        41.3428       -0.12711       -3.91005      0.0468071       0.378406       0.329352       0.307981        0.98718      0.0911629       0.126281   -0.000121067   -0.000121117   -0.000123162   -0.000110145   -0.000129362         1.0493        1.05039        1.05008        1.05008        1.05186        1.05025        1.05001
        9.76013        31.3611        31.2138        31.5617        41.3355      -0.137726       -3.92062      0.0468034       0.378394       0.329341       0.307966       0.987225      0.0911516       0.126266   -0.000121767   -0.000121816   -0.000123833   -0.000110834   -0.000128578         1.0493         1.0504        1.05008        1.05007        1.05186        1.05025        1.05001
        9.77013        31.3517        31.2045        31.5519        41.3281      -0.148188       -3.93103      0.0467997        0.37838        0.32933       0.307951       0.987268      0.0911406       0.126251   -0.000122418   -0.000122461   -0.000124451   -0.000111567   -0.000127698         1.0493         1.0504        1.05008        1.05007        1.05186        1.05025        1.05002
        9.78013        31.3421        31.1949         31.542        41.3205      -0.158585       -3.94137       0.046796       0.378368       0.329319       0.307936       0.987309      0.0911301       0.126237   -0.000123015   -0.000123058   -0.000125018   -0.000112343   -0.000126726         1.0493         1.0504        1.05007        1.05007        1.05186        1.05026        1.05003
        9.79013        31.3324        31.1851        31.5319        41.3126      -0.168852       -3.95157      0.0467925       0.378354       0.329307       0.307922       0.987347        0.09112       0.126224   -0.000123565   -0.000123603   -0.000125531   -0.000113158   -0.000125666        1.04931         1.0504        1.05007        1.05007        1.05186        1.05026        1.05003
        9.80013        31.3226        31.1753        31.5217        41.3046      -0.178928       -3.96158      0.0467889       0.378341       0.329296       0.307907       0.987382      0.0911104       0.126211   -0.000124061   -0.000124093    -0.00012599    -0.00011401    -0.00012452        1.04931        1.05041        1.05007        1.05007        1.05185        1.05026        1.05004
        9.81013        31.3124        31.1652        31.5112        41.2963      -0.188976       -3.97156      0.0467854       0.378328       0.329284       0.307892       0.987414      0.0911012       0.126199   -0.000124505   -0.000124533   -0.000126394   -0.000114896   -0.000123292        1.04932        1.05041        1.05007        1.05007        1.05185        1.05026        1.05005
        9.82013        31.3024        31.1551        31.5008        41.2879      -0.198666       -3.98117      0.0467819       0.378315       0.329273       0.307877       0.987442      0.0910925       0.126187   -0.000124894   -0.000124919   -0.000126742   -0.000115811   -0.000121987        1.04932        1.05041        1.05007        1.05007        1.05185        1.05026        1.05005
        9.83013        31.2921        31.1448        31.4902        41.2792      -0.208292       -3.99072      0.0467785       0.378301       0.329261       0.307862       0.987466      0.0910843       0.126177   -0.000125228   -0.000125249   -0.000127035   -0.000116754   -0.000120609        1.04933        1.05042        1.05007        1.05006        1.05185        1.05027        1.05006
        9.84013        31.2817        31.1344        31.4795        41.2703      -0.217672       -4.00001      0.0467751       0.378288       0.329249       0.307848       0.987485      0.0910767       0.126167   -0.000125506   -0.000125523   -0.000127269   -0.000117717    -0.00011916        1.04934        1.05042        1.05007        1.05006        1.05185        1.05027        1.05007
        9.85013        31.2712        31.1239        31.4687        41.2612      -0.226866       -4.00912      0.0467718       0.378274       0.329237       0.307833         0.9875      0.0910696       0.126157   -0.000125729   -0.000125739   -0.000127445   -0.000118698   -0.000117647        1.04934        1.05042        1.05006        1.05006        1.05185        1.05027        1.05008
        9.86013        31.2606        31.1133        31.4578        41.2518      -0.235844       -4.01801      0.0467685        0.37826       0.329225       0.307818       0.987509      0.0910631       0.126149   -0.000125892   -0.000125898   -0.000127561   -0.000119691   -0.000116073        1.04935        1.05043        1.05006        1.05006        1.05185        1.05027        1.05009
        9.87013          31.25        31.1027        31.4469        41.2422      -0.244553       -4.02663      0.0467652       0.378246       0.329212       0.307803       0.987512       0.091057       0.126141   -0.000125998   -0.000125999   -0.000127618   -0.000120691   -0.000114443        1.04936        1.05043        1.05006        1.05006        1.05185        1.05027         1.0501
        9.88013        31.2393         31.092        31.4359        41.2324      -0.252998       -4.03499       0.046762       0.378232         0.3292       0.307789       0.987509      0.0910516       0.126134   -0.000126046    -0.00012604   -0.000127618   -0.000121692   -0.000112761        1.04937        1.05044        1.05006        1.05006        1.05184        1.05028        1.05011
        9.89013        31.2285        31.0812        31.4248        41.2223      -0.261269       -4.04317       0.046759       0.378218       0.329188       0.307774         0.9875      0.0910467       0.126128   -0.000126037   -0.000126021   -0.000127555   -0.000122688   -0.000111031        1.04938        1.05044        1.05006        1.05006        1.05184        1.05028        1.05012
        9.90013        31.2177        31.0704        31.4137        41.2119      -0.269257       -4.05108       0.046756       0.378204       0.329176        0.30776       0.987485      0.0910424       0.126122   -0.000125965   -0.000125942   -0.000127436   -0.000123674   -0.000109259        1.04939        1.05045        1.05006        1.05006        1.05184        1.05028        1.05013
        9.91013        31.2068        31.0595        31.4026        41.2014      -0.276939       -4.05867      0.0467531        0.37819       0.329163       0.307745       0.987464      0.0910386       0.126118   -0.000125834   -0.000125804   -0.000127252   -0.000124643    -0.00010745         1.0494        1.05045        1.05006        1.05006        1.05184        1.05028        1.05014
        9.92013         31.196        31.0487        31.3915        41.1907      -0.284294       -4.06594      0.0467501       0.378175       0.329151       0.307731       0.987436      0.0910355       0.126114    -0.00012564   -0.000125604   -0.000127008    -0.00012559   -0.000105606        1.04942        1.05045        1.05006        1.05006        1.05184        1.05028        1.05015
        9.93013        31.1851        31.0378        31.3804        41.1797      -0.291468       -4.07304      0.0467473       0.378162       0.329139       0.307716       0.987402      0.0910329       0.126111   -0.000125383   -0.000125346     -0.0001267   -0.000126508   -0.000103736        1.04943        1.05046        1.05006        1.05006        1.05184        1.05028        1.05016
        9.94013        31.1742        31.0269        31.3692        41.1685      -0.298317       -4.07981      0.0467446       0.378148       0.329127       0.307702       0.987361      0.0910309       0.126109   -0.000125069   -0.000125025   -0.000126332   -0.000127391   -0.000101841        1.04944        1.05046        1.05006        1.05006        1.05184        1.05029        1.05017
        9.95013        31.1633        31.0161        31.3581        41.1571      -0.304873       -4.08629       0.046742       0.378134       0.329115       0.307688       0.987313      0.0910294       0.126107   -0.000124693   -0.000124642   -0.000125899   -0.000128233   -9.99276E-05        1.04945        1.05047        1.05006        1.05006        1.05184        1.05029        1.05018
        9.96013        31.1525        31.0053        31.3471        41.1455      -0.311087       -4.09244      0.0467395        0.37812       0.329103       0.307674       0.987258      0.0910285       0.126106   -0.000124256     -0.0001242   -0.000125405   -0.000129027   -9.79999E-05        1.04947        1.05047        1.05006        1.05006        1.05184        1.05029        1.05019
        9.97013        31.1416        30.9944        31.3361        41.1337      -0.317085       -4.09838       0.046737       0.378106       0.329091        0.30766       0.987197      0.0910282       0.126106   -0.000123756   -0.000123694   -0.000124849   -0.000129767   -9.60629E-05        1.04948        1.05048        1.05006        1.05006        1.05184        1.05029         1.0502
        9.98013        31.1309        30.9837        31.3251        41.1218      -0.322702       -4.10394      0.0467347       0.378092       0.329079       0.307646        0.98713      0.0910285       0.126107   -0.000123194    -0.00012313    -0.00012423   -0.000130448   -9.41209E-05         1.0495        1.05048        1.05006        1.05006        1.05184        1.05029        1.05021
        9.99013        31.1202         30.973        31.3143        41.1097      -0.328045       -4.10922      0.0467325       0.378078       0.329067       0.307633       0.987056      0.0910292       0.126108   -0.000122571   -0.000122503   -0.000123547   -0.000131064    -9.2179E-05        1.04951        1.05049        1.05006        1.05006        1.05184        1.05029        1.05022
        10.0001        31.1096        30.9624        31.3035        41.0974      -0.333065        -4.1142      0.0467303       0.378065       0.329055       0.307619       0.986976      0.0910304        0.12611   -0.000121889   -0.000121816   -0.000122804   -0.000131608   -9.02409E-05        1.04952        1.05049        1.05006        1.05006        1.05184        1.05029        1.05023
