VN_freq_N1.out
2016 - DRY SEASON - LOW LOAD
NORMAL OPERATION
                     1              2              3              4              5              6              7              8              9              10             11             12             13             14             15             16             17             18             19             20             21             22             23      
        Time(s) SPD 2[PHULAC-D SPD 3[PHUOCTHE SPD 4[HOAMINH- SPD 5[PHANRITH SPD 919013[SON SPD 923012[HOA SPD 938011[VUN SPD 978022[PHU SPD 983042[OMO PMEC919013[SON PMEC923012[HOA PMEC938011[VUN PMEC978022[PHU PMEC983042[OMO VOLT 2 [PHULAC VOLT 3 [PHUOCT VOLT 4 [HOAMIN VOLT 5 [PHANRI VOLT 919013 [S VOLT 923012 [H VOLT 938011 [V VOLT 978022 [P VOLT 983042 [O
                    G 22.000]1   -DG 22.000]1    DG 22.000]1   ANH-22.000]1 LA_H3 18.000]1 BINH_H2 15.750 GANG1_S1 26.00 MY1_G2 15.000] N1_S2 16.000]1 LA_H3 18.000]1 BINH_H2 15.750 GANG1_S1 26.00 MY1_G2 15.000] N1_S2 16.000]1    -DG 22.000]  HE-DG 22.000]   H-DG 22.000]  THANH-22.000] ONLA_H3 18.000 OABINH_H2 15.7 UNGANG1_S1 26. HUMY1_G2 15.00 MON1_S2 16.000
                                                                                                       ]1            0]1              1                                           ]1            0]1              1                                                                                         ]            50]           000]             0]              ]
          -0.01             -1             -1             -1             -1              0              0              0              0              0       0.675674       0.337077       0.779168       0.684925       0.682921        1.07041        1.07041        1.07041        1.08395           1.05        0.94767              1              1           1.02
           0.04             -1             -1             -1             -1    -3.3661E-09   -1.37518E-09   -6.45992E-09   -3.76111E-09   -7.93268E-09       0.675674       0.337077       0.779168       0.684925       0.682921        1.07041        1.07041        1.07041        1.08395           1.05        0.94767              1              1           1.02
           0.09             -1             -1             -1             -1   -6.65011E-09   -2.37064E-09   -1.26515E-08   -7.79684E-09   -1.58215E-08       0.675674       0.337077       0.779168       0.684925       0.682921        1.07041        1.07041        1.07041        1.08395           1.05        0.94767              1              1           1.02
           0.14             -1             -1             -1             -1   -9.93411E-09   -3.23269E-09   -1.88432E-08   -1.20236E-08   -2.18696E-08       0.675674       0.337077       0.779168       0.684925       0.682921        1.07041        1.07041        1.07041        1.08395           1.05        0.94767              1              1           1.02
           0.19             -1             -1             -1             -1   -1.32181E-08     -4.105E-09   -2.50348E-08   -1.66683E-08   -1.84731E-08       0.675674       0.337077       0.779168       0.684925       0.682921        1.07041        1.07041        1.07041        1.08395           1.05        0.94767              1              1           1.02
           0.24             -1             -1             -1             -1   -1.65021E-08   -5.15178E-09   -3.12883E-08   -2.21368E-08    -1.0124E-08       0.675674       0.337077       0.779168       0.684925       0.682921        1.07041        1.07041        1.07041        1.08395           1.05        0.94767              1              1           1.02
           0.29             -1             -1             -1             -1   -2.06482E-08   -6.76299E-09   -3.76038E-08   -2.83337E-08   -3.59381E-09       0.675674       0.337077       0.779168       0.684925       0.682921        1.07041        1.07041        1.07041        1.08395           1.05        0.94767              1              1           1.02
           0.34             -1             -1             -1             -1   -2.10587E-08   -9.72886E-09     -4.136E-08   -3.68708E-08   -1.27098E-09       0.675674       0.337077       0.779168       0.684925       0.682921        1.07041        1.07041        1.07041        1.08395           1.05        0.94767              1              1           1.02
           0.39             -1             -1             -1             -1   -1.74873E-08   -1.25203E-08   -3.67369E-08   -4.56587E-08    -5.5222E-09       0.675674       0.337077       0.779168       0.684925       0.682921        1.07041        1.07041        1.07041        1.08395           1.05        0.94767              1              1           1.02
           0.44             -1             -1             -1             -1   -1.65226E-08   -1.50551E-08   -3.24647E-08    -5.0172E-08   -1.50765E-08       0.675674       0.337077       0.779168       0.684925       0.682921        1.07041        1.07041        1.07041        1.08395           1.05        0.94767              1              1           1.02
           0.49             -1             -1             -1             -1   -2.12639E-08   -1.92935E-08   -3.35585E-08   -5.08048E-08   -2.91011E-08       0.675674       0.337077       0.779168       0.684925       0.682921        1.07041        1.07041        1.07041        1.08395           1.05        0.94767              1              1           1.02
           0.54             -1             -1             -1             -1    -2.6662E-08   -2.56357E-08   -4.02661E-08   -4.73422E-08   -4.14384E-08       0.675674       0.337077       0.779168       0.684925       0.682921        1.07041        1.07041        1.07041        1.08395           1.05        0.94767              1              1           1.02
           0.59             -1             -1             -1             -1   -3.19574E-08   -3.39689E-08   -4.44971E-08   -4.02618E-08   -5.33593E-08       0.675674       0.337077       0.779168       0.684925       0.682921        1.07041        1.07041        1.07041        1.08395           1.05        0.94767              1              1           1.02
           0.64             -1             -1             -1             -1   -3.76224E-08   -4.16966E-08   -4.44145E-08   -3.26918E-08   -6.51926E-08       0.675674       0.337077       0.779168       0.684925       0.682921        1.07041        1.07041        1.07041        1.08395           1.05        0.94767              1              1           1.02
           0.69             -1             -1             -1             -1   -4.52987E-08    -5.1097E-08   -4.08853E-08   -3.56649E-08   -7.29938E-08       0.675674       0.337077       0.779168       0.684925       0.682921        1.07041        1.07041        1.07041        1.08395           1.05        0.94767              1              1           1.02
       0.739999             -1             -1             -1             -1    -5.6218E-08   -6.08567E-08   -3.54573E-08   -4.68169E-08   -7.74422E-08       0.675674       0.337077       0.779168       0.684925       0.682921        1.07041        1.07041        1.07041        1.08395           1.05        0.94767              1              1           1.02
       0.789999             -1             -1             -1             -1   -6.67679E-08   -7.05958E-08    -3.7645E-08   -5.75748E-08   -7.96993E-08       0.675674       0.337077       0.779168       0.684925       0.682921        1.07041        1.07041        1.07041        1.08395           1.05        0.94767              1              1           1.02
       0.839999             -1             -1             -1             -1   -7.49984E-08   -7.84261E-08   -4.61069E-08   -6.64821E-08   -7.99184E-08       0.675674       0.337077       0.779168       0.684925       0.682921        1.07041        1.07041        1.07041        1.08395           1.05        0.94767              1              1           1.02
       0.889999             -1             -1             -1             -1   -8.26748E-08   -8.54149E-08   -5.38464E-08   -7.29058E-08    -7.8253E-08       0.675674       0.337077       0.779168       0.684925       0.682921        1.07041        1.07041        1.07041        1.08395           1.05        0.94767              1              1           1.02
       0.939999             -1             -1             -1             -1   -9.03922E-08   -9.08027E-08   -6.17923E-08   -7.76102E-08   -7.44401E-08       0.675674       0.337077       0.779168       0.684925       0.682921        1.07041        1.07041        1.07041        1.08395           1.05        0.94767              1              1           1.02
       0.989999             -1             -1             -1             -1   -9.89511E-08   -9.44253E-08   -6.96763E-08   -8.14788E-08   -6.99697E-08       0.675674       0.337077       0.779168       0.684925       0.682921        1.07041        1.07041        1.07041        1.08395           1.05        0.94767              1              1           1.02
           1.04             -1             -1             -1             -1   -1.03733E-07   -9.69499E-08   -7.84684E-08   -8.52877E-08   -6.62225E-08       0.675674       0.337077       0.779168       0.684925       0.682921        1.07041        1.07041        1.07041        1.08395           1.05        0.94767              1              1           1.02
           1.09             -1             -1             -1             -1    -1.0322E-07   -9.88485E-08   -8.75288E-08   -8.98249E-08    -6.1292E-08       0.675674       0.337077       0.779168       0.684925       0.682921        1.07041        1.07041        1.07041        1.08395           1.05        0.94767              1              1           1.02
           1.14             -1             -1             -1             -1   -1.00162E-07   -1.00408E-07   -9.76418E-08   -9.43979E-08   -5.72818E-08       0.675674       0.337077       0.779168       0.684925       0.682921        1.07041        1.07041        1.07041        1.08395           1.05        0.94767              1              1           1.02
           1.19             -1             -1             -1             -1   -9.44151E-08   -1.02266E-07   -1.10169E-07   -9.89112E-08   -5.61204E-08       0.675674       0.337077       0.779168       0.684925       0.682921        1.07041        1.07041        1.07041        1.08395           1.05        0.94767              1              1           1.02
           1.24             -1             -1             -1             -1   -8.98175E-08   -1.04554E-07   -1.21459E-07   -1.04034E-07   -6.14234E-08       0.675674       0.337077       0.779168       0.684925       0.682921        1.07041        1.07041        1.07041        1.08395           1.05        0.94767              1              1           1.02
           1.29             -1             -1             -1             -1   -9.14184E-08   -1.06166E-07   -1.24472E-07   -1.10015E-07   -6.71209E-08       0.675674       0.337077       0.779168       0.684925       0.682921        1.07041        1.07041        1.07041        1.08395           1.05        0.94767              1              1           1.02
           1.34             -1             -1             -1             -1   -9.72476E-08   -1.06391E-07   -1.20138E-07   -1.17108E-07   -7.40675E-08       0.675674       0.337077       0.779168       0.684925       0.682921        1.07041        1.07041        1.07041        1.08395           1.05        0.94767              1              1           1.02
           1.39             -1             -1             -1             -1   -1.02666E-07   -1.06525E-07   -1.09158E-07   -1.16642E-07     -8.406E-08       0.675674       0.337077       0.779168       0.684925       0.682921        1.07041        1.07041        1.07041        1.08395           1.05        0.94767              1              1           1.02
           1.44             -1             -1             -1             -1   -1.07264E-07   -1.06166E-07   -1.01274E-07   -1.08845E-07   -9.70986E-08       0.675674       0.337077       0.779168       0.684925       0.682921        1.07041        1.07041        1.07041        1.08395           1.05        0.94767              1              1           1.02
           1.49             -1             -1             -1             -1     -1.118E-07   -1.06391E-07   -9.97882E-08   -1.04022E-07   -1.10773E-07       0.675674       0.337077       0.779168       0.684925       0.682921        1.07041        1.07041        1.07041        1.08395           1.05        0.94767              1              1           1.02
           1.54             -1             -1             -1             -1   -1.16562E-07    -1.0792E-07   -1.04865E-07   -1.04165E-07   -1.22693E-07       0.675674       0.337077       0.779168       0.684925       0.682921        1.07041        1.07041        1.07041        1.08395           1.05        0.94767              1              1           1.02
           1.59             -1             -1             -1             -1   -1.22945E-07    -1.1104E-07   -1.15597E-07   -1.09812E-07   -1.33628E-07       0.675674       0.337077       0.779168       0.684925       0.682921        1.07041        1.07041        1.07041        1.08395           1.05        0.94767              1              1           1.02
           1.64             -1             -1             -1             -1   -1.30909E-07    -1.1571E-07   -1.26371E-07    -1.2057E-07   -1.41364E-07       0.675674       0.337077       0.779168       0.684925       0.682921        1.07041        1.07041        1.07041        1.08395           1.05        0.94767              1              1           1.02
           1.69             -1             -1             -1             -1   -1.38934E-07   -1.21765E-07   -1.31489E-07   -1.28618E-07   -1.42065E-07       0.675674       0.337077       0.779168       0.684925       0.682921        1.07041        1.07041        1.07041        1.08395           1.05        0.94767              1              1           1.02
           1.74             -1             -1             -1             -1    -1.4191E-07   -1.29225E-07   -1.32191E-07   -1.33513E-07   -1.38909E-07       0.675674       0.337077       0.779168       0.684925       0.682921        1.07041        1.07041        1.07041        1.08395           1.05        0.94767              1              1           1.02
           1.79             -1             -1             -1             -1   -1.41376E-07   -1.35742E-07   -1.30045E-07   -1.35818E-07    -1.3273E-07       0.675674       0.337077       0.779168       0.684925       0.682921        1.07041        1.07041        1.07041        1.08395           1.05        0.94767              1              1           1.02
           1.84             -1             -1             -1             -1   -1.38133E-07   -1.42156E-07   -1.25174E-07   -1.36642E-07   -1.28917E-07       0.675674       0.337077       0.779168       0.684925       0.682921        1.07041        1.07041        1.07041        1.08395           1.05        0.94767              1              1           1.02
           1.89             -1             -1             -1             -1   -1.32161E-07   -1.47175E-07   -1.18652E-07   -1.37024E-07   -1.33957E-07       0.675674       0.337077       0.779168       0.684925       0.682921        1.07041        1.07041        1.07041        1.08395           1.05        0.94767              1              1           1.02
           1.94             -1             -1             -1             -1   -1.27666E-07   -1.48847E-07   -1.10727E-07   -1.37251E-07   -1.43117E-07       0.675674       0.337077       0.779168       0.684925       0.682921        1.07041        1.07041        1.07041        1.08395           1.05        0.94767              1              1           1.02
           1.99             -1             -1             -1             -1   -1.28179E-07   -1.49022E-07   -1.11635E-07   -1.37418E-07   -1.52649E-07       0.675674       0.337077       0.779168       0.684925       0.682921        1.07041        1.07041        1.07041        1.08395           1.05        0.94767              1              1           1.02
           2.04             -1             -1             -1             -1   -1.33207E-07   -1.48406E-07   -1.21851E-07   -1.38421E-07   -1.62203E-07       0.675674       0.337077       0.779168       0.684925       0.682921        1.07041        1.07041        1.07041        1.08395           1.05        0.94767              1              1           1.02
           2.09             -1             -1             -1             -1   -1.39898E-07   -1.47185E-07    -1.3281E-07   -1.40725E-07   -1.72985E-07       0.675674       0.337077       0.779168       0.684925       0.682921        1.07041        1.07041        1.07041        1.08395           1.05        0.94767              1              1           1.02
           2.14             -1             -1             -1             -1   -1.45994E-07   -1.45728E-07   -1.43996E-07   -1.44689E-07   -1.79997E-07       0.675674       0.337077       0.779168       0.684925       0.682921        1.07041        1.07041        1.07041        1.08395           1.05        0.94767              1              1           1.02
           2.19             -1             -1             -1             -1   -1.51865E-07   -1.44568E-07   -1.55389E-07   -1.50934E-07    -1.8083E-07       0.675674       0.337077       0.779168       0.684925       0.682921        1.07041        1.07041        1.07041        1.08395           1.05        0.94767              1              1           1.02
           2.24             -1             -1             -1             -1   -1.58987E-07    -1.4466E-07   -1.68164E-07   -1.61119E-07   -1.75812E-07       0.675674       0.337077       0.779168       0.684925       0.682921        1.07041        1.07041        1.07041        1.08395           1.05        0.94767              1              1           1.02
           2.29             -1             -1             -1             -1   -1.66704E-07    -1.4662E-07   -1.81352E-07   -1.74336E-07     -1.672E-07       0.675674       0.337077       0.779168       0.684925       0.682921        1.07041        1.07041        1.07041        1.08395           1.05        0.94767              1              1           1.02
        2.34001             -1             -1             -1             -1   -1.75653E-07   -1.50418E-07   -1.95428E-07   -1.91554E-07   -1.62554E-07       0.675674       0.337077       0.779168       0.684925       0.682921        1.07041        1.07041        1.07041        1.08395           1.05        0.94767              1              1           1.02
        2.39001             -1             -1             -1             -1   -1.81667E-07   -1.56975E-07   -2.02032E-07     -2.063E-07   -1.64044E-07       0.675674       0.337077       0.779168       0.684925       0.682921        1.07041        1.07041        1.07041        1.08395           1.05        0.94767              1              1           1.02
        2.44001             -1             -1             -1             -1   -1.84643E-07   -1.66745E-07   -2.00918E-07    -2.1258E-07   -1.71802E-07       0.675674       0.337077       0.779168       0.684925       0.682921        1.07041        1.07041        1.07041        1.08395           1.05        0.94767              1              1           1.02
        2.49001             -1             -1             -1             -1   -1.86531E-07    -1.7708E-07   -1.93736E-07   -2.10933E-07   -1.81356E-07       0.675674       0.337077       0.779168       0.684925       0.682921        1.07041        1.07041        1.07041        1.08395           1.05        0.94767              1              1           1.02
        2.54001             -1             -1             -1             -1   -1.87886E-07   -1.87989E-07    -1.8321E-07   -2.03136E-07   -1.90121E-07       0.675674       0.337077       0.779168       0.684925       0.682921        1.07041        1.07041        1.07041        1.08395           1.05        0.94767              1              1           1.02
        2.59001             -1             -1             -1             -1   -1.89672E-07   -1.98774E-07    -1.7933E-07   -1.91363E-07   -1.99456E-07       0.675674       0.337077       0.779168       0.684925       0.682921        1.07041        1.07041        1.07041        1.08395           1.05        0.94767              1              1           1.02
        2.64001             -1             -1             -1             -1   -1.92791E-07   -2.08934E-07   -1.83912E-07   -1.79853E-07   -2.11005E-07       0.675674       0.337077       0.779168       0.684925       0.682921        1.07041        1.07041        1.07041        1.08395           1.05        0.94767              1              1           1.02
        2.69001             -1             -1             -1             -1   -1.98313E-07   -2.16344E-07   -1.94933E-07   -1.77321E-07   -2.19419E-07       0.675674       0.337077       0.779168       0.684925       0.682921        1.07041        1.07041        1.07041        1.08395           1.05        0.94767              1              1           1.02
        2.74002             -1             -1             -1             -1   -2.07015E-07   -2.22306E-07   -2.04922E-07   -1.83745E-07    -2.2137E-07       0.675674       0.337077       0.779168       0.684925       0.682921        1.07041        1.07041        1.07041        1.08395           1.05        0.94767              1              1           1.02
        2.79002             -1             -1             -1             -1   -2.16888E-07   -2.26463E-07   -2.11857E-07   -1.96736E-07   -2.18631E-07       0.675674       0.337077       0.779168       0.684925       0.682921        1.07041        1.07041        1.07041        1.08395           1.05        0.94767              1              1           1.02
        2.84002             -1             -1             -1             -1   -2.23989E-07   -2.29972E-07   -2.16273E-07   -2.08163E-07   -2.14642E-07       0.675674       0.337077       0.779168       0.684925       0.682921        1.07041        1.07041        1.07041        1.08395           1.05        0.94767              1              1           1.02
        2.89002             -1             -1             -1             -1   -2.29346E-07   -2.32774E-07   -2.17904E-07   -2.16353E-07   -2.07345E-07       0.675674       0.337077       0.779168       0.684925       0.682921        1.07041        1.07041        1.07041        1.08395           1.05        0.94767              1              1           1.02
        2.94002             -1             -1             -1             -1   -2.33739E-07   -2.35196E-07   -2.17986E-07   -2.22037E-07    -2.0248E-07       0.675674       0.337077       0.779168       0.684925       0.682921        1.07041        1.07041        1.07041        1.08395           1.05        0.94767              1              1           1.02
        2.99002             -1             -1             -1             -1   -2.38685E-07   -2.37854E-07    -2.1745E-07   -2.25356E-07   -2.02875E-07       0.675674       0.337077       0.779168       0.684925       0.682921        1.07041        1.07041        1.07041        1.08395           1.05        0.94767              1              1           1.02
        3.04002             -1             -1             -1             -1   -2.45007E-07   -2.39506E-07   -2.16335E-07   -2.27076E-07   -2.09098E-07       0.675674       0.337077       0.779168       0.684925       0.682921        1.07041        1.07041        1.07041        1.08395           1.05        0.94767              1              1           1.02
        3.09002             -1             -1             -1             -1    -2.5061E-07   -2.39486E-07   -2.15964E-07   -2.28317E-07   -2.17973E-07       0.675674       0.337077       0.779168       0.684925       0.682921        1.07041        1.07041        1.07041        1.08395           1.05        0.94767              1              1           1.02
        3.14002             -1             -1             -1             -1   -2.51493E-07   -2.38911E-07   -2.17285E-07   -2.29237E-07   -2.27286E-07       0.675674       0.337077       0.779168       0.684925       0.682921        1.07041        1.07041        1.07041        1.08395           1.05        0.94767              1              1           1.02
        3.19003             -1             -1             -1             -1    -2.4905E-07   -2.38696E-07   -2.21454E-07    -2.3055E-07   -2.37476E-07       0.675674       0.337077       0.779168       0.684925       0.682921        1.07041        1.07041        1.07041        1.08395           1.05        0.94767              1              1           1.02
        3.24003             -1             -1             -1             -1   -2.44884E-07   -2.39229E-07    -2.2876E-07   -2.32663E-07   -2.47513E-07       0.675674       0.337077       0.779168       0.684925       0.682921        1.07041        1.07041        1.07041        1.08395           1.05        0.94767              1              1           1.02
        3.29003             -1             -1             -1             -1   -2.44863E-07   -2.40102E-07   -2.38811E-07   -2.35457E-07   -2.54262E-07       0.675674       0.337077       0.779168       0.684925       0.682921        1.07041        1.07041        1.07041        1.08395           1.05        0.94767              1              1           1.02
        3.34003             -1             -1             -1             -1   -2.48702E-07   -2.41518E-07   -2.51792E-07    -2.4009E-07   -2.53122E-07       0.675674       0.337077       0.779168       0.684925       0.682921        1.07041        1.07041        1.07041        1.08395           1.05        0.94767              1              1           1.02
        3.39003             -1             -1             -1             -1   -2.48886E-07   -2.43037E-07   -2.67519E-07   -2.47493E-07   -2.45102E-07       0.675674       0.337077       0.779168       0.684925       0.682921        1.07041        1.07041        1.07041        1.08395           1.05        0.94767              1              1           1.02
        3.44003             -1             -1             -1             -1   -2.45828E-07   -2.45284E-07   -2.78416E-07   -2.57523E-07   -2.38441E-07       0.675674       0.337077       0.779168       0.684925       0.682921        1.07041        1.07041        1.07041        1.08395           1.05        0.94767              1              1           1.02
        3.49003             -1             -1             -1             -1   -2.46156E-07   -2.48835E-07   -2.80914E-07   -2.71528E-07   -2.37608E-07       0.675674       0.337077       0.779168       0.684925       0.682921        1.07041        1.07041        1.07041        1.08395           1.05        0.94767              1              1           1.02
        3.54003             -1             -1             -1             -1   -2.49954E-07    -2.5411E-07   -2.75837E-07   -2.80519E-07   -2.43393E-07       0.675674       0.337077       0.779168       0.684925       0.682921        1.07041        1.07041        1.07041        1.08395           1.05        0.94767              1              1           1.02
        3.59003             -1             -1             -1             -1   -2.53094E-07   -2.60216E-07   -2.64341E-07   -2.83098E-07   -2.55687E-07       0.675674       0.337077       0.779168       0.684925       0.682921        1.07041        1.07041        1.07041        1.08395           1.05        0.94767              1              1           1.02
        3.64004             -1             -1             -1             -1   -2.54449E-07   -2.65409E-07   -2.53567E-07   -2.79015E-07   -2.69229E-07       0.675674       0.337077       0.779168       0.684925       0.682921        1.07041        1.07041        1.07041        1.08395           1.05        0.94767              1              1           1.02
        3.69004             -1             -1             -1             -1   -2.56111E-07   -2.70828E-07   -2.49502E-07   -2.70633E-07   -2.83407E-07       0.675674       0.337077       0.779168       0.684925       0.682921        1.07041        1.07041        1.07041        1.08395           1.05        0.94767              1              1           1.02
        3.74004             -1             -1             -1             -1   -2.58656E-07   -2.76708E-07   -2.52804E-07   -2.60412E-07   -2.97037E-07       0.675674       0.337077       0.779168       0.684925       0.682921        1.07041        1.07041        1.07041        1.08395           1.05        0.94767              1              1           1.02
        3.79004             -1             -1             -1             -1   -2.62577E-07   -2.80772E-07   -2.63866E-07   -2.58382E-07   -3.06329E-07       0.675674       0.337077       0.779168       0.684925       0.682921        1.07041        1.07041        1.07041        1.08395           1.05        0.94767              1              1           1.02
        3.84004             -1             -1             -1             -1   -2.66887E-07   -2.82219E-07   -2.78437E-07   -2.65761E-07   -3.12684E-07       0.675674       0.337077       0.779168       0.684925       0.682921        1.07041        1.07041        1.07041        1.08395           1.05        0.94767              1              1           1.02
        3.89004             -1             -1             -1             -1   -2.72552E-07   -2.82927E-07   -2.89334E-07   -2.76722E-07    -3.1562E-07       0.675674       0.337077       0.779168       0.684925       0.682921        1.07041        1.07041        1.07041        1.08395           1.05        0.94767              1              1           1.02
        3.94004             -1             -1             -1             -1   -2.81193E-07   -2.83686E-07   -2.97404E-07    -2.8637E-07   -3.16869E-07       0.675674       0.337077       0.779168       0.684925       0.682921        1.07041        1.07041        1.07041        1.08395           1.05        0.94767              1              1           1.02
        3.99004             -1             -1             -1             -1   -2.91804E-07   -2.84969E-07   -3.03286E-07   -2.95373E-07   -3.17285E-07       0.675674       0.337077       0.779168       0.684925       0.682921        1.07041        1.07041        1.07041        1.08395           1.05        0.94767              1              1           1.02
        4.04004             -1             -1             -1             -1   -2.99973E-07   -2.87504E-07   -3.07827E-07   -3.03683E-07   -3.16672E-07       0.675674       0.337077       0.779168       0.684925       0.682921        1.07041        1.07041        1.07041        1.08395           1.05        0.94767              1              1           1.02
        4.09005             -1             -1             -1             -1   -3.05966E-07   -2.91558E-07    -3.1053E-07   -3.12184E-07   -3.17548E-07       0.675674       0.337077       0.779168       0.684925       0.682921        1.07041        1.07041        1.07041        1.08395           1.05        0.94767              1              1           1.02
        4.14005             -1             -1             -1             -1   -3.10564E-07   -2.96956E-07   -3.12759E-07   -3.20972E-07   -3.19608E-07       0.675674       0.337077       0.779168       0.684925       0.682921        1.07041        1.07041        1.07041        1.08395           1.05        0.94767              1              1           1.02
        4.19005             -1             -1             -1             -1   -3.14484E-07   -3.01338E-07   -3.14906E-07   -3.30381E-07   -3.21624E-07       0.675674       0.337077       0.779168       0.684925       0.682921        1.07041        1.07041        1.07041        1.08395           1.05        0.94767              1              1           1.02
        4.24005             -1             -1             -1             -1   -3.19041E-07   -3.06274E-07   -3.17733E-07   -3.40255E-07   -3.22895E-07       0.675674       0.337077       0.779168       0.684925       0.682921        1.07041        1.07041        1.07041        1.08395           1.05        0.94767              1              1           1.02
        4.29005             -1             -1             -1             -1   -3.23803E-07   -3.12114E-07    -3.2182E-07    -3.4761E-07   -3.19608E-07       0.675674       0.337077       0.779168       0.684925       0.682921        1.07041        1.07041        1.07041        1.08395           1.05        0.94767              1              1           1.02
        4.34005             -1             -1             -1             -1   -3.24726E-07   -3.18179E-07   -3.27846E-07   -3.43861E-07   -3.17636E-07       0.675674       0.337077       0.779168       0.684925       0.682921        1.07041        1.07041        1.07041        1.08395           1.05        0.94767              1              1           1.02
        4.39005             -1             -1             -1             -1   -3.21381E-07   -3.22386E-07   -3.35379E-07   -3.32494E-07   -3.17811E-07       0.675674       0.337077       0.779168       0.684925       0.682921        1.07041        1.07041        1.07041        1.08395           1.05        0.94767              1              1           1.02
        4.44005             -1             -1             -1             -1   -3.19493E-07   -3.24962E-07   -3.44502E-07   -3.23026E-07   -3.20046E-07       0.675674       0.337077       0.779168       0.684925       0.682921        1.07041        1.07041        1.07041        1.08395           1.05        0.94767              1              1           1.02
        4.49006             -1             -1             -1             -1   -3.21381E-07   -3.28133E-07   -3.46999E-07   -3.15384E-07   -3.24604E-07       0.675674       0.337077       0.779168       0.684925       0.682921        1.07041        1.07041        1.07041        1.08395           1.05        0.94767              1              1           1.02
        4.54006             -1             -1             -1             -1   -3.26943E-07   -3.33449E-07   -3.40828E-07   -3.10477E-07   -3.25349E-07       0.675674       0.337077       0.779168       0.684925       0.682921        1.07041        1.07041        1.07041        1.08395           1.05        0.94767              1              1           1.02
        4.59006             -1             -1             -1             -1   -3.30432E-07   -3.38468E-07   -3.33543E-07    -3.0939E-07    -3.2169E-07       0.675674       0.337077       0.779168       0.684925       0.682921        1.07041        1.07041        1.07041        1.08395           1.05        0.94767              1              1           1.02
        4.64006             -1             -1             -1             -1   -3.33244E-07   -3.42932E-07   -3.31396E-07   -3.12268E-07   -3.18951E-07       0.675674       0.337077       0.779168       0.684925       0.682921        1.07041        1.07041        1.07041        1.08395           1.05        0.94767              1              1           1.02
        4.69006             -1             -1             -1             -1    -3.3583E-07   -3.47047E-07   -3.34678E-07   -3.19706E-07   -3.23531E-07       0.675674       0.337077       0.779168       0.684925       0.682921        1.07041        1.07041        1.07041        1.08395           1.05        0.94767              1              1           1.02
        4.74006             -1             -1             -1             -1   -3.39073E-07   -3.51265E-07   -3.43222E-07   -3.31038E-07    -3.2971E-07       0.675674       0.337077       0.779168       0.684925       0.682921        1.07041        1.07041        1.07041        1.08395           1.05        0.94767              1              1           1.02
        4.79006             -1             -1             -1             -1   -3.43938E-07   -3.54529E-07   -3.50776E-07   -3.47336E-07   -3.35298E-07       0.675674       0.337077       0.779168       0.684925       0.682921        1.07041        1.07041        1.07041        1.08395           1.05        0.94767              1              1           1.02
        4.84006             -1             -1             -1             -1   -3.50424E-07   -3.55832E-07   -3.53521E-07   -3.60971E-07   -3.42376E-07       0.675674       0.337077       0.779168       0.684925       0.682921        1.07041        1.07041        1.07041        1.08395           1.05        0.94767              1              1           1.02
        4.89006             -1             -1             -1             -1   -3.59414E-07   -3.56571E-07   -3.52468E-07   -3.69604E-07   -3.50396E-07       0.675674       0.337077       0.779168       0.684925       0.682921        1.07041        1.07041        1.07041        1.08395           1.05        0.94767              1              1           1.02
        4.94007             -1             -1             -1             -1   -3.68937E-07   -3.57607E-07   -3.47948E-07   -3.72995E-07   -3.61353E-07       0.675674       0.337077       0.779168       0.684925       0.682921        1.07041        1.07041        1.07041        1.08395           1.05        0.94767              1              1           1.02
        4.99007             -1             -1             -1             -1   -3.73884E-07   -3.58901E-07   -3.40911E-07   -3.71514E-07   -3.70337E-07       0.675674       0.337077       0.779168       0.684925       0.682921        1.07041        1.07041        1.07041        1.08395           1.05        0.94767              1              1           1.02
        5.00007             -1             -1             -1             -1   -3.74335E-07   -3.59126E-07   -3.39156E-07   -3.71025E-07   -3.71433E-07       0.675674       0.337077       0.779168       0.684925       0.682921        1.07041        1.07041        1.07041        1.08395           1.05        0.94767              1              1           1.02
        5.00007             -1             -1             -1             -1   -3.74335E-07   -3.59126E-07              0   -3.71025E-07   -3.71433E-07       0.675674       0.337077              0       0.684925       0.682921        1.06943        1.06943        1.06943        1.08304        1.04891       0.946909       0.991988       0.999462        1.01943
        5.05007             -1             -1             -1             -1   -0.000128617    -0.00013552              0   -2.90281E-05   -4.29553E-05       0.675677       0.337077              0       0.684925       0.682921        1.06936        1.06936        1.06936        1.08297        1.04943       0.947594       0.994396       0.999392        1.01939
        5.10007             -1             -1             -1             -1   -0.000267516   -0.000258278              0   -6.81737E-05   -9.84515E-05       0.675655       0.337057              0       0.684925       0.682921        1.06926        1.06926        1.06926        1.08289        1.04979       0.948019       0.996031       0.999361        1.01941
        5.15007             -1             -1             -1             -1   -0.000417016   -0.000383586              0   -0.000119661   -0.000165375       0.675594       0.337013              0       0.684925       0.682921        1.06909        1.06909         1.0691        1.08275        1.05002       0.948281       0.997452       0.999306        1.01939
        5.20007             -1             -1             -1             -1   -0.000575991   -0.000519056              0   -0.000185694   -0.000243236       0.675494       0.336952              0       0.684925       0.682921        1.06885        1.06885        1.06885        1.08253        1.05013        0.94841       0.998437       0.999217        1.01932
        5.25007             -1             -1             -1             -1   -0.000740698   -0.000666106              0   -0.000267654   -0.000331552        0.67536       0.336882              0       0.684925       0.682921        1.06854        1.06854        1.06854        1.08225        1.05015        0.94843       0.998841       0.999105        1.01922
        5.30007             -1             -1             -1             -1   -0.000905156    -0.00082161              0   -0.000365508   -0.000429298       0.675198       0.336808              0       0.684925       0.682921        1.06822        1.06822        1.06822        1.08196        1.05013       0.948372       0.998715       0.998993        1.01911
        5.35007             -1             -1             -1             -1    -0.00106223   -0.000979582              0    -0.00047791   -0.000535105       0.675018       0.336739              0       0.684925       0.682921        1.06792        1.06792        1.06792        1.08169        1.05009       0.948272       0.998241       0.998902        1.01901
        5.40008             -1             -1             -1             -1    -0.00120494    -0.00113279              0   -0.000602654   -0.000647765       0.674832        0.33668              0       0.684925       0.682921        1.06768        1.06768        1.06768        1.08147        1.05005       0.948155        0.99762       0.998852        1.01895
        5.45008             -1             -1             -1             -1    -0.00132757    -0.00127409              0   -0.000736718   -0.000765984       0.674653       0.336639              0       0.684925       0.682921        1.06753        1.06754        1.06754        1.08133        1.05001       0.948026       0.996974       0.998857        1.01894
        5.50008             -1             -1             -1             -1     -0.0014265    -0.00139757              0   -0.000876457   -0.000888265       0.674492       0.336624              0       0.684925       0.682921        1.06748        1.06748        1.06748        1.08128        1.04996       0.947873       0.996322       0.998915        1.01897
        5.55008             -1             -1             -1             -1    -0.00150077    -0.00149945              0    -0.00101826     -0.0010134       0.674363       0.336642              0       0.684925       0.682921        1.06749        1.06749        1.06749        1.08129        1.04987       0.947676        0.99563       0.999012        1.01905
        5.60008             -1             -1             -1             -1    -0.00155224    -0.00157846              0    -0.00115888    -0.00114049       0.674275       0.336698              0       0.684925       0.682921        1.06755        1.06756        1.06756        1.08135        1.04973        0.94743       0.994886       0.999133        1.01915
        5.65008             -1             -1             -1             -1    -0.00158529    -0.00163591              0     -0.0012955    -0.00126863       0.674238       0.336798              0       0.684925       0.682921        1.06765        1.06765        1.06765        1.08144        1.04955       0.947151        0.99416       0.999259        1.01927
        5.70008             -1             -1             -1             -1    -0.00160631    -0.00167539              0     -0.0014263    -0.00139736       0.674253        0.33694              0       0.684925       0.682921        1.06776        1.06776        1.06776        1.08154        1.04935       0.946873       0.993595       0.999373         1.0194
        5.75008             -1             -1             -1             -1    -0.00162283    -0.00170215              0    -0.00155075    -0.00152679       0.674322       0.337126              0       0.684925       0.682921        1.06787        1.06787        1.06787        1.08164        1.04918       0.946642       0.993357       0.999466        1.01952
        5.80009             -1             -1             -1             -1     -0.0016424    -0.00172227              0    -0.00166922    -0.00165694        0.67444        0.33735              0       0.684925       0.682921        1.06798        1.06798        1.06798        1.08174        1.04906       0.946494       0.993543       0.999536        1.01964
        5.85009             -1             -1             -1             -1    -0.00167152    -0.00174192              0    -0.00178296    -0.00178767         0.6746       0.337606              0       0.684925       0.682921        1.06807        1.06808        1.06808        1.08183        1.04901       0.946445       0.994126       0.999576        1.01975
        5.90009             -1             -1             -1             -1    -0.00171487    -0.00176672              0    -0.00189406    -0.00191898       0.674792       0.337886              0       0.684925       0.682921        1.06815        1.06815        1.06816        1.08191        1.04903       0.946488       0.994956       0.999586        1.01984
        5.95009             -1             -1             -1             -1    -0.00177468    -0.00180111              0     -0.0020048    -0.00205038       0.675005       0.338181              0       0.684925       0.682921        1.06821        1.06822        1.06822        1.08196         1.0491       0.946601       0.995823       0.999572        1.01992
        6.00009             -1             -1             -1             -1    -0.00185058    -0.00184796              0    -0.00211706    -0.00218069       0.675229       0.338483              0       0.684925       0.682921        1.06826        1.06826        1.06826        1.08201        1.04921       0.946756       0.996538       0.999539        1.01998
        6.05009             -1             -1             -1             -1    -0.00194003    -0.00190854              0     -0.0022324    -0.00230863       0.675454       0.338784              0       0.684925       0.682921         1.0683         1.0683         1.0683        1.08205        1.04935       0.946937       0.997002       0.999496        1.02003
        6.10009             -1             -1             -1             -1    -0.00203895    -0.00198256              0    -0.00235161    -0.00243283       0.675671       0.339077              0       0.684925       0.682921        1.06835        1.06835        1.06835        1.08209         1.0495       0.947134       0.997216       0.999461        1.02007
        6.15009             -1             -1             -1             -1    -0.00214269     -0.0020685              0    -0.00247426    -0.00255148       0.675877       0.339358              0       0.684925       0.682921        1.06843        1.06844        1.06844        1.08217        1.04966       0.947343       0.997246        0.99945        1.02012
        6.20009             -1             -1             -1             -1    -0.00224697    -0.00216411              0    -0.00259898    -0.00266304       0.676071       0.339625              0       0.684925       0.682921        1.06856        1.06856        1.06856        1.08229        1.04983       0.947561       0.997172       0.999467        1.02017
         6.2501             -1             -1             -1             -1    -0.00234874    -0.00226697              0    -0.00272376    -0.00276662       0.676255       0.339878              0       0.684925       0.682921        1.06873        1.06873        1.06873        1.08244        1.04999       0.947779       0.997048       0.999515        1.02022
         6.3001             -1             -1             -1             -1    -0.00244662    -0.00237485              0    -0.00284569     -0.0028615       0.676431       0.340118              0       0.684925       0.682921        1.06893        1.06893        1.06893        1.08262        1.05013       0.947981       0.996894       0.999594        1.02028
         6.3501             -1             -1             -1             -1    -0.00254106    -0.00248606              0     -0.0029615    -0.00294743       0.676604       0.340349              0       0.684925       0.682921        1.06915        1.06915        1.06915        1.08282        1.05023       0.948154       0.996724       0.999688        1.02033
         6.4001             -1             -1             -1             -1    -0.00263422    -0.00259975              0    -0.00306832    -0.00302518       0.676778       0.340574              0       0.684925       0.682921        1.06937        1.06937        1.06937        1.08302        1.05029        0.94829       0.996564       0.999784        1.02037
         6.4501             -1             -1             -1             -1    -0.00272942    -0.00271576              0    -0.00316372    -0.00309597       0.676957       0.340796              0       0.684925       0.682921        1.06958        1.06958        1.06958         1.0832         1.0503       0.948387       0.996468       0.999871         1.0204
         6.5001             -1             -1             -1             -1     -0.0028304    -0.00283449              0    -0.00324592    -0.00316112       0.677141       0.341019              0       0.684925       0.682921        1.06976        1.06976        1.06977        1.08336        1.05029       0.948452       0.996499       0.999939        1.02042
         6.5501             -1             -1             -1             -1    -0.00294063    -0.00295669              0    -0.00331459    -0.00322258       0.677332       0.341246              0       0.684925       0.682921        1.06991        1.06991        1.06992        1.08349        1.05026       0.948493       0.996702       0.999975        1.02042
         6.6001             -1             -1             -1             -1    -0.00306248    -0.00308308              0    -0.00337075    -0.00328243       0.677526       0.341479              0       0.684925       0.682921        1.07002        1.07002        1.07003        1.08359        1.05022       0.948513       0.997069       0.999976         1.0204
         6.6501             -1             -1             -1             -1    -0.00319656    -0.00321396              0    -0.00341634    -0.00334207       0.677723        0.34172              0       0.684925       0.682921        1.07009        1.07009        1.07009        1.08364        1.05018       0.948513       0.997537       0.999941        1.02038
        6.70011             -1             -1             -1             -1    -0.00334152    -0.00334898              0    -0.00345439    -0.00340271        0.67792        0.34197              0       0.684925       0.682921         1.0701         1.0701         1.0701        1.08365        1.05014       0.948486       0.998002       0.999865        1.02033
        6.75011             -1             -1             -1             -1    -0.00349413    -0.00348709              0    -0.00348884    -0.00346542       0.678113        0.34223              0       0.684925       0.682921        1.07005        1.07005        1.07005         1.0836         1.0501       0.948431       0.998357       0.999751        1.02026
        6.80011             -1             -1             -1             -1    -0.00364951    -0.00362633              0    -0.00352359    -0.00353043       0.678303         0.3425              0       0.684925       0.682921        1.06996        1.06996        1.06996        1.08352        1.05006       0.948345       0.998531       0.999612        1.02018
        6.85011             -1             -1             -1             -1    -0.00380192     -0.0037641              0    -0.00356222    -0.00359743        0.67849       0.342781              0       0.684925       0.682921        1.06982        1.06982        1.06982        1.08339        1.05001       0.948234       0.998499       0.999453        1.02009
        6.90011             -1             -1             -1             -1    -0.00394559     -0.0038975              0    -0.00360814    -0.00366643        0.67868       0.343077              0       0.684925       0.682921        1.06965        1.06965        1.06965        1.08323        1.04997       0.948106       0.998287       0.999287        1.01999
        6.95011             -1             -1             -1             -1    -0.00407556    -0.00402357              0    -0.00366371    -0.00373716       0.678875       0.343387              0       0.684925       0.682921        1.06946        1.06946        1.06946        1.08306        1.04993        0.94797       0.997943       0.999132        1.01989
        7.00011             -1             -1             -1             -1    -0.00418831    -0.00413971              0    -0.00372998    -0.00380908       0.679084       0.343715              0       0.684925       0.682921        1.06928        1.06928        1.06928        1.08289        1.04988        0.94783       0.997519       0.998999        1.01981
        7.05011             -1             -1             -1             -1    -0.00428232    -0.00424409              0    -0.00380724     -0.0038823       0.679313       0.344062              0       0.684925       0.682921         1.0691         1.0691         1.0691        1.08272        1.04983       0.947688        0.99706       0.998892        1.01973
        7.10011             -1             -1             -1             -1    -0.00435821    -0.00433582              0    -0.00389486    -0.00395736       0.679569        0.34443              0       0.684925       0.682921        1.06894        1.06894        1.06894        1.08257        1.04975       0.947545       0.996601        0.99882        1.01967
        7.15012             -1             -1             -1             -1     -0.0044184    -0.00441499              0    -0.00399099    -0.00403448       0.679857        0.34482              0       0.684925       0.682921         1.0688         1.0688         1.0688        1.08244        1.04966       0.947401       0.996172       0.998784        1.01963
        7.20012             -1             -1             -1             -1     -0.0044668    -0.00448264              0     -0.0040934    -0.00411429       0.680181       0.345232              0       0.684925       0.682921        1.06868        1.06868        1.06868        1.08232        1.04956       0.947258       0.995809       0.998774         1.0196
        7.25012             -1             -1             -1             -1     -0.0045081    -0.00454063              0    -0.00419992    -0.00419793        0.68054       0.345665              0       0.684925       0.682921        1.06856        1.06857        1.06857        1.08221        1.04945       0.947124       0.995547       0.998786        1.01957
        7.30012             -1             -1             -1             -1    -0.00454698    -0.00459117              0    -0.00430809    -0.00428594       0.680934       0.346117              0       0.684925       0.682921        1.06847        1.06847        1.06847        1.08213        1.04935       0.947005       0.995409       0.998817        1.01957
        7.35012             -1             -1             -1             -1    -0.00458738     -0.0046366              0    -0.00441568    -0.00437846       0.681358       0.346585              0       0.684925       0.682921         1.0684         1.0684         1.0684        1.08205        1.04926       0.946907         0.9954       0.998856        1.01957
        7.40012             -1             -1             -1             -1     -0.0046321    -0.00467914              0    -0.00452146    -0.00447593       0.681805       0.347066              0       0.684925       0.682921        1.06833        1.06833        1.06834          1.082        1.04919       0.946834       0.995498       0.998895        1.01958
        7.45012             -1             -1             -1             -1    -0.00468231    -0.00472054              0    -0.00462459    -0.00457809        0.68227       0.347554              0       0.684925       0.682921         1.0683         1.0683         1.0683        1.08196        1.04916       0.946786        0.99566        0.99894         1.0196
        7.50012             -1             -1             -1             -1    -0.00473756    -0.00476192              0    -0.00472454    -0.00468375       0.682744       0.348047              0       0.684925       0.682921         1.0683         1.0683         1.0683        1.08196        1.04915       0.946761       0.995836       0.998988        1.01964
        7.55013             -1             -1             -1             -1    -0.00479612    -0.00480384              0    -0.00482175    -0.00479194       0.683222       0.348539              0       0.684925       0.682921        1.06832        1.06832        1.06832          1.082        1.04918        0.94676       0.995982       0.999033        1.01969
        7.60013             -1             -1             -1             -1    -0.00485543     -0.0048464              0    -0.00491706    -0.00490151       0.683698       0.349029              0       0.684925       0.682921        1.06839        1.06839        1.06839        1.08207        1.04923       0.946782       0.996079       0.999087        1.01975
        7.65013             -1             -1             -1             -1    -0.00491261    -0.00488921              0    -0.00501101    -0.00501047       0.684171       0.349512              0       0.684925       0.682921        1.06851        1.06851        1.06851        1.08218         1.0493       0.946826       0.996124       0.999151        1.01983
        7.70013             -1             -1             -1             -1    -0.00496528    -0.00493188              0    -0.00510423    -0.00511709       0.684639       0.349987              0       0.684925       0.682921        1.06865        1.06865        1.06865        1.08233        1.04939       0.946895       0.996134       0.999219        1.01991
        7.75013             -1             -1             -1             -1    -0.00501212    -0.00497422              0    -0.00519744    -0.00522029       0.685101       0.350453              0       0.684925       0.682921        1.06882        1.06882        1.06882        1.08249        1.04948       0.946987       0.996129       0.999292           1.02
        7.80013             -1             -1             -1             -1    -0.00505309    -0.00501632              0    -0.00529044    -0.00531855       0.685559       0.350909              0       0.684925       0.682921        1.06902        1.06902        1.06902        1.08268        1.04958       0.947098       0.996128       0.999373        1.02009
        7.85013             -1             -1             -1             -1    -0.00508962    -0.00505879              0    -0.00538242    -0.00541054       0.686015       0.351356              0       0.684925       0.682921        1.06921        1.06921        1.06921        1.08286        1.04967       0.947223       0.996144       0.999452        1.02018
        7.90013             -1             -1             -1             -1    -0.00512461     -0.0051029              0    -0.00547269    -0.00549605        0.68647       0.351793              0       0.684925       0.682921        1.06939         1.0694         1.0694        1.08304        1.04974       0.947358       0.996187       0.999523        1.02025
        7.95013             -1             -1             -1             -1    -0.00516185    -0.00515033              0    -0.00555995    -0.00557494       0.686925        0.35222              0       0.684925       0.682921        1.06957        1.06957        1.06957         1.0832        1.04981       0.947498       0.996269       0.999594        1.02032
        8.00014             -1             -1             -1             -1    -0.00520545    -0.00520299              0    -0.00564241    -0.00564685       0.687378       0.352638              0       0.684925       0.682921        1.06974        1.06974        1.06974        1.08335        1.04985       0.947639       0.996399       0.999659        1.02039
        8.05014             -1             -1             -1             -1    -0.00525941    -0.00526292              0    -0.00571888    -0.00571245       0.687826       0.353045              0       0.684925       0.682921        1.06989        1.06989        1.06989        1.08348        1.04989       0.947779       0.996584       0.999713        1.02044
        8.10014             -1             -1             -1             -1    -0.00532688     -0.0053319              0    -0.00578859    -0.00577273       0.688266       0.353443              0       0.684925       0.682921        1.07002        1.07003        1.07003         1.0836        1.04992       0.947915       0.996824        0.99976        1.02049
        8.15014             -1             -1             -1             -1    -0.00540958    -0.00541109              0    -0.00585061    -0.00582795       0.688695       0.353829              0       0.684925       0.682921        1.07015        1.07015        1.07015        1.08372        1.04995       0.948044       0.997103       0.999799        1.02053
        8.20014             -1             -1             -1             -1    -0.00550756    -0.00550097              0    -0.00590487    -0.00587872       0.689107       0.354203              0       0.684925       0.682921        1.07024        1.07025        1.07025         1.0838        1.04999       0.948159       0.997392       0.999815        1.02055
        8.25014             -1             -1             -1             -1    -0.00561927    -0.00560118              0    -0.00595227    -0.00592625       0.689499       0.354567              0       0.684925       0.682921         1.0703         1.0703        1.07031        1.08385        1.05002       0.948255       0.997657       0.999805        1.02054
        8.30014             -1             -1             -1             -1    -0.00574146    -0.00571032              0     -0.0059936    -0.00597078       0.689869        0.35492              0       0.684925       0.682921        1.07033        1.07033        1.07033        1.08387        1.05005       0.948326       0.997864       0.999773        1.02052
        8.35014             -1             -1             -1             -1     -0.0058697    -0.00582615              0    -0.00602994     -0.0060124       0.690216       0.355264              0       0.684925       0.682921        1.07032        1.07032        1.07032        1.08386        1.05008       0.948368        0.99799       0.999712        1.02047
        8.40014             -1             -1             -1             -1    -0.00599907    -0.00594589              0    -0.00606329     -0.0060521       0.690543       0.355601              0       0.684925       0.682921        1.07027        1.07027        1.07027        1.08381         1.0501       0.948381       0.998027       0.999626         1.0204
        8.45015             -1             -1             -1             -1    -0.00612458     -0.0060663              0    -0.00609541    -0.00609049       0.690852       0.355935              0       0.684925       0.682921        1.07022        1.07022        1.07022        1.08376        1.05011       0.948366       0.997984       0.999537        1.02032
        8.50015             -1             -1             -1             -1    -0.00624181    -0.00618397              0    -0.00612756    -0.00612761       0.691149        0.35627              0       0.684925       0.682921        1.07016        1.07016        1.07016         1.0837        1.05012       0.948324       0.997876       0.999451        1.02024
        8.55015             -1             -1             -1             -1    -0.00634754    -0.00629593              0    -0.00616154    -0.00616461       0.691442       0.356608              0       0.684925       0.682921         1.0701         1.0701         1.0701        1.08365         1.0501        0.94826       0.997721       0.999373        1.02016
        8.60015             -1             -1             -1             -1    -0.00643995    -0.00639972              0    -0.00619894    -0.00620284       0.691739       0.356956              0       0.684925       0.682921        1.07006        1.07006        1.07006        1.08362        1.05007       0.948175       0.997542       0.999318         1.0201
        8.65015             -1             -1             -1             -1    -0.00651862    -0.00649352              0    -0.00624027    -0.00624268       0.692047       0.357317              0       0.684925       0.682921        1.07003        1.07003        1.07003         1.0836        1.05002       0.948071       0.997351       0.999286        1.02004
        8.70015             -1             -1             -1             -1    -0.00658455    -0.00657644              0    -0.00628606    -0.00628502       0.692371       0.357693              0       0.684925       0.682921        1.06998        1.06998        1.06998        1.08356        1.04995       0.947949       0.997157       0.999258        1.01998
        8.75015             -1             -1             -1             -1    -0.00663987     -0.0066485              0    -0.00633689     -0.0063314       0.692718       0.358089              0       0.684925       0.682921         1.0699        1.06991        1.06991        1.08349        1.04985       0.947811       0.996969       0.999228        1.01991
        8.80015             -1             -1             -1             -1    -0.00668722    -0.00671028              0    -0.00639218    -0.00638201       0.693089       0.358505              0       0.684925       0.682921         1.0698         1.0698         1.0698        1.08339        1.04974       0.947663       0.996797       0.999194        1.01984
        8.85015             -1             -1             -1             -1    -0.00672933    -0.00676288              0    -0.00645096    -0.00643675       0.693486       0.358941              0       0.684925       0.682921        1.06965        1.06965        1.06965        1.08325        1.04962       0.947509       0.996645       0.999143        1.01975
        8.90016             -1             -1             -1             -1    -0.00676879    -0.00680781              0    -0.00651291     -0.0064964       0.693907       0.359397              0       0.684925       0.682921        1.06946        1.06946        1.06946        1.08307        1.04951       0.947358        0.99652       0.999077        1.01967
        8.95016             -1             -1             -1             -1    -0.00680743    -0.00684658              0    -0.00657729    -0.00656088       0.694351        0.35987              0       0.684925       0.682921        1.06927        1.06928        1.06928        1.08289         1.0494       0.947217       0.996424       0.999017         1.0196
        9.00016             -1             -1             -1             -1    -0.00684619    -0.00688043              0    -0.00664293    -0.00662911       0.694814       0.360359              0       0.684925       0.682921        1.06911        1.06911        1.06911        1.08274        1.04932       0.947094       0.996351       0.998971        1.01956
        9.05016             -1             -1             -1             -1    -0.00688521    -0.00691057              0    -0.00670979    -0.00670103       0.695291       0.360858              0       0.684925       0.682921        1.06898        1.06898        1.06898        1.08262        1.04926       0.946994       0.996298       0.998943        1.01955
        9.10016             -1             -1             -1             -1    -0.00692395     -0.0069379              0     -0.0067781    -0.00677643       0.695778       0.361367              0       0.684925       0.682921        1.06893        1.06893        1.06893        1.08257        1.04923       0.946923        0.99626       0.998954        1.01958
        9.15016             -1             -1             -1             -1    -0.00696117    -0.00696286              0    -0.00684746    -0.00685371       0.696273        0.36188              0       0.684925       0.682921        1.06894        1.06894        1.06894        1.08259        1.04922       0.946878       0.996228       0.999004        1.01965
        9.20016             -1             -1             -1             -1     -0.0069956    -0.00698583              0    -0.00691805    -0.00693185       0.696772       0.362396              0       0.684925       0.682921        1.06898        1.06898        1.06898        1.08264        1.04924       0.946859       0.996193       0.999063        1.01972
        9.25016             -1             -1             -1             -1    -0.00702619     -0.0070072              0    -0.00699053     -0.0070106       0.697273        0.36291              0       0.684925       0.682921        1.06903        1.06903        1.06903        1.08269        1.04927       0.946862       0.996153       0.999122        1.01979
        9.30017             -1             -1             -1             -1    -0.00705222    -0.00702719              0    -0.00706431    -0.00708822       0.697777       0.363422              0       0.684925       0.682921        1.06908        1.06908        1.06908        1.08275        1.04931       0.946882        0.99611       0.999179        1.01986
        9.35017             -1             -1             -1             -1    -0.00707363    -0.00704611              0    -0.00713842    -0.00716301       0.698282       0.363928              0       0.684925       0.682921        1.06912        1.06912        1.06912        1.08279        1.04935       0.946917       0.996069       0.999218        1.01991
        9.40017             -1             -1             -1             -1    -0.00709129    -0.00706466              0    -0.00721258    -0.00723489       0.698788       0.364429              0       0.684925       0.682921        1.06914        1.06915        1.06915        1.08281         1.0494       0.946967       0.996043       0.999242        1.01995
        9.45017             -1             -1             -1             -1    -0.00710671    -0.00708366              0    -0.00728576    -0.00730321       0.699295       0.364921              0       0.684925       0.682921        1.06919        1.06919        1.06919        1.08285        1.04944       0.947032       0.996049       0.999275        1.01999
        9.50017             -1             -1             -1             -1    -0.00712186    -0.00710402              0    -0.00735627    -0.00736677       0.699802       0.365406              0       0.684925       0.682921        1.06927        1.06927        1.06927        1.08292        1.04948       0.947111       0.996097       0.999324        1.02005
        9.55017             -1             -1             -1             -1    -0.00713925    -0.00712703              0    -0.00742356    -0.00742611       0.700309        0.36588              0       0.684925       0.682921         1.0694         1.0694         1.0694        1.08305        1.04953       0.947206       0.996204       0.999396        1.02013
        9.60017             -1             -1             -1             -1    -0.00716141      -0.007154              0    -0.00748728    -0.00748197       0.700813       0.366345              0       0.684925       0.682921        1.06961        1.06961        1.06961        1.08325        1.04957       0.947317       0.996377       0.999515        1.02024
        9.65017             -1             -1             -1             -1    -0.00719046    -0.00718606              0     -0.0075463     -0.0075337       0.701311       0.366798              0       0.684925       0.682921        1.06988        1.06988        1.06988         1.0835        1.04962       0.947438       0.996603       0.999666        1.02036
        9.70017             -1             -1             -1             -1    -0.00722809    -0.00722431              0    -0.00760045    -0.00758165       0.701802        0.36724              0       0.684925       0.682921        1.07012        1.07012        1.07012        1.08374        1.04967       0.947559       0.996853       0.999796        1.02046
        9.75018             -1             -1             -1             -1    -0.00727535    -0.00726969              0    -0.00765029    -0.00762698        0.70228       0.367669              0       0.684925       0.682921         1.0703         1.0703         1.0703        1.08391        1.04971        0.94767       0.997095        0.99988         1.0205
        9.80018             -1             -1             -1             -1     -0.0073322    -0.00732244              0    -0.00769506    -0.00766887       0.702745       0.368086              0       0.684925       0.682921         1.0704         1.0704         1.0704          1.084        1.04975       0.947765       0.997303       0.999913         1.0205
        9.85018             -1             -1             -1             -1    -0.00739766     -0.0073823              0    -0.00773397    -0.00770639       0.703192       0.368492              0       0.684925       0.682921         1.0704         1.0704         1.0704        1.08399        1.04977        0.94784       0.997462       0.999879        1.02045
        9.90018             -1             -1             -1             -1    -0.00747025    -0.00744876              0    -0.00776765    -0.00774046       0.703621       0.368885              0       0.684925       0.682921        1.07033        1.07033        1.07033        1.08392        1.04979       0.947897       0.997565       0.999789        1.02035
        9.95018             -1             -1             -1             -1    -0.00754784    -0.00752067              0    -0.00779623    -0.00777119       0.704032       0.369268              0       0.684925       0.682921        1.07024        1.07024        1.07024        1.08382        1.04981       0.947938       0.997618        0.99968        1.02026
        10.0002             -1             -1             -1             -1    -0.00762795     -0.0075964              0    -0.00781947    -0.00779794       0.704425       0.369642              0       0.684925       0.682921        1.07015        1.07015        1.07016        1.08373        1.04983       0.947967       0.997632       0.999574        1.02018
        10.0502             -1             -1             -1             -1    -0.00770832     -0.0076744              0    -0.00783883    -0.00782208       0.704802        0.37001              0       0.684925       0.682921        1.07013        1.07013        1.07013         1.0837        1.04986       0.947991       0.997633       0.999504        1.02014
        10.1002             -1             -1             -1             -1    -0.00778699    -0.00775296              0    -0.00785605    -0.00784502       0.705167       0.370374              0       0.684925       0.682921        1.07024        1.07024        1.07024        1.08381        1.04989       0.948017       0.997644       0.999518        1.02017
        10.1502             -1             -1             -1             -1    -0.00786224     -0.0078303              0    -0.00787193    -0.00786642       0.705524       0.370736              0       0.684925       0.682921        1.07043        1.07043        1.07043          1.084        1.04991       0.948036       0.997664         0.9996        1.02025
        10.2002             -1             -1             -1             -1     -0.0079331    -0.00790518              0    -0.00788839    -0.00788744       0.705876       0.371101              0       0.684925       0.682921        1.07059        1.07059        1.07059        1.08417        1.04992       0.948038       0.997662       0.999668        1.02029
        10.2502             -1             -1             -1             -1    -0.00799928    -0.00797677              0    -0.00790766    -0.00791002       0.706227        0.37147              0       0.684925       0.682921        1.07063        1.07063        1.07063        1.08421        1.04991       0.948009       0.997617       0.999679        1.02027
        10.3002             -1             -1             -1             -1    -0.00806053    -0.00804416              0    -0.00792954    -0.00793339       0.706582       0.371845              0       0.684925       0.682921        1.07055        1.07056        1.07056        1.08414        1.04987       0.947948        0.99753       0.999635         1.0202
        10.3502             -1             -1             -1             -1    -0.00811686    -0.00810667              0    -0.00795327    -0.00795665       0.706944        0.37223              0       0.684925       0.682921        1.07036        1.07036        1.07037        1.08395         1.0498       0.947858       0.997409       0.999525        1.02008
        10.4002             -1             -1             -1             -1    -0.00816862    -0.00816411              0    -0.00797937     -0.0079813       0.707315       0.372626              0       0.684925       0.682921        1.07008        1.07008        1.07008        1.08367        1.04972       0.947747       0.997268       0.999362        1.01992
        10.4502             -1             -1             -1             -1     -0.0082161    -0.00821624              0    -0.00800741    -0.00800778       0.707696       0.373033              0       0.684925       0.682921        1.06977        1.06977        1.06977        1.08336        1.04963        0.94762       0.997118       0.999187        1.01977
        10.5002             -1             -1             -1             -1     -0.0082593    -0.00826274              0    -0.00803631    -0.00803562       0.708089       0.373452              0       0.684925       0.682921        1.06946        1.06946        1.06946        1.08306        1.04954       0.947488       0.996975       0.999023        1.01965
        10.5502             -1             -1             -1             -1    -0.00829833    -0.00830364              0    -0.00806688    -0.00806653       0.708495       0.373883              0       0.684925       0.682921        1.06926        1.06926        1.06926        1.08287        1.04946        0.94737       0.996874       0.998926        1.01959
        10.6002             -1             -1             -1             -1    -0.00833309     -0.0083388              0    -0.00809996    -0.00810164       0.708912       0.374326              0       0.684925       0.682921        1.06931        1.06931        1.06931        1.08293        1.04942       0.947281       0.996847       0.998986        1.01967
        10.6502             -1             -1             -1             -1    -0.00836317    -0.00836794              0    -0.00813548    -0.00813985       0.709342        0.37478              0       0.684925       0.682921        1.06957        1.06957        1.06957        1.08321         1.0494        0.94722       0.996881       0.999185        1.01986
        10.7002             -1             -1             -1             -1    -0.00838849    -0.00839143              0    -0.00817524    -0.00818216       0.709783       0.375243              0       0.684925       0.682921        1.06981        1.06981        1.06981        1.08346        1.04938       0.947166       0.996905       0.999372        1.01999
        10.7502             -1             -1             -1             -1    -0.00840921    -0.00840991              0    -0.00822135    -0.00823012       0.710236       0.375715              0       0.684925       0.682921        1.06986        1.06987        1.06987        1.08352        1.04935         0.9471       0.996859       0.999457        1.02001
        10.8002             -1             -1             -1             -1    -0.00842509    -0.00842361              0    -0.00827228    -0.00828104       0.710699       0.376195              0       0.684925       0.682921        1.06979        1.06979        1.06979        1.08345        1.04932       0.947024       0.996751       0.999462        1.01997
        10.8502             -1             -1             -1             -1    -0.00843603    -0.00843281              0     -0.0083257    -0.00833203       0.711172        0.37668              0       0.684925       0.682921        1.06961        1.06961        1.06961        1.08328        1.04928       0.946949       0.996607       0.999394        1.01988
        10.9002             -1             -1             -1             -1    -0.00844256    -0.00843833              0    -0.00838098    -0.00838336       0.711654       0.377169              0       0.684925       0.682921        1.06936        1.06936        1.06937        1.08304        1.04925       0.946882       0.996446        0.99927        1.01975
        10.9502             -1             -1             -1             -1     -0.0084454    -0.00844091              0    -0.00843641    -0.00843429       0.712144        0.37766              0       0.684925       0.682921        1.06908        1.06908        1.06909        1.08276        1.04922       0.946826       0.996281       0.999124        1.01963
        11.0002             -1             -1             -1             -1    -0.00844545    -0.00844132              0    -0.00848965    -0.00848325       0.712641       0.378152              0       0.684925       0.682921        1.06879        1.06879        1.06879        1.08246         1.0492       0.946786        0.99613       0.998963        1.01952
        11.0502             -1             -1             -1             -1     -0.0084442    -0.00844079              0    -0.00854059    -0.00853163       0.713144       0.378642              0       0.684925       0.682921        1.06859        1.06859        1.06859        1.08225         1.0492       0.946779       0.996045        0.99885        1.01946
        11.1002             -1             -1             -1             -1     -0.0084432    -0.00844036              0    -0.00858886    -0.00857982       0.713649       0.379128              0       0.684925       0.682921        1.06872        1.06872        1.06872        1.08238        1.04924       0.946828         0.9961       0.998944         1.0196
        11.1502             -1             -1             -1             -1    -0.00844359    -0.00844065              0    -0.00863262    -0.00862484       0.714156       0.379609              0       0.684925       0.682921         1.0693         1.0693         1.0693        1.08296        1.04932       0.946944       0.996334       0.999308        1.01997
        11.2002             -1             -1             -1             -1    -0.00844718    -0.00844311              0    -0.00867379    -0.00866777       0.714662       0.380084              0       0.684925       0.682921        1.06999        1.06999        1.06999        1.08366        1.04941       0.947093       0.996655        0.99974        1.02033
        11.2502             -1             -1             -1             -1    -0.00845613    -0.00844986              0    -0.00871615    -0.00871211       0.715164        0.38055              0       0.684925       0.682921        1.07036        1.07036        1.07036        1.08402        1.04948       0.947215       0.996901       0.999983        1.02048
        11.3002             -1             -1             -1             -1    -0.00847137    -0.00846199              0    -0.00875841    -0.00875517        0.71566       0.381007              0       0.684925       0.682921        1.07044        1.07044        1.07044        1.08409        1.04951         0.9473       0.997053        1.00005        1.02048
        11.3502             -1             -1             -1             -1    -0.00849304    -0.00847997              0    -0.00879761    -0.00879322       0.716145       0.381452              0       0.684925       0.682921         1.0704         1.0704         1.0704        1.08404        1.04953       0.947372       0.997167        1.00002        1.02041
        11.4002             -1             -1             -1             -1    -0.00852126    -0.00850434              0    -0.00883332    -0.00882679       0.716619       0.381884              0       0.684925       0.682921        1.07029        1.07029        1.07029        1.08392        1.04955       0.947436       0.997257       0.999925        1.02032
        11.4502             -1             -1             -1             -1    -0.00855561    -0.00853503              0    -0.00886428    -0.00885542       0.717078       0.382304              0       0.684925       0.682921        1.07011        1.07011        1.07011        1.08373        1.04956       0.947485       0.997304       0.999782         1.0202
        11.5002             -1             -1             -1             -1    -0.00859516    -0.00857161              0     -0.0088889    -0.00887822       0.717523       0.382711              0       0.684925       0.682921        1.06984        1.06984        1.06984        1.08345        1.04957       0.947516         0.9973        0.99957        1.02005
        11.5502             -1             -1             -1             -1    -0.00863926    -0.00861377              0    -0.00890857     -0.0088982       0.717951       0.383106              0       0.684925       0.682921         1.0695         1.0695         1.0695         1.0831        1.04957       0.947537       0.997259       0.999306        1.01986
        11.6002             -1             -1             -1             -1    -0.00868696    -0.00866069              0    -0.00892434     -0.0089173       0.718365       0.383489              0       0.684925       0.682921        1.06922        1.06922        1.06922         1.0828        1.04957       0.947556       0.997214       0.999086        1.01974
        11.6502             -1             -1             -1             -1     -0.0087367    -0.00871065              0    -0.00893462     -0.0089327       0.718763       0.383862              0       0.684925       0.682921        1.06925        1.06925        1.06925        1.08283         1.0496         0.9476       0.997248       0.999069        1.01982
        11.7002             -1             -1             -1             -1    -0.00878704    -0.00876193              0    -0.00893927    -0.00894246       0.719149       0.384227              0       0.684925       0.682921        1.06984        1.06984        1.06984        1.08343        1.04968       0.947702        0.99746       0.999392        1.02018
        11.7502             -1             -1             -1             -1    -0.00883747    -0.00881367              0    -0.00894245    -0.00894945       0.719525       0.384588              0       0.684925       0.682921        1.07078        1.07078        1.07078        1.08438        1.04979       0.947838       0.997792       0.999935        1.02066
        11.8002             -1             -1             -1             -1    -0.00888809    -0.00886588              0    -0.00894895    -0.00895716       0.719892       0.384945              0       0.684925       0.682921        1.07123        1.07123        1.07123        1.08483        1.04983       0.947902       0.997958        1.00022        1.02081
        11.8502             -1             -1             -1             -1    -0.00893857    -0.00891826              0    -0.00895956    -0.00896515       0.720254       0.385302              0       0.684925       0.682921         1.0711         1.0711         1.0711         1.0847         1.0498       0.947879        0.99792        1.00015        1.02064
        11.9002             -1             -1             -1             -1    -0.00898835     -0.0089702              0    -0.00897371    -0.00897362       0.720612        0.38566              0       0.684925       0.682921        1.07087        1.07087        1.07087        1.08446        1.04976       0.947831        0.99784        1.00001        1.02043
        11.9502             -1             -1             -1             -1    -0.00903664    -0.00902073              0    -0.00898944    -0.00898181       0.720969       0.386022              0       0.684925       0.682921        1.07073        1.07073        1.07073        1.08433        1.04972        0.94778       0.997783       0.999917        1.02031
        12.0002             -1             -1             -1             -1    -0.00908261    -0.00906889              0    -0.00900427    -0.00898833       0.721327       0.386388              0       0.684925       0.682921        1.07058        1.07058        1.07058        1.08418        1.04967       0.947714       0.997713       0.999812        1.02019
        12.0502             -1             -1             -1             -1    -0.00912594    -0.00911441              0    -0.00901882    -0.00899598       0.721686        0.38676              0       0.684925       0.682921        1.07024        1.07024        1.07024        1.08384         1.0496       0.947619       0.997581       0.999591        1.01997
        12.1002             -1             -1             -1             -1    -0.00916634    -0.00915703              0    -0.00903384    -0.00900767       0.722051        0.38714              0       0.684925       0.682921        1.06977        1.06977        1.06977        1.08337        1.04952         0.9475       0.997396       0.999297        1.01971
        12.1502             -1             -1             -1             -1    -0.00920304    -0.00919593              0    -0.00904811    -0.00902303        0.72242       0.387528              0       0.684925       0.682921        1.06934        1.06934        1.06934        1.08295        1.04944       0.947381       0.997214       0.999034        1.01951
        12.2002             -1             -1             -1             -1    -0.00923549    -0.00923054              0    -0.00906229    -0.00904315       0.722797       0.387924              0       0.684925       0.682921        1.06892        1.06892        1.06892        1.08252        1.04937       0.947261       0.997027       0.998775        1.01932
        12.2502             -1             -1             -1             -1    -0.00926332    -0.00926045              0    -0.00907791    -0.00906912       0.723182       0.388329              0       0.684925       0.682921        1.06857        1.06857        1.06857        1.08218        1.04931        0.94715       0.996855       0.998582        1.01922
        12.3002             -1             -1             -1             -1    -0.00928545    -0.00928432              0    -0.00909244    -0.00909544       0.723576       0.388743              0       0.684925       0.682921        1.06863        1.06864        1.06864        1.08225        1.04929        0.94708       0.996795        0.99866        1.01938
        12.3502             -1             -1             -1             -1    -0.00930081    -0.00930089              0    -0.00910397    -0.00911649       0.723979       0.389166              0       0.684925       0.682921        1.06937        1.06937        1.06937        1.08301        1.04934       0.947093        0.99696       0.999144        1.01987
        12.4002             -1             -1             -1             -1    -0.00931018    -0.00931079              0    -0.00911871    -0.00913738       0.724394       0.389598              0       0.684925       0.682921        1.07032        1.07033        1.07033        1.08398         1.0494       0.947146       0.997221       0.999759        1.02037
        12.4502             -1             -1             -1             -1    -0.00931509    -0.00931575              0    -0.00914289    -0.00916377       0.724819       0.390039              0       0.684925       0.682921        1.07054        1.07054        1.07054         1.0842        1.04939       0.947115       0.997239       0.999962        1.02042
        12.5002             -1             -1             -1             -1     -0.0093159    -0.00931641              0    -0.00917413    -0.00919207       0.725256       0.390487              0       0.684925       0.682921        1.07026        1.07026        1.07027        1.08392        1.04933       0.947026       0.997086       0.999857        1.02022
        12.5502             -1             -1             -1             -1    -0.00931322     -0.0093135              0    -0.00921112    -0.00922273       0.725703       0.390942              0       0.684925       0.682921        1.06999        1.06999        1.06999        1.08365        1.04928       0.946951       0.996948       0.999715        1.02003
        12.6002             -1             -1             -1             -1    -0.00930809    -0.00930796              0    -0.00925339    -0.00925799       0.726161       0.391402              0       0.684925       0.682921        1.06987        1.06987        1.06987        1.08354        1.04926       0.946909       0.996873       0.999658        1.01995
        12.6502             -1             -1             -1             -1    -0.00930129    -0.00930041              0     -0.0092977    -0.00929574       0.726626       0.391864              0       0.684925       0.682921         1.0699         1.0699         1.0699        1.08357        1.04925       0.946894       0.996855       0.999683        1.01997
        12.7002             -1             -1             -1             -1    -0.00929394    -0.00929197              0    -0.00934289    -0.00933593       0.727097       0.392327              0       0.684925       0.682921        1.06994        1.06994        1.06994        1.08361        1.04926       0.946896       0.996867       0.999709        1.01998
        12.7502             -1             -1             -1             -1    -0.00928724    -0.00928389              0    -0.00938792    -0.00937821       0.727572       0.392789              0       0.684925       0.682921         1.0698         1.0698         1.0698        1.08347        1.04924       0.946887       0.996832       0.999633        1.01992
        12.8002             -1             -1             -1             -1    -0.00928179    -0.00927691              0    -0.00942857    -0.00941757       0.728049       0.393247              0       0.684925       0.682921        1.06942        1.06942        1.06942        1.08309        1.04921       0.946858       0.996728       0.999418        1.01975
        12.8502             -1             -1             -1             -1    -0.00927856    -0.00927217              0    -0.00946393    -0.00945378       0.728525         0.3937              0       0.684925       0.682921        1.06906        1.06906        1.06906        1.08271         1.0492       0.946849       0.996653        0.99918        1.01959
        12.9002             -1             -1             -1             -1    -0.00927873    -0.00927076              0    -0.00949605    -0.00949018       0.728998       0.394147              0       0.684925       0.682921        1.06878        1.06878        1.06878        1.08242         1.0492       0.946867       0.996624        0.99899         1.0195
        12.9502             -1             -1             -1             -1    -0.00928244    -0.00927273              0    -0.00952279     -0.0095232       0.729466       0.394584              0       0.684925       0.682921         1.0686         1.0686         1.0686        1.08223        1.04922         0.9469       0.996625       0.998888        1.01951
        13.0002             -1             -1             -1             -1    -0.00928911    -0.00927747              0    -0.00954025    -0.00954599       0.729927       0.395013              0       0.684925       0.682921         1.0687        1.06871        1.06871        1.08233        1.04926       0.946968       0.996719       0.998963        1.01968
        13.0503             -1             -1             -1             -1     -0.0092984    -0.00928464              0    -0.00954836    -0.00955679       0.730379       0.395431              0       0.684925       0.682921         1.0695        1.06951        1.06951        1.08313        1.04938       0.947125       0.997054       0.999445        1.02019
        13.1003             -1             -1             -1             -1    -0.00931062    -0.00929437              0    -0.00955121    -0.00955891       0.730821       0.395838              0       0.684925       0.682921        1.07079        1.07079        1.07079        1.08443        1.04954       0.947347       0.997569        1.00022        1.02085
        13.1503             -1             -1             -1             -1    -0.00932678    -0.00930803              0    -0.00955475    -0.00955829       0.731253       0.396237              0       0.684925       0.682921        1.07123        1.07124        1.07124        1.08486        1.04961       0.947463       0.997804        1.00051        1.02098
        13.2003             -1             -1             -1             -1    -0.00934725    -0.00932658              0    -0.00956133    -0.00955821       0.731675       0.396625              0       0.684925       0.682921        1.07096        1.07096        1.07096        1.08458        1.04959       0.947486       0.997791        1.00035         1.0207
        13.2503             -1             -1             -1             -1    -0.00937175    -0.00934996              0    -0.00957102    -0.00956131       0.732085       0.397004              0       0.684925       0.682921        1.07062        1.07062        1.07062        1.08423        1.04958       0.947495        0.99774        1.00011        1.02042
        13.3003             -1             -1             -1             -1    -0.00939955    -0.00937738              0    -0.00958117    -0.00956652       0.732484       0.397374              0       0.684925       0.682921        1.07036        1.07036        1.07036        1.08396        1.04956       0.947502       0.997695       0.999907        1.02022
        13.3503             -1             -1             -1             -1    -0.00943032    -0.00940855              0    -0.00959165    -0.00957527       0.732871       0.397736              0       0.684925       0.682921        1.07003        1.07003        1.07003        1.08362        1.04954       0.947497       0.997626       0.999648           1.02
        13.4003             -1             -1             -1             -1    -0.00946434     -0.0094437              0    -0.00960586    -0.00959279       0.733249       0.398091              0       0.684925       0.682921        1.06964        1.06964        1.06964        1.08322        1.04952       0.947482       0.997534       0.999354        1.01976
        13.4503             -1             -1             -1             -1    -0.00950088    -0.00948177              0    -0.00962157    -0.00961537       0.733616        0.39844              0       0.684925       0.682921         1.0693         1.0693         1.0693        1.08288        1.04949       0.947457       0.997435       0.999121        1.01961
        13.5003             -1             -1             -1             -1    -0.00953831    -0.00952097              0    -0.00963308    -0.00963358       0.733975       0.398785              0       0.684925       0.682921         1.0691         1.0691         1.0691        1.08267        1.04947       0.947433       0.997368       0.998985        1.01958
        13.5503             -1             -1             -1             -1    -0.00957547    -0.00955986              0    -0.00963874    -0.00964341       0.734327       0.399126              0       0.684925       0.682921        1.06967        1.06968        1.06968        1.08326        1.04953       0.947496       0.997566       0.999314        1.01996
        13.6003             -1             -1             -1             -1    -0.00961188    -0.00959747              0    -0.00964111    -0.00964602       0.734675       0.399466              0       0.684925       0.682921        1.07091        1.07091        1.07091        1.08452        1.04964       0.947637       0.997997        1.00005        1.02061
        13.6503             -1             -1             -1             -1    -0.00964795    -0.00963434              0    -0.00964484     -0.0096453       0.735018       0.399808              0       0.684925       0.682921        1.07127        1.07127        1.07127        1.08487        1.04965       0.947658       0.998131        1.00031         1.0207
        13.7003             -1             -1             -1             -1    -0.00968326    -0.00967056              0     -0.0096506    -0.00964252        0.73536       0.400153              0       0.684925       0.682921          1.071          1.071          1.071         1.0846         1.0496       0.947594       0.998049        1.00018        1.02046
        13.7503             -1             -1             -1             -1    -0.00971701     -0.0097053              0    -0.00965755    -0.00963969       0.735702       0.400501              0       0.684925       0.682921        1.07067        1.07068        1.07068        1.08426        1.04954       0.947515       0.997932       0.999992        1.02022
        13.8003             -1             -1             -1             -1    -0.00974783    -0.00973714              0    -0.00966175      -0.009635       0.736045       0.400855              0       0.684925       0.682921        1.07037        1.07037        1.07037        1.08396        1.04948       0.947425       0.997797       0.999818        1.02004
        13.8503             -1             -1             -1             -1    -0.00977496    -0.00976555              0    -0.00966285    -0.00963108       0.736392       0.401214              0       0.684925       0.682921        1.06993        1.06993        1.06993        1.08351        1.04942       0.947319       0.997617       0.999543        1.01979
        13.9003             -1             -1             -1             -1    -0.00979857    -0.00979078              0    -0.00966537    -0.00963621       0.736744       0.401581              0       0.684925       0.682921        1.06939        1.06939        1.06939        1.08297        1.04934       0.947203       0.997399       0.999206        1.01952
        13.9503             -1             -1             -1             -1    -0.00981775    -0.00981177              0    -0.00966743    -0.00964802       0.737101       0.401955              0       0.684925       0.682921        1.06898        1.06898        1.06898        1.08256        1.04928       0.947089       0.997192       0.998969        1.01939
        14.0003             -1             -1             -1             -1    -0.00983089    -0.00982671              0    -0.00966383    -0.00965778       0.737466       0.402337              0       0.684925       0.682921        1.06901        1.06902        1.06902        1.08261        1.04926       0.947022        0.99712       0.998998        1.01953
        14.0503             -1             -1             -1             -1    -0.00983797    -0.00983521              0    -0.00965823    -0.00966729        0.73784       0.402726              0       0.684925       0.682921        1.06996        1.06996        1.06996        1.08359        1.04933       0.947076       0.997375       0.999549         1.0201
        14.1003             -1             -1             -1             -1    -0.00984066    -0.00983877              0    -0.00966034    -0.00968478       0.738224       0.403125              0       0.684925       0.682921        1.07067        1.07067        1.07067        1.08431        1.04937       0.947109       0.997568       0.999992        1.02044
        14.1503             -1             -1             -1             -1    -0.00983967    -0.00983822              0    -0.00967092    -0.00970635       0.738618       0.403531              0       0.684925       0.682921        1.07057        1.07057        1.07057        1.08421        1.04933       0.947035       0.997477       0.999975        1.02035
        14.2003             -1             -1             -1             -1     -0.0098352    -0.00983405              0    -0.00968857    -0.00972827       0.739022       0.403945              0       0.684925       0.682921        1.07028        1.07028        1.07028        1.08392        1.04927       0.946949       0.997339       0.999816        1.02015
        14.2503             -1             -1             -1             -1    -0.00982818    -0.00982719              0    -0.00971434     -0.0097525       0.739436       0.404365              0       0.684925       0.682921        1.07006        1.07006        1.07006        1.08371        1.04922        0.94688        0.99723       0.999686        1.02001
        14.3003             -1             -1             -1             -1    -0.00981869    -0.00981756              0    -0.00974346    -0.00977377       0.739858       0.404789              0       0.684925       0.682921        1.06999        1.06999        1.06999        1.08364        1.04919       0.946832       0.997166       0.999657        1.01998
        14.3503             -1             -1             -1             -1    -0.00980737    -0.00980585              0    -0.00977388    -0.00979146       0.740288       0.405216              0       0.684925       0.682921        1.06993        1.06993        1.06993        1.08358        1.04918       0.946803       0.997134       0.999623        1.01994
        14.4003             -1             -1             -1             -1    -0.00979578    -0.00979356              0    -0.00980884    -0.00981281       0.740722       0.405644              0       0.684925       0.682921        1.06996        1.06996        1.06996        1.08361        1.04918       0.946804       0.997155       0.999642        1.01993
        14.4503             -1             -1             -1             -1    -0.00978429    -0.00978087              0     -0.0098442    -0.00983457       0.741161       0.406072              0       0.684925       0.682921        1.07021        1.07021        1.07022        1.08387        1.04921       0.946833       0.997242       0.999831        1.02008
        14.5003             -1             -1             -1             -1    -0.00977235    -0.00976745              0    -0.00987252    -0.00984862       0.741602       0.406497              0       0.684925       0.682921        1.07029        1.07029         1.0703        1.08395        1.04922       0.946843       0.997274        0.99992        1.02014
        14.5503             -1             -1             -1             -1    -0.00976089    -0.00975463              0    -0.00989442    -0.00985837       0.742043       0.406919              0       0.684925       0.682921        1.06988        1.06989        1.06989        1.08353        1.04918       0.946808       0.997163       0.999693        1.01989
        14.6003             -1             -1             -1             -1    -0.00975089     -0.0097437              0    -0.00991103    -0.00986863       0.742483       0.407336              0       0.684925       0.682921        1.06939        1.06939        1.06939        1.08302        1.04915       0.946773       0.997023       0.999399        1.01965
        14.6503             -1             -1             -1             -1    -0.00974207    -0.00973418              0    -0.00991823    -0.00987593        0.74292       0.407746              0       0.684925       0.682921        1.06903        1.06903        1.06903        1.08264        1.04914       0.946759       0.996921        0.99918        1.01951
        14.7003             -1             -1             -1             -1    -0.00973496    -0.00972666              0    -0.00991823    -0.00988371       0.743352        0.40815              0       0.684925       0.682921        1.06864        1.06864        1.06865        1.08225        1.04913       0.946759       0.996836       0.998928        1.01937
        14.7503             -1             -1             -1             -1    -0.00973043    -0.00972186              0    -0.00991569    -0.00989687       0.743779       0.408545              0       0.684925       0.682921        1.06844        1.06844        1.06844        1.08204        1.04915       0.946787       0.996809       0.998795        1.01935
        14.8003             -1             -1             -1             -1    -0.00972713    -0.00971799              0    -0.00990444    -0.00990347       0.744198       0.408932              0       0.684925       0.682921        1.06881        1.06882        1.06882        1.08241        1.04922       0.946867       0.996943       0.999042        1.01971
        14.8503             -1             -1             -1             -1    -0.00972397    -0.00971378              0      -0.009882    -0.00989528        0.74461        0.40931              0       0.684925       0.682921        1.07007        1.07007        1.07007        1.08369        1.04937       0.947058       0.997395       0.999784        1.02045
        14.9003             -1             -1             -1             -1    -0.00972327    -0.00971164              0    -0.00986325    -0.00988753       0.745015       0.409681              0       0.684925       0.682921        1.07111        1.07111        1.07111        1.08472        1.04949        0.94724        0.99782        1.00039         1.0209
        14.9503             -1             -1             -1             -1    -0.00972661    -0.00971348              0    -0.00985498    -0.00988547       0.745412       0.410044              0       0.684925       0.682921        1.07104        1.07104        1.07104        1.08464        1.04949        0.94727       0.997849        1.00037        1.02075
        15.0003             -1             -1             -1             -1    -0.00973257    -0.00971824              0    -0.00984963    -0.00987832         0.7458       0.410399              0       0.684925       0.682921        1.07054        1.07054        1.07054        1.08414        1.04944       0.947235       0.997719        1.00007         1.0204
        15.0503             -1             -1             -1             -1    -0.00974141    -0.00972652              0    -0.00984945    -0.00987171       0.746179       0.410747              0       0.684925       0.682921        1.06994        1.06994        1.06994        1.08352        1.04938       0.947192       0.997565       0.999656        1.01999
        15.1003             -1             -1             -1             -1    -0.00975309    -0.00973825              0    -0.00985418    -0.00986861       0.746549       0.411088              0       0.684925       0.682921        1.06936        1.06936        1.06936        1.08293        1.04933       0.947141       0.997395       0.999281         1.0197
        15.1503             -1             -1             -1             -1    -0.00976522    -0.00975063              0    -0.00985236    -0.00985607        0.74691       0.411422              0       0.684925       0.682921        1.06958        1.06958        1.06959        1.08317        1.04936       0.947167       0.997462       0.999393         1.0199
        15.2003             -1             -1             -1             -1    -0.00977732    -0.00976291              0    -0.00984531    -0.00983743       0.747263        0.41175              0       0.684925       0.682921        1.07081        1.07081        1.07081        1.08441        1.04949        0.94733       0.997909        1.00007        1.02052
        15.2503             -1             -1             -1             -1    -0.00979201    -0.00977781              0    -0.00984827    -0.00983316       0.747609       0.412074              0       0.684925       0.682921         1.0711         1.0711         1.0711         1.0847        1.04951       0.947385       0.998061        1.00025        1.02054
        15.3003             -1             -1             -1             -1    -0.00980836    -0.00979446              0    -0.00985614    -0.00983606       0.747949       0.412395              0       0.684925       0.682921        1.07084        1.07084        1.07084        1.08443        1.04948       0.947349       0.997985        1.00014        1.02035
        15.3503             -1             -1             -1             -1     -0.0098246    -0.00981133              0    -0.00986127    -0.00983679       0.748282       0.412712              0       0.684925       0.682921        1.07033        1.07033        1.07033        1.08391        1.04942       0.947276       0.997821       0.999843        1.02004
        15.4003             -1             -1             -1             -1    -0.00984091    -0.00982876              0    -0.00986681    -0.00984152       0.748612       0.413029              0       0.684925       0.682921        1.06961        1.06961        1.06961        1.08318        1.04934       0.947181        0.99759       0.999409        1.01965
        15.4503             -1             -1             -1             -1    -0.00985569    -0.00984493              0    -0.00986633    -0.00984265       0.748938       0.413344              0       0.684925       0.682921        1.06938        1.06938        1.06938        1.08295        1.04932       0.947124       0.997476       0.999295        1.01964
        15.5003             -1             -1             -1             -1    -0.00986621    -0.00985668              0    -0.00984996    -0.00982654       0.749261        0.41366              0       0.684925       0.682921        1.07026        1.07026        1.07026        1.08385         1.0494       0.947195       0.997732       0.999818         1.0202
        15.5503             -1             -1             -1             -1    -0.00987422    -0.00986567              0    -0.00983121    -0.00980998       0.749584       0.413978              0       0.684925       0.682921        1.07105        1.07105        1.07105        1.08464        1.04947       0.947277       0.998009        1.00027        1.02054
        15.6003             -1             -1             -1             -1    -0.00988158      -0.009874              0    -0.00982099    -0.00980569       0.749909       0.414299              0       0.684925       0.682921        1.07086        1.07086        1.07086        1.08446        1.04943       0.947232       0.997941        1.00018        1.02035
        15.6503             -1             -1             -1             -1    -0.00988637    -0.00987965              0    -0.00981007    -0.00980025       0.750236       0.414624              0       0.684925       0.682921        1.07048        1.07048        1.07048        1.08407        1.04937       0.947144       0.997773        0.99998        1.02013
        15.7003             -1             -1             -1             -1    -0.00988829    -0.00988263              0     -0.0097987    -0.00979436       0.750566       0.414954              0       0.684925       0.682921        1.06993        1.06993        1.06993        1.08351         1.0493       0.947042       0.997564        0.99962         1.0198
        15.7503             -1             -1             -1             -1    -0.00988836    -0.00988405              0    -0.00979341    -0.00979767         0.7509       0.415287              0       0.684925       0.682921         1.0692         1.0692         1.0692        1.08278        1.04922       0.946924       0.997294       0.999153        1.01942
        15.8003             -1             -1             -1             -1    -0.00988508    -0.00988201              0    -0.00978625    -0.00979911       0.751237       0.415625              0       0.684925       0.682921        1.06903        1.06903        1.06903        1.08262        1.04918       0.946853       0.997167       0.999059        1.01946
        15.8503             -1             -1             -1             -1     -0.0098769    -0.00987465              0    -0.00977072    -0.00978844        0.75158       0.415967              0       0.684925       0.682921        1.06988        1.06988        1.06988        1.08349        1.04926        0.94691         0.9974       0.999539           1.02
        15.9003             -1             -1             -1             -1    -0.00986648    -0.00986451              0    -0.00976223    -0.00978444       0.751928       0.416313              0       0.684925       0.682921        1.07071        1.07071        1.07071        1.08433        1.04932       0.946995       0.997688        1.00001        1.02037
        15.9503             -1             -1             -1             -1     -0.0098557    -0.00985362              0    -0.00976759    -0.00979365       0.752281       0.416663              0       0.684925       0.682921         1.0707         1.0707         1.0707        1.08432         1.0493       0.946971       0.997675        1.00005        1.02031
        16.0003             -1             -1             -1             -1    -0.00984297    -0.00984049              0    -0.00977557    -0.00979981        0.75264       0.417016              0       0.684925       0.682921        1.07034        1.07034        1.07034        1.08396        1.04925       0.946893       0.997527       0.999877        1.02011
        16.0503             -1             -1             -1             -1    -0.00982907    -0.00982629              0    -0.00978788    -0.00980686       0.753002       0.417371              0       0.684925       0.682921         1.0699         1.0699         1.0699        1.08351         1.0492       0.946827       0.997386       0.999613        1.01984
        16.1003             -1             -1             -1             -1    -0.00981521    -0.00981226              0    -0.00980732    -0.00982104       0.753368       0.417727              0       0.684925       0.682921        1.06932        1.06932        1.06933        1.08293        1.04914       0.946751       0.997192       0.999284        1.01955
        16.1503             -1             -1             -1             -1    -0.00979983    -0.00979663              0     -0.0098218    -0.00982779       0.753736       0.418083              0       0.684925       0.682921        1.06893        1.06893        1.06893        1.08253         1.0491       0.946681       0.997023       0.999103        1.01947
        16.2003             -1             -1             -1             -1    -0.00978202    -0.00977862              0    -0.00982521    -0.00982071       0.754104       0.418437              0       0.684925       0.682921        1.06922        1.06922        1.06922        1.08283        1.04914       0.946706       0.997102       0.999288        1.01972
        16.2503             -1             -1             -1             -1    -0.00976339    -0.00975948              0    -0.00982608    -0.00981294       0.754474        0.41879              0       0.684925       0.682921         1.0703        1.07031        1.07031        1.08392        1.04926       0.946856       0.997496        0.99993         1.0203
        16.3003             -1             -1             -1             -1    -0.00974556    -0.00974062              0    -0.00982913    -0.00981006       0.754843        0.41914              0       0.684925       0.682921        1.07087        1.07087        1.07087        1.08449        1.04932        0.94694       0.997706        1.00033        1.02056
        16.3503             -1             -1             -1             -1    -0.00972824    -0.00972221              0    -0.00982891    -0.00980408       0.755212       0.419487              0       0.684925       0.682921        1.07058        1.07058        1.07058        1.08419        1.04929       0.946915       0.997626         1.0002        1.02034
        16.4003             -1             -1             -1             -1    -0.00971267    -0.00970582              0    -0.00983022    -0.00980341       0.755579        0.41983              0       0.684925       0.682921        1.07018        1.07018        1.07018        1.08378        1.04926       0.946899        0.99754       0.999946        1.02005
        16.4502             -1             -1             -1             -1     -0.0096996    -0.00969208              0    -0.00983378    -0.00981045       0.755942       0.420169              0       0.684925       0.682921        1.06983        1.06983        1.06983        1.08342        1.04924       0.946882       0.997444       0.999729        1.01986
        16.5002             -1             -1             -1             -1    -0.00968755    -0.00967936              0    -0.00982921    -0.00981103       0.756302       0.420502              0       0.684925       0.682921        1.06933        1.06933        1.06934        1.08292         1.0492       0.946837       0.997278       0.999429        1.01966
        16.5502             -1             -1             -1             -1    -0.00967689     -0.0096684              0    -0.00981818    -0.00980721       0.756656       0.420828              0       0.684925       0.682921        1.06901        1.06901        1.06901        1.08258        1.04918       0.946825       0.997193       0.999188        1.01952
        16.6002             -1             -1             -1             -1    -0.00966815    -0.00965942              0    -0.00980508    -0.00980418       0.757004       0.421148              0       0.684925       0.682921         1.0695         1.0695        1.06951        1.08309        1.04926       0.946916       0.997384       0.999438        1.01985
        16.6502             -1             -1             -1             -1    -0.00966028    -0.00965062              0    -0.00978558    -0.00979271       0.757346       0.421461              0       0.684925       0.682921        1.07087        1.07087        1.07087        1.08447         1.0494       0.947104       0.997859        1.00025        1.02062
        16.7002             -1             -1             -1             -1    -0.00965455    -0.00964382              0     -0.0097664    -0.00977784       0.757681       0.421768              0       0.684925       0.682921        1.07109        1.07109        1.07109        1.08468        1.04942        0.94716       0.997984        1.00037        1.02062
        16.7502             -1             -1             -1             -1    -0.00965276    -0.00964129              0    -0.00975781     -0.0097724       0.758009       0.422069              0       0.684925       0.682921         1.0707         1.0707         1.0707        1.08428        1.04939        0.94715       0.997918        1.00011        1.02029
        16.8002             -1             -1             -1             -1    -0.00965383    -0.00964187              0    -0.00975425     -0.0097695       0.758331       0.422364              0       0.684925       0.682921        1.07053        1.07053        1.07053         1.0841        1.04938       0.947145       0.997881        1.00002         1.0202
        16.8502             -1             -1             -1             -1    -0.00965567    -0.00964341              0    -0.00974468    -0.00975508       0.758644       0.422653              0       0.684925       0.682921        1.07002        1.07002        1.07002        1.08358        1.04932       0.947087       0.997718       0.999704        1.01993
        16.9002             -1             -1             -1             -1      -0.009659     -0.0096471              0    -0.00973532       -0.00974       0.758951       0.422937              0       0.684925       0.682921        1.06949        1.06949        1.06949        1.08304        1.04928       0.947041       0.997574       0.999349        1.01963
        16.9502             -1             -1             -1             -1    -0.00966376     -0.0096527              0    -0.00972797    -0.00972911        0.75925       0.423216              0       0.684925       0.682921         1.0692         1.0692         1.0692        1.08275        1.04926       0.947012       0.997481       0.999172        1.01955
        17.0002             -1             -1             -1             -1    -0.00966646    -0.00965594              0     -0.0097075    -0.00970239       0.759543       0.423491              0       0.684925       0.682921        1.07013        1.07013        1.07013        1.08369        1.04936       0.947106       0.997759       0.999746        1.02018
        17.0501             -1             -1             -1             -1    -0.00966749    -0.00965736              0    -0.00968027    -0.00966791       0.759831       0.423763              0       0.684925       0.682921        1.07112        1.07112        1.07112         1.0847        1.04945       0.947228       0.998116        1.00032        1.02064
        17.1001             -1             -1             -1             -1    -0.00967005    -0.00966049              0    -0.00966537    -0.00965104       0.760116       0.424034              0       0.684925       0.682921        1.07089        1.07089         1.0709        1.08446        1.04942       0.947208       0.998079         1.0002        1.02038
        17.1501             -1             -1             -1             -1     -0.0096724    -0.00966345              0    -0.00965421     -0.0096401       0.760398       0.424305              0       0.684925       0.682921        1.07075        1.07075        1.07075        1.08432        1.04939       0.947166       0.998006        1.00017        1.02031
        17.2001             -1             -1             -1             -1    -0.00967217    -0.00966402              0     -0.0096358    -0.00962047       0.760679       0.424576              0       0.684925       0.682921         1.0702        1.07021        1.07021        1.08376        1.04932       0.947067       0.997794       0.999842           1.02
        17.2501             -1             -1             -1             -1    -0.00967082    -0.00966398              0     -0.0096204    -0.00960765       0.760959       0.424848              0       0.684925       0.682921        1.06962        1.06962        1.06962        1.08317        1.04925       0.946981         0.9976       0.999452        1.01964
        17.3001             -1             -1             -1             -1    -0.00966862    -0.00966336              0    -0.00960997    -0.00960476        0.76124       0.425122              0       0.684925       0.682921         1.0691         1.0691         1.0691        1.08265         1.0492        0.94689       0.997389       0.999142        1.01944
        17.3501             -1             -1             -1             -1    -0.00966217    -0.00965821              0    -0.00958784    -0.00958787       0.761522       0.425398              0       0.684925       0.682921        1.06916        1.06916        1.06916        1.08272        1.04919       0.946842        0.99733       0.999199        1.01963
        17.4001             -1             -1             -1             -1    -0.00965131    -0.00964838              0    -0.00955712    -0.00955967       0.761805       0.425676              0       0.684925       0.682921        1.07036        1.07036        1.07036        1.08394         1.0493       0.946957       0.997709       0.999873        1.02029
        17.4501             -1             -1             -1             -1    -0.00963989    -0.00963753              0    -0.00953966    -0.00954749       0.762092       0.425958              0       0.684925       0.682921        1.07073        1.07073        1.07073        1.08431        1.04932       0.946993       0.997852        1.00008        1.02035
        17.5001             -1             -1             -1             -1    -0.00962738    -0.00962513              0    -0.00953055    -0.00954194       0.762383       0.426244              0       0.684925       0.682921        1.07073        1.07073        1.07074        1.08432         1.0493       0.946954       0.997813        1.00016        1.02035
        17.5501             -1             -1             -1             -1    -0.00961188    -0.00960965              0    -0.00951878    -0.00952767       0.762678       0.426533              0       0.684925       0.682921        1.07022        1.07022        1.07022         1.0838        1.04922       0.946852       0.997608       0.999863        1.02003
           17.6             -1             -1             -1             -1    -0.00959541    -0.00959343              0    -0.00951521    -0.00952172       0.762976       0.426824              0       0.684925       0.682921        1.06966        1.06966        1.06966        1.08323        1.04916       0.946774       0.997432       0.999504        1.01966
          17.65             -1             -1             -1             -1    -0.00957848    -0.00957687              0    -0.00951983    -0.00952602       0.763277       0.427118              0       0.684925       0.682921        1.06918        1.06918        1.06918        1.08275        1.04911       0.946694       0.997239       0.999241        1.01947
           17.7             -1             -1             -1             -1      -0.009558    -0.00955654              0    -0.00951434    -0.00951653       0.763581       0.427413              0       0.684925       0.682921        1.06881        1.06881        1.06881        1.08238        1.04907       0.946607       0.997048       0.999067        1.01942
          17.75             -1             -1             -1             -1    -0.00953395    -0.00953261              0    -0.00949972    -0.00949588       0.763887       0.427708              0       0.684925       0.682921        1.06976        1.06976        1.06976        1.08335        1.04917       0.946707        0.99735       0.999615        1.01999
           17.8             -1             -1             -1             -1    -0.00950965    -0.00950804              0    -0.00949378    -0.00948827       0.764196       0.428004              0       0.684925       0.682921        1.07052        1.07052        1.07052        1.08412        1.04925       0.946817       0.997644        1.00006        1.02031
          17.85             -1             -1             -1             -1    -0.00948542    -0.00948314              0    -0.00949331     -0.0094874       0.764507       0.428301              0       0.684925       0.682921        1.07075        1.07075        1.07075        1.08435        1.04926       0.946836       0.997704         1.0003        1.02043
           17.9             -1             -1             -1             -1    -0.00945999    -0.00945705              0    -0.00948783    -0.00947852        0.76482       0.428596              0       0.684925       0.682921        1.07024        1.07024        1.07024        1.08383        1.04921       0.946769       0.997532        1.00002        1.02011
          17.95             -1             -1             -1             -1    -0.00943563    -0.00943234              0    -0.00948792    -0.00947841       0.765132        0.42889              0       0.684925       0.682921        1.06971        1.06971        1.06971        1.08329        1.04917       0.946731       0.997398       0.999678        1.01976
             18             -1             -1             -1             -1    -0.00941302    -0.00940958              0    -0.00949308    -0.00948774       0.765445       0.429181              0       0.684925       0.682921        1.06926        1.06926        1.06926        1.08283        1.04913       0.946691       0.997247       0.999427        1.01959
          18.05             -1             -1             -1             -1    -0.00938915    -0.00938537              0    -0.00948409    -0.00948029       0.765754       0.429467              0       0.684925       0.682921        1.06883        1.06883        1.06883        1.08239         1.0491        0.94663       0.997062       0.999193         1.0195
           18.1             -1             -1             -1             -1    -0.00936419    -0.00936012              0    -0.00946242    -0.00945839       0.766062       0.429749              0       0.684925       0.682921         1.0698         1.0698         1.0698        1.08338        1.04921       0.946767       0.997404       0.999727        1.02009
          18.15             -1             -1             -1             -1    -0.00934156    -0.00933676              0    -0.00944724     -0.0094471       0.766366       0.430027              0       0.684925       0.682921        1.07061        1.07061        1.07061        1.08419        1.04931       0.946916       0.997747        1.00017        1.02042
        18.1999             -1             -1             -1             -1    -0.00932161    -0.00931556              0    -0.00943659    -0.00944058       0.766666         0.4303              0       0.684925       0.682921        1.07093        1.07093        1.07093        1.08451        1.04935       0.946975       0.997868        1.00042        1.02058
        18.2499             -1             -1             -1             -1    -0.00930264    -0.00929547              0    -0.00941953    -0.00942253       0.766962       0.430567              0       0.684925       0.682921        1.07036        1.07036        1.07036        1.08393        1.04929       0.946924       0.997704        1.00008        1.02023
        18.2999             -1             -1             -1             -1    -0.00928667    -0.00927888              0    -0.00940759    -0.00941073       0.767252       0.430829              0       0.684925       0.682921        1.06986        1.06986        1.06986        1.08341        1.04926       0.946908       0.997604       0.999727        1.01987
        18.3499             -1             -1             -1             -1    -0.00927426    -0.00926629              0      -0.009402    -0.00940817       0.767536       0.431084              0       0.684925       0.682921        1.06932        1.06932        1.06932        1.08287        1.04922       0.946872       0.997446         0.9994        1.01964
        18.3999             -1             -1             -1             -1    -0.00926138    -0.00925322              0    -0.00938146    -0.00938604       0.767812       0.431332              0       0.684925       0.682921        1.06922        1.06922        1.06922        1.08276        1.04922       0.946857       0.997381       0.999352        1.01973
        18.4499             -1             -1             -1             -1    -0.00924782    -0.00923953              0    -0.00934809    -0.00934749       0.768081       0.431574              0       0.684925       0.682921        1.07054        1.07054        1.07054        1.08411        1.04937       0.947042       0.997858        1.00008        1.02046
        18.4999             -1             -1             -1             -1     -0.0092379    -0.00922936              0    -0.00932702    -0.00932598       0.768344        0.43181              0       0.684925       0.682921        1.07087        1.07087        1.07087        1.08443        1.04941       0.947131       0.998053        1.00024        1.02047
        18.5499             -1             -1             -1             -1     -0.0092311    -0.00922211              0    -0.00931381    -0.00931348         0.7686       0.432042              0       0.684925       0.682921        1.07096        1.07096        1.07096        1.08451        1.04942       0.947153        0.99809        1.00036        1.02051
        18.5999             -1             -1             -1             -1    -0.00922427    -0.00921497              0    -0.00929239    -0.00928775        0.76885       0.432268              0       0.684925       0.682921        1.07014        1.07014        1.07014        1.08368        1.04933       0.947051       0.997817       0.999872        1.02004
        18.6499             -1             -1             -1             -1    -0.00921873     -0.0092098              0    -0.00927304    -0.00926557       0.769093        0.43249              0       0.684925       0.682921        1.06961        1.06961        1.06961        1.08313        1.04929       0.947003       0.997674       0.999517        1.01971
        18.6999             -1             -1             -1             -1    -0.00921481    -0.00920674              0    -0.00925884    -0.00925289       0.769331       0.432708              0       0.684925       0.682921        1.06913        1.06913        1.06913        1.08265        1.04925       0.946948       0.997509       0.999217        1.01952
        18.7499             -1             -1             -1             -1    -0.00920809    -0.00920025              0    -0.00922903    -0.00922113       0.769564       0.432923              0       0.684925       0.682921        1.07027        1.07027        1.07027        1.08382        1.04936        0.94706       0.997843       0.999923        1.02027
        18.7998             -1             -1             -1             -1    -0.00919951    -0.00919187              0    -0.00919197    -0.00917988       0.769792       0.433137              0       0.684925       0.682921        1.07103        1.07103        1.07103        1.08459        1.04943       0.947148       0.998114        1.00034        1.02059
        18.8498             -1             -1             -1             -1    -0.00919303    -0.00918581              0    -0.00917068    -0.00915992       0.770019        0.43335              0       0.684925       0.682921        1.07056        1.07056        1.07056         1.0841        1.04937       0.947103       0.998004        1.00005        1.02016
        18.8998             -1             -1             -1             -1    -0.00918745    -0.00918083              0    -0.00915876    -0.00915245       0.770244       0.433563              0       0.684925       0.682921        1.07027        1.07027        1.07027         1.0838        1.04933       0.947047        0.99788       0.999922        1.02003
        18.9498             -1             -1             -1             -1    -0.00917877    -0.00917279              0    -0.00913566    -0.00912937       0.770466       0.433775              0       0.684925       0.682921        1.06918        1.06918        1.06918         1.0827         1.0492       0.946868       0.997457       0.999291         1.0195
        18.9998             -1             -1             -1             -1    -0.00916689    -0.00916218              0    -0.00910457    -0.00909709       0.770688       0.433989              0       0.684925       0.682921        1.06938        1.06938        1.06938        1.08292        1.04922       0.946861       0.997495       0.999377        1.01968
        19.0498             -1             -1             -1             -1    -0.00915347    -0.00914988              0    -0.00907825    -0.00907373        0.77091       0.434204              0       0.684925       0.682921         1.0703         1.0703         1.0703        1.08385        1.04931       0.946964       0.997812       0.999864        1.02013
        19.0998             -1             -1             -1             -1    -0.00913889    -0.00913566              0    -0.00905719    -0.00905697       0.771135       0.434422              0       0.684925       0.682921        1.07102        1.07102        1.07103        1.08459        1.04936        0.94702       0.998019        1.00037        1.02053
        19.1498             -1             -1             -1             -1     -0.0091218    -0.00911908              0    -0.00903312      -0.009033       0.771362       0.434641              0       0.684925       0.682921        1.07011        1.07011        1.07011        1.08365        1.04924       0.946868        0.99768       0.999842        1.01997
        19.1998             -1             -1             -1             -1    -0.00910371    -0.00910194              0    -0.00901601    -0.00901755       0.771591       0.434864              0       0.684925       0.682921         1.0695         1.0695         1.0695        1.08303        1.04917       0.946778        0.99748       0.999467         1.0196
        19.2498             -1             -1             -1             -1    -0.00908499    -0.00908443              0    -0.00900718     -0.0090139       0.771823       0.435089              0       0.684925       0.682921         1.0689         1.0689         1.0689        1.08243        1.04911       0.946677       0.997241        0.99912        1.01937
        19.2998             -1             -1             -1             -1    -0.00906125    -0.00906089              0    -0.00898358    -0.00899033       0.772057       0.435315              0       0.684925       0.682921        1.07015        1.07015        1.07015        1.08372        1.04922       0.946777        0.99758       0.999903        1.02021
        19.3498             -1             -1             -1             -1    -0.00903459    -0.00903419              0    -0.00895628    -0.00895996       0.772294       0.435543              0       0.684925       0.682921        1.07062        1.07062        1.07062        1.08419        1.04925       0.946817        0.99774        1.00016        1.02038
        19.3997             -1             -1             -1             -1    -0.00900916    -0.00900884              0    -0.00894674    -0.00895201       0.772535       0.435774              0       0.684925       0.682921        1.06998        1.06998        1.06998        1.08353        1.04918       0.946749       0.997565       0.999789        1.01989
        19.4497             -1             -1             -1             -1    -0.00898435    -0.00898418              0    -0.00894852    -0.00895805       0.772778       0.436006              0       0.684925       0.682921        1.06933        1.06933        1.06933        1.08288        1.04912       0.946655       0.997315       0.999468        1.01962
        19.4997             -1             -1             -1             -1    -0.00895543    -0.00895515              0    -0.00893394    -0.00894091       0.773023       0.436238              0       0.684925       0.682921        1.06886        1.06886        1.06886         1.0824        1.04906       0.946549       0.997072       0.999227        1.01953
        19.5497             -1             -1             -1             -1    -0.00892301    -0.00892253              0    -0.00890739    -0.00890797       0.773269        0.43647              0       0.684925       0.682921        1.07047        1.07047        1.07047        1.08405        1.04923       0.946742       0.997614        1.00013        1.02042
        19.5997             -1             -1             -1             -1    -0.00889307    -0.00889217              0    -0.00889901    -0.00889978       0.773517       0.436701              0       0.684925       0.682921        1.07024        1.07024        1.07025        1.08381        1.04921       0.946754       0.997612       0.999985        1.02011
        19.6497             -1             -1             -1             -1     -0.0088654    -0.00886399              0    -0.00890127    -0.00890469       0.773766       0.436932              0       0.684925       0.682921        1.06991        1.06991        1.06991        1.08347        1.04918       0.946715       0.997481        0.99988        1.01999
        19.6997             -1             -1             -1             -1    -0.00883572    -0.00883386              0    -0.00888867    -0.00888824       0.774014       0.437159              0       0.684925       0.682921        1.06865        1.06865        1.06865        1.08219        1.04905       0.946541       0.997012       0.999152         1.0194
        19.7497             -1             -1             -1             -1    -0.00880421    -0.00880208              0    -0.00886399    -0.00885735        0.77426       0.437384              0       0.684925       0.682921        1.07022        1.07023        1.07023         1.0838        1.04923       0.946747       0.997552        1.00003        1.02031
        19.7997             -1             -1             -1             -1    -0.00877594    -0.00877316              0    -0.00885316     -0.0088472       0.774505       0.437605              0       0.684925       0.682921        1.07044        1.07044        1.07044          1.084        1.04927       0.946832       0.997714        1.00012        1.02025
        19.8497             -1             -1             -1             -1    -0.00875083    -0.00874724              0    -0.00884969    -0.00884665       0.774746       0.437821              0       0.684925       0.682921        1.07013        1.07014        1.07014        1.08369        1.04924       0.946809       0.997607        1.00004        1.02014
        19.8997             -1             -1             -1             -1    -0.00872526    -0.00872115              0    -0.00883169    -0.00882577       0.774984       0.438033              0       0.684925       0.682921        1.06877        1.06877        1.06877         1.0823        1.04911       0.946642       0.997133       0.999226        1.01945
        19.9497             -1             -1             -1             -1    -0.00869922    -0.00869472              0     -0.0088032    -0.00879357       0.775216       0.438238              0       0.684925       0.682921        1.07047        1.07047        1.07047        1.08403        1.04931       0.946882       0.997739        1.00017        1.02041
        19.9996             -1             -1             -1             -1    -0.00867763    -0.00867237              0    -0.00878925    -0.00878311       0.775444       0.438439              0       0.684925       0.682921        1.07056        1.07056        1.07056        1.08411        1.04933       0.946957       0.997864        1.00019         1.0203
        20.0496             -1             -1             -1             -1    -0.00865916    -0.00865294              0    -0.00877833    -0.00877598       0.775666       0.438633              0       0.684925       0.682921         1.0699         1.0699         1.0699        1.08343        1.04927       0.946888       0.997632       0.999886        1.01999
        20.0996             -1             -1             -1             -1    -0.00863988     -0.0086334              0     -0.0087505     -0.0087455        0.77588       0.438822              0       0.684925       0.682921         1.0691         1.0691         1.0691        1.08262         1.0492        0.94679       0.997347       0.999379        1.01964
        20.1496             -1             -1             -1             -1    -0.00862065    -0.00861377              0    -0.00871643    -0.00870919        0.77609       0.439004              0       0.684925       0.682921        1.07102        1.07102        1.07102        1.08457        1.04942       0.947072       0.998063        1.00044        1.02062
        20.1996             -1             -1             -1             -1    -0.00860695    -0.00859976              0    -0.00870259    -0.00870088       0.776293       0.439182              0       0.684925       0.682921        1.07031        1.07031        1.07031        1.08383        1.04936       0.947034       0.997894        1.00002        1.02011
        20.2496             -1             -1             -1             -1    -0.00859431    -0.00858685              0    -0.00868384    -0.00868492       0.776489       0.439354              0       0.684925       0.682921        1.06933        1.06933        1.06933        1.08283        1.04926       0.946902       0.997521       0.999518         1.0197
        20.2996             -1             -1             -1             -1    -0.00857888    -0.00857151              0    -0.00864368    -0.00863994       0.776678       0.439521              0       0.684925       0.682921        1.07034        1.07034        1.07034        1.08387        1.04937       0.947023       0.997855        1.00003        1.02031
        20.3496             -1             -1             -1             -1    -0.00856567    -0.00855827              0    -0.00861302     -0.0086091       0.776862       0.439684              0       0.684925       0.682921        1.07077        1.07077        1.07077        1.08429        1.04942       0.947121       0.998085        1.00024        1.02036
        20.3996             -1             -1             -1             -1    -0.00855678    -0.00855008              0    -0.00860022    -0.00860211       0.777042       0.439843              0       0.684925       0.682921         1.0694         1.0694         1.0694         1.0829        1.04928       0.946964       0.997631       0.999469        1.01962
        20.4496             -1             -1             -1             -1    -0.00854462    -0.00853814              0    -0.00856791    -0.00856855       0.777216           0.44              0       0.684925       0.682921        1.07032        1.07032        1.07032        1.08385        1.04937       0.947041       0.997874        1.00003        1.02028
        20.4996             -1             -1             -1             -1    -0.00853112    -0.00852487              0    -0.00852929    -0.00852614       0.777386       0.440154              0       0.684925       0.682921        1.07056        1.07056        1.07056        1.08409        1.04939       0.947076       0.997989        1.00012        1.02029
        20.5496             -1             -1             -1             -1    -0.00852017    -0.00851484              0      -0.008506    -0.00850461       0.777553       0.440308              0       0.684925       0.682921         1.0693         1.0693         1.0693         1.0828        1.04926       0.946929       0.997592       0.999381        1.01954
        20.5995             -1             -1             -1             -1    -0.00850828    -0.00850388              0    -0.00848255    -0.00848385       0.777718        0.44046              0       0.684925       0.682921        1.07062        1.07062        1.07062        1.08415        1.04939       0.947073       0.998004        1.00015        1.02036
        20.6495             -1             -1             -1             -1    -0.00849439    -0.00848992              0    -0.00845392    -0.00845501       0.777882       0.440612              0       0.684925       0.682921        1.07031        1.07031        1.07031        1.08383        1.04934        0.94701       0.997882              1        1.02014
        20.6995             -1             -1             -1             -1    -0.00847923    -0.00847593              0    -0.00842348    -0.00842193       0.778044       0.440765              0       0.684925       0.682921        1.06902        1.06903        1.06903        1.08253         1.0492       0.946813       0.997405       0.999249         1.0195
        20.7495             -1             -1             -1             -1    -0.00846135    -0.00845885              0    -0.00839073    -0.00838729       0.778205       0.440919              0       0.684925       0.682921        1.07083        1.07083        1.07083        1.08437        1.04938       0.947035       0.998041        1.00024        1.02042
        20.7995             -1             -1             -1             -1    -0.00844582    -0.00844406              0    -0.00837924    -0.00838107       0.778368       0.441075              0       0.684925       0.682921        1.06982        1.06982        1.06982        1.08333        1.04926       0.946903       0.997701       0.999706        1.01982
        20.8495             -1             -1             -1             -1    -0.00842616    -0.00842489              0     -0.0083537    -0.00835414       0.778533       0.441233              0       0.684925       0.682921        1.06968        1.06968        1.06968        1.08321        1.04923       0.946815       0.997549       0.999685        1.01991
        20.8995             -1             -1             -1             -1    -0.00840263     -0.0084018              0    -0.00831977     -0.0083155       0.778699       0.441392              0       0.684925       0.682921        1.07034        1.07034        1.07034        1.08388        1.04928       0.946882       0.997784        1.00001        1.02018
        20.9495             -1             -1             -1             -1    -0.00838035    -0.00838052              0    -0.00830269    -0.00829993       0.778868       0.441554              0       0.684925       0.682921        1.06903        1.06903        1.06903        1.08254        1.04914       0.946707        0.99734       0.999272        1.01943
        20.9995             -1             -1             -1             -1    -0.00835594    -0.00835659              0    -0.00828605    -0.00828581       0.779038       0.441718              0       0.684925       0.682921        1.07086        1.07086        1.07086        1.08441        1.04933       0.946916       0.997935        1.00034        1.02047
        21.0495             -1             -1             -1             -1    -0.00833024    -0.00833086              0    -0.00827037    -0.00827135       0.779212       0.441883              0       0.684925       0.682921        1.06911        1.06911        1.06911        1.08262        1.04912       0.946659        0.99729       0.999395        1.01952
        21.0995             -1             -1             -1             -1    -0.00830036    -0.00830145              0    -0.00823999    -0.00823616       0.779388        0.44205              0       0.684925       0.682921        1.07016        1.07016        1.07016        1.08371        1.04922       0.946748        0.99759       0.999965        1.02018
        21.1495             -1             -1             -1             -1    -0.00827124    -0.00827226              0     -0.0082231    -0.00822054       0.779566       0.442219              0       0.684925       0.682921         1.0697         1.0697         1.0697        1.08323        1.04917       0.946717       0.997499       0.999691        1.01977
        21.1994             -1             -1             -1             -1    -0.00824305    -0.00824435              0    -0.00821544    -0.00821739       0.779747       0.442388              0       0.684925       0.682921        1.06995        1.06995        1.06995        1.08349         1.0492       0.946724        0.99753       0.999875        1.02003
        21.2494             -1             -1             -1             -1    -0.00821227    -0.00821245              0    -0.00819852    -0.00820095       0.779928       0.442557              0       0.684925       0.682921         1.0699         1.0699         1.0699        1.08344        1.04918       0.946706         0.9975       0.999889        1.01998
        21.2994             -1             -1             -1             -1    -0.00818039    -0.00818055              0    -0.00817559    -0.00817479       0.780111       0.442726              0       0.684925       0.682921        1.06929         1.0693         1.0693        1.08283        1.04912         0.9466       0.997242       0.999525        1.01975
        21.3494             -1             -1             -1             -1    -0.00814813    -0.00814762              0    -0.00815512    -0.00815367       0.780294       0.442894              0       0.684925       0.682921        1.07027        1.07027        1.07027        1.08381        1.04923       0.946763        0.99765        1.00006        1.02014
        21.3994             -1             -1             -1             -1    -0.00811934    -0.00811886              0    -0.00815065    -0.00815425       0.780478        0.44306              0       0.684925       0.682921        1.06952        1.06952        1.06952        1.08305        1.04916       0.946672       0.997375       0.999659        1.01981
        21.4494             -1             -1             -1             -1    -0.00808865    -0.00808692              0    -0.00813451    -0.00813854       0.780659       0.443223              0       0.684925       0.682921        1.07017        1.07017        1.07017        1.08371        1.04923       0.946759       0.997595        1.00008        1.02016
        21.4994             -1             -1             -1             -1    -0.00805791    -0.00805605              0    -0.00811097    -0.00811112       0.780839       0.443383              0       0.684925       0.682921        1.06938        1.06938        1.06938        1.08291        1.04915       0.946646       0.997291       0.999597        1.01982
        21.5494             -1             -1             -1             -1    -0.00802776    -0.00802532              0    -0.00808821    -0.00808658       0.781017        0.44354              0       0.684925       0.682921        1.07016        1.07016        1.07016         1.0837        1.04925       0.946798       0.997645        1.00003        1.02012
        21.5994             -1             -1             -1             -1    -0.00800147    -0.00799906              0    -0.00807838    -0.00808013       0.781192       0.443693              0       0.684925       0.682921        1.07003        1.07004        1.07004        1.08357        1.04925       0.946803       0.997608       0.999947         1.0201
        21.6494             -1             -1             -1             -1    -0.00797602    -0.00797258              0    -0.00806513      -0.008069       0.781363        0.44384              0       0.684925       0.682921        1.06978        1.06978        1.06978         1.0833        1.04923       0.946793       0.997535       0.999877        1.01997
        21.6994             -1             -1             -1             -1    -0.00794939    -0.00794553              0    -0.00803471    -0.00803312       0.781529       0.443983              0       0.684925       0.682921        1.07027        1.07027        1.07027         1.0838        1.04929       0.946851       0.997682        1.00009        1.02028
        21.7494             -1             -1             -1             -1    -0.00792553    -0.00792135              0    -0.00801095    -0.00800774       0.781691       0.444121              0       0.684925       0.682921        1.06943        1.06943        1.06943        1.08294        1.04922       0.946788       0.997453       0.999617        1.01978
        21.7993             -1             -1             -1             -1    -0.00790382    -0.00789924              0    -0.00799153    -0.00798972       0.781848       0.444255              0       0.684925       0.682921        1.07061        1.07061        1.07061        1.08414        1.04936       0.946986       0.997922        1.00023        1.02033
        21.8493             -1             -1             -1             -1    -0.00788544    -0.00788049              0    -0.00797904    -0.00798105       0.781999       0.444383              0       0.684925       0.682921        1.06983        1.06983        1.06983        1.08334        1.04929       0.946886       0.997617       0.999899        1.02005
        21.8993             -1             -1             -1             -1    -0.00786487    -0.00785921              0    -0.00794638    -0.00794402       0.782144       0.444505              0       0.684925       0.682921        1.06978        1.06979        1.06979        1.08329        1.04929       0.946904       0.997642       0.999786        1.01992
        21.9493             -1             -1             -1             -1    -0.00784569    -0.00784047              0    -0.00791281    -0.00790656       0.782284       0.444624              0       0.684925       0.682921        1.07065        1.07065        1.07065        1.08418        1.04939       0.947013        0.99792        1.00028        1.02049
        21.9993             -1             -1             -1             -1    -0.00782995    -0.00782485              0    -0.00789313    -0.00788975        0.78242       0.444738              0       0.684925       0.682921        1.06915        1.06916        1.06916        1.08264        1.04925       0.946882       0.997504       0.999381        1.01949
        22.0493             -1             -1             -1             -1    -0.00781499    -0.00780981              0    -0.00787173    -0.00787105       0.782549       0.444848              0       0.684925       0.682921        1.07126        1.07126        1.07126        1.08479        1.04947       0.947153       0.998211        1.00063        1.02072
        22.0993             -1             -1             -1             -1    -0.00779985    -0.00779464              0    -0.00784254    -0.00784021       0.782674       0.444955              0       0.684925       0.682921         1.0696         1.0696         1.0696         1.0831         1.0493        0.94692       0.997601       0.999689        1.01987
        22.1493             -1             -1             -1             -1    -0.00778371    -0.00777886              0    -0.00780658    -0.00780071       0.782794       0.445059              0       0.684925       0.682921        1.06946        1.06946        1.06946        1.08295        1.04928       0.946922       0.997596       0.999548        1.01971
        22.1993             -1             -1             -1             -1     -0.0077682    -0.00776393              0    -0.00777464    -0.00776821        0.78291        0.44516              0       0.684925       0.682921        1.07105        1.07105        1.07105        1.08457        1.04945       0.947136       0.998168        1.00043        1.02053
        22.2493             -1             -1             -1             -1    -0.00775587    -0.00775237              0    -0.00775925    -0.00775846       0.783024       0.445261              0       0.684925       0.682921        1.06985        1.06985        1.06985        1.08335        1.04933       0.946982       0.997743       0.999795        1.01993
        22.2993             -1             -1             -1             -1    -0.00774066    -0.00773689              0    -0.00773033    -0.00772936       0.783135        0.44536              0       0.684925       0.682921        1.06961        1.06961        1.06961         1.0831        1.04929       0.946936       0.997648        0.99967        1.01977
        22.3493             -1             -1             -1             -1    -0.00772312    -0.00771993              0     -0.0076912    -0.00768556       0.783244       0.445458              0       0.684925       0.682921        1.07054        1.07054        1.07054        1.08406        1.04939       0.947029       0.997944        1.00014        1.02029
        22.3992             -1             -1             -1             -1    -0.00770628    -0.00770381              0    -0.00766136    -0.00765591       0.783352       0.445557              0       0.684925       0.682921        1.07019        1.07019        1.07019         1.0837        1.04934       0.946973       0.997813       0.999968        1.02012
        22.4492             -1             -1             -1             -1    -0.00769038    -0.00768835              0    -0.00764437    -0.00764442        0.78346       0.445657              0       0.684925       0.682921        1.06922        1.06923        1.06923        1.08271        1.04924       0.946869       0.997532       0.999385        1.01947
        22.4992             -1             -1             -1             -1    -0.00767174     -0.0076696              0    -0.00761935    -0.00762108       0.783567       0.445758              0       0.684925       0.682921        1.07087        1.07087        1.07087         1.0844         1.0494       0.947036        0.99803         1.0004        1.02046
        22.5492             -1             -1             -1             -1    -0.00765055    -0.00764899              0    -0.00758682    -0.00758557       0.783676        0.44586              0       0.684925       0.682921        1.07007        1.07007        1.07007        1.08359         1.0493       0.946889       0.997701       0.999901        1.02007
        22.5992             -1             -1             -1             -1    -0.00762825    -0.00762731              0    -0.00755797    -0.00755592       0.783785       0.445964              0       0.684925       0.682921        1.06942        1.06942        1.06942        1.08292        1.04922       0.946794       0.997474       0.999546         1.0197
        22.6492             -1             -1             -1             -1    -0.00760576    -0.00760518              0    -0.00753934    -0.00754074       0.783896       0.446069              0       0.684925       0.682921        1.06949        1.06949        1.06949        1.08299        1.04923       0.946821       0.997553       0.999532        1.01959
        22.6992             -1             -1             -1             -1    -0.00758233    -0.00758195              0    -0.00752298    -0.00752784       0.784009       0.446176              0       0.684925       0.682921         1.0712         1.0712         1.0712        1.08474        1.04939       0.946996       0.998065         1.0006        1.02066
        22.7492             -1             -1             -1             -1    -0.00755606    -0.00755592              0    -0.00749735    -0.00749998       0.784124       0.446285              0       0.684925       0.682921        1.06989        1.06989        1.06989        1.08341        1.04924        0.94678       0.997551       0.999849        1.01999
        22.7992             -1             -1             -1             -1    -0.00752813    -0.00752867              0    -0.00747106    -0.00747119       0.784241       0.446395              0       0.684925       0.682921        1.06901        1.06902        1.06902        1.08252        1.04914       0.946657       0.997248       0.999343        1.01951
        22.8492             -1             -1             -1             -1    -0.00749978     -0.0075007              0    -0.00745161    -0.00745262        0.78436       0.446506              0       0.684925       0.682921        1.06948        1.06948        1.06948        1.08299        1.04919       0.946738       0.997463       0.999574        1.01963
        22.8992             -1             -1             -1             -1    -0.00747225     -0.0074734              0    -0.00744107    -0.00744577       0.784481       0.446618              0       0.684925       0.682921        1.07077        1.07077        1.07077        1.08431        1.04932       0.946889       0.997876        1.00035         1.0204
        22.9492             -1             -1             -1             -1    -0.00744262    -0.00744352              0    -0.00742158    -0.00742496       0.784604        0.44673              0       0.684925       0.682921        1.07052        1.07052        1.07052        1.08406        1.04928       0.946811       0.997714        1.00026        1.02036
        22.9991             -1             -1             -1             -1    -0.00741189    -0.00741313              0    -0.00739787    -0.00739753       0.784727       0.446842              0       0.684925       0.682921        1.06924        1.06924        1.06924        1.08276        1.04915       0.946636       0.997261       0.999506        1.01968
        23.0491             -1             -1             -1             -1     -0.0073812    -0.00738244              0    -0.00737732    -0.00737606       0.784851       0.446953              0       0.684925       0.682921        1.06932        1.06932        1.06932        1.08283        1.04916        0.94667       0.997332       0.999559        1.01966
        23.0991             -1             -1             -1             -1    -0.00735263    -0.00735371              0    -0.00736841    -0.00737099       0.784975       0.447064              0       0.684925       0.682921        1.06947        1.06947        1.06947        1.08298        1.04919        0.94672       0.997432       0.999613        1.01966
        23.1491             -1             -1             -1             -1    -0.00732361    -0.00732385              0    -0.00735385    -0.00735743       0.785099       0.447172              0       0.684925       0.682921        1.07073        1.07073        1.07073        1.08427        1.04931       0.946859       0.997807        1.00042        1.02046
        23.1991             -1             -1             -1             -1    -0.00729356    -0.00729337              0     -0.0073287    -0.00732779       0.785221       0.447278              0       0.684925       0.682921        1.07029        1.07029        1.07029        1.08382        1.04927       0.946793       0.997638        1.00011        1.02023
        23.2491             -1             -1             -1             -1    -0.00726448    -0.00726415              0    -0.00730472    -0.00730103       0.785342       0.447381              0       0.684925       0.682921        1.07041        1.07041        1.07041        1.08395        1.04929       0.946815       0.997675         1.0002        1.02035
        23.2991             -1             -1             -1             -1    -0.00723833    -0.00723766              0     -0.0072927    -0.00729197        0.78546       0.447481              0       0.684925       0.682921        1.06924        1.06924        1.06924        1.08274        1.04918       0.946714       0.997344       0.999506        1.01959
        23.3491             -1             -1             -1             -1    -0.00721393    -0.00721258              0    -0.00728306    -0.00728618       0.785576       0.447578              0       0.684925       0.682921        1.06957        1.06958        1.06958        1.08308        1.04922       0.946775       0.997462       0.999774        1.01984
        23.3991             -1             -1             -1             -1    -0.00718836    -0.00718591              0     -0.0072579    -0.00725769       0.785687        0.44767              0       0.684925       0.682921        1.06918        1.06918        1.06918        1.08268        1.04919       0.946732       0.997335       0.999504        1.01958
        23.4491             -1             -1             -1             -1    -0.00716331    -0.00716054              0    -0.00722785    -0.00722303       0.785795       0.447758              0       0.684925       0.682921        1.06997        1.06997        1.06998        1.08349        1.04928       0.946848       0.997621       0.999903        1.02002
        23.4991             -1             -1             -1             -1    -0.00714036    -0.00713732              0    -0.00720372    -0.00719859       0.785898       0.447843              0       0.684925       0.682921        1.07096        1.07096        1.07096        1.08449         1.0494       0.947009       0.998005        1.00046        1.02051
        23.5491             -1             -1             -1             -1    -0.00712108    -0.00711788              0    -0.00719134      -0.007191       0.785999       0.447923              0       0.684925       0.682921        1.07103        1.07103        1.07103        1.08456        1.04942       0.947041        0.99804        1.00052        1.02057
         23.599             -1             -1             -1             -1    -0.00710169    -0.00709774              0    -0.00716982    -0.00717026       0.786093       0.447999              0       0.684925       0.682921        1.07068        1.07068        1.07068         1.0842        1.04938       0.946985       0.997879        1.00038        1.02047
         23.649             -1             -1             -1             -1    -0.00708198    -0.00707797              0    -0.00713879    -0.00713571       0.786182       0.448071              0       0.684925       0.682921        1.06955        1.06955        1.06955        1.08304        1.04927        0.94685       0.997504       0.999667        1.01982
         23.699             -1             -1             -1             -1    -0.00706322    -0.00705936              0    -0.00710821    -0.00710372       0.786268       0.448139              0       0.684925       0.682921        1.06982        1.06982        1.06982        1.08332        1.04931       0.946908       0.997627        0.99983        1.01997
         23.749             -1             -1             -1             -1    -0.00704744    -0.00704372              0    -0.00709008     -0.0070898       0.786349       0.448204              0       0.684925       0.682921        1.06908        1.06908        1.06908        1.08256        1.04925       0.946858       0.997444       0.999361        1.01944
         23.799             -1             -1             -1             -1    -0.00703239    -0.00702849              0    -0.00707146    -0.00707498       0.786426       0.448266              0       0.684925       0.682921        1.06977        1.06977        1.06977        1.08326        1.04932       0.946945       0.997659       0.999834        1.01989
         23.849             -1             -1             -1             -1    -0.00701544     -0.0070115              0    -0.00703872    -0.00703916       0.786499       0.448326              0       0.684925       0.682921        1.06911        1.06911        1.06911        1.08259        1.04925       0.946858       0.997437        0.99939        1.01949
         23.899             -1             -1             -1             -1    -0.00699827    -0.00699497              0    -0.00700355    -0.00700054       0.786569       0.448383              0       0.684925       0.682921        1.06976        1.06976        1.06976        1.08325        1.04932       0.946942       0.997663       0.999724        1.01985
         23.949             -1             -1             -1             -1    -0.00698224    -0.00697947              0    -0.00697655    -0.00697447       0.786636       0.448439              0       0.684925       0.682921        1.07034        1.07034        1.07034        1.08384        1.04938       0.947038       0.997905        1.00003        1.02008
         23.999             -1             -1             -1             -1    -0.00696792    -0.00696576              0    -0.00696003     -0.0069626       0.786702       0.448494              0       0.684925       0.682921         1.0708         1.0708         1.0708        1.08431        1.04943       0.947097       0.998054        1.00033        1.02037
         24.049             -1             -1             -1             -1     -0.0069514    -0.00694929              0    -0.00693314      -0.006935       0.786764       0.448548              0       0.684925       0.682921        1.07071        1.07072        1.07072        1.08423        1.04941       0.947055       0.997976        1.00032        1.02038
         24.099             -1             -1             -1             -1    -0.00693311    -0.00693169              0    -0.00689936      -0.006897       0.786826       0.448602              0       0.684925       0.682921        1.07041        1.07041        1.07041        1.08392        1.04938       0.946999       0.997857        1.00008         1.0202
         24.149             -1             -1             -1             -1    -0.00691424    -0.00691349              0    -0.00686829     -0.0068642       0.786888       0.448657              0       0.684925       0.682921        1.07127        1.07127        1.07127         1.0848        1.04946       0.947101       0.998148        1.00059        1.02069
        24.1989             -1             -1             -1             -1    -0.00689686    -0.00689666              0    -0.00685176    -0.00685172       0.786951       0.448712              0       0.684925       0.682921        1.07074        1.07074        1.07074        1.08425        1.04941       0.947042        0.99799        1.00026        1.02032
        24.2489             -1             -1             -1             -1    -0.00687843    -0.00687822              0    -0.00683487     -0.0068379       0.787012       0.448769              0       0.684925       0.682921        1.07126        1.07126        1.07126        1.08479        1.04945       0.947074       0.998106        1.00067        1.02072
        24.2989             -1             -1             -1             -1    -0.00685681    -0.00685671              0    -0.00680569    -0.00680527       0.787075       0.448826              0       0.684925       0.682921        1.07023        1.07023        1.07023        1.08374        1.04934       0.946914       0.997727        1.00003        1.02014
        24.3489             -1             -1             -1             -1    -0.00683379    -0.00683431              0     -0.0067757    -0.00677214       0.787139       0.448885              0       0.684925       0.682921        1.07048        1.07048        1.07048          1.084        1.04935       0.946925       0.997791        1.00016        1.02031
        24.3989             -1             -1             -1             -1    -0.00681088    -0.00681179              0      -0.006755    -0.00675307       0.787204       0.448945              0       0.684925       0.682921        1.07054        1.07054        1.07054        1.08406        1.04936       0.946942       0.997841        1.00019        1.02026
        24.4489             -1             -1             -1             -1    -0.00678872    -0.00678993              0    -0.00674485     -0.0067481       0.787271       0.449007              0       0.684925       0.682921        1.07066        1.07066        1.07066        1.08418        1.04937       0.946946        0.99786        1.00031        1.02037
        24.4989             -1             -1             -1             -1    -0.00676386    -0.00676455              0    -0.00672424      -0.006727        0.78734       0.449069              0       0.684925       0.682921        1.07023        1.07023        1.07023        1.08375        1.04931       0.946854       0.997659        1.00011        1.02019
        24.5489             -1             -1             -1             -1    -0.00673694    -0.00673787              0    -0.00669718    -0.00669593        0.78741       0.449133              0       0.684925       0.682921        1.06976        1.06976        1.06977        1.08328        1.04926       0.946778       0.997485       0.999779        1.01992
        24.5989             -1             -1             -1             -1    -0.00670933    -0.00671059              0    -0.00667249    -0.00666959       0.787481       0.449197              0       0.684925       0.682921        1.07059        1.07059        1.07059        1.08412        1.04934       0.946879       0.997766        1.00028        1.02039
        24.6489             -1             -1             -1             -1    -0.00668356      -0.006685              0    -0.00666197    -0.00666324       0.787554       0.449262              0       0.684925       0.682921         1.0701         1.0701         1.0701        1.08362        1.04929       0.946836       0.997635       0.999973        1.02003
        24.6989             -1             -1             -1             -1    -0.00665755     -0.0066586              0    -0.00665126    -0.00665588       0.787628       0.449327              0       0.684925       0.682921        1.07076        1.07076        1.07077         1.0843        1.04935       0.946898       0.997811        1.00046        1.02051
        24.7488             -1             -1             -1             -1    -0.00662919    -0.00663002              0    -0.00662755    -0.00662875       0.787701       0.449391              0       0.684925       0.682921        1.06989        1.06989        1.06989         1.0834        1.04926       0.946772       0.997496         0.9999           1.02
        24.7988             -1             -1             -1             -1    -0.00660058    -0.00660172              0    -0.00660209     -0.0065999       0.787775       0.449454              0       0.684925       0.682921        1.07025        1.07025        1.07025        1.08378         1.0493       0.946817       0.997615        1.00009        1.02023
        24.8488             -1             -1             -1             -1     -0.0065733    -0.00657443              0    -0.00658411    -0.00658291       0.787849       0.449516              0       0.684925       0.682921        1.07066        1.07066        1.07066        1.08419        1.04935       0.946897       0.997803        1.00032        1.02038
        24.8988             -1             -1             -1             -1    -0.00654855     -0.0065496              0    -0.00657697    -0.00658083       0.787923       0.449576              0       0.684925       0.682921        1.07083        1.07083        1.07083        1.08436        1.04937       0.946934       0.997868        1.00044        1.02049
        24.9488             -1             -1             -1             -1    -0.00652279    -0.00652303              0    -0.00655951    -0.00656331       0.787994       0.449634              0       0.684925       0.682921        1.07073        1.07073        1.07073        1.08426        1.04936       0.946908       0.997799        1.00043        1.02049
        24.9988             -1             -1             -1             -1    -0.00649659    -0.00649653              0     -0.0065336    -0.00653317       0.788064       0.449689              0       0.684925       0.682921        1.07026        1.07026        1.07026        1.08379        1.04931       0.946855       0.997652        1.00009        1.02021
        25.0488             -1             -1             -1             -1    -0.00647129    -0.00647102              0     -0.0065082    -0.00650546       0.788131       0.449741              0       0.684925       0.682921        1.07114        1.07114        1.07114        1.08468        1.04941       0.946984        0.99797         1.0006         1.0207
        25.0988             -1             -1             -1             -1    -0.00644918    -0.00644847              0    -0.00649544    -0.00649603       0.788196       0.449791              0       0.684925       0.682921        1.07071        1.07071        1.07071        1.08423        1.04938       0.946974       0.997889        1.00032        1.02036
        25.1488             -1             -1             -1             -1    -0.00642875    -0.00642724              0    -0.00648439    -0.00648848       0.788258       0.449837              0       0.684925       0.682921        1.07133        1.07133        1.07133        1.08486        1.04945       0.947057        0.99808        1.00076        1.02078
        25.1988             -1             -1             -1             -1    -0.00640713    -0.00640476              0    -0.00645926    -0.00645997       0.788316       0.449879              0       0.684925       0.682921        1.07029        1.07029        1.07029         1.0838        1.04935       0.946927       0.997728        1.00012        1.02018
        25.2488             -1             -1             -1             -1    -0.00638608    -0.00638375              0    -0.00643081    -0.00642753        0.78837       0.449918              0       0.684925       0.682921        1.07018        1.07018        1.07018        1.08369        1.04934       0.946926       0.997702        1.00001        1.02013
        25.2988             -1             -1             -1             -1    -0.00636665    -0.00636428              0    -0.00640703    -0.00640344       0.788421       0.449954              0       0.684925       0.682921        1.07057        1.07057        1.07057        1.08408        1.04939       0.947009       0.997884        1.00024        1.02029
        25.3487             -1             -1             -1             -1    -0.00635046    -0.00634817              0    -0.00639576    -0.00639685       0.788469       0.449987              0       0.684925       0.682921        1.07003        1.07003        1.07003        1.08353        1.04935       0.946971       0.997733        0.99993        1.01996
        25.3987             -1             -1             -1             -1     -0.0063339    -0.00633115              0    -0.00637686    -0.00637897       0.788512       0.450017              0       0.684925       0.682921        1.06992        1.06992        1.06992        1.08341        1.04933       0.946944       0.997654       0.999941        1.01998
        25.4487             -1             -1             -1             -1    -0.00631634    -0.00631376              0    -0.00634715    -0.00634502       0.788552       0.450043              0       0.684925       0.682921        1.06888        1.06888        1.06888        1.08235        1.04923       0.946813       0.997304        0.99927        1.01938
        25.4987             -1             -1             -1             -1    -0.00629906    -0.00629709              0    -0.00631671    -0.00631183       0.788588       0.450067              0       0.684925       0.682921        1.06933        1.06933        1.06933        1.08281        1.04928       0.946874       0.997457       0.999535        1.01967
        25.5487             -1             -1             -1             -1    -0.00628382    -0.00628224              0    -0.00629665    -0.00629433       0.788622        0.45009              0       0.684925       0.682921        1.06914        1.06914        1.06914        1.08262        1.04927       0.946878        0.99744       0.999409        1.01948
        25.5987             -1             -1             -1             -1    -0.00627013    -0.00626884              0    -0.00628307    -0.00628551       0.788653       0.450111              0       0.684925       0.682921        1.06975        1.06975        1.06975        1.08323        1.04934       0.946951       0.997621       0.999825        1.01989
        25.6487             -1             -1             -1             -1    -0.00625436    -0.00625287              0     -0.0062564    -0.00625712       0.788681        0.45013              0       0.684925       0.682921        1.06936        1.06936        1.06936        1.08284        1.04929       0.946878       0.997452       0.999602         1.0197
        25.6987             -1             -1             -1             -1    -0.00623763    -0.00623668              0    -0.00622453    -0.00622127       0.788708       0.450149              0       0.684925       0.682921         1.0695         1.0695         1.0695        1.08299         1.0493       0.946887       0.997492       0.999612        1.01977
        25.7487             -1             -1             -1             -1    -0.00622073    -0.00622026              0    -0.00619497    -0.00619041       0.788733       0.450167              0       0.684925       0.682921         1.0708        1.07081        1.07081        1.08432        1.04944       0.947057        0.99795        1.00037        1.02049
        25.7987             -1             -1             -1             -1     -0.0062058     -0.0062057              0    -0.00617971    -0.00617967       0.788758       0.450185              0       0.684925       0.682921        1.07064        1.07064        1.07064        1.08415        1.04943       0.947058       0.997935        1.00024         1.0203
        25.8487             -1             -1             -1             -1    -0.00619024    -0.00618991              0    -0.00616352    -0.00616675       0.788782       0.450203              0       0.684925       0.682921        1.07137        1.07138        1.07138         1.0849         1.0495       0.947129       0.998143        1.00075        1.02078
        25.8987             -1             -1             -1             -1    -0.00617191    -0.00617155              0    -0.00613533     -0.0061352       0.788806       0.450222              0       0.684925       0.682921         1.0703         1.0703         1.0703        1.08381        1.04938       0.946978        0.99777        1.00006        1.02014
        25.9486             -1             -1             -1             -1     -0.0061525    -0.00615276              0    -0.00610643    -0.00610342        0.78883       0.450241              0       0.684925       0.682921        1.07022        1.07022        1.07022        1.08373        1.04937       0.946958       0.997736       0.999991        1.02011
        25.9986             -1             -1             -1             -1    -0.00613318    -0.00613378              0    -0.00608492    -0.00608332       0.788854       0.450262              0       0.684925       0.682921        1.07022        1.07022        1.07022        1.08372        1.04937       0.946971       0.997766              1        1.02004
        26.0486             -1             -1             -1             -1    -0.00611523    -0.00611616              0    -0.00607602    -0.00608019        0.78888       0.450284              0       0.684925       0.682921        1.06966        1.06966        1.06966        1.08315        1.04931         0.9469       0.997571       0.999712        1.01974
        26.0986             -1             -1             -1             -1    -0.00609491    -0.00609557              0    -0.00605865     -0.0060638       0.788906       0.450306              0       0.684925       0.682921        1.06926        1.06926        1.06926        1.08274        1.04925        0.94681       0.997369       0.999562        1.01961
        26.1486             -1             -1             -1             -1    -0.00607219    -0.00607334              0    -0.00603255     -0.0060338       0.788933        0.45033              0       0.684925       0.682921        1.06849        1.06849        1.06849        1.08196        1.04917        0.94669       0.997084        0.99906        1.01919
        26.1986             -1             -1             -1             -1    -0.00604855    -0.00605026              0    -0.00600665    -0.00600538       0.788962       0.450354              0       0.684925       0.682921        1.06946        1.06946        1.06947        1.08296        1.04927       0.946798       0.997391       0.999638        1.01979
        26.2486             -1             -1             -1             -1    -0.00602584    -0.00602793              0    -0.00599229    -0.00599363       0.788993        0.45038              0       0.684925       0.682921         1.0698         1.0698         1.0698         1.0833        1.04931       0.946857       0.997541       0.999809        1.01988
        26.2986             -1             -1             -1             -1    -0.00600384    -0.00600596              0    -0.00598447    -0.00599009       0.789025       0.450406              0       0.684925       0.682921         1.0709         1.0709         1.0709        1.08443        1.04942       0.946987        0.99789        1.00051        1.02056
        26.3486             -1             -1             -1             -1    -0.00597945    -0.00598101              0    -0.00596441     -0.0059676       0.789057       0.450432              0       0.684925       0.682921        1.07051        1.07051        1.07051        1.08403        1.04937       0.946916        0.99773        1.00027        1.02033
        26.3986             -1             -1             -1             -1    -0.00595427    -0.00595586              0    -0.00594059    -0.00593952        0.78909       0.450458              0       0.684925       0.682921        1.07021        1.07021        1.07021        1.08373        1.04934       0.946879       0.997636        1.00003        1.02014
        26.4486             -1             -1             -1             -1    -0.00592917    -0.00593071              0    -0.00591949    -0.00591688       0.789124       0.450484              0       0.684925       0.682921        1.07073        1.07073        1.07073        1.08426        1.04939       0.946958       0.997835        1.00035        1.02042
        26.4986             -1             -1             -1             -1    -0.00590659    -0.00590812              0    -0.00591271    -0.00591436       0.789158        0.45051              0       0.684925       0.682921        1.06966        1.06966        1.06967        1.08316        1.04929       0.946852       0.997517       0.999726        1.01975
        26.5485             -1             -1             -1             -1    -0.00588426    -0.00588532              0    -0.00590499    -0.00590981       0.789192       0.450534              0       0.684925       0.682921        1.06977        1.06978        1.06978        1.08327         1.0493        0.94685       0.997506       0.999907        1.01993
        26.5985             -1             -1             -1             -1    -0.00586006    -0.00586094              0    -0.00588356    -0.00588454       0.789224       0.450556              0       0.684925       0.682921        1.06857        1.06857        1.06857        1.08204        1.04917       0.946684       0.997074        0.99917        1.01926
        26.6485             -1             -1             -1             -1    -0.00583592    -0.00583732              0     -0.0058593     -0.0058564       0.789256       0.450577              0       0.684925       0.682921        1.06894        1.06894        1.06894        1.08243        1.04921       0.946728       0.997187       0.999358        1.01952
        26.6985             -1             -1             -1             -1    -0.00581295     -0.0058143              0     -0.0058391    -0.00583593       0.789287       0.450596              0       0.684925       0.682921        1.07022        1.07022        1.07022        1.08373        1.04935       0.946913       0.997655        1.00011        1.02019
        26.7485             -1             -1             -1             -1    -0.00579312    -0.00579423              0    -0.00583145    -0.00583297       0.789316       0.450613              0       0.684925       0.682921         1.0706         1.0706         1.0706        1.08411        1.04941       0.946988       0.997815        1.00031        1.02036
        26.7985             -1             -1             -1             -1    -0.00577319    -0.00577324              0    -0.00581688    -0.00581955       0.789342       0.450627              0       0.684925       0.682921        1.07111        1.07111        1.07111        1.08464        1.04946       0.947047       0.997965        1.00066         1.0207
        26.8485             -1             -1             -1             -1    -0.00575271    -0.00575223              0    -0.00579214    -0.00579078       0.789365       0.450638              0       0.684925       0.682921         1.0701         1.0701         1.0701         1.0836        1.04935        0.94693       0.997643       0.999986        1.02007
        26.8985             -1             -1             -1             -1    -0.00573306    -0.00573256              0    -0.00576694    -0.00576305       0.789386       0.450647              0       0.684925       0.682921        1.07005        1.07005        1.07005        1.08355        1.04936       0.946938        0.99764        0.99995        1.02007
        26.9485             -1             -1             -1             -1    -0.00571565    -0.00571485              0    -0.00575012    -0.00574842       0.789405       0.450653              0       0.684925       0.682921        1.06961        1.06961        1.06961         1.0831        1.04932       0.946919       0.997546       0.999703        1.01975
        26.9985             -1             -1             -1             -1    -0.00570091    -0.00569984              0    -0.00574227    -0.00574587        0.78942       0.450657              0       0.684925       0.682921        1.06947        1.06947        1.06947        1.08295        1.04931        0.94691        0.99749       0.999679        1.01973
        27.0485             -1             -1             -1             -1    -0.00568502    -0.00568315              0    -0.00572218    -0.00572497       0.789432       0.450657              0       0.684925       0.682921        1.06927        1.06927        1.06927        1.08275        1.04929       0.946863       0.997375       0.999604        1.01968
        27.0985             -1             -1             -1             -1    -0.00566858    -0.00566677              0    -0.00569406    -0.00569216       0.789441       0.450655              0       0.684925       0.682921        1.06936        1.06936        1.06936        1.08284         1.0493       0.946873       0.997404       0.999569        1.01972
        27.1484             -1             -1             -1             -1    -0.00565251    -0.00565096              0    -0.00566567    -0.00566106       0.789446       0.450652              0       0.684925       0.682921        1.07084        1.07084        1.07084        1.08436        1.04946        0.94707       0.997918        1.00041        1.02055
        27.1984             -1             -1             -1             -1    -0.00563878    -0.00563734              0    -0.00564934    -0.00564775        0.78945       0.450646              0       0.684925       0.682921        1.07085        1.07086        1.07086        1.08436        1.04947       0.947113       0.997993        1.00038        1.02042
        27.2484             -1             -1             -1             -1    -0.00562664    -0.00562517              0    -0.00563897    -0.00564223       0.789451       0.450639              0       0.684925       0.682921        1.07114        1.07114        1.07114        1.08465         1.0495       0.947154       0.998084        1.00061        1.02063
        27.2984             -1             -1             -1             -1     -0.0056126    -0.00561093              0    -0.00561595    -0.00561743       0.789449        0.45063              0       0.684925       0.682921        1.06967        1.06967        1.06967        1.08315        1.04934       0.946953       0.997564       0.999755        1.01981
        27.3484             -1             -1             -1             -1    -0.00559792    -0.00559703              0     -0.0055888    -0.00558685       0.789445        0.45062              0       0.684925       0.682921        1.06876        1.06876        1.06876        1.08222        1.04925       0.946831       0.997244        0.99918        1.01932
        27.3984             -1             -1             -1             -1    -0.00558297    -0.00558285              0    -0.00556243     -0.0055594       0.789441        0.45061              0       0.684925       0.682921        1.06951        1.06951        1.06951        1.08299        1.04933       0.946921       0.997488       0.999655        1.01978
        27.4484             -1             -1             -1             -1    -0.00556987    -0.00557033              0    -0.00554905     -0.0055503       0.789437       0.450599              0       0.684925       0.682921        1.06949        1.06949        1.06949        1.08297        1.04933       0.946933       0.997507       0.999619         1.0197
        27.4984             -1             -1             -1             -1    -0.00555661    -0.00555704              0     -0.0055364    -0.00554134       0.789431       0.450589              0       0.684925       0.682921        1.07093        1.07093        1.07093        1.08444        1.04947       0.947094       0.997952        1.00053        1.02059
        27.5484             -1             -1             -1             -1    -0.00554072    -0.00554096              0      -0.005511    -0.00551255       0.789423       0.450578              0       0.684925       0.682921        1.07041        1.07042        1.07042        1.08392        1.04941       0.947014       0.997769        1.00017        1.02025
        27.5984             -1             -1             -1             -1    -0.00552405    -0.00552485              0    -0.00548466     -0.0054826       0.789416       0.450568              0       0.684925       0.682921         1.0702         1.0702         1.0702         1.0837        1.04939       0.946984       0.997702       0.999983        1.02011
        27.6484             -1             -1             -1             -1    -0.00550713     -0.0055083              0    -0.00546233    -0.00545989       0.789409       0.450559              0       0.684925       0.682921        1.07046        1.07046        1.07046        1.08397        1.04942       0.947024       0.997809        1.00017        1.02024
        27.6984             -1             -1             -1             -1    -0.00549199    -0.00549356              0    -0.00545485    -0.00545762       0.789403        0.45055              0       0.684925       0.682921        1.06926        1.06926        1.06926        1.08274         1.0493       0.946885       0.997423        0.99948        1.01952
        27.7483             -1             -1             -1             -1    -0.00547573    -0.00547708              0    -0.00544468    -0.00545038       0.789399       0.450543              0       0.684925       0.682921        1.06953        1.06953        1.06953        1.08302        1.04931       0.946882       0.997442       0.999755         1.0198
        27.7983             -1             -1             -1             -1    -0.00545661    -0.00545789              0    -0.00542166    -0.00542328       0.789396       0.450537              0       0.684925       0.682921        1.06895        1.06895        1.06895        1.08243        1.04924       0.946781       0.997211       0.999358        1.01947
        27.8483             -1             -1             -1             -1    -0.00543643    -0.00543817              0    -0.00539716    -0.00539488       0.789393       0.450532              0       0.684925       0.682921        1.06987        1.06987        1.06987        1.08337        1.04934       0.946885       0.997508       0.999845        1.02001
        27.8983             -1             -1             -1             -1    -0.00541611    -0.00541794              0    -0.00537746    -0.00537491       0.789393       0.450528              0       0.684925       0.682921        1.07117        1.07117        1.07117         1.0847        1.04948       0.947065       0.997984         1.0006        1.02067
        27.9483             -1             -1             -1             -1    -0.00539791    -0.00539978              0    -0.00537288    -0.00537555       0.789393       0.450525              0       0.684925       0.682921         1.0706         1.0706         1.0706        1.08411        1.04942       0.947015       0.997828        1.00026        1.02028
        27.9983             -1             -1             -1             -1    -0.00537866    -0.00537998              0    -0.00536413    -0.00536913       0.789394       0.450522              0       0.684925       0.682921        1.07025        1.07025        1.07025        1.08376        1.04938       0.946949       0.997663        1.00016        1.02017
        28.0483             -1             -1             -1             -1    -0.00535737    -0.00535862              0    -0.00534453    -0.00534578       0.789396       0.450519              0       0.684925       0.682921        1.06861        1.06861        1.06861        1.08208         1.0492       0.946729       0.997092       0.999159        1.01925
        28.0983             -1             -1             -1             -1    -0.00533558    -0.00533728              0    -0.00532353    -0.00532174       0.789398       0.450516              0       0.684925       0.682921        1.06871        1.06871        1.06871        1.08219        1.04922       0.946729       0.997096       0.999211        1.01938
        28.1483             -1             -1             -1             -1    -0.00531407    -0.00531584              0    -0.00530669    -0.00530534       0.789401       0.450513              0       0.684925       0.682921        1.06997        1.06997        1.06997        1.08347        1.04935         0.9469       0.997542       0.999962        1.02005
        28.1983             -1             -1             -1             -1     -0.0052949     -0.0052966              0    -0.00530243    -0.00530598       0.789404        0.45051              0       0.684925       0.682921        1.07054        1.07054        1.07054        1.08406        1.04942       0.946992       0.997759        1.00028        1.02034
        28.2483             -1             -1             -1             -1    -0.00527494     -0.0052758              0    -0.00529166    -0.00529613       0.789407       0.450505              0       0.684925       0.682921        1.07106        1.07106        1.07106        1.08459        1.04947       0.947046       0.997909        1.00064        1.02067
        28.2983             -1             -1             -1             -1    -0.00525392    -0.00525466              0    -0.00527159    -0.00527185       0.789409       0.450499              0       0.684925       0.682921        1.06978        1.06978        1.06978        1.08328        1.04934       0.946893       0.997496       0.999817         1.0199
        28.3482             -1             -1             -1             -1     -0.0052334    -0.00523452              0    -0.00525127    -0.00524877        0.78941       0.450492              0       0.684925       0.682921        1.06933        1.06933        1.06933        1.08282         1.0493       0.946843       0.997342       0.999546        1.01968
        28.3982             -1             -1             -1             -1    -0.00521411    -0.00521532              0    -0.00523601    -0.00523463       0.789411       0.450484              0       0.684925       0.682921        1.06941        1.06941        1.06941         1.0829        1.04931       0.946876         0.9974       0.999633        1.01971
        28.4482             -1             -1             -1             -1    -0.00519765    -0.00519884              0    -0.00523221    -0.00523618        0.78941       0.450473              0       0.684925       0.682921        1.06939        1.06939        1.06939        1.08287        1.04932       0.946887       0.997396       0.999644        1.01971
        28.4982             -1             -1             -1             -1    -0.00518052    -0.00518091              0     -0.0052195    -0.00522403       0.789407        0.45046              0       0.684925       0.682921        1.07031        1.07031        1.07031        1.08381        1.04941       0.946984       0.997662        1.00024         1.0203
        28.5482             -1             -1             -1             -1    -0.00516265    -0.00516274              0    -0.00519661    -0.00519627       0.789402       0.450446              0       0.684925       0.682921        1.07014        1.07014        1.07014        1.08364         1.0494       0.946971       0.997625        1.00003        1.02014
        28.5982             -1             -1             -1             -1    -0.00514562    -0.00514587              0    -0.00517361    -0.00517009       0.789393       0.450428              0       0.684925       0.682921         1.0704        1.07041        1.07041        1.08391        1.04943       0.947023       0.997738        1.00014        1.02029
        28.6482             -1             -1             -1             -1    -0.00513022    -0.00513034              0    -0.00515632    -0.00515383       0.789384       0.450409              0       0.684925       0.682921        1.07042        1.07042        1.07042        1.08392        1.04944       0.947059       0.997795        1.00017        1.02023
        28.6982             -1             -1             -1             -1    -0.00511807    -0.00511806              0    -0.00515181    -0.00515499       0.789372       0.450388              0       0.684925       0.682921        1.06943        1.06943        1.06943         1.0829        1.04935       0.946955       0.997478       0.999627        1.01968
        28.7482             -1             -1             -1             -1    -0.00510542    -0.00510459              0    -0.00513908    -0.00514326       0.789357       0.450364              0       0.684925       0.682921        1.06942        1.06942        1.06942        1.08289        1.04934       0.946929       0.997416       0.999717        1.01978
        28.7982             -1             -1             -1             -1    -0.00509156    -0.00509055              0    -0.00511478    -0.00511386        0.78934       0.450339              0       0.684925       0.682921        1.06913        1.06914        1.06914        1.08261        1.04931       0.946886       0.997312       0.999465         1.0196
        28.8482             -1             -1             -1             -1    -0.00507791    -0.00507724              0    -0.00508904    -0.00508418       0.789319       0.450311              0       0.684925       0.682921         1.0702         1.0702         1.0702         1.0837        1.04943       0.947024       0.997675        1.00002        1.02021
        28.8982             -1             -1             -1             -1    -0.00506513    -0.00506446              0    -0.00506755     -0.0050627       0.789298       0.450283              0       0.684925       0.682921        1.07129        1.07129        1.07129        1.08481        1.04955       0.947191       0.998098        1.00066        1.02075
        28.9481             -1             -1             -1             -1    -0.00505532    -0.00505471              0    -0.00506092     -0.0050617       0.789274       0.450252              0       0.684925       0.682921        1.07037        1.07037        1.07037        1.08386        1.04946       0.947104       0.997828        1.00012        1.02016
        28.9981             -1             -1             -1             -1    -0.00504499    -0.00504399              0    -0.00504957    -0.00505297       0.789248       0.450221              0       0.684925       0.682921        1.06992        1.06992        1.06992        1.08341         1.0494       0.947025       0.997628       0.999969           1.02
        29.0481             -1             -1             -1             -1    -0.00503279    -0.00503205              0    -0.00502639    -0.00502604       0.789221        0.45019              0       0.684925       0.682921         1.0685         1.0685         1.0685        1.08196        1.04925       0.946828       0.997125       0.999085         1.0192
        29.0981             -1             -1             -1             -1    -0.00502011    -0.00502029              0    -0.00500132    -0.00499786       0.789193       0.450157              0       0.684925       0.682921        1.06895        1.06896        1.06896        1.08243         1.0493       0.946871       0.997253       0.999312        1.01951
        29.1481             -1             -1             -1             -1    -0.00500701    -0.00500776              0    -0.00497735    -0.00497358       0.789164       0.450125              0       0.684925       0.682921        1.07086        1.07086        1.07086        1.08437         1.0495       0.947115       0.997908        1.00043        1.02058
        29.1981             -1             -1             -1             -1    -0.00499606    -0.00499711              0    -0.00496831    -0.00496992       0.789136       0.450093              0       0.684925       0.682921        1.07079        1.07079        1.07079        1.08429        1.04949       0.947132       0.997934        1.00035        1.02041
        29.2481             -1             -1             -1             -1    -0.00498492    -0.00498569              0       -0.00496    -0.00496571       0.789107       0.450062              0       0.684925       0.682921        1.07103        1.07103        1.07103        1.08454        1.04951       0.947149       0.997988        1.00059        1.02061
        29.2981             -1             -1             -1             -1    -0.00497135    -0.00497207              0    -0.00494003     -0.0049427       0.789077        0.45003              0       0.684925       0.682921        1.06912        1.06912        1.06912        1.08259         1.0493       0.946888       0.997322       0.999432        1.01951
        29.3481             -1             -1             -1             -1    -0.00495698    -0.00495853              0    -0.00491884    -0.00491816       0.789048           0.45              0       0.684925       0.682921        1.06832        1.06832        1.06832        1.08178        1.04922       0.946771       0.997027       0.998938        1.01912
        29.3981             -1             -1             -1             -1    -0.00494158    -0.00494382              0    -0.00489685    -0.00489471        0.78902        0.44997              0       0.684925       0.682921         1.0695         1.0695         1.0695        1.08299        1.04934       0.946901       0.997391       0.999661        1.01986
        29.4481             -1             -1             -1             -1    -0.00492713    -0.00492953              0     -0.0048859    -0.00488702       0.788993       0.449941              0       0.684925       0.682921        1.07023        1.07023        1.07023        1.08373        1.04942       0.947011       0.997678        1.00007        1.02016
        29.4981             -1             -1             -1             -1    -0.00491347    -0.00491565              0     -0.0048824    -0.00488824       0.788968       0.449914              0       0.684925       0.682921        1.07131        1.07131        1.07131        1.08484        1.04953       0.947145       0.998034        1.00075        1.02079
         29.548             -1             -1             -1             -1    -0.00489737     -0.0048989              0    -0.00486804    -0.00487176       0.788941       0.449888              0       0.684925       0.682921        1.07027        1.07027        1.07027        1.08377        1.04941       0.946994        0.99766        1.00014        1.02019
         29.598             -1             -1             -1             -1    -0.00488031    -0.00488216              0    -0.00485047    -0.00484993       0.788917       0.449862              0       0.684925       0.682921        1.06883        1.06883        1.06883         1.0823        1.04926       0.946807       0.997172       0.999237        1.01937
         29.648             -1             -1             -1             -1    -0.00486263    -0.00486516              0    -0.00483259     -0.0048299       0.788894       0.449837              0       0.684925       0.682921        1.06846        1.06846        1.06846        1.08193        1.04922       0.946748       0.997015       0.999037        1.01925
         29.698             -1             -1             -1             -1    -0.00484441    -0.00484714              0    -0.00481624    -0.00481421       0.788871       0.449813              0       0.684925       0.682921        1.06972        1.06972        1.06972        1.08321        1.04936       0.946905       0.997435       0.999833        1.01999
         29.748             -1             -1             -1             -1    -0.00482814    -0.00483086              0    -0.00481361    -0.00481707       0.788851       0.449789              0       0.684925       0.682921        1.07009        1.07009        1.07009        1.08359         1.0494        0.94697       0.997589        1.00004        1.02013
         29.798             -1             -1             -1             -1    -0.00481138    -0.00481333              0    -0.00480859    -0.00481482        0.78883       0.449766              0       0.684925       0.682921        1.07128        1.07128        1.07128        1.08481        1.04952       0.947106        0.99796        1.00081        1.02085
         29.848             -1             -1             -1             -1    -0.00479284    -0.00479431              0    -0.00479252    -0.00479461        0.78881       0.449742              0       0.684925       0.682921        1.06989        1.06989        1.06989        1.08339        1.04937       0.946932       0.997503       0.999915        1.01999
         29.898             -1             -1             -1             -1    -0.00477462    -0.00477651              0    -0.00477683    -0.00477553        0.78879       0.449717              0       0.684925       0.682921        1.06865        1.06865        1.06865        1.08212        1.04925       0.946784       0.997092       0.999136        1.01931
         29.948             -1             -1             -1             -1    -0.00475652      -0.004759              0    -0.00476048    -0.00475863        0.78877       0.449692              0       0.684925       0.682921        1.06801        1.06801        1.06801        1.08147        1.04919       0.946703       0.996856       0.998767        1.01905
         29.998             -1             -1             -1             -1    -0.00473801    -0.00474081              0    -0.00474153    -0.00474104        0.78875       0.449666              0       0.684925       0.682921        1.06899        1.06899        1.06899        1.08247         1.0493       0.946821       0.997158       0.999401        1.01971
         30.048             -1             -1             -1             -1    -0.00472054     -0.0047229              0    -0.00472921    -0.00473291        0.78873        0.44964              0       0.684925       0.682921         1.0704         1.0704         1.0704        1.08391        1.04946       0.947028       0.997683        1.00025        1.02042
         30.098             -1             -1             -1             -1    -0.00470573    -0.00470743              0    -0.00472904    -0.00473886        0.78871       0.449612              0       0.684925       0.682921        1.07101        1.07101        1.07101        1.08452        1.04953       0.947128       0.997917        1.00062        1.02072
        30.1479             -1             -1             -1             -1     -0.0046902    -0.00469052              0    -0.00472086    -0.00472994       0.788687       0.449582              0       0.684925       0.682921        1.07065        1.07065        1.07065        1.08416        1.04948       0.947077       0.997779        1.00047        1.02054
        30.1979             -1             -1             -1             -1    -0.00467435     -0.0046743              0    -0.00470537    -0.00470774       0.788664       0.449551              0       0.684925       0.682921        1.06869         1.0687         1.0687        1.08216        1.04928       0.946842       0.997139       0.999238        1.01938
        30.2479             -1             -1             -1             -1    -0.00465997    -0.00466054              0    -0.00469295    -0.00469136       0.788638       0.449517              0       0.684925       0.682921        1.06746        1.06746        1.06746         1.0809        1.04917       0.946707       0.996741       0.998441        1.01871
        30.2979             -1             -1             -1             -1    -0.00464771    -0.00464872              0    -0.00468785    -0.00468881        0.78861       0.449482              0       0.684925       0.682921        1.06903        1.06904        1.06904        1.08251        1.04935       0.946921       0.997264       0.999433        1.01974
        30.3479             -1             -1             -1             -1    -0.00463497    -0.00463577              0    -0.00467495    -0.00467606        0.78858       0.449445              0       0.684925       0.682921        1.06889        1.06889        1.06889        1.08236        1.04935       0.946916        0.99723        0.99931        1.01963
        30.3979             -1             -1             -1             -1    -0.00462372    -0.00462427              0    -0.00466566    -0.00466833       0.788548       0.449405              0       0.684925       0.682921        1.06969        1.06969        1.06969        1.08317        1.04944        0.94703       0.997506        0.99981        1.02011
        30.4479             -1             -1             -1             -1    -0.00461377    -0.00461405              0    -0.00465719    -0.00466073       0.788513       0.449364              0       0.684925       0.682921        1.06948        1.06948        1.06948        1.08295        1.04942       0.947027       0.997465       0.999709        1.01998
        30.4979             -1             -1             -1             -1    -0.00460491    -0.00460498              0    -0.00464867    -0.00465177       0.788475        0.44932              0       0.684925       0.682921        1.06842        1.06842        1.06842        1.08187        1.04932       0.946916       0.997136       0.999098        1.01937
        30.5479             -1             -1             -1             -1    -0.00459712    -0.00459704              0    -0.00464053    -0.00464222       0.788436       0.449275              0       0.684925       0.682921        1.06853        1.06853        1.06853        1.08198        1.04934       0.946939       0.997174       0.999213        1.01948
        30.5979             -1             -1             -1             -1    -0.00458974    -0.00458924              0    -0.00462982    -0.00462872       0.788394       0.449228              0       0.684925       0.682921        1.06916        1.06916        1.06916        1.08262         1.0494       0.947003       0.997344       0.999648        1.01992
        30.6479             -1             -1             -1             -1    -0.00458272    -0.00458199              0    -0.00461677    -0.00461201        0.78835        0.44918              0       0.684925       0.682921        1.06993        1.06993        1.06993        1.08341        1.04949       0.947121       0.997646        1.00004        1.02029
        30.6979             -1             -1             -1             -1    -0.00457622    -0.00457511              0    -0.00460303    -0.00459514       0.788304        0.44913              0       0.684925       0.682921        1.06986        1.06986        1.06986        1.08333        1.04949       0.947123        0.99764       0.999962        1.02019
        30.7478             -1             -1             -1             -1    -0.00457067    -0.00456935              0    -0.00459107    -0.00458196       0.788256        0.44908              0       0.684925       0.682921        1.06968        1.06968        1.06968        1.08314        1.04946       0.947106       0.997585       0.999877        1.02009
        30.7978             -1             -1             -1             -1    -0.00456558    -0.00456435              0    -0.00457909    -0.00457034       0.788206        0.44903              0       0.684925       0.682921        1.06892        1.06892        1.06892        1.08236        1.04938       0.947012       0.997328       0.999458        1.01967
        30.8478             -1             -1             -1             -1    -0.00456057    -0.00455964              0    -0.00456588    -0.00455875       0.788155       0.448979              0       0.684925       0.682921        1.06823        1.06823        1.06823        1.08166        1.04931       0.946922       0.997088       0.999059        1.01929
        30.8978             -1             -1             -1             -1    -0.00455549    -0.00455497              0    -0.00455174    -0.00454712       0.788104       0.448929              0       0.684925       0.682921        1.06889         1.0689         1.0689        1.08234        1.04938       0.947001       0.997307        0.99943        1.01967
        30.9478             -1             -1             -1             -1    -0.00455036    -0.00455017              0    -0.00453801    -0.00453679       0.788052       0.448879              0       0.684925       0.682921        1.07062        1.07062        1.07063        1.08411        1.04955       0.947209       0.997878        1.00045        1.02066
        30.9978             -1             -1             -1             -1    -0.00454495    -0.00454495              0    -0.00452393    -0.00452599          0.788       0.448829              0       0.684925       0.682921        1.07003        1.07003        1.07003         1.0835        1.04949       0.947137       0.997693        1.00004        1.02026
        31.0478             -1             -1             -1             -1    -0.00453991     -0.0045403              0    -0.00451345    -0.00451927       0.787948       0.448781              0       0.684925       0.682921         1.0704         1.0704         1.0704        1.08388        1.04952       0.947184       0.997825        1.00028        1.02047
        31.0978             -1             -1             -1             -1    -0.00453442    -0.00453516              0    -0.00450296    -0.00451107       0.787897       0.448734              0       0.684925       0.682921        1.06886        1.06886        1.06886        1.08231        1.04936       0.946987       0.997307       0.999362        1.01958
        31.1478             -1             -1             -1             -1    -0.00452849    -0.00452955              0     -0.0044935    -0.00450241       0.787847       0.448688              0       0.684925       0.682921        1.06827        1.06827        1.06827         1.0817        1.04929       0.946889        0.99707       0.999043         1.0193
        31.1978             -1             -1             -1             -1    -0.00452188    -0.00452319              0    -0.00448407    -0.00449196       0.787798       0.448644              0       0.684925       0.682921        1.06906        1.06906        1.06906        1.08252        1.04937       0.946966       0.997303       0.999518        1.01978
        31.2478             -1             -1             -1             -1    -0.00451446    -0.00451589              0    -0.00447467    -0.00447987        0.78775       0.448601              0       0.684925       0.682921        1.06997        1.06997        1.06997        1.08345        1.04946       0.947071       0.997607        1.00002        1.02026
        31.2978             -1             -1             -1             -1    -0.00450651    -0.00450797              0    -0.00446655    -0.00446848       0.787704        0.44856              0       0.684925       0.682921        1.06997        1.06997        1.06997        1.08344        1.04945       0.947074       0.997626       0.999981        1.02019
        31.3477             -1             -1             -1             -1    -0.00449823    -0.00449987              0    -0.00446045    -0.00445942        0.78766       0.448521              0       0.684925       0.682921        1.06951        1.06951        1.06951        1.08297         1.0494       0.947017       0.997481       0.999719         1.0199
        31.3977             -1             -1             -1             -1    -0.00448956    -0.00449145              0    -0.00445585    -0.00445249       0.787618       0.448484              0       0.684925       0.682921        1.06928        1.06928        1.06928        1.08274        1.04937        0.94697       0.997373       0.999648        1.01983
        31.4477             -1             -1             -1             -1    -0.00448001    -0.00448207              0    -0.00444983    -0.00444437       0.787578       0.448449              0       0.684925       0.682921        1.06848        1.06848        1.06848        1.08193        1.04928       0.946846       0.997064       0.999193        1.01941
        31.4977             -1             -1             -1             -1    -0.00446974    -0.00447195              0    -0.00444262    -0.00443567        0.78754       0.448415              0       0.684925       0.682921        1.06976        1.06976        1.06976        1.08324        1.04941       0.946998       0.997489       0.999931        1.02012
        31.5477             -1             -1             -1             -1    -0.00445889    -0.00446106              0    -0.00443532    -0.00442799       0.787505       0.448382              0       0.684925       0.682921        1.06995        1.06995        1.06995        1.08343        1.04943       0.947017        0.99755              1        1.02019
        31.5977             -1             -1             -1             -1    -0.00444803    -0.00445028              0    -0.00442965     -0.0044236       0.787471       0.448351              0       0.684925       0.682921        1.07069        1.07069        1.07069        1.08419         1.0495        0.94711       0.997803        1.00046        1.02061
        31.6477             -1             -1             -1             -1    -0.00443712    -0.00443945              0    -0.00442435     -0.0044205       0.787437       0.448321              0       0.684925       0.682921        1.06977        1.06977        1.06977        1.08325         1.0494       0.947003        0.99751       0.999912        1.02005
        31.6977             -1             -1             -1             -1    -0.00442626     -0.0044286              0    -0.00441905    -0.00441783       0.787405       0.448291              0       0.684925       0.682921        1.06879        1.06879        1.06879        1.08225         1.0493       0.946875       0.997168       0.999358        1.01952
        31.7477             -1             -1             -1             -1    -0.00441531    -0.00441756              0    -0.00441295    -0.00441401       0.787376       0.448261              0       0.684925       0.682921        1.06883        1.06883        1.06883        1.08229        1.04931        0.94687       0.997159       0.999393        1.01958
        31.7977             -1             -1             -1             -1    -0.00440431     -0.0044063              0    -0.00440597    -0.00440856       0.787346       0.448232              0       0.684925       0.682921        1.06985        1.06985        1.06985        1.08333        1.04941       0.946995       0.997493        0.99997        1.02016
        31.8477             -1             -1             -1             -1    -0.00439361    -0.00439529              0    -0.00439957    -0.00440322       0.787317       0.448202              0       0.684925       0.682921        1.07074        1.07074        1.07074        1.08424        1.04951       0.947116       0.997808        1.00047        1.02063
        31.8976             -1             -1             -1             -1    -0.00438356     -0.0043849              0    -0.00439468    -0.00439911       0.787287       0.448172              0       0.684925       0.682921        1.07057        1.07057        1.07058        1.08407        1.04949       0.947104       0.997761        1.00038        1.02053
        31.9476             -1             -1             -1             -1    -0.00437417    -0.00437517              0    -0.00439047    -0.00439518       0.787258       0.448142              0       0.684925       0.682921        1.06896        1.06896        1.06896        1.08242        1.04933       0.946913       0.997229       0.999423         1.0196
        31.9976             -1             -1             -1             -1    -0.00436528    -0.00436606              0    -0.00438573     -0.0043899       0.787229        0.44811              0       0.684925       0.682921         1.0689         1.0689         1.0689        1.08236        1.04932        0.94691       0.997207       0.999418        1.01959
        32.0476             -1             -1             -1             -1    -0.00435686    -0.00435739              0    -0.00438078     -0.0043838       0.787198       0.448076              0       0.684925       0.682921        1.06913        1.06914        1.06914         1.0826        1.04935       0.946929       0.997253       0.999575        1.01979
        32.0977             -1             -1             -1             -1    -0.00434869    -0.00434895              0    -0.00437373     -0.0043748       0.787166       0.448042              0       0.684925       0.682921        1.07034        1.07034        1.07034        1.08383        1.04948       0.947096       0.997687        1.00024        1.02042
        32.1477             -1             -1             -1             -1    -0.00434137    -0.00434128              0    -0.00436773    -0.00436742       0.787133       0.448006              0       0.684925       0.682921        1.07015        1.07015        1.07015        1.08363        1.04947        0.94709       0.997649        1.00008        1.02026
        32.1977             -1             -1             -1             -1    -0.00433505     -0.0043348              0    -0.00436268    -0.00436179       0.787098       0.447969              0       0.684925       0.682921        1.07018        1.07018        1.07018        1.08366        1.04947       0.947105       0.997667        1.00013        1.02028
        32.2477             -1             -1             -1             -1    -0.00432949    -0.00432919              0    -0.00435771    -0.00435671       0.787063        0.44793              0       0.684925       0.682921        1.06955        1.06955        1.06955        1.08302        1.04941       0.947037       0.997465       0.999782        1.01993
        32.2977             -1             -1             -1             -1    -0.00432445    -0.00432424              0    -0.00435159    -0.00435047       0.787026        0.44789              0       0.684925       0.682921        1.06915        1.06915        1.06915        1.08261        1.04937       0.946988        0.99732       0.999559        1.01974
        32.3477             -1             -1             -1             -1     -0.0043197    -0.00431957              0    -0.00434348    -0.00434225       0.786986       0.447849              0       0.684925       0.682921        1.06978        1.06978        1.06979        1.08326        1.04944       0.947067       0.997525       0.999923        1.02012
        32.3977             -1             -1             -1             -1    -0.00431542    -0.00431529              0    -0.00433472    -0.00433374       0.786946       0.447806              0       0.684925       0.682921        1.07073        1.07073        1.07073        1.08423        1.04955       0.947194       0.997853        1.00045        1.02064
        32.4477             -1             -1             -1             -1    -0.00431175    -0.00431151              0    -0.00432657    -0.00432628       0.786904       0.447763              0       0.684925       0.682921         1.0706         1.0706         1.0706        1.08409        1.04954       0.947191        0.99783        1.00035        1.02052
        32.4977             -1             -1             -1             -1    -0.00430854    -0.00430831              0     -0.0043182    -0.00431829        0.78686       0.447718              0       0.684925       0.682921        1.06943        1.06943        1.06943        1.08289        1.04942       0.947062       0.997466       0.999632        1.01981
        32.5477             -1             -1             -1             -1    -0.00430579    -0.00430575              0    -0.00431049    -0.00431104       0.786817       0.447673              0       0.684925       0.682921         1.0693         1.0693        1.06931        1.08276         1.0494       0.947043       0.997412       0.999611        1.01978
        32.5978             -1             -1             -1             -1    -0.00430313    -0.00430329              0    -0.00430263    -0.00430329       0.786772       0.447628              0       0.684925       0.682921        1.06881        1.06881        1.06881        1.08226        1.04935       0.946966       0.997213       0.999337        1.01954
        32.6478             -1             -1             -1             -1        -0.0043     -0.0043003              0     -0.0042922    -0.00429179       0.786726       0.447583              0       0.684925       0.682921        1.07004        1.07004        1.07004        1.08351        1.04948       0.947119        0.99763        1.00003        1.02022
        32.6978             -1             -1             -1             -1    -0.00429692    -0.00429727              0    -0.00428302    -0.00428181        0.78668       0.447538              0       0.684925       0.682921        1.07018        1.07018        1.07018        1.08365        1.04949       0.947138       0.997684        1.00006        1.02025
        32.7478             -1             -1             -1             -1    -0.00429385    -0.00429429              0      -0.004275    -0.00427336       0.786634       0.447493              0       0.684925       0.682921        1.07069        1.07069        1.07069        1.08418        1.04954       0.947206       0.997867        1.00038        1.02052
        32.7978             -1             -1             -1             -1     -0.0042906    -0.00429117              0    -0.00426802    -0.00426626       0.786588       0.447449              0       0.684925       0.682921        1.06985        1.06985        1.06985        1.08332        1.04945       0.947105       0.997595        0.99989        1.02003
        32.8478             -1             -1             -1             -1    -0.00428703    -0.00428789              0    -0.00426187    -0.00426046       0.786542       0.447406              0       0.684925       0.682921        1.06887        1.06887        1.06887        1.08232        1.04935       0.946973       0.997251       0.999328         1.0195
        32.8978             -1             -1             -1             -1    -0.00428284    -0.00428389              0    -0.00425497    -0.00425385       0.786497       0.447364              0       0.684925       0.682921        1.06889        1.06889        1.06889        1.08234        1.04935       0.946958       0.997231       0.999343        1.01953
        32.9478             -1             -1             -1             -1    -0.00427794    -0.00427913              0    -0.00424727     -0.0042464       0.786453       0.447323              0       0.684925       0.682921        1.06983        1.06983        1.06983         1.0833        1.04944       0.947066       0.997537       0.999869        1.02005
        32.9978             -1             -1             -1             -1    -0.00427257    -0.00427384              0    -0.00424026    -0.00423994        0.78641       0.447283              0       0.684925       0.682921        1.07056        1.07056        1.07056        1.08405        1.04952       0.947159       0.997794        1.00027        1.02043
        33.0479             -1             -1             -1             -1    -0.00426702    -0.00426845              0    -0.00423508    -0.00423587       0.786368       0.447244              0       0.684925       0.682921        1.07043        1.07043        1.07043        1.08392         1.0495       0.947141       0.997753        1.00021        1.02035
        33.0979             -1             -1             -1             -1    -0.00426123    -0.00426293              0     -0.0042315    -0.00423365       0.786328       0.447207              0       0.684925       0.682921        1.06952        1.06952        1.06952        1.08299         1.0494       0.947015       0.997426       0.999718        1.01987
        33.1479             -1             -1             -1             -1    -0.00425489    -0.00425682              0    -0.00422789    -0.00423086       0.786289        0.44717              0       0.684925       0.682921        1.06847        1.06847        1.06847        1.08192        1.04929       0.946869       0.997047       0.999113         1.0193
        33.1979             -1             -1             -1             -1    -0.00424773    -0.00424981              0    -0.00422221    -0.00422479        0.78625       0.447135              0       0.684925       0.682921        1.06952        1.06952        1.06952          1.083        1.04939        0.94699       0.997387       0.999734        1.01992
        33.2479             -1             -1             -1             -1    -0.00424028    -0.00424236              0     -0.0042174    -0.00421963       0.786213         0.4471              0       0.684925       0.682921        1.07031        1.07031        1.07031        1.08381        1.04947       0.947077       0.997635        1.00018        1.02036
        33.2979             -1             -1             -1             -1    -0.00423242    -0.00423437              0    -0.00421238    -0.00421385       0.786178       0.447067              0       0.684925       0.682921         1.0707         1.0707         1.0707        1.08421        1.04951       0.947141       0.997801        1.00038        1.02053
        33.3479             -1             -1             -1             -1    -0.00422484    -0.00422675              0    -0.00421028    -0.00421199       0.786143       0.447034              0       0.684925       0.682921        1.06949        1.06949        1.06949        1.08296        1.04939       0.946988       0.997389       0.999667        1.01982
        33.3979             -1             -1             -1             -1    -0.00421708    -0.00421902              0    -0.00420768    -0.00420935        0.78611       0.447002              0       0.684925       0.682921        1.06923        1.06923        1.06923         1.0827        1.04936       0.946948       0.997282       0.999568        1.01973
        33.4479             -1             -1             -1             -1    -0.00420914    -0.00421103              0    -0.00420437    -0.00420586       0.786079        0.44697              0       0.684925       0.682921        1.06918        1.06918        1.06918        1.08265        1.04935       0.946935       0.997252       0.999559        1.01974
         33.498             -1             -1             -1             -1    -0.00420107     -0.0042028              0    -0.00420025    -0.00420138       0.786046       0.446939              0       0.684925       0.682921        1.06971        1.06971        1.06971        1.08319        1.04941       0.947001       0.997428       0.999842        1.02003
         33.548             -1             -1             -1             -1    -0.00419309    -0.00419459              0    -0.00419603    -0.00419684       0.786016       0.446907              0       0.684925       0.682921        1.07031        1.07031        1.07031         1.0838        1.04947       0.947085       0.997645        1.00015        1.02032
         33.598             -1             -1             -1             -1    -0.00418557    -0.00418683              0    -0.00419296    -0.00419386       0.785985       0.446875              0       0.684925       0.682921         1.0702         1.0702         1.0702        1.08369        1.04947       0.947086       0.997632        1.00007        1.02022
         33.648             -1             -1             -1             -1    -0.00417861    -0.00417975              0    -0.00419091    -0.00419222       0.785954       0.446842              0       0.684925       0.682921        1.06958        1.06958        1.06958        1.08306         1.0494       0.947017       0.997432       0.999736        1.01989
         33.698             -1             -1             -1             -1    -0.00417216    -0.00417326              0    -0.00418879    -0.00419039       0.785922       0.446808              0       0.684925       0.682921        1.06919        1.06919        1.06919        1.08265        1.04936       0.946962       0.997278       0.999553        1.01972
         33.748             -1             -1             -1             -1    -0.00416607    -0.00416712              0    -0.00418569    -0.00418712        0.78589       0.446774              0       0.684925       0.682921        1.06932        1.06933        1.06933         1.0828        1.04938       0.946971       0.997298       0.999651        1.01985
         33.798             -1             -1             -1             -1    -0.00416033    -0.00416118              0    -0.00418165    -0.00418247       0.785857       0.446739              0       0.684925       0.682921        1.06973        1.06973        1.06973        1.08321        1.04943        0.94703       0.997444       0.999843        1.02004
         33.848             -1             -1             -1             -1    -0.00415499    -0.00415552              0    -0.00417643    -0.00417609       0.785823       0.446702              0       0.684925       0.682921        1.07077        1.07077        1.07077        1.08427        1.04954       0.947182       0.997832        1.00042        1.02058
         33.898             -1             -1             -1             -1    -0.00415077    -0.00415106              0    -0.00417345    -0.00417279       0.785788       0.446664              0       0.684925       0.682921        1.07023        1.07023        1.07023        1.08372        1.04948       0.947123       0.997656        1.00011        1.02027
         33.948             -1             -1             -1             -1    -0.00414717    -0.00414719              0    -0.00416997    -0.00416911       0.785752       0.446625              0       0.684925       0.682921        1.06936        1.06936        1.06936        1.08283         1.0494       0.947031       0.997388        0.99961        1.01976
        33.9981             -1             -1             -1             -1    -0.00414415    -0.00414414              0    -0.00416656    -0.00416576       0.785714       0.446584              0       0.684925       0.682921        1.06867        1.06867        1.06867        1.08212        1.04933       0.946934       0.997122       0.999233        1.01943
        34.0481             -1             -1             -1             -1    -0.00414103    -0.00414104              0    -0.00416005    -0.00415847       0.785674       0.446543              0       0.684925       0.682921        1.06976        1.06977        1.06977        1.08324        1.04945       0.947069       0.997481        0.99989        1.02008
        34.0981             -1             -1             -1             -1    -0.00413827    -0.00413823              0    -0.00415318    -0.00415113       0.785633         0.4465              0       0.684925       0.682921        1.07044        1.07045        1.07045        1.08394        1.04952        0.94717       0.997739        1.00023        1.02041
        34.1481             -1             -1             -1             -1    -0.00413606    -0.00413597              0    -0.00414729    -0.00414558       0.785591       0.446457              0       0.684925       0.682921         1.0702         1.0702         1.0702        1.08368         1.0495       0.947154        0.99768        1.00005        1.02021
        34.1981             -1             -1             -1             -1    -0.00413443    -0.00413441              0    -0.00414214    -0.00414145       0.785548       0.446414              0       0.684925       0.682921        1.06954        1.06954        1.06954        1.08301        1.04943       0.947077       0.997464       0.999672        1.01983
        34.2481             -1             -1             -1             -1    -0.00413323    -0.00413336              0    -0.00413708    -0.00413764       0.785504        0.44637              0       0.684925       0.682921        1.06877        1.06877        1.06877        1.08222        1.04935       0.946978       0.997193       0.999249        1.01943
        34.2981             -1             -1             -1             -1    -0.00413199     -0.0041323              0    -0.00413113    -0.00413265       0.785461       0.446325              0       0.684925       0.682921        1.06862        1.06862        1.06862        1.08206        1.04934        0.94695       0.997123       0.999177        1.01939
        34.3481             -1             -1             -1             -1    -0.00413058     -0.0041309              0    -0.00412392    -0.00412576       0.785416       0.446281              0       0.684925       0.682921        1.06936        1.06936        1.06936        1.08283        1.04941       0.947041       0.997372       0.999591         1.0198
        34.3981             -1             -1             -1             -1    -0.00412889    -0.00412918              0    -0.00411628    -0.00411807        0.78537       0.446236              0       0.684925       0.682921        1.07045        1.07045        1.07045        1.08394        1.04953       0.947185       0.997757        1.00019        1.02038
        34.4482             -1             -1             -1             -1    -0.00412724    -0.00412761              0    -0.00411017    -0.00411209       0.785325       0.446192              0       0.684925       0.682921        1.07078        1.07078        1.07079        1.08428        1.04956       0.947229       0.997875         1.0004        1.02056
        34.4982             -1             -1             -1             -1    -0.00412574    -0.00412626              0    -0.00410637    -0.00410891       0.785279       0.446148              0       0.684925       0.682921        1.06956        1.06956        1.06956        1.08303        1.04943       0.947072       0.997457       0.999698        1.01988
        34.5482             -1             -1             -1             -1    -0.00412382    -0.00412453              0    -0.00410251    -0.00410524       0.785234       0.446105              0       0.684925       0.682921        1.06856        1.06856        1.06856          1.082        1.04933       0.946944       0.997119       0.999117        1.01931
        34.5982             -1             -1             -1             -1    -0.00412118     -0.0041222              0    -0.00409702    -0.00409894       0.785189       0.446063              0       0.684925       0.682921         1.0694         1.0694         1.0694        1.08287        1.04941       0.947024       0.997355       0.999653        1.01987
        34.6482             -1             -1             -1             -1     -0.0041181    -0.00411916              0    -0.00409212    -0.00409333       0.785146       0.446022              0       0.684925       0.682921        1.06973        1.06973        1.06973        1.08321        1.04944       0.947067       0.997479       0.999793           1.02
        34.6982             -1             -1             -1             -1    -0.00411447    -0.00411556              0    -0.00408689    -0.00408709       0.785103       0.445982              0       0.684925       0.682921        1.07068        1.07068        1.07068        1.08418        1.04954        0.94718       0.997794        1.00035        1.02054
        34.7482             -1             -1             -1             -1    -0.00411063    -0.00411178              0     -0.0040836    -0.00408339       0.785062       0.445943              0       0.684925       0.682921        1.07042        1.07042        1.07042        1.08391        1.04951       0.947157       0.997731        1.00019        1.02035
        34.7982             -1             -1             -1             -1    -0.00410673    -0.00410817              0    -0.00408274      -0.004083       0.785021       0.445905              0       0.684925       0.682921         1.0688         1.0688         1.0688        1.08226        1.04934       0.946951       0.997183       0.999249        1.01943
        34.8482             -1             -1             -1             -1    -0.00410224    -0.00410398              0    -0.00408063    -0.00408081        0.78498       0.445868              0       0.684925       0.682921        1.06854        1.06854        1.06854          1.082        1.04931       0.946897       0.997054       0.999142        1.01935
        34.8983             -1             -1             -1             -1    -0.00409707      -0.004099              0    -0.00407712    -0.00407676       0.784943       0.445832              0       0.684925       0.682921        1.06939        1.06939        1.06939        1.08287        1.04939       0.946988       0.997315       0.999649        1.01987
        34.9483             -1             -1             -1             -1    -0.00409149    -0.00409347              0     -0.0040734    -0.00407255       0.784906       0.445797              0       0.684925       0.682921         1.0704         1.0704         1.0704         1.0839         1.0495       0.947113       0.997657        1.00021        1.02041
        34.9983             -1             -1             -1             -1    -0.00408595    -0.00408782              0    -0.00407099    -0.00407022        0.78487       0.445763              0       0.684925       0.682921        1.07051        1.07051        1.07051        1.08401        1.04951       0.947135       0.997715        1.00026        1.02044
        35.0483             -1             -1             -1             -1    -0.00408064    -0.00408238              0    -0.00407027    -0.00407025       0.784836       0.445729              0       0.684925       0.682921        1.06965        1.06965        1.06965        1.08313        1.04942       0.947033       0.997434       0.999761        1.01994
        35.0983             -1             -1             -1             -1    -0.00407541    -0.00407707              0    -0.00407013    -0.00407109         0.7848       0.445696              0       0.684925       0.682921        1.06856        1.06856        1.06856        1.08201        1.04931       0.946894       0.997061       0.999142        1.01933
        35.1483             -1             -1             -1             -1    -0.00406979    -0.00407134              0    -0.00406798    -0.00406919       0.784766       0.445663              0       0.684925       0.682921        1.06877        1.06877        1.06877        1.08223        1.04933       0.946917       0.997123       0.999289        1.01948
        35.1983             -1             -1             -1             -1    -0.00406395    -0.00406544              0    -0.00406423    -0.00406494       0.784733        0.44563              0       0.684925       0.682921        1.07011        1.07011        1.07011        1.08361        1.04947        0.94707       0.997543        1.00009        1.02029
        35.2483             -1             -1             -1             -1     -0.0040586    -0.00405993              0    -0.00406293    -0.00406383         0.7847       0.445597              0       0.684925       0.682921        1.07032        1.07032        1.07032        1.08382        1.04949       0.947108       0.997635        1.00016        1.02035
        35.2983             -1             -1             -1             -1    -0.00405309    -0.00405412              0    -0.00405997    -0.00406049       0.784666       0.445563              0       0.684925       0.682921        1.07067        1.07067        1.07068        1.08418        1.04953       0.947171       0.997788        1.00037        1.02051
        35.3483             -1             -1             -1             -1    -0.00404881    -0.00404987              0    -0.00406118     -0.0040625       0.784634       0.445529              0       0.684925       0.682921        1.06929        1.06929        1.06929        1.08276        1.04939       0.947001       0.997318       0.999562        1.01975
        35.3984             -1             -1             -1             -1    -0.00404407    -0.00404504              0    -0.00405827    -0.00405908       0.784601       0.445495              0       0.684925       0.682921        1.06923        1.06924        1.06924        1.08271        1.04938       0.946989       0.997282       0.999586        1.01978
        35.4484             -1             -1             -1             -1    -0.00404042    -0.00404132              0    -0.00405919    -0.00406061       0.784566        0.44546              0       0.684925       0.682921        1.06882        1.06882        1.06882        1.08228        1.04935       0.946943       0.997149       0.999312         1.0195
        35.4984             -1             -1             -1             -1     -0.0040366    -0.00403758              0    -0.00405569    -0.00405626       0.784532       0.445424              0       0.684925       0.682921        1.07001        1.07001        1.07001        1.08351        1.04947        0.94709        0.99754       0.999993        1.02022
        35.5484             -1             -1             -1             -1    -0.00403295    -0.00403376              0    -0.00405085    -0.00405077       0.784496       0.445387              0       0.684925       0.682921         1.0707         1.0707         1.0707         1.0842        1.04955       0.947192       0.997798        1.00037        1.02057
        35.5984             -1             -1             -1             -1     -0.0040303    -0.00403095              0    -0.00404821    -0.00404828       0.784459       0.445349              0       0.684925       0.682921        1.07001        1.07001        1.07002         1.0835        1.04948       0.947122       0.997592       0.999969        1.02015
        35.6484             -1             -1             -1             -1    -0.00402804    -0.00402866              0    -0.00404463    -0.00404459       0.784422        0.44531              0       0.684925       0.682921        1.06902        1.06902        1.06902        1.08248        1.04938       0.946998        0.99725       0.999407        1.01962
        35.6984             -1             -1             -1             -1    -0.00402556    -0.00402638              0    -0.00403751    -0.00403664       0.784385        0.44527              0       0.684925       0.682921        1.06888        1.06888        1.06888        1.08234        1.04936       0.946969       0.997175       0.999358        1.01961
        35.7484             -1             -1             -1             -1    -0.00402286    -0.00402343              0    -0.00402798     -0.0040259       0.784347        0.44523              0       0.684925       0.682921        1.07039        1.07039        1.07039        1.08389        1.04951       0.947156       0.997682        1.00027        1.02045
        35.7984             -1             -1             -1             -1    -0.00402213    -0.00402234              0    -0.00402716    -0.00402633       0.784309       0.445189              0       0.684925       0.682921        1.07034        1.07034        1.07034        1.08383        1.04951       0.947168       0.997703        1.00016         1.0203
        35.8485             -1             -1             -1             -1    -0.00402172    -0.00402176              0    -0.00402575    -0.00402604        0.78427       0.445148              0       0.684925       0.682921        1.07029        1.07029        1.07029        1.08378        1.04951       0.947174       0.997704         1.0001        1.02026
        35.8985             -1             -1             -1             -1     -0.0040218    -0.00402179              0    -0.00402581    -0.00402839       0.784229       0.445107              0       0.684925       0.682921        1.06977        1.06977        1.06977        1.08324        1.04946       0.947122       0.997546       0.999794        1.01997
        35.9485             -1             -1             -1             -1    -0.00402163    -0.00402115              0    -0.00402432    -0.00402778       0.784186       0.445064              0       0.684925       0.682921        1.06946        1.06946        1.06946        1.08293        1.04942       0.947064       0.997401       0.999721        1.01988
        35.9985             -1             -1             -1             -1    -0.00402045    -0.00402002              0    -0.00401715    -0.00401739       0.784143       0.445022              0       0.684925       0.682921        1.06884        1.06884        1.06884         1.0823        1.04936       0.946978       0.997186       0.999306         1.0195
        36.0485             -1             -1             -1             -1    -0.00401926    -0.00401922              0    -0.00401239    -0.00401099       0.784099       0.444979              0       0.684925       0.682921        1.06986        1.06986        1.06987        1.08335        1.04947       0.947102       0.997526       0.999872        1.02008
        36.0985             -1             -1             -1             -1    -0.00401831    -0.00401869              0    -0.00400978    -0.00400846       0.784056       0.444937              0       0.684925       0.682921        1.07103        1.07103        1.07103        1.08454        1.04959       0.947258       0.997939        1.00054         1.0207
        36.1485             -1             -1             -1             -1    -0.00401709    -0.00401752              0    -0.00400382    -0.00400124       0.784011       0.444895              0       0.684925       0.682921        1.07018        1.07018        1.07018        1.08367        1.04949       0.947149       0.997656        1.00003        1.02018
        36.1985             -1             -1             -1             -1    -0.00401652    -0.00401758              0    -0.00400071    -0.00399802       0.783968       0.444854              0       0.684925       0.682921        1.06928        1.06928        1.06928        1.08275         1.0494       0.947041        0.99736       0.999498        1.01967
        36.2485             -1             -1             -1             -1    -0.00401611    -0.00401773              0    -0.00399974    -0.00399901       0.783925       0.444813              0       0.684925       0.682921        1.06936        1.06936        1.06936        1.08283        1.04941       0.947041       0.997363       0.999609        1.01979
        36.2985             -1             -1             -1             -1    -0.00401397    -0.00401607              0    -0.00399255    -0.00399094       0.783883       0.444773              0       0.684925       0.682921        1.06903        1.06903        1.06903         1.0825        1.04937       0.946983       0.997228       0.999395         1.0196
        36.3486             -1             -1             -1             -1    -0.00401196    -0.00401433              0    -0.00398815    -0.00398717        0.78384       0.444733              0       0.684925       0.682921        1.07014        1.07015        1.07015        1.08364        1.04949       0.947124       0.997611        1.00001        1.02021
        36.3986             -1             -1             -1             -1    -0.00400958    -0.00401147              0    -0.00398383    -0.00398383       0.783799       0.444694              0       0.684925       0.682921         1.0706         1.0706         1.0706         1.0841        1.04953       0.947175        0.99776        1.00029        1.02046
        36.4486             -1             -1             -1             -1    -0.00400703    -0.00400877              0    -0.00398055     -0.0039815       0.783758       0.444656              0       0.684925       0.682921        1.06976        1.06977        1.06977        1.08325        1.04945       0.947081       0.997505       0.999768        1.01994
        36.4986             -1             -1             -1             -1     -0.0040045    -0.00400589              0     -0.0039798    -0.00398278        0.78372       0.444619              0       0.684925       0.682921        1.06933        1.06934        1.06934        1.08281         1.0494       0.947011       0.997329       0.999598        1.01978
        36.5486             -1             -1             -1             -1    -0.00400091    -0.00400233              0    -0.00397617    -0.00397905       0.783681       0.444583              0       0.684925       0.682921        1.06866        1.06867        1.06867        1.08213        1.04933       0.946919       0.997094       0.999184        1.01941
        36.5986             -1             -1             -1             -1    -0.00399681    -0.00399805              0    -0.00397391     -0.0039772       0.783644       0.444549              0       0.684925       0.682921        1.06986        1.06986        1.06986        1.08336        1.04945        0.94705       0.997461       0.999926        1.02014
        36.6486             -1             -1             -1             -1    -0.00399195    -0.00399316              0    -0.00396963    -0.00397212       0.783608       0.444514              0       0.684925       0.682921        1.07029        1.07029        1.07029        1.08379         1.0495       0.947114       0.997634         1.0001        1.02031
        36.6986             -1             -1             -1             -1      -0.003987    -0.00398801              0    -0.00396798    -0.00397062       0.783573       0.444481              0       0.684925       0.682921        1.07028        1.07028        1.07028        1.08378        1.04949       0.947113       0.997633        1.00011        1.02029
        36.7486             -1             -1             -1             -1    -0.00398217    -0.00398351              0    -0.00396836    -0.00397108       0.783538       0.444448              0       0.684925       0.682921        1.06958        1.06958        1.06958        1.08307        1.04942       0.947037       0.997418       0.999692        1.01988
        36.7987             -1             -1             -1             -1    -0.00397688    -0.00397849              0    -0.00396741    -0.00396939       0.783504       0.444416              0       0.684925       0.682921        1.06851        1.06851        1.06851        1.08197        1.04931       0.946891       0.997033       0.999098        1.01931
        36.8487             -1             -1             -1             -1    -0.00397188     -0.0039739              0    -0.00396824    -0.00397025       0.783471       0.444384              0       0.684925       0.682921        1.06947        1.06947        1.06947        1.08295         1.0494       0.946997       0.997321       0.999719        1.01993
        36.8987             -1             -1             -1             -1    -0.00396636    -0.00396865              0    -0.00396541    -0.00396586        0.78344       0.444352              0       0.684925       0.682921        1.06986        1.06986        1.06986        1.08336        1.04945       0.947053       0.997469       0.999885        1.02011
        36.9487             -1             -1             -1             -1    -0.00396123     -0.0039633              0    -0.00396353    -0.00396292       0.783408       0.444319              0       0.684925       0.682921        1.07022        1.07023        1.07023        1.08373        1.04949       0.947106       0.997605        1.00008        1.02027
        36.9987             -1             -1             -1             -1    -0.00395711    -0.00395879              0    -0.00396502    -0.00396478       0.783377       0.444287              0       0.684925       0.682921        1.07047        1.07047        1.07048        1.08398        1.04951       0.947147       0.997698        1.00026        1.02043
        37.0487             -1             -1             -1             -1    -0.00395322    -0.00395462              0    -0.00396544    -0.00396509       0.783345       0.444254              0       0.684925       0.682921        1.06926        1.06926        1.06926        1.08273        1.04939       0.947008        0.99731       0.999535        1.01972
        37.0987             -1             -1             -1             -1    -0.00394946    -0.00395054              0    -0.00396471    -0.00396398       0.783313       0.444219              0       0.684925       0.682921        1.06855        1.06855        1.06855        1.08201        1.04932       0.946913       0.997052       0.999145        1.01936
        37.1487             -1             -1             -1             -1    -0.00394593    -0.00394668              0    -0.00396298    -0.00396163        0.78328       0.444185              0       0.684925       0.682921        1.06909        1.06909        1.06909        1.08256        1.04938       0.946973       0.997213       0.999474         1.0197
        37.1987             -1             -1             -1             -1     -0.0039427    -0.00394316              0    -0.00396111    -0.00395944       0.783247       0.444149              0       0.684925       0.682921        1.07056        1.07056        1.07056        1.08406        1.04954       0.947163       0.997711        1.00033        1.02054
        37.2488             -1             -1             -1             -1    -0.00393978    -0.00394001              0    -0.00395905    -0.00395735       0.783213       0.444113              0       0.684925       0.682921        1.07092        1.07092        1.07092        1.08443        1.04958       0.947232       0.997873        1.00051        1.02069
        37.2988             -1             -1             -1             -1    -0.00393744     -0.0039375              0    -0.00395718    -0.00395574       0.783177       0.444075              0       0.684925       0.682921        1.06988        1.06988        1.06988        1.08337        1.04948       0.947118       0.997549       0.999885        1.02006
        37.3488             -1             -1             -1             -1    -0.00393548    -0.00393553              0    -0.00395525    -0.00395449        0.78314       0.444037              0       0.684925       0.682921        1.06884        1.06884        1.06884        1.08231        1.04937        0.94699       0.997194       0.999298         1.0195
        37.3988             -1             -1             -1             -1    -0.00393384    -0.00393399              0    -0.00395218    -0.00395185       0.783103       0.443998              0       0.684925       0.682921        1.06872        1.06872        1.06872        1.08219        1.04936       0.946969       0.997137       0.999244        1.01947
        37.4488             -1             -1             -1             -1    -0.00393215     -0.0039324              0    -0.00394763    -0.00394749       0.783066       0.443958              0       0.684925       0.682921        1.06955        1.06955        1.06955        1.08303        1.04945       0.947072       0.997411       0.999708        1.01994
        37.4988             -1             -1             -1             -1    -0.00393077    -0.00393085              0    -0.00394299    -0.00394317       0.783028       0.443918              0       0.684925       0.682921        1.07026        1.07026        1.07026        1.08375        1.04952       0.947172        0.99767        1.00009         1.0203
        37.5488             -1             -1             -1             -1    -0.00393046    -0.00393031              0    -0.00393963    -0.00394053       0.782988       0.443877              0       0.684925       0.682921        1.07001        1.07001        1.07001         1.0835         1.0495       0.947155       0.997613        0.99993        1.02013
        37.5988             -1             -1             -1             -1    -0.00393101     -0.0039308              0    -0.00393754    -0.00393912       0.782948       0.443835              0       0.684925       0.682921        1.06914        1.06914        1.06914         1.0826        1.04941       0.947053       0.997325       0.999433        1.01964
        37.6488             -1             -1             -1             -1    -0.00393211    -0.00393193              0    -0.00393531    -0.00393733       0.782907       0.443793              0       0.684925       0.682921        1.06856        1.06856        1.06856        1.08201        1.04935       0.946977       0.997116       0.999123        1.01935
        37.6988             -1             -1             -1             -1    -0.00393297    -0.00393287              0    -0.00393192     -0.0039337       0.782864        0.44375              0       0.684925       0.682921          1.069          1.069          1.069        1.08247         1.0494       0.947026       0.997249       0.999391        1.01963
        37.7489             -1             -1             -1             -1    -0.00393333    -0.00393323              0     -0.0039277    -0.00392888       0.782819       0.443707              0       0.684925       0.682921        1.07009        1.07009        1.07009        1.08358        1.04951       0.947162       0.997617              1        1.02023
        37.7989             -1             -1             -1             -1    -0.00393352    -0.00393343              0    -0.00392426    -0.00392511       0.782775       0.443664              0       0.684925       0.682921         1.0707        1.07071        1.07071        1.08421        1.04958       0.947247       0.997845        1.00034        1.02054
        37.8489             -1             -1             -1             -1    -0.00393364    -0.00393372              0    -0.00392234     -0.0039234       0.782731       0.443621              0       0.684925       0.682921        1.07041        1.07041        1.07041         1.0839        1.04954       0.947211       0.997748        1.00019        1.02038
        37.8989             -1             -1             -1             -1    -0.00393344    -0.00393391              0    -0.00392048    -0.00392152       0.782686       0.443578              0       0.684925       0.682921        1.06929        1.06929        1.06929        1.08276        1.04942       0.947059       0.997352       0.999571        1.01978
        37.9489             -1             -1             -1             -1    -0.00393265    -0.00393376              0    -0.00391752    -0.00391808       0.782642       0.443537              0       0.684925       0.682921        1.06851        1.06851        1.06851        1.08196        1.04934       0.946952       0.997077       0.999113        1.01935
        37.9989             -1             -1             -1             -1     -0.0039313    -0.00393312              0    -0.00391418    -0.00391412       0.782599       0.443496              0       0.684925       0.682921        1.06933        1.06933        1.06934        1.08281        1.04943       0.947048       0.997347        0.99958        1.01982
        38.0489             -1             -1             -1             -1    -0.00393003    -0.00393178              0    -0.00391104    -0.00391047       0.782557       0.443456              0       0.684925       0.682921        1.07065        1.07065        1.07065        1.08415        1.04956       0.947212       0.997794        1.00033        1.02055
        38.0989             -1             -1             -1             -1    -0.00392893    -0.00393018              0    -0.00390858    -0.00390775       0.782515       0.443417              0       0.684925       0.682921         1.0706         1.0706         1.0706        1.08411        1.04955       0.947202       0.997778        1.00031        1.02051
        38.1489             -1             -1             -1             -1    -0.00392795    -0.00392907              0    -0.00390688    -0.00390602       0.782474       0.443379              0       0.684925       0.682921        1.06925        1.06925        1.06925        1.08272        1.04941       0.947041       0.997342       0.999498         1.0197
         38.199             -1             -1             -1             -1    -0.00392686    -0.00392823              0    -0.00390693    -0.00390686       0.782434       0.443342              0       0.684925       0.682921        1.06897        1.06897        1.06897        1.08244        1.04938       0.946998       0.997231       0.999379        1.01959
         38.249             -1             -1             -1             -1    -0.00392543     -0.0039265              0     -0.0039054    -0.00390551       0.782396       0.443306              0       0.684925       0.682921        1.06903        1.06903        1.06904        1.08251        1.04938       0.946981       0.997206       0.999454        1.01969
         38.299             -1             -1             -1             -1    -0.00392352    -0.00392453              0    -0.00390266    -0.00390259       0.782358       0.443271              0       0.684925       0.682921        1.06971        1.06971        1.06971         1.0832        1.04945       0.947069       0.997445         0.9998        1.02003
         38.349             -1             -1             -1             -1     -0.0039212    -0.00392222              0    -0.00390167    -0.00390212        0.78232       0.443236              0       0.684925       0.682921        1.07093        1.07093        1.07093        1.08445        1.04958       0.947221       0.997855        1.00052        1.02072
         38.399             -1             -1             -1             -1    -0.00391852    -0.00391955              0     -0.0039007    -0.00390131       0.782282       0.443201              0       0.684925       0.682921         1.0698         1.0698         1.0698        1.08329        1.04946       0.947091       0.997503       0.999815        1.02001
         38.449             -1             -1             -1             -1    -0.00391592    -0.00391733              0    -0.00390278    -0.00390439       0.782247       0.443167              0       0.684925       0.682921        1.06963        1.06963        1.06963        1.08311        1.04944       0.947065        0.99743       0.999777        1.01997
         38.499             -1             -1             -1             -1    -0.00391267    -0.00391437              0    -0.00390274    -0.00390421       0.782212       0.443134              0       0.684925       0.682921        1.06843        1.06843        1.06843        1.08189        1.04932       0.946908       0.997016       0.999073         1.0193
         38.549             -1             -1             -1             -1     -0.0039091     -0.0039111              0    -0.00390341    -0.00390462       0.782178       0.443101              0       0.684925       0.682921        1.06968        1.06968        1.06968        1.08317        1.04944       0.947047       0.997401       0.999849        1.02008
         38.599             -1             -1             -1             -1    -0.00390515    -0.00390729              0    -0.00390188    -0.00390189       0.782143       0.443069              0       0.684925       0.682921         1.0701         1.0701         1.0701         1.0836        1.04949        0.94711       0.997569        1.00003        1.02025
        38.6491             -1             -1             -1             -1    -0.00390154    -0.00390352              0    -0.00390204    -0.00390151       0.782109       0.443036              0       0.684925       0.682921        1.07036        1.07036        1.07036        1.08387        1.04952       0.947145       0.997661        1.00018        1.02038
        38.6991             -1             -1             -1             -1    -0.00389852     -0.0039002              0    -0.00390362    -0.00390331       0.782076       0.443004              0       0.684925       0.682921        1.07006        1.07006        1.07006        1.08356        1.04949       0.947123       0.997587        1.00001        1.02019
        38.7491             -1             -1             -1             -1    -0.00389551      -0.003897              0    -0.00390433    -0.00390412       0.782044       0.442972              0       0.684925       0.682921        1.06865        1.06865        1.06865        1.08212        1.04934       0.946946       0.997109       0.999195         1.0194
        38.7991             -1             -1             -1             -1    -0.00389278    -0.00389417              0    -0.00390474    -0.00390494       0.782013        0.44294              0       0.684925       0.682921        1.06876        1.06876        1.06876        1.08223        1.04935       0.946945       0.997108       0.999307        1.01954
        38.8491             -1             -1             -1             -1    -0.00389011    -0.00389137              0    -0.00390365    -0.00390402        0.78198       0.442907              0       0.684925       0.682921        1.07013        1.07013        1.07013        1.08363         1.0495       0.947118        0.99757         1.0001        1.02032
        38.8991             -1             -1             -1             -1     -0.0038877    -0.00388876              0    -0.00390132    -0.00390151       0.781947       0.442874              0       0.684925       0.682921        1.07046        1.07046        1.07046        1.08397        1.04954       0.947178       0.997716        1.00023        1.02044
        38.9491             -1             -1             -1             -1    -0.00388611     -0.0038865              0    -0.00390026    -0.00390071       0.781914       0.442841              0       0.684925       0.682921        1.06997        1.06997        1.06997        1.08346        1.04949        0.94713       0.997573       0.999925        1.02013
        38.9991             -1             -1             -1             -1    -0.00388547    -0.00388533              0    -0.00390084    -0.00390201       0.781881       0.442807              0       0.684925       0.682921        1.06917        1.06917        1.06917        1.08264        1.04941       0.947033       0.997299       0.999489         1.0197
        39.0491             -1             -1             -1             -1    -0.00388526    -0.00388483              0    -0.00390146    -0.00390313       0.781847       0.442771              0       0.684925       0.682921        1.06898        1.06898        1.06899        1.08245        1.04939       0.947006       0.997217       0.999431        1.01966
        39.0991             -1             -1             -1             -1    -0.00388484    -0.00388422              0    -0.00390026    -0.00390157       0.781811       0.442735              0       0.684925       0.682921        1.06957        1.06957        1.06957        1.08305        1.04945       0.947077       0.997404        0.99978        1.02002
        39.1492             -1             -1             -1             -1    -0.00388408     -0.0038833              0    -0.00389762    -0.00389805       0.781774       0.442699              0       0.684925       0.682921        1.07048        1.07048        1.07048        1.08398        1.04955       0.947199       0.997724        1.00027         1.0205
        39.1992             -1             -1             -1             -1    -0.00388338    -0.00388281              0     -0.0038954    -0.00389496       0.781737       0.442662              0       0.684925       0.682921        1.07077        1.07077        1.07077        1.08428        1.04959        0.94725       0.997852         1.0004         1.0206
        39.2492             -1             -1             -1             -1    -0.00388314    -0.00388342              0    -0.00389457    -0.00389375       0.781699       0.442624              0       0.684925       0.682921        1.07012        1.07012        1.07012        1.08361        1.04952       0.947181       0.997653        1.00001         1.0202
        39.2992             -1             -1             -1             -1    -0.00388364    -0.00388467              0    -0.00389418    -0.00389341       0.781662       0.442586              0       0.684925       0.682921        1.06919        1.06919        1.06919        1.08266        1.04942       0.947067       0.997338       0.999493         1.0197
        39.3492             -1             -1             -1             -1     -0.0038845    -0.00388618              0    -0.00389281    -0.00389206       0.781624       0.442547              0       0.684925       0.682921        1.06892        1.06892        1.06892        1.08239        1.04939       0.947026       0.997231       0.999363        1.01959
        39.3992             -1             -1             -1             -1    -0.00388548    -0.00388777              0     -0.0038901    -0.00388896       0.781586       0.442508              0       0.684925       0.682921        1.06972        1.06972        1.06973        1.08321        1.04948        0.94712        0.99749        0.99983        1.02006
        39.4492             -1             -1             -1             -1    -0.00388689    -0.00388941              0    -0.00388687    -0.00388536       0.781546       0.442468              0       0.684925       0.682921        1.07074        1.07074        1.07074        1.08425        1.04958       0.947252       0.997841         1.0004        1.02061
        39.4992             -1             -1             -1             -1      -0.003889    -0.00389088              0    -0.00388476    -0.00388338       0.781506       0.442428              0       0.684925       0.682921        1.07085        1.07085        1.07085        1.08436        1.04959       0.947273       0.997891        1.00045        1.02064
        39.5492             -1             -1             -1             -1    -0.00389127    -0.00389266              0    -0.00388384    -0.00388301       0.781466       0.442389              0       0.684925       0.682921         1.0699         1.0699        1.06991        1.08339        1.04949       0.947154       0.997571       0.999917        1.02011
        39.5993             -1             -1             -1             -1    -0.00389349    -0.00389428              0    -0.00388266    -0.00388236       0.781424        0.44235              0       0.684925       0.682921        1.06871        1.06871        1.06871        1.08217        1.04937       0.946997       0.997154       0.999229        1.01946
        39.6493             -1             -1             -1             -1    -0.00389511    -0.00389516              0    -0.00388048    -0.00388029       0.781384       0.442311              0       0.684925       0.682921        1.06863        1.06864        1.06864         1.0821        1.04936       0.946979       0.997117       0.999182        1.01943
        39.6993             -1             -1             -1             -1    -0.00389591    -0.00389541              0    -0.00387783    -0.00387757       0.781343       0.442273              0       0.684925       0.682921        1.06982        1.06982        1.06983        1.08331        1.04949       0.947122       0.997515        0.99986        1.02009
        39.7493             -1             -1             -1             -1    -0.00389617    -0.00389522              0    -0.00387579    -0.00387566       0.781302       0.442237              0       0.684925       0.682921        1.07087        1.07087        1.07087        1.08438        1.04959       0.947253       0.997875        1.00046        1.02067
        39.7993             -1             -1             -1             -1    -0.00389614    -0.00389492              0    -0.00387502    -0.00387527       0.781262       0.442201              0       0.684925       0.682921        1.07026        1.07026        1.07026        1.08376        1.04952       0.947175       0.997671        1.00011        1.02031
        39.8493             -1             -1             -1             -1    -0.00389574    -0.00389461              0    -0.00387469    -0.00387538       0.781222       0.442166              0       0.684925       0.682921        1.06888        1.06888        1.06888        1.08235        1.04938       0.947005       0.997219       0.999293         1.0195
        39.8993             -1             -1             -1             -1    -0.00389488    -0.00389418              0     -0.0038752    -0.00387652       0.781184       0.442132              0       0.684925       0.682921        1.06889        1.06889        1.06889        1.08236        1.04938       0.946994       0.997198       0.999339        1.01956
        39.9493             -1             -1             -1             -1    -0.00389284    -0.00389279              0    -0.00387429    -0.00387562       0.781148       0.442099              0       0.684925       0.682921        1.06947        1.06947        1.06947        1.08295        1.04944       0.947044       0.997353       0.999707        1.01995
        39.9993             -1             -1             -1             -1    -0.00389004    -0.00389095              0      -0.003872    -0.00387259       0.781112       0.442067              0       0.684925       0.682921        1.06996        1.06996        1.06996        1.08346        1.04949       0.947111        0.99754       0.999928        1.02016
        40.0494             -1             -1             -1             -1    -0.00388761    -0.00388956              0    -0.00387232    -0.00387291        0.78108       0.442036              0       0.684925       0.682921        1.07085        1.07085        1.07085        1.08437        1.04958       0.947227       0.997851        1.00046        1.02065
        40.0994             -1             -1             -1             -1    -0.00388552    -0.00388805              0    -0.00387306    -0.00387366       0.781048       0.442006              0       0.684925       0.682921        1.06941        1.06941        1.06941        1.08289        1.04942       0.947052       0.997377       0.999599        1.01981
        40.1494             -1             -1             -1             -1    -0.00388402    -0.00388684              0    -0.00387557    -0.00387654       0.781017       0.441976              0       0.684925       0.682921        1.06917        1.06917        1.06917        1.08265         1.0494       0.947019       0.997287       0.999502        1.01971
        40.1994             -1             -1             -1             -1    -0.00388231    -0.00388534              0    -0.00387652    -0.00387712       0.780987       0.441946              0       0.684925       0.682921         1.0685         1.0685         1.0685        1.08197        1.04932        0.94692        0.99703       0.999128        1.01938
        40.2494             -1             -1             -1             -1    -0.00388102     -0.0038836              0    -0.00387703    -0.00387719       0.780957       0.441916              0       0.684925       0.682921        1.06998        1.06998        1.06998        1.08348        1.04948       0.947102       0.997521       0.999993        1.02022
        40.2994             -1             -1             -1             -1    -0.00387973    -0.00388127              0    -0.00387657    -0.00387596       0.780927       0.441887              0       0.684925       0.682921        1.07009        1.07009        1.07009        1.08359        1.04949       0.947123       0.997574        1.00001        1.02024
        40.3494             -1             -1             -1             -1    -0.00387879    -0.00387973              0    -0.00387865    -0.00387816       0.780897       0.441858              0       0.684925       0.682921        1.07066        1.07067        1.07067        1.08418        1.04955       0.947203       0.997779        1.00037        1.02056
        40.3994             -1             -1             -1             -1     -0.0038775     -0.0038781              0    -0.00388029    -0.00387988       0.780866       0.441829              0       0.684925       0.682921        1.06924        1.06924        1.06924        1.08271        1.04941       0.947036       0.997318       0.999515        1.01972
        40.4494             -1             -1             -1             -1    -0.00387646    -0.00387687              0    -0.00388248    -0.00388237       0.780836       0.441799              0       0.684925       0.682921         1.0686         1.0686        1.06861        1.08207        1.04934       0.946943       0.997071       0.999198        1.01943
        40.4994             -1             -1             -1             -1    -0.00387513    -0.00387563              0     -0.0038831    -0.00388274       0.780805       0.441769              0       0.684925       0.682921        1.06948        1.06948        1.06948        1.08297        1.04944       0.947049       0.997356       0.999725        1.01996
        40.5495             -1             -1             -1             -1    -0.00387309    -0.00387369              0    -0.00388188    -0.00388065       0.780775       0.441739              0       0.684925       0.682921        1.06995        1.06995        1.06995        1.08344        1.04949       0.947114       0.997528       0.999945        1.02018
        40.5995             -1             -1             -1             -1    -0.00387136    -0.00387195              0    -0.00388168    -0.00388005       0.780745       0.441709              0       0.684925       0.682921         1.0702         1.0702         1.0702         1.0837        1.04952       0.947152       0.997625        1.00007        1.02029
        40.6495             -1             -1             -1             -1    -0.00387032    -0.00387117              0    -0.00388308    -0.00388192       0.780714       0.441679              0       0.684925       0.682921        1.07026        1.07026        1.07026        1.08376        1.04952       0.947169       0.997656        1.00013        1.02033
        40.6995             -1             -1             -1             -1    -0.00386947    -0.00387077              0    -0.00388421    -0.00388361       0.780683       0.441648              0       0.684925       0.682921        1.06939        1.06939        1.06939        1.08287        1.04944        0.94707       0.997376       0.999635        1.01984
        40.7495             -1             -1             -1             -1    -0.00386865    -0.00387043              0    -0.00388424    -0.00388393       0.780652       0.441617              0       0.684925       0.682921        1.06876        1.06876        1.06876        1.08223        1.04937       0.946988       0.997154       0.999274        1.01951
        40.7995             -1             -1             -1             -1    -0.00386834    -0.00386985              0     -0.0038828    -0.00388235       0.780619       0.441584              0       0.684925       0.682921        1.06923        1.06923        1.06923        1.08271        1.04942       0.947043       0.997302       0.999535        1.01978
        40.8495             -1             -1             -1             -1    -0.00386881    -0.00386927              0    -0.00388112    -0.00388058       0.780586       0.441552              0       0.684925       0.682921        1.07004        1.07004        1.07005        1.08354        1.04951        0.94715       0.997585       0.999981        1.02022
        40.8995             -1             -1             -1             -1    -0.00386976    -0.00386929              0    -0.00388051    -0.00388038       0.780554       0.441519              0       0.684925       0.682921         1.0702         1.0702         1.0702         1.0837        1.04952        0.94718       0.997657        1.00006        1.02028
        40.9495             -1             -1             -1             -1    -0.00387134    -0.00387016              0    -0.00388105    -0.00388169        0.78052       0.441487              0       0.684925       0.682921        1.06961        1.06961        1.06961        1.08309        1.04946       0.947112       0.997463       0.999737        1.01995
        40.9996             -1             -1             -1             -1    -0.00387338    -0.00387173              0    -0.00388149    -0.00388271       0.780488       0.441454              0       0.684925       0.682921        1.06899        1.06899        1.06899        1.08246         1.0494       0.947031       0.997242       0.999411        1.01964
        41.0496             -1             -1             -1             -1    -0.00387546    -0.00387361              0    -0.00388058    -0.00388178       0.780454        0.44142              0       0.684925       0.682921        1.06918        1.06918        1.06918        1.08265        1.04942       0.947047       0.997286       0.999537        1.01979
        41.0996             -1             -1             -1             -1    -0.00387728    -0.00387554              0    -0.00387834    -0.00387892       0.780419       0.441386              0       0.684925       0.682921         1.0701         1.0701         1.0701         1.0836        1.04952       0.947162       0.997593        1.00006         1.0203
        41.1496             -1             -1             -1             -1    -0.00387926    -0.00387758              0    -0.00387625     -0.0038762       0.780383       0.441352              0       0.684925       0.682921        1.07061        1.07061        1.07061        1.08412        1.04957       0.947235       0.997785        1.00032        1.02054
        41.1996             -1             -1             -1             -1    -0.00388117    -0.00388014              0    -0.00387558    -0.00387542       0.780347       0.441317              0       0.684925       0.682921        1.07004        1.07004        1.07004        1.08353        1.04951       0.947176       0.997613       0.999964        1.02018
        41.2496             -1             -1             -1             -1    -0.00388307    -0.00388275              0    -0.00387578     -0.0038758       0.780311       0.441282              0       0.684925       0.682921        1.06893        1.06893        1.06893        1.08239         1.0494       0.947039       0.997242       0.999325        1.01955
        41.2996             -1             -1             -1             -1    -0.00388475    -0.00388522              0    -0.00387547    -0.00387552       0.780274       0.441248              0       0.684925       0.682921        1.06841        1.06841        1.06842        1.08187        1.04934       0.946968       0.997056       0.999045        1.01929
        41.3496             -1             -1             -1             -1    -0.00388567    -0.00388701              0    -0.00387409    -0.00387396       0.780238       0.441213              0       0.684925       0.682921        1.06916        1.06916        1.06916        1.08264        1.04942       0.947051       0.997292       0.999486        1.01973
        41.3996             -1             -1             -1             -1    -0.00388609    -0.00388828              0    -0.00387234      -0.003872       0.780202       0.441179              0       0.684925       0.682921        1.07043        1.07043        1.07043        1.08394        1.04955       0.947206       0.997719        1.00021        1.02044
        41.4496             -1             -1             -1             -1    -0.00388657    -0.00388893              0    -0.00387152    -0.00387129       0.780167       0.441146              0       0.684925       0.682921        1.07089        1.07089        1.07089         1.0844        1.04959       0.947264        0.99788        1.00047        1.02068
        41.4997             -1             -1             -1             -1    -0.00388735    -0.00388922              0    -0.00387193    -0.00387223       0.780133       0.441114              0       0.684925       0.682921        1.06971        1.06971        1.06971         1.0832        1.04947       0.947117        0.99749       0.999784           1.02
        41.5497             -1             -1             -1             -1    -0.00388829    -0.00388916              0    -0.00387257    -0.00387324         0.7801       0.441083              0       0.684925       0.682921        1.06861        1.06861        1.06861        1.08207        1.04935       0.946978       0.997124        0.99914        1.01937
        41.5997             -1             -1             -1             -1     -0.0038888    -0.00388879              0    -0.00387356    -0.00387451       0.780068       0.441053              0       0.684925       0.682921        1.06899        1.06899          1.069        1.08247        1.04939       0.947011       0.997229       0.999404        1.01964
        41.6497             -1             -1             -1             -1    -0.00388829    -0.00388788              0    -0.00387355    -0.00387405       0.780036       0.441024              0       0.684925       0.682921        1.06996        1.06996        1.06996        1.08346        1.04949       0.947113       0.997523       0.999984        1.02023
        41.6997             -1             -1             -1             -1    -0.00388726    -0.00388699              0    -0.00387254     -0.0038723       0.780005       0.440996              0       0.684925       0.682921         1.0701         1.0701         1.0701        1.08359         1.0495        0.94714       0.997597       0.999994        1.02023
        41.7497             -1             -1             -1             -1    -0.00388683    -0.00388697              0    -0.00387387    -0.00387376       0.779975       0.440969              0       0.684925       0.682921        1.07049        1.07049        1.07049          1.084        1.04954       0.947199       0.997747        1.00023        1.02043
        41.7997             -1             -1             -1             -1    -0.00388666    -0.00388722              0    -0.00387617     -0.0038765       0.779945       0.440943              0       0.684925       0.682921         1.0693        1.06931        1.06931        1.08278        1.04942       0.947045       0.997331       0.999565        1.01978
        41.8497             -1             -1             -1             -1    -0.00388638    -0.00388756              0    -0.00387765    -0.00387812       0.779916       0.440917              0       0.684925       0.682921         1.0687         1.0687         1.0687        1.08217        1.04936       0.946971       0.997127       0.999222        1.01945
        41.8997             -1             -1             -1             -1    -0.00388592    -0.00388777              0    -0.00387914    -0.00387962       0.779887        0.44089              0       0.684925       0.682921        1.06931        1.06931        1.06931        1.08279        1.04941       0.947026       0.997286        0.99962        1.01987
        41.9498             -1             -1             -1             -1    -0.00388493    -0.00388742              0    -0.00387842    -0.00387807       0.779858       0.440863              0       0.684925       0.682921        1.06994        1.06995        1.06995        1.08344        1.04949       0.947115       0.997522       0.999936        1.02017
        41.9998             -1             -1             -1             -1    -0.00388394    -0.00388711              0    -0.00387947    -0.00387922       0.779831       0.440836              0       0.684925       0.682921        1.07069        1.07069        1.07069        1.08421        1.04956       0.947209       0.997772        1.00038        1.02059
        42.0498             -1             -1             -1             -1    -0.00388263    -0.00388663              0     -0.0038807    -0.00388072       0.779804        0.44081              0       0.684925       0.682921        1.06994        1.06994        1.06994        1.08343        1.04949       0.947135       0.997558       0.999909         1.0201
        42.0998             -1             -1             -1             -1    -0.00388182     -0.0038861              0    -0.00388374    -0.00388446       0.779776       0.440783              0       0.684925       0.682921        1.06888        1.06888        1.06888        1.08235        1.04938       0.946993       0.997179       0.999333        1.01956
        42.1498             -1             -1             -1             -1    -0.00388114    -0.00388515              0    -0.00388557    -0.00388651       0.779749       0.440756              0       0.684925       0.682921        1.06905        1.06905        1.06905        1.08253        1.04939       0.947009       0.997225       0.999459        1.01969
        42.1998             -1             -1             -1             -1    -0.00388025     -0.0038832              0    -0.00388552    -0.00388606       0.779723        0.44073              0       0.684925       0.682921        1.06917        1.06917        1.06917        1.08265        1.04941       0.947019       0.997258       0.999499        1.01975
        42.2498             -1             -1             -1             -1    -0.00387939    -0.00388114              0    -0.00388611    -0.00388654       0.779697       0.440705              0       0.684925       0.682921        1.07049        1.07049        1.07049          1.084        1.04955        0.94718       0.997696        1.00027        1.02051
        42.2998             -1             -1             -1             -1    -0.00387853    -0.00387947              0    -0.00388694    -0.00388736        0.77967        0.44068              0       0.684925       0.682921        1.07067        1.07067        1.07067        1.08419        1.04957       0.947223       0.997799        1.00035        1.02055
        42.3498             -1             -1             -1             -1    -0.00387789    -0.00387821              0    -0.00388876    -0.00388928       0.779644       0.440654              0       0.684925       0.682921        1.06941        1.06941        1.06941        1.08289        1.04944       0.947076       0.997392         0.9996        1.01981
        42.3999             -1             -1             -1             -1    -0.00387824    -0.00387777              0    -0.00389139    -0.00389235       0.779618       0.440629              0       0.684925       0.682921        1.06851        1.06851        1.06852        1.08197        1.04934       0.946955       0.997067       0.999118        1.01936
        42.4499             -1             -1             -1             -1    -0.00387914     -0.0038781              0     -0.0038924    -0.00389332       0.779592       0.440603              0       0.684925       0.682921        1.06921        1.06922        1.06922         1.0827        1.04941       0.947032       0.997277       0.999568        1.01982
        42.4999             -1             -1             -1             -1    -0.00387992    -0.00387897              0    -0.00389171    -0.00389195       0.779566       0.440577              0       0.684925       0.682921        1.07026        1.07026        1.07027        1.08377        1.04953       0.947171       0.997641        1.00015        1.02039
        42.5499             -1             -1             -1             -1    -0.00388091    -0.00388005              0    -0.00389094    -0.00389047       0.779539        0.44055              0       0.684925       0.682921        1.07066        1.07067        1.07067        1.08418        1.04957       0.947239       0.997806        1.00034        1.02055
        42.5999             -1             -1             -1             -1    -0.00388258    -0.00388172              0    -0.00389145    -0.00389064       0.779511       0.440522              0       0.684925       0.682921        1.07006        1.07006        1.07006        1.08355        1.04951       0.947178       0.997628       0.999966        1.02017
        42.6499             -1             -1             -1             -1     -0.0038848    -0.00388409              0    -0.00389284    -0.00389221       0.779483       0.440494              0       0.684925       0.682921        1.06896        1.06897        1.06897        1.08243         1.0494       0.947047       0.997261       0.999343        1.01957
        42.6999             -1             -1             -1             -1    -0.00388694    -0.00388651              0    -0.00389376    -0.00389326       0.779454       0.440464              0       0.684925       0.682921        1.06839        1.06839        1.06839        1.08185        1.04934       0.946967       0.997046       0.999036        1.01929
        42.7499             -1             -1             -1             -1    -0.00388899    -0.00388885              0     -0.0038931    -0.00389233       0.779423       0.440435              0       0.684925       0.682921        1.06892        1.06892        1.06892        1.08239         1.0494       0.947024       0.997204       0.999348        1.01962
        42.7999             -1             -1             -1             -1    -0.00389062    -0.00389073              0    -0.00389144    -0.00389031       0.779392       0.440404              0       0.684925       0.682921        1.06988        1.06988        1.06988        1.08337         1.0495       0.947148       0.997533       0.999882        1.02014
        42.8499             -1             -1             -1             -1    -0.00389222     -0.0038926              0    -0.00389055    -0.00388947       0.779361       0.440374              0       0.684925       0.682921        1.07011        1.07011        1.07011         1.0836        1.04952       0.947186       0.997633       0.999985        1.02021
           42.9             -1             -1             -1             -1    -0.00389418    -0.00389486              0    -0.00389104     -0.0038905        0.77933       0.440344              0       0.684925       0.682921        1.06944        1.06944        1.06944        1.08291        1.04946        0.94711       0.997422       0.999595        1.01981
          42.95             -1             -1             -1             -1    -0.00389594     -0.0038971              0    -0.00389193    -0.00389201       0.779298       0.440314              0       0.684925       0.682921        1.06869        1.06869        1.06869        1.08215        1.04938       0.947013       0.997164       0.999189        1.01942
             43             -1             -1             -1             -1    -0.00389763    -0.00389918              0    -0.00389213    -0.00389237       0.779268       0.440285              0       0.684925       0.682921        1.06881        1.06881        1.06881        1.08227        1.04938       0.947015        0.99718       0.999281        1.01953
          43.05             -1             -1             -1             -1    -0.00389909    -0.00390051              0    -0.00389142    -0.00389132       0.779237       0.440256              0       0.684925       0.682921        1.06988        1.06988        1.06989        1.08338         1.0495        0.94714       0.997528        0.99991        1.02015
           43.1             -1             -1             -1             -1    -0.00390018    -0.00390148              0    -0.00389074    -0.00389022       0.779206       0.440228              0       0.684925       0.682921        1.07084        1.07084        1.07084        1.08436        1.04959       0.947258       0.997856        1.00045        1.02067
          43.15             -1             -1             -1             -1    -0.00390147    -0.00390273              0    -0.00389124    -0.00389075       0.779177         0.4402              0       0.684925       0.682921        1.07044        1.07044        1.07044        1.08395        1.04955       0.947212       0.997733        1.00021        1.02043
           43.2             -1             -1             -1             -1    -0.00390314    -0.00390378              0    -0.00389261    -0.00389236       0.779148       0.440173              0       0.684925       0.682921        1.06903        1.06903        1.06903         1.0825         1.0494       0.947041        0.99727       0.999371         1.0196
          43.25             -1             -1             -1             -1    -0.00390469     -0.0039047              0    -0.00389366    -0.00389358       0.779119       0.440147              0       0.684925       0.682921         1.0687         1.0687         1.0687        1.08216        1.04937       0.946993       0.997148       0.999209        1.01944
           43.3             -1             -1             -1             -1    -0.00390589    -0.00390553              0    -0.00389447    -0.00389451       0.779091       0.440122              0       0.684925       0.682921        1.06944        1.06944        1.06945        1.08293        1.04944       0.947068       0.997364       0.999682        1.01992
        43.3501             -1             -1             -1             -1    -0.00390664    -0.00390591              0    -0.00389394    -0.00389364       0.779062       0.440097              0       0.684925       0.682921        1.06996        1.06996        1.06996        1.08345        1.04949       0.947124       0.997525       0.999951        1.02021
        43.4001             -1             -1             -1             -1    -0.00390723    -0.00390626              0    -0.00389322    -0.00389268       0.779035       0.440073              0       0.684925       0.682921        1.07037        1.07037        1.07037        1.08387        1.04954       0.947193       0.997702        1.00014        1.02036
        43.4501             -1             -1             -1             -1    -0.00390797    -0.00390742              0    -0.00389531    -0.00389567       0.779009       0.440049              0       0.684925       0.682921        1.07032        1.07032        1.07032        1.08382        1.04953       0.947188       0.997683        1.00014        1.02034
        43.5001             -1             -1             -1             -1      -0.003908    -0.00390845              0    -0.00389752    -0.00389861       0.778983       0.440026              0       0.684925       0.682921        1.06866        1.06866        1.06866        1.08212        1.04936       0.946981       0.997123        0.99917        1.01941
        43.5501             -1             -1             -1             -1    -0.00390744    -0.00390899              0    -0.00389938    -0.00390082       0.778957       0.440002              0       0.684925       0.682921        1.06901        1.06901        1.06901        1.08248        1.04939       0.947012       0.997218        0.99942        1.01966
        43.6001             -1             -1             -1             -1    -0.00390681    -0.00390862              0    -0.00390027    -0.00390155       0.778932        0.43998              0       0.684925       0.682921        1.06917        1.06917        1.06917        1.08265        1.04941       0.947018       0.997248       0.999503        1.01977
        43.6501             -1             -1             -1             -1    -0.00390621    -0.00390758              0    -0.00390028    -0.00390119       0.778909       0.439958              0       0.684925       0.682921         1.0706         1.0706         1.0706        1.08411        1.04955       0.947204       0.997748        1.00032        1.02054
        43.7001             -1             -1             -1             -1    -0.00390596    -0.00390654              0    -0.00390205    -0.00390289       0.778886       0.439935              0       0.684925       0.682921        1.07001        1.07001        1.07001         1.0835        1.04949       0.947137       0.997567       0.999937        1.02017
        43.7501             -1             -1             -1             -1     -0.0039061    -0.00390633              0    -0.00390498      -0.003906       0.778863       0.439913              0       0.684925       0.682921        1.06992        1.06992        1.06992        1.08342        1.04949       0.947132       0.997546       0.999925        1.02012
        43.8002             -1             -1             -1             -1    -0.00390635    -0.00390635              0    -0.00390752    -0.00390842        0.77884       0.439891              0       0.684925       0.682921        1.06856        1.06856        1.06856        1.08202        1.04935       0.946963       0.997086        0.99913        1.01937
        43.8502             -1             -1             -1             -1     -0.0039068    -0.00390675              0    -0.00391004    -0.00391068       0.778817        0.43987              0       0.684925       0.682921        1.06901        1.06901        1.06901        1.08249        1.04939       0.947001       0.997194       0.999442        1.01971
        43.9002             -1             -1             -1             -1    -0.00390708    -0.00390692              0    -0.00391042    -0.00391012       0.778793       0.439849              0       0.684925       0.682921        1.07014        1.07014        1.07014        1.08365        1.04951       0.947148       0.997585        1.00008        1.02031
        43.9502             -1             -1             -1             -1    -0.00390746    -0.00390715              0    -0.00391075    -0.00390971        0.77877       0.439826              0       0.684925       0.682921        1.07026        1.07026        1.07026        1.08377        1.04953       0.947178       0.997654        1.00009        1.02033
        44.0002             -1             -1             -1             -1    -0.00390789    -0.00390805              0    -0.00391338    -0.00391265       0.778747       0.439804              0       0.684925       0.682921        1.06992        1.06992        1.06992        1.08342         1.0495       0.947141       0.997542       0.999904        1.02013
        44.0502             -1             -1             -1             -1    -0.00390802    -0.00390881              0    -0.00391586    -0.00391566       0.778723       0.439782              0       0.684925       0.682921        1.06956        1.06956        1.06956        1.08304        1.04946       0.947098        0.99742       0.999733        1.01994
        44.1002             -1             -1             -1             -1    -0.00390792    -0.00390951              0     -0.0039178    -0.00391793         0.7787       0.439759              0       0.684925       0.682921          1.069          1.069        1.06901        1.08248         1.0494       0.947026       0.997228       0.999423        1.01966
        44.1502             -1             -1             -1             -1    -0.00390755    -0.00390982              0    -0.00391774    -0.00391758       0.778677       0.439736              0       0.684925       0.682921        1.06932        1.06932        1.06932         1.0828        1.04944       0.947061       0.997326       0.999595        1.01985
        44.2002             -1             -1             -1             -1    -0.00390757    -0.00391003              0    -0.00391758    -0.00391708       0.778653       0.439713              0       0.684925       0.682921        1.06998        1.06999        1.06999        1.08348         1.0495       0.947148       0.997562       0.999946        1.02019
        44.2502             -1             -1             -1             -1    -0.00390817     -0.0039108              0    -0.00391848    -0.00391818        0.77863        0.43969              0       0.684925       0.682921        1.07009        1.07009        1.07009        1.08358        1.04952       0.947171       0.997616       0.999978        1.02021
        44.3003             -1             -1             -1             -1    -0.00390947    -0.00391245              0     -0.0039203    -0.00392055       0.778606       0.439666              0       0.684925       0.682921         1.0694         1.0694         1.0694        1.08288        1.04945       0.947093       0.997397       0.999583        1.01982
        44.3503             -1             -1             -1             -1    -0.00391142    -0.00391442              0    -0.00392226    -0.00392298       0.778584       0.439642              0       0.684925       0.682921        1.06854        1.06854        1.06854          1.082        1.04936       0.946986       0.997102       0.999108        1.01937
        44.4003             -1             -1             -1             -1    -0.00391408    -0.00391633              0    -0.00392326    -0.00392408       0.778561       0.439619              0       0.684925       0.682921        1.06842        1.06842        1.06842        1.08188        1.04934       0.946964       0.997045       0.999055        1.01934
        44.4503             -1             -1             -1             -1    -0.00391691    -0.00391829              0    -0.00392313    -0.00392361       0.778538       0.439595              0       0.684925       0.682921        1.06938        1.06938        1.06938        1.08286        1.04944       0.947083       0.997365       0.999605        1.01989
        44.5003             -1             -1             -1             -1    -0.00391999    -0.00392001              0    -0.00392271    -0.00392266       0.778514        0.43957              0       0.684925       0.682921        1.07052        1.07052        1.07052        1.08403        1.04956       0.947234       0.997765        1.00026         1.0205
        44.5503             -1             -1             -1             -1    -0.00392326    -0.00392222              0    -0.00392309     -0.0039226       0.778488       0.439546              0       0.684925       0.682921        1.07059        1.07059        1.07059        1.08409        1.04957       0.947249       0.997799        1.00029         1.0205
        44.6003             -1             -1             -1             -1    -0.00392661    -0.00392506              0    -0.00392528    -0.00392497       0.778461       0.439522              0       0.684925       0.682921        1.06974        1.06974        1.06974        1.08322        1.04948       0.947143       0.997506        0.99982        1.02003
        44.6503             -1             -1             -1             -1    -0.00392954    -0.00392785              0    -0.00392678    -0.00392631       0.778434       0.439498              0       0.684925       0.682921        1.06858        1.06858        1.06859        1.08205        1.04937       0.946992       0.997101       0.999163        1.01941
        44.7003             -1             -1             -1             -1     -0.0039316    -0.00393017              0    -0.00392654    -0.00392517       0.778407       0.439474              0       0.684925       0.682921        1.06888        1.06888        1.06888        1.08235         1.0494       0.947026       0.997196       0.999323        1.01959
        44.7504             -1             -1             -1             -1    -0.00393327    -0.00393214              0    -0.00392569    -0.00392343        0.77838        0.43945              0       0.684925       0.682921        1.07038        1.07039        1.07039        1.08389        1.04955       0.947206       0.997691        1.00021        1.02044
        44.8004             -1             -1             -1             -1    -0.00393458    -0.00393384              0    -0.00392605    -0.00392379       0.778354       0.439426              0       0.684925       0.682921        1.07052        1.07052        1.07052        1.08402        1.04957       0.947226       0.997745        1.00025        1.02048
        44.8504             -1             -1             -1             -1     -0.0039358    -0.00393556              0    -0.00392643    -0.00392463       0.778328       0.439403              0       0.684925       0.682921        1.06986        1.06986        1.06986        1.08335         1.0495       0.947159       0.997562       0.999841        1.02006
        44.9004             -1             -1             -1             -1    -0.00393735    -0.00393774              0     -0.0039285    -0.00392811       0.778304        0.43938              0       0.684925       0.682921         1.0694         1.0694         1.0694        1.08288        1.04945        0.94709       0.997383       0.999628        1.01984
        44.9504             -1             -1             -1             -1    -0.00393827    -0.00393918              0    -0.00392941    -0.00393005       0.778279       0.439359              0       0.684925       0.682921        1.06838        1.06838        1.06838        1.08184        1.04934       0.946955       0.997032       0.999025        1.01929
        45.0004             -1             -1             -1             -1    -0.00393881    -0.00394039              0    -0.00392922    -0.00393056       0.778256       0.439337              0       0.684925       0.682921        1.06979        1.06979        1.06979        1.08328        1.04948       0.947114       0.997478       0.999876        1.02013
        45.0504             -1             -1             -1             -1    -0.00393915    -0.00394131              0    -0.00392865    -0.00393035       0.778234       0.439316              0       0.684925       0.682921        1.06999        1.06999        1.06999        1.08349         1.0495       0.947147       0.997568        0.99993        1.02018
        45.1004             -1             -1             -1             -1    -0.00393995    -0.00394241              0    -0.00392979    -0.00393202       0.778212       0.439296              0       0.684925       0.682921        1.07068        1.07069        1.07069         1.0842        1.04957       0.947236       0.997805        1.00035        1.02056
        45.1504             -1             -1             -1             -1    -0.00394136     -0.0039433              0    -0.00393183    -0.00393419        0.77819       0.439276              0       0.684925       0.682921         1.0696         1.0696         1.0696        1.08308        1.04946       0.947111       0.997463       0.999701        1.01992
        45.2005             -1             -1             -1             -1     -0.0039433    -0.00394455              0    -0.00393526    -0.00393791       0.778168       0.439257              0       0.684925       0.682921        1.06863        1.06863        1.06863         1.0821        1.04935       0.946973       0.997103       0.999179        1.01943
        45.2505             -1             -1             -1             -1     -0.0039447    -0.00394551              0    -0.00393674    -0.00393857       0.778148       0.439239              0       0.684925       0.682921        1.06924        1.06925        1.06925        1.08273        1.04941       0.947039       0.997288       0.999568        1.01982
        45.3005             -1             -1             -1             -1    -0.00394574    -0.00394612              0    -0.00393754    -0.00393783       0.778128        0.43922              0       0.684925       0.682921        1.06989        1.06989        1.06989        1.08339        1.04948       0.947122       0.997513       0.999907        1.02016
        45.3505             -1             -1             -1             -1    -0.00394676    -0.00394659              0    -0.00393907    -0.00393824       0.778108       0.439202              0       0.684925       0.682921        1.07009        1.07009        1.07009        1.08359        1.04951       0.947151       0.997589       0.999985        1.02023
        45.4005             -1             -1             -1             -1    -0.00394737    -0.00394687              0    -0.00394201    -0.00394089       0.778089       0.439184              0       0.684925       0.682921        1.07016        1.07016        1.07016        1.08366        1.04952       0.947164       0.997617        1.00004        1.02026
        45.4505             -1             -1             -1             -1    -0.00394744    -0.00394693              0    -0.00394513    -0.00394419       0.778069       0.439166              0       0.684925       0.682921        1.06953        1.06953        1.06953        1.08302        1.04945       0.947088       0.997409       0.999705        1.01992
        45.5005             -1             -1             -1             -1    -0.00394693    -0.00394676              0    -0.00394783     -0.0039472       0.778049       0.439148              0       0.684925       0.682921        1.06905        1.06905        1.06905        1.08253         1.0494       0.947021       0.997234       0.999453        1.01969
        45.5505             -1             -1             -1             -1    -0.00394607    -0.00394647              0    -0.00394928    -0.00394869       0.778031       0.439131              0       0.684925       0.682921         1.0695         1.0695         1.0695        1.08299        1.04945       0.947068       0.997371       0.999713        1.01996
        45.6005             -1             -1             -1             -1    -0.00394569     -0.0039463              0    -0.00394983    -0.00394916       0.778013       0.439114              0       0.684925       0.682921        1.07037        1.07037        1.07037        1.08388        1.04953       0.947181       0.997672        1.00019        1.02043
        45.6505             -1             -1             -1             -1    -0.00394619    -0.00394656              0    -0.00395109    -0.00395063       0.777996       0.439097              0       0.684925       0.682921        1.07058        1.07058        1.07058        1.08409        1.04956       0.947221       0.997769        1.00028         1.0205
        45.7006             -1             -1             -1             -1    -0.00394737    -0.00394729              0    -0.00395357    -0.00395379       0.777979        0.43908              0       0.684925       0.682921        1.06994        1.06994        1.06994        1.08344        1.04949       0.947151       0.997568       0.999912        1.02012
        45.7506             -1             -1             -1             -1    -0.00394873    -0.00394845              0    -0.00395645    -0.00395721       0.777962       0.439063              0       0.684925       0.682921        1.06918        1.06918        1.06918        1.08266        1.04941       0.947053       0.997301         0.9995        1.01973
        45.8006             -1             -1             -1             -1    -0.00395014    -0.00394976              0    -0.00395829    -0.00395909       0.777945       0.439045              0       0.684925       0.682921        1.06914        1.06914        1.06914        1.08262        1.04941       0.947038       0.997265       0.999509        1.01976
        45.8506             -1             -1             -1             -1    -0.00395174    -0.00395119              0    -0.00395878    -0.00395908       0.777927       0.439027              0       0.684925       0.682921        1.06997        1.06997        1.06997        1.08347         1.0495       0.947136        0.99753       0.999987        1.02024
        45.9006             -1             -1             -1             -1    -0.00395318    -0.00395263              0    -0.00395923    -0.00395912       0.777908       0.439009              0       0.684925       0.682921        1.07059        1.07059        1.07059        1.08411        1.04957       0.947222       0.997753        1.00032        1.02055
        45.9506             -1             -1             -1             -1    -0.00395474    -0.00395413              0    -0.00396053    -0.00396035        0.77789       0.438991              0       0.684925       0.682921        1.06999        1.06999        1.06999        1.08348        1.04951       0.947162       0.997581       0.999923        1.02015
        46.0006             -1             -1             -1             -1    -0.00395676    -0.00395624              0    -0.00396243    -0.00396247        0.77787       0.438972              0       0.684925       0.682921        1.06929         1.0693         1.0693        1.08277        1.04944       0.947088       0.997371       0.999526        1.01975
        46.0506             -1             -1             -1             -1    -0.00395872    -0.00395859              0    -0.00396448    -0.00396482        0.77785       0.438953              0       0.684925       0.682921        1.06912        1.06912        1.06912         1.0826        1.04942       0.947056       0.997284       0.999483        1.01972
        46.1006             -1             -1             -1             -1    -0.00396045    -0.00396071              0    -0.00396603    -0.00396652        0.77783       0.438933              0       0.684925       0.682921        1.06909        1.06909        1.06909        1.08257        1.04941       0.947038       0.997245       0.999469        1.01973
        46.1507             -1             -1             -1             -1    -0.00396193    -0.00396245              0    -0.00396543    -0.00396514       0.777808       0.438913              0       0.684925       0.682921        1.06983        1.06983        1.06983        1.08332        1.04949        0.94714       0.997517       0.999849         1.0201
        46.2007             -1             -1             -1             -1    -0.00396337    -0.00396425              0    -0.00396572    -0.00396509       0.777788       0.438893              0       0.684925       0.682921        1.07086        1.07086        1.07086        1.08437         1.0496       0.947271       0.997869        1.00045        1.02068
        46.2507             -1             -1             -1             -1     -0.0039653    -0.00396645              0    -0.00396772    -0.00396751       0.777768       0.438873              0       0.684925       0.682921        1.06962        1.06962        1.06962        1.08311        1.04947        0.94713       0.997478       0.999699        1.01992
        46.3007             -1             -1             -1             -1    -0.00396748    -0.00396861              0    -0.00396944    -0.00396948       0.777748       0.438854              0       0.684925       0.682921        1.06946        1.06946        1.06946        1.08294        1.04945       0.947106       0.997414       0.999659        1.01988
        46.3507             -1             -1             -1             -1    -0.00396968     -0.0039709              0    -0.00397143    -0.00397179       0.777728       0.438835              0       0.684925       0.682921        1.06837        1.06837        1.06837        1.08183        1.04934        0.94696       0.997028       0.999018        1.01928
        46.4007             -1             -1             -1             -1    -0.00397174    -0.00397278              0     -0.0039711    -0.00397087       0.777707       0.438816              0       0.684925       0.682921        1.06976        1.06976        1.06976        1.08325        1.04948       0.947121       0.997472       0.999859        1.02012
        46.4507             -1             -1             -1             -1    -0.00397376     -0.0039744              0    -0.00397054    -0.00396969       0.777688       0.438797              0       0.684925       0.682921        1.07016        1.07016        1.07016        1.08366        1.04952       0.947182       0.997633        1.00003        1.02027
        46.5007             -1             -1             -1             -1    -0.00397625     -0.0039765              0    -0.00397138    -0.00397055       0.777668       0.438779              0       0.684925       0.682921        1.07039        1.07039        1.07039        1.08389        1.04955       0.947212       0.997712        1.00017        1.02039
        46.5507             -1             -1             -1             -1    -0.00397874    -0.00397855              0    -0.00397226    -0.00397186       0.777647       0.438761              0       0.684925       0.682921           1.07           1.07           1.07         1.0835        1.04951       0.947171       0.997596       0.999955        1.02017
        46.6007             -1             -1             -1             -1    -0.00398149    -0.00398102              0     -0.0039741    -0.00397464       0.777628       0.438743              0       0.684925       0.682921        1.06878        1.06878        1.06878        1.08225        1.04938       0.947018       0.997187       0.999245        1.01948
        46.6508             -1             -1             -1             -1    -0.00398395    -0.00398337              0    -0.00397547    -0.00397664       0.777608       0.438726              0       0.684925       0.682921        1.06854        1.06855        1.06855        1.08201        1.04935       0.946971       0.997073       0.999125        1.01939
        46.7008             -1             -1             -1             -1    -0.00398595    -0.00398526              0    -0.00397535    -0.00397635       0.777588       0.438708              0       0.684925       0.682921        1.06986        1.06986        1.06986        1.08336        1.04949       0.947125       0.997498       0.999898        1.02016
        46.7508             -1             -1             -1             -1    -0.00398729    -0.00398676              0    -0.00397526    -0.00397575       0.777569       0.438692              0       0.684925       0.682921        1.07077        1.07077        1.07077        1.08429        1.04958       0.947246       0.997821         1.0004        1.02064
        46.8008             -1             -1             -1             -1    -0.00398851    -0.00398824              0    -0.00397697    -0.00397738        0.77755       0.438675              0       0.684925       0.682921        1.07053        1.07053        1.07053        1.08404        1.04956       0.947226       0.997763        1.00025        1.02047
        46.8508             -1             -1             -1             -1    -0.00398993    -0.00399007              0       -0.00398    -0.00398059       0.777531       0.438659              0       0.684925       0.682921        1.06962        1.06962        1.06962        1.08311        1.04946       0.947113       0.997461       0.999742        1.01996
        46.9008             -1             -1             -1             -1    -0.00399099    -0.00399161              0    -0.00398287     -0.0039833       0.777512       0.438644              0       0.684925       0.682921        1.06906        1.06906        1.06906        1.08254         1.0494       0.947034       0.997252       0.999442        1.01968
        46.9508             -1             -1             -1             -1    -0.00399106    -0.00399229              0    -0.00398443    -0.00398429       0.777497       0.438629              0       0.684925       0.682921        1.06954        1.06954        1.06954        1.08303        1.04945       0.947081       0.997393       0.999731        1.01999
        47.0008             -1             -1             -1             -1    -0.00399057    -0.00399251              0    -0.00398529    -0.00398417       0.777481       0.438614              0       0.684925       0.682921        1.07054        1.07054        1.07054        1.08406        1.04956       0.947203       0.997729        1.00029        1.02054
        47.0508             -1             -1             -1             -1    -0.00399016    -0.00399288              0    -0.00398675    -0.00398532       0.777465       0.438599              0       0.684925       0.682921        1.07082        1.07082        1.07082        1.08434        1.04958       0.947245       0.997838        1.00043        1.02065
        47.1009             -1             -1             -1             -1     -0.0039901    -0.00399374              0    -0.00398979    -0.00398882       0.777451       0.438586              0       0.684925       0.682921        1.07004        1.07004        1.07004        1.08354         1.0495       0.947152       0.997583       0.999981        1.02019
        47.1509             -1             -1             -1             -1    -0.00399043     -0.0039949              0    -0.00399342    -0.00399335       0.777437       0.438573              0       0.684925       0.682921        1.06886        1.06886        1.06886        1.08233        1.04938       0.947002       0.997176       0.999309        1.01954
        47.2009             -1             -1             -1             -1    -0.00399077    -0.00399563              0    -0.00399553    -0.00399608       0.777425       0.438559              0       0.684925       0.682921        1.06839         1.0684         1.0684        1.08186        1.04933        0.94694       0.997012       0.999042         1.0193
        47.2509             -1             -1             -1             -1    -0.00399104    -0.00399552              0    -0.00399586    -0.00399614       0.777412       0.438545              0       0.684925       0.682921        1.06975        1.06975        1.06975        1.08325        1.04947       0.947105       0.997461       0.999841        1.02009
        47.3009             -1             -1             -1             -1    -0.00399172    -0.00399506              0    -0.00399646    -0.00399658       0.777399       0.438532              0       0.684925       0.682921        1.07072        1.07072        1.07072        1.08424        1.04957       0.947223       0.997785        1.00039        1.02063
        47.3509             -1             -1             -1             -1    -0.00399333    -0.00399489              0     -0.0039988    -0.00399932       0.777384       0.438519              0       0.684925       0.682921        1.07003        1.07003        1.07004        1.08353         1.0495        0.94715       0.997581       0.999953        1.02018
        47.4009             -1             -1             -1             -1    -0.00399577    -0.00399512              0    -0.00400101    -0.00400168       0.777369       0.438507              0       0.684925       0.682921        1.06963        1.06963        1.06963        1.08312        1.04946       0.947111       0.997466       0.999738        1.01995
        47.4509             -1             -1             -1             -1    -0.00399866    -0.00399595              0    -0.00400408    -0.00400522       0.777354       0.438494              0       0.684925       0.682921         1.0689        1.06891        1.06891        1.08238        1.04938       0.947007        0.99719       0.999356         1.0196
        47.5009             -1             -1             -1             -1    -0.00400119    -0.00399663              0    -0.00400561    -0.00400641        0.77734       0.438481              0       0.684925       0.682921        1.06884        1.06884        1.06884        1.08232        1.04938       0.947001       0.997173       0.999303        1.01956
         47.551             -1             -1             -1             -1    -0.00400309    -0.00399757              0    -0.00400607     -0.0040062       0.777325       0.438468              0       0.684925       0.682921         1.0702         1.0702         1.0702         1.0837        1.04952       0.947161       0.997608         1.0001        1.02036
         47.601             -1             -1             -1             -1    -0.00400463    -0.00399884              0    -0.00400679    -0.00400642        0.77731       0.438454              0       0.684925       0.682921        1.07044        1.07044        1.07044        1.08395        1.04956       0.947215       0.997735        1.00019        1.02041
         47.651             -1             -1             -1             -1    -0.00400594    -0.00400125              0    -0.00400934    -0.00400915       0.777294        0.43844              0       0.684925       0.682921        1.07003        1.07003        1.07003        1.08353        1.04951       0.947167       0.997593        0.99996        1.02018
         47.701             -1             -1             -1             -1     -0.0040067    -0.00400387              0     -0.0040116    -0.00401159       0.777277       0.438425              0       0.684925       0.682921         1.0695         1.0695         1.0695        1.08299        1.04946       0.947109       0.997425       0.999682         1.0199
         47.751             -1             -1             -1             -1    -0.00400733    -0.00400686              0    -0.00401424    -0.00401469        0.77726        0.43841              0       0.684925       0.682921        1.06839        1.06839        1.06839        1.08185        1.04935       0.946967       0.997038       0.999028        1.01928
         47.801             -1             -1             -1             -1     -0.0040077    -0.00400937              0    -0.00401483    -0.00401477       0.777244       0.438395              0       0.684925       0.682921        1.06939        1.06939        1.06939        1.08288        1.04944       0.947076       0.997343       0.999637        1.01991
         47.851             -1             -1             -1             -1    -0.00400826    -0.00401153              0    -0.00401423    -0.00401334       0.777229       0.438379              0       0.684925       0.682921        1.07068        1.07068        1.07068        1.08419        1.04958       0.947243        0.99779        1.00037        1.02061
         47.901             -1             -1             -1             -1    -0.00400981    -0.00401374              0    -0.00401491    -0.00401386       0.777216       0.438363              0       0.684925       0.682921        1.07068        1.07068        1.07068        1.08419        1.04958        0.94726       0.997826        1.00033        1.02054
         47.951             -1             -1             -1             -1    -0.00401208    -0.00401639              0    -0.00401715    -0.00401673       0.777202       0.438347              0       0.684925       0.682921        1.06945        1.06946        1.06946        1.08294        1.04945       0.947116       0.997429       0.999605        1.01982
         48.001             -1             -1             -1             -1    -0.00401497    -0.00401887              0    -0.00401948    -0.00401969       0.777188       0.438331              0       0.684925       0.682921        1.06849        1.06849        1.06849        1.08195        1.04935       0.946984       0.997086       0.999072        1.01932
        48.0511             -1             -1             -1             -1    -0.00401803      -0.004021              0    -0.00402046    -0.00402065       0.777173       0.438316              0       0.684925       0.682921        1.06859        1.06859        1.06859        1.08206        1.04936       0.946982        0.99709       0.999155        1.01942
        48.1011             -1             -1             -1             -1    -0.00402096    -0.00402238              0    -0.00402006    -0.00401974       0.777157         0.4383              0       0.684925       0.682921        1.06957        1.06957        1.06957        1.08306        1.04946       0.947096       0.997411       0.999717        1.01998
        48.1511             -1             -1             -1             -1    -0.00402384    -0.00402379              0    -0.00401973    -0.00401894       0.777141       0.438286              0       0.684925       0.682921        1.07028        1.07028        1.07028        1.08379        1.04953       0.947191       0.997667         1.0001        1.02034
        48.2011             -1             -1             -1             -1    -0.00402679    -0.00402558              0    -0.00402073     -0.0040203       0.777124       0.438271              0       0.684925       0.682921        1.06993        1.06993        1.06993        1.08343         1.0495       0.947158       0.997571       0.999879        1.02011
        48.2511             -1             -1             -1             -1    -0.00402966    -0.00402755              0    -0.00402275    -0.00402313       0.777108       0.438258              0       0.684925       0.682921        1.06894        1.06894        1.06894        1.08241         1.0494       0.947038       0.997246       0.999313        1.01954
        48.3011             -1             -1             -1             -1    -0.00403201    -0.00402972              0    -0.00402435    -0.00402531       0.777091       0.438244              0       0.684925       0.682921        1.06846        1.06846        1.06846        1.08192        1.04935       0.946972       0.997073       0.999059        1.01931
        48.3511             -1             -1             -1             -1     -0.0040337    -0.00403157              0    -0.00402456    -0.00402537       0.777074       0.438232              0       0.684925       0.682921        1.06935        1.06935        1.06935        1.08284        1.04944       0.947071       0.997348       0.999604        1.01986
        48.4011             -1             -1             -1             -1    -0.00403482    -0.00403317              0    -0.00402438    -0.00402464       0.777058       0.438219              0       0.684925       0.682921        1.07052        1.07052        1.07052        1.08404        1.04956        0.94721        0.99773        1.00028        1.02053
        48.4511             -1             -1             -1             -1    -0.00403544    -0.00403493              0     -0.0040255    -0.00402569       0.777042       0.438207              0       0.684925       0.682921        1.07054        1.07054        1.07055        1.08406        1.04956       0.947221       0.997753        1.00026        1.02049
        48.5012             -1             -1             -1             -1     -0.0040361    -0.00403667              0    -0.00402815    -0.00402882       0.777027       0.438194              0       0.684925       0.682921         1.0695         1.0695         1.0695        1.08298        1.04945       0.947103       0.997427       0.999622        1.01984
        48.5512             -1             -1             -1             -1    -0.00403667    -0.00403843              0    -0.00403024    -0.00403097       0.777015       0.438182              0       0.684925       0.682921        1.06934        1.06934        1.06935        1.08283        1.04943       0.947079       0.997366       0.999588        1.01981
        48.6012             -1             -1             -1             -1    -0.00403749    -0.00404013              0    -0.00403293    -0.00403378       0.777002       0.438171              0       0.684925       0.682921        1.06881        1.06881        1.06881        1.08229        1.04937       0.946995        0.99715       0.999303        1.01957
        48.6512             -1             -1             -1             -1    -0.00403827    -0.00404071              0    -0.00403399    -0.00403418        0.77699       0.438159              0       0.684925       0.682921        1.06934        1.06934        1.06934        1.08283        1.04943       0.947061       0.997335       0.999582        1.01984
        48.7012             -1             -1             -1             -1    -0.00403944    -0.00404107              0    -0.00403431    -0.00403352       0.776979       0.438148              0       0.684925       0.682921        1.07062        1.07062        1.07062        1.08413        1.04956       0.947213       0.997754        1.00033        1.02057
        48.7512             -1             -1             -1             -1     -0.0040408    -0.00404169              0    -0.00403662    -0.00403592       0.776968       0.438138              0       0.684925       0.682921        1.07006        1.07006        1.07006        1.08356         1.0495       0.947162       0.997608       0.999949        1.02017
        48.8012             -1             -1             -1             -1    -0.00404226    -0.00404271              0     -0.0040393    -0.00403885       0.776956       0.438128              0       0.684925       0.682921        1.06966        1.06966        1.06966        1.08315        1.04946       0.947107       0.997459        0.99976        1.01998
        48.8512             -1             -1             -1             -1    -0.00404382    -0.00404386              0    -0.00404221     -0.0040423       0.776944       0.438118              0       0.684925       0.682921         1.0689         1.0689         1.0689        1.08237        1.04938       0.947015       0.997208       0.999333        1.01956
        48.9012             -1             -1             -1             -1    -0.00404493    -0.00404479              0    -0.00404468    -0.00404509       0.776932       0.438109              0       0.684925       0.682921        1.06874        1.06874        1.06874        1.08221        1.04937       0.946977       0.997116       0.999253        1.01952
        48.9513             -1             -1             -1             -1    -0.00404495    -0.00404465              0     -0.0040445    -0.00404431        0.77692       0.438098              0       0.684925       0.682921        1.07022        1.07022        1.07022        1.08373        1.04952       0.947157       0.997609        1.00012        1.02038
        49.0013             -1             -1             -1             -1    -0.00404481    -0.00404443              0    -0.00404539    -0.00404519       0.776909       0.438088              0       0.684925       0.682921         1.0707         1.0707         1.0707        1.08421        1.04957       0.947234       0.997807        1.00035        1.02057
        49.0513             -1             -1             -1             -1    -0.00404513    -0.00404492              0    -0.00404849    -0.00404905       0.776899       0.438078              0       0.684925       0.682921        1.06969        1.06969        1.06969        1.08318        1.04947       0.947118       0.997486       0.999739        1.01996
        49.1013             -1             -1             -1             -1    -0.00404564    -0.00404576              0    -0.00405135     -0.0040525       0.776888       0.438069              0       0.684925       0.682921        1.06901        1.06901        1.06901        1.08248         1.0494       0.947028       0.997241        0.99938        1.01962
        49.1513             -1             -1             -1             -1    -0.00404624    -0.00404668              0    -0.00405333    -0.00405473       0.776877       0.438059              0       0.684925       0.682921        1.06881        1.06881        1.06881        1.08229        1.04938       0.946994       0.997153       0.999304        1.01957
        49.2013             -1             -1             -1             -1    -0.00404699    -0.00404774              0    -0.00405426    -0.00405523       0.776867        0.43805              0       0.684925       0.682921        1.06954        1.06954        1.06954        1.08303        1.04945       0.947077       0.997382       0.999734           1.02
        49.2513             -1             -1             -1             -1    -0.00404826    -0.00404909              0    -0.00405455    -0.00405483       0.776857        0.43804              0       0.684925       0.682921        1.07057        1.07057        1.07057        1.08409        1.04956       0.947213       0.997739        1.00031        1.02056
        49.3013             -1             -1             -1             -1    -0.00405014    -0.00405051              0    -0.00405581     -0.0040556       0.776846       0.438029              0       0.684925       0.682921        1.07078        1.07078        1.07078         1.0843        1.04958       0.947253       0.997836        1.00041        1.02064
        49.3513             -1             -1             -1             -1    -0.00405242    -0.00405244              0    -0.00405849    -0.00405827       0.776836       0.438018              0       0.684925       0.682921        1.07002        1.07002        1.07002        1.08352         1.0495       0.947166       0.997593       0.999969        1.02019
        49.4013             -1             -1             -1             -1    -0.00405497    -0.00405476              0    -0.00406151    -0.00406143       0.776825       0.438007              0       0.684925       0.682921        1.06906        1.06906        1.06906        1.08254        1.04941       0.947045       0.997263       0.999433        1.01968
        49.4514             -1             -1             -1             -1    -0.00405712    -0.00405675              0    -0.00406363    -0.00406333       0.776813       0.437996              0       0.684925       0.682921        1.06883        1.06883        1.06883        1.08231        1.04938       0.947007       0.997167       0.999314        1.01958
        49.5014             -1             -1             -1             -1    -0.00405906     -0.0040585              0    -0.00406452    -0.00406365       0.776801       0.437985              0       0.684925       0.682921        1.06941        1.06941        1.06941        1.08289        1.04945       0.947077       0.997359       0.999621        1.01989
        49.5514             -1             -1             -1             -1    -0.00406048    -0.00405965              0    -0.00406411    -0.00406268       0.776789       0.437973              0       0.684925       0.682921        1.07027        1.07027        1.07027        1.08378        1.04954       0.947201       0.997684        1.00009        1.02032
        49.6014             -1             -1             -1             -1    -0.00406199    -0.00406106              0    -0.00406396    -0.00406239       0.776777       0.437961              0       0.684925       0.682921        1.07072        1.07072        1.07072        1.08424        1.04958        0.94726        0.99784        1.00037        1.02058
        49.6514             -1             -1             -1             -1    -0.00406416    -0.00406355              0    -0.00406695    -0.00406664       0.776766        0.43795              0       0.684925       0.682921        1.06941        1.06942        1.06942         1.0829        1.04945       0.947098       0.997399       0.999609        1.01984
        49.7014             -1             -1             -1             -1    -0.00406594    -0.00406586              0    -0.00406961    -0.00407047       0.776754       0.437938              0       0.684925       0.682921        1.06842        1.06842        1.06842        1.08188        1.04935       0.946976       0.997067       0.999038        1.01928
        49.7514             -1             -1             -1             -1    -0.00406729    -0.00406781              0    -0.00406869     -0.0040693       0.776741       0.437927              0       0.684925       0.682921        1.06941        1.06941        1.06941         1.0829        1.04944       0.947079       0.997359       0.999659        1.01993
        49.8014             -1             -1             -1             -1    -0.00406937    -0.00407012              0    -0.00407034    -0.00407132       0.776728       0.437916              0       0.684925       0.682921        1.06973        1.06974        1.06974        1.08323        1.04948       0.947123       0.997479       0.999793        1.02006
        49.8514             -1             -1             -1             -1    -0.00407094    -0.00407176              0    -0.00406854    -0.00406862       0.776718       0.437905              0       0.684925       0.682921        1.07085        1.07085        1.07085        1.08437        1.04959       0.947267       0.997864        1.00045        1.02068
        49.9015             -1             -1             -1             -1    -0.00407383    -0.00407459              0    -0.00407265    -0.00407358       0.776707       0.437894              0       0.684925       0.682921        1.06959        1.06959        1.06959        1.08308        1.04946       0.947126       0.997474       0.999673        1.01989
        49.9515             -1             -1             -1             -1    -0.00407637    -0.00407713              0    -0.00407375    -0.00407434       0.776695       0.437883              0       0.684925       0.682921         1.0691        1.06911        1.06911        1.08258        1.04941       0.947057       0.997291       0.999433        1.01968
        50.0015             -1             -1             -1             -1    -0.00407878    -0.00407906              0    -0.00407369    -0.00407356       0.776683       0.437872              0       0.684925       0.682921        1.06934        1.06934        1.06934        1.08282        1.04943       0.947076       0.997352       0.999621        1.01985
        50.0515             -1             -1             -1             -1    -0.00408192    -0.00408176              0    -0.00407802    -0.00407822       0.776671       0.437862              0       0.684925       0.682921        1.06909        1.06909        1.06909        1.08257        1.04941       0.947039       0.997262       0.999429        1.01968
        50.1015             -1             -1             -1             -1      -0.004084    -0.00408349              0    -0.00407708    -0.00407626        0.77666       0.437852              0       0.684925       0.682921        1.07031        1.07031        1.07031        1.08382        1.04954       0.947189       0.997669        1.00012        1.02039
        50.1515             -1             -1             -1             -1    -0.00408562    -0.00408475              0    -0.00407651    -0.00407533       0.776648       0.437842              0       0.684925       0.682921        1.07054        1.07054        1.07054        1.08405        1.04956       0.947228       0.997772        1.00025        1.02048
        50.2015             -1             -1             -1             -1    -0.00408754    -0.00408648              0    -0.00407803    -0.00407716       0.776635       0.437832              0       0.684925       0.682921        1.06962        1.06962        1.06962        1.08311        1.04946       0.947114       0.997467       0.999722        1.01995
        50.2515             -1             -1             -1             -1    -0.00408846     -0.0040877              0     -0.0040772    -0.00407592       0.776624       0.437823              0       0.684925       0.682921        1.06931        1.06931        1.06931        1.08279        1.04943       0.947062       0.997334       0.999594        1.01982
        50.3015             -1             -1             -1             -1    -0.00408901    -0.00408855              0    -0.00407959    -0.00407861       0.776614       0.437815              0       0.684925       0.682921        1.06923        1.06923        1.06923        1.08271        1.04942       0.947052       0.997315       0.999553        1.01973
        50.3516             -1             -1             -1             -1    -0.00408979    -0.00408996              0    -0.00408443    -0.00408401       0.776605       0.437807              0       0.684925       0.682921        1.06958        1.06958        1.06958        1.08307        1.04945       0.947089       0.997421       0.999707        1.01992
        50.4016             -1             -1             -1             -1     -0.0040903    -0.00409112              0    -0.00408767     -0.0040881       0.776596         0.4378              0       0.684925       0.682921        1.07023        1.07023        1.07024        1.08374        1.04953        0.94718       0.997662        1.00004        1.02028
        50.4516             -1             -1             -1             -1    -0.00409152    -0.00409249              0    -0.00409379    -0.00409666       0.776588       0.437793              0       0.684925       0.682921          1.071          1.071          1.071        1.08452         1.0496       0.947277       0.997915        1.00056        1.02075
        50.5016             -1             -1             -1             -1    -0.00409214    -0.00409246              0     -0.0040926    -0.00409341       0.776579       0.437786              0       0.684925       0.682921         1.0693         1.0693         1.0693        1.08278        1.04941       0.947056       0.997337       0.999562        1.01975
        50.5516             -1             -1             -1             -1    -0.00409339    -0.00409341              0    -0.00409336    -0.00409226        0.77657       0.437779              0       0.684925       0.682921        1.06864        1.06864        1.06864        1.08211        1.04935       0.946969       0.997108       0.999164        1.01939
        50.6016             -1             -1             -1             -1    -0.00409456    -0.00409433              0    -0.00409443    -0.00409266       0.776563       0.437772              0       0.684925       0.682921        1.06921        1.06921        1.06921         1.0827        1.04941       0.947031        0.99728       0.999502        1.01975
        50.6516             -1             -1             -1             -1    -0.00409566    -0.00409525              0    -0.00409544    -0.00409398       0.776555       0.437765              0       0.684925       0.682921        1.07015        1.07015        1.07015        1.08365        1.04951       0.947157       0.997613              1        1.02025
        50.7016             -1             -1             -1             -1    -0.00409692    -0.00409592              0    -0.00409732    -0.00409695       0.776547       0.437758              0       0.684925       0.682921        1.07103        1.07103        1.07103        1.08455         1.0496       0.947265       0.997905        1.00057        1.02076
        50.7516             -1             -1             -1             -1    -0.00409723     -0.0040969              0    -0.00409542    -0.00409374       0.776539       0.437751              0       0.684925       0.682921        1.06968        1.06968        1.06968        1.08317        1.04946       0.947107       0.997478       0.999727        1.01992
        50.8016             -1             -1             -1             -1    -0.00409792    -0.00409894              0    -0.00409753    -0.00409677       0.776531       0.437744              0       0.684925       0.682921        1.06897        1.06898        1.06898        1.08245        1.04939       0.947021       0.997236       0.999335        1.01956
        50.8517             -1             -1             -1             -1    -0.00409852    -0.00410078              0    -0.00409933    -0.00410016       0.776524       0.437737              0       0.684925       0.682921        1.06871        1.06871        1.06871        1.08218        1.04936       0.946984       0.997134       0.999191        1.01945
        50.9017             -1             -1             -1             -1    -0.00409888    -0.00410191              0    -0.00410048    -0.00410291       0.776516        0.43773              0       0.684925       0.682921        1.07015        1.07015        1.07015        1.08365        1.04951       0.947146       0.997581         1.0001        1.02033
        50.9517             -1             -1             -1             -1    -0.00409846    -0.00410201              0    -0.00409633    -0.00409715       0.776509       0.437723              0       0.684925       0.682921        1.07023        1.07023        1.07023        1.08374        1.04951       0.947164       0.997636        1.00006        1.02029
        51.0017             -1             -1             -1             -1    -0.00409918    -0.00410264              0    -0.00409715     -0.0040986       0.776502       0.437716              0       0.684925       0.682921        1.07031        1.07031        1.07032        1.08382        1.04953       0.947188       0.997688        1.00008        1.02031
        51.0517             -1             -1             -1             -1    -0.00410079    -0.00410341              0     -0.0041002    -0.00410346       0.776495       0.437709              0       0.684925       0.682921        1.06957        1.06957        1.06957        1.08306        1.04945       0.947104       0.997452        0.99966        1.01989
        51.1017             -1             -1             -1             -1    -0.00410253    -0.00410329              0    -0.00410177    -0.00410558       0.776488       0.437702              0       0.684925       0.682921        1.06906        1.06906        1.06906        1.08254        1.04939       0.947018       0.997236       0.999446        1.01967
        51.1517             -1             -1             -1             -1    -0.00410351    -0.00410295              0    -0.00410002    -0.00410183       0.776481       0.437695              0       0.684925       0.682921        1.06882        1.06882        1.06883         1.0823        1.04937       0.946983       0.997152       0.999266        1.01953
        51.2017             -1             -1             -1             -1     -0.0041044    -0.00410266              0    -0.00410032    -0.00410115       0.776473       0.437689              0       0.684925       0.682921         1.0699         1.0699         1.0699         1.0834        1.04948       0.947116       0.997511       0.999874        1.02014
        51.2517             -1             -1             -1             -1    -0.00410549    -0.00410256              0    -0.00410307    -0.00410382       0.776466       0.437683              0       0.684925       0.682921        1.07105        1.07105        1.07105        1.08458         1.0496        0.94727       0.997917        1.00055        1.02077
        51.3018             -1             -1             -1             -1    -0.00410599    -0.00410169              0    -0.00410191    -0.00410041       0.776458       0.437677              0       0.684925       0.682921        1.06995        1.06995        1.06995        1.08345        1.04949       0.947133       0.997555       0.999898        1.02009
        51.3518             -1             -1             -1             -1    -0.00410714    -0.00410238              0    -0.00410385    -0.00410154       0.776451       0.437671              0       0.684925       0.682921        1.06908        1.06908        1.06908        1.08257         1.0494       0.947031       0.997271       0.999389        1.01961
        51.4018             -1             -1             -1             -1    -0.00410797    -0.00410336              0    -0.00410645    -0.00410477       0.776443       0.437665              0       0.684925       0.682921        1.06867        1.06867        1.06867        1.08214        1.04936       0.946976       0.997119       0.999172        1.01942
        51.4518             -1             -1             -1             -1    -0.00410786    -0.00410391              0    -0.00410779    -0.00410647       0.776436       0.437659              0       0.684925       0.682921        1.06978        1.06979        1.06979        1.08328        1.04947       0.947097       0.997456       0.999888        1.02012
        51.5018             -1             -1             -1             -1    -0.00410646    -0.00410419              0    -0.00410451    -0.00410114       0.776428       0.437652              0       0.684925       0.682921        1.07007        1.07007        1.07007        1.08357        1.04951       0.947142       0.997577       0.999966         1.0202
        51.5518             -1             -1             -1             -1    -0.00410587    -0.00410553              0    -0.00410569    -0.00410284       0.776421       0.437645              0       0.684925       0.682921        1.07037        1.07037        1.07037        1.08388        1.04953       0.947193       0.997702        1.00012        1.02034
        51.6018             -1             -1             -1             -1    -0.00410649    -0.00410763              0    -0.00410976     -0.0041091       0.776414       0.437637              0       0.684925       0.682921        1.07024        1.07024        1.07025        1.08375        1.04952       0.947188        0.99767        1.00009        1.02029
        51.6518             -1             -1             -1             -1    -0.00410669    -0.00410847              0     -0.0041087    -0.00410759       0.776408       0.437628              0       0.684925       0.682921        1.06873        1.06873        1.06873         1.0822        1.04936       0.946987        0.99714       0.999223        1.01944
        51.7018             -1             -1             -1             -1    -0.00410743    -0.00410988              0    -0.00410922     -0.0041085       0.776402        0.43762              0       0.684925       0.682921        1.06882        1.06882        1.06882         1.0823        1.04937       0.946994       0.997156       0.999276        1.01953
        51.7519             -1             -1             -1             -1    -0.00410806    -0.00411099              0     -0.0041098    -0.00411025       0.776396       0.437612              0       0.684925       0.682921        1.06981        1.06982        1.06982        1.08332        1.04948       0.947119        0.99749       0.999844         1.0201
        51.8019             -1             -1             -1             -1    -0.00410827    -0.00411112              0    -0.00410866    -0.00410946        0.77639       0.437603              0       0.684925       0.682921        1.07068        1.07068        1.07068         1.0842        1.04956       0.947222       0.997773        1.00037        1.02058
        51.8519             -1             -1             -1             -1    -0.00410862    -0.00411149              0     -0.0041072    -0.00410752       0.776384       0.437595              0       0.684925       0.682921        1.07006        1.07006        1.07006        1.08356         1.0495       0.947163       0.997604       0.999937        1.02015
        51.9019             -1             -1             -1             -1    -0.00410969    -0.00411204              0    -0.00410946    -0.00411138       0.776378       0.437586              0       0.684925       0.682921        1.06923        1.06923        1.06923        1.08271        1.04942       0.947063       0.997329       0.999469         1.0197
        51.9519             -1             -1             -1             -1    -0.00411097    -0.00411193              0    -0.00411268    -0.00411638       0.776372       0.437577              0       0.684925       0.682921        1.06929        1.06929         1.0693        1.08278        1.04942       0.947054       0.997315       0.999598        1.01983
        52.0019             -1             -1             -1             -1    -0.00411138     -0.0041107              0    -0.00410974    -0.00411149       0.776363        0.43757              0       0.684925       0.682921        1.06889        1.06889        1.06889        1.08237        1.04938       0.946993       0.997171       0.999316        1.01958
        52.0519             -1             -1             -1             -1     -0.0041123    -0.00411042              0    -0.00410984    -0.00411094       0.776355       0.437562              0       0.684925       0.682921        1.07005        1.07005        1.07005        1.08356         1.0495       0.947141       0.997568       0.999966        1.02023
        52.1019             -1             -1             -1             -1    -0.00411311    -0.00411077              0    -0.00411239    -0.00411391       0.776348       0.437554              0       0.684925       0.682921        1.07102        1.07103        1.07103        1.08455        1.04961       0.947277       0.997919        1.00054        1.02076
        52.1519             -1             -1             -1             -1    -0.00411294    -0.00411082              0    -0.00411119    -0.00411108        0.77634       0.437547              0       0.684925       0.682921        1.06975        1.06975        1.06975        1.08325        1.04948       0.947122       0.997501       0.999785        1.01999
        52.2019             -1             -1             -1             -1    -0.00411301    -0.00411218              0    -0.00411347    -0.00411319       0.776333        0.43754              0       0.684925       0.682921        1.06899        1.06899        1.06899        1.08247         1.0494       0.947033       0.997249        0.99935        1.01958
         52.252             -1             -1             -1             -1     -0.0041129    -0.00411322              0    -0.00411656    -0.00411706       0.776325       0.437533              0       0.684925       0.682921        1.06896        1.06896        1.06897        1.08245         1.0494       0.947024       0.997225       0.999368        1.01962
         52.302             -1             -1             -1             -1    -0.00411185    -0.00411288              0    -0.00411531     -0.0041147       0.776317       0.437525              0       0.684925       0.682921        1.06955        1.06955        1.06955        1.08305        1.04945       0.947077       0.997388       0.999738        1.01998
         52.352             -1             -1             -1             -1    -0.00411107    -0.00411288              0    -0.00411364    -0.00411156       0.776309       0.437517              0       0.684925       0.682921        1.07028        1.07028        1.07028        1.08379        1.04953        0.94718       0.997661        1.00009        1.02033
         52.402             -1             -1             -1             -1    -0.00411158    -0.00411335              0    -0.00411524    -0.00411368         0.7763       0.437509              0       0.684925       0.682921        1.07033        1.07033        1.07033        1.08384        1.04954       0.947203       0.997707         1.0001        1.02033
         52.452             -1             -1             -1             -1    -0.00411234    -0.00411378              0    -0.00411736    -0.00411654       0.776292       0.437501              0       0.684925       0.682921        1.06987        1.06987        1.06987        1.08336        1.04948       0.947139       0.997535       0.999899         1.0201
         52.502             -1             -1             -1             -1    -0.00411287    -0.00411452              0    -0.00411661    -0.00411492       0.776284       0.437493              0       0.684925       0.682921        1.06862        1.06862        1.06862        1.08209        1.04936       0.946984       0.997118       0.999143        1.01938
         52.552             -1             -1             -1             -1    -0.00411383    -0.00411566              0    -0.00411772    -0.00411664       0.776275       0.437485              0       0.684925       0.682921        1.06884        1.06884        1.06884        1.08232        1.04938       0.947004       0.997173       0.999285        1.01955
         52.602             -1             -1             -1             -1    -0.00411475    -0.00411641              0    -0.00411839    -0.00411818       0.776267       0.437477              0       0.684925       0.682921        1.07042        1.07042        1.07042        1.08393        1.04954       0.947191       0.997682        1.00025        1.02048
         52.652             -1             -1             -1             -1    -0.00411513    -0.00411628              0    -0.00411439    -0.00411275       0.776259       0.437469              0       0.684925       0.682921        1.07026        1.07026        1.07026        1.08377        1.04953       0.947184       0.997662        1.00007         1.0203
        52.7021             -1             -1             -1             -1    -0.00411667      -0.004117              0    -0.00411553    -0.00411498       0.776251       0.437461              0       0.684925       0.682921        1.07003        1.07003        1.07003        1.08353        1.04951       0.947167       0.997604       0.999925        1.02015
        52.7521             -1             -1             -1             -1    -0.00411839    -0.00411789              0    -0.00411912    -0.00412085       0.776243       0.437452              0       0.684925       0.682921         1.0698         1.0698         1.0698         1.0833        1.04948       0.947137       0.997519       0.999863        1.02007
        52.8021             -1             -1             -1             -1    -0.00411897    -0.00411776              0    -0.00411689    -0.00411767       0.776236       0.437444              0       0.684925       0.682921         1.0685         1.0685         1.0685        1.08197        1.04935       0.946962       0.997064       0.999092        1.01933
        52.8521             -1             -1             -1             -1    -0.00411977    -0.00411826              0    -0.00411705    -0.00411783       0.776228       0.437436              0       0.684925       0.682921        1.06921        1.06922        1.06922         1.0827        1.04942       0.947044       0.997293       0.999505        1.01977
        52.9021             -1             -1             -1             -1    -0.00412068    -0.00411865              0    -0.00411831    -0.00411986        0.77622       0.437428              0       0.684925       0.682921        1.07071        1.07071        1.07071        1.08423        1.04958       0.947235       0.997802        1.00038        1.02062
        52.9521             -1             -1             -1             -1    -0.00412087    -0.00411812              0    -0.00411561    -0.00411567       0.776211       0.437421              0       0.684925       0.682921         1.0703        1.07031        1.07031        1.08381        1.04953       0.947187        0.99768        1.00011        1.02032
        53.0021             -1             -1             -1             -1    -0.00412151    -0.00411902              0    -0.00411706    -0.00411705       0.776202       0.437413              0       0.684925       0.682921        1.06974        1.06974        1.06974        1.08324        1.04948       0.947129       0.997512       0.999766        1.01999
        53.0521             -1             -1             -1             -1    -0.00412186    -0.00412054              0     -0.0041208    -0.00412215       0.776193       0.437406              0       0.684925       0.682921        1.06923        1.06923        1.06923        1.08272        1.04943       0.947066       0.997336       0.999511        1.01974
        53.1021             -1             -1             -1             -1    -0.00412092    -0.00412119              0    -0.00411994    -0.00412037       0.776185       0.437398              0       0.684925       0.682921        1.06876        1.06876        1.06876        1.08223        1.04937       0.946985       0.997138       0.999275        1.01952
        53.1521             -1             -1             -1             -1    -0.00412034    -0.00412228              0    -0.00411898    -0.00411841       0.776177        0.43739              0       0.684925       0.682921        1.06958        1.06958        1.06958        1.08308        1.04945       0.947089       0.997417       0.999715        1.01998
        53.2022             -1             -1             -1             -1    -0.00412049    -0.00412302              0     -0.0041199    -0.00411971       0.776169       0.437382              0       0.684925       0.682921        1.07056        1.07056        1.07056        1.08408        1.04956       0.947222       0.997766        1.00026         1.0205
        53.2522             -1             -1             -1             -1    -0.00412086    -0.00412289              0    -0.00411984     -0.0041193       0.776162       0.437373              0       0.684925       0.682921        1.07037        1.07037        1.07037        1.08388        1.04953       0.947195       0.997699        1.00017        1.02037
        53.3022             -1             -1             -1             -1    -0.00412162    -0.00412346              0    -0.00412049    -0.00411953       0.776154       0.437365              0       0.684925       0.682921        1.06931        1.06931        1.06932         1.0828        1.04943       0.947073       0.997363       0.999526        1.01975
        53.3522             -1             -1             -1             -1    -0.00412256    -0.00412427              0    -0.00412337    -0.00412353       0.776147       0.437357              0       0.684925       0.682921        1.06874        1.06874        1.06875        1.08222        1.04937       0.946997        0.99716       0.999224        1.01947
        53.4022             -1             -1             -1             -1     -0.0041229     -0.0041242              0    -0.00412379    -0.00412412       0.776139        0.43735              0       0.684925       0.682921        1.06928        1.06929        1.06929        1.08277        1.04942       0.947041       0.997297       0.999604        1.01985
        53.4522             -1             -1             -1             -1     -0.0041227    -0.00412399              0    -0.00412108    -0.00411995       0.776132       0.437343              0       0.684925       0.682921        1.06986        1.06987        1.06987        1.08337        1.04948       0.947119       0.997511       0.999868        1.02012
        53.5022             -1             -1             -1             -1    -0.00412297    -0.00412417              0    -0.00412166    -0.00412113       0.776124       0.437335              0       0.684925       0.682921        1.07042        1.07042        1.07042        1.08393        1.04954       0.947203       0.997724        1.00016         1.0204
        53.5522             -1             -1             -1             -1    -0.00412343    -0.00412433              0    -0.00412347    -0.00412397       0.776117       0.437328              0       0.684925       0.682921        1.07037        1.07037        1.07037        1.08388        1.04953       0.947194         0.9977        1.00019        1.02038
        53.6022             -1             -1             -1             -1     -0.0041236    -0.00412467              0    -0.00412275    -0.00412243       0.776109       0.437321              0       0.684925       0.682921        1.06889        1.06889        1.06889        1.08237        1.04938       0.947015       0.997216        0.99929        1.01952
        53.6523             -1             -1             -1             -1    -0.00412419     -0.0041256              0    -0.00412467    -0.00412532       0.776102       0.437314              0       0.684925       0.682921        1.06862        1.06863        1.06863         1.0821        1.04936       0.946975       0.997109       0.999161        1.01942
        53.7023             -1             -1             -1             -1     -0.0041246    -0.00412603              0    -0.00412584    -0.00412739       0.776094       0.437307              0       0.684925       0.682921        1.06989        1.06989        1.06989        1.08339        1.04948       0.947117       0.997499       0.999958         1.0202
        53.7523             -1             -1             -1             -1    -0.00412427    -0.00412563              0    -0.00412217    -0.00412185       0.776087         0.4373              0       0.684925       0.682921        1.07009        1.07009        1.07009         1.0836        1.04951        0.94715       0.997593       0.999989        1.02023
        53.8023             -1             -1             -1             -1     -0.0041248    -0.00412603              0     -0.0041232     -0.0041233       0.776079       0.437293              0       0.684925       0.682921         1.0703         1.0703         1.0703        1.08381        1.04953       0.947192       0.997689        1.00009        1.02031
        53.8523             -1             -1             -1             -1    -0.00412593    -0.00412609              0    -0.00412675    -0.00412841        0.77607       0.437286              0       0.684925       0.682921         1.0702         1.0702        1.07021        1.08371        1.04952        0.94718       0.997651         1.0001        1.02029
        53.9023             -1             -1             -1             -1    -0.00412621    -0.00412526              0     -0.0041255    -0.00412593       0.776062       0.437279              0       0.684925       0.682921         1.0686         1.0686        1.06861        1.08207        1.04935       0.946975       0.997111       0.999141        1.01937
        53.9523             -1             -1             -1             -1    -0.00412659    -0.00412542              0    -0.00412705    -0.00412765       0.776053       0.437272              0       0.684925       0.682921        1.06879        1.06879        1.06879        1.08227        1.04938        0.94699       0.997154       0.999262        1.01953
        54.0023             -1             -1             -1             -1    -0.00412638    -0.00412561              0    -0.00412883    -0.00413003       0.776044       0.437265              0       0.684925       0.682921        1.07038        1.07038        1.07038         1.0839        1.04954       0.947182       0.997673        1.00023        1.02047
        54.0523             -1             -1             -1             -1    -0.00412521     -0.0041252              0    -0.00412538    -0.00412436       0.776036       0.437258              0       0.684925       0.682921        1.07024        1.07024        1.07024        1.08375        1.04953       0.947175       0.997654        1.00007         1.0203
        54.1024             -1             -1             -1             -1    -0.00412547     -0.0041261              0    -0.00412685    -0.00412604       0.776029        0.43725              0       0.684925       0.682921        1.07011        1.07011        1.07011        1.08361        1.04951       0.947174       0.997634       0.999979         1.0202
        54.1524             -1             -1             -1             -1    -0.00412658    -0.00412709              0    -0.00413079    -0.00413172       0.776021       0.437243              0       0.684925       0.682921        1.06987        1.06987        1.06988        1.08337        1.04949       0.947147       0.997551       0.999907        1.02011
        54.2024             -1             -1             -1             -1    -0.00412656    -0.00412701              0    -0.00412902    -0.00412866       0.776014       0.437236              0       0.684925       0.682921         1.0685         1.0685         1.0685        1.08197        1.04935       0.946964       0.997072         0.9991        1.01934
        54.2524             -1             -1             -1             -1    -0.00412668    -0.00412751              0    -0.00412932    -0.00412881       0.776006       0.437229              0       0.684925       0.682921        1.06911        1.06911        1.06911         1.0826        1.04941       0.947033       0.997262       0.999451        1.01972
        54.3024             -1             -1             -1             -1    -0.00412678     -0.0041278              0    -0.00413044    -0.00413072       0.775999       0.437222              0       0.684925       0.682921         1.0707         1.0707         1.0707        1.08422        1.04957       0.947233       0.997797        1.00039        1.02062
        54.3524             -1             -1             -1             -1     -0.0041261     -0.0041271              0    -0.00412703    -0.00412574       0.775991       0.437215              0       0.684925       0.682921        1.07028        1.07028        1.07028        1.08379        1.04953       0.947186       0.997675        1.00009        1.02031
        54.4024             -1             -1             -1             -1     -0.0041263    -0.00412775              0    -0.00412824    -0.00412738       0.775984       0.437208              0       0.684925       0.682921        1.06982        1.06982        1.06982        1.08332        1.04948        0.94714       0.997541       0.999812        1.02003
        54.4524             -1             -1             -1             -1    -0.00412706     -0.0041289              0    -0.00413191    -0.00413287       0.775976         0.4372              0       0.684925       0.682921        1.06948        1.06949        1.06949        1.08297        1.04945       0.947099        0.99742       0.999674        1.01989
        54.5024             -1             -1             -1             -1    -0.00412698    -0.00412902              0     -0.0041299    -0.00412984       0.775969       0.437193              0       0.684925       0.682921        1.06859        1.06859        1.06859        1.08206        1.04935        0.94697       0.997091       0.999164        1.01941
        54.5524             -1             -1             -1             -1    -0.00412727    -0.00412984              0     -0.0041294    -0.00412901       0.775961       0.437186              0       0.684925       0.682921         1.0695         1.0695         1.0695        1.08299        1.04945       0.947081       0.997391       0.999668        1.01993
        54.6025             -1             -1             -1             -1    -0.00412802    -0.00413078              0    -0.00413056    -0.00413102       0.775954       0.437179              0       0.684925       0.682921        1.07083        1.07083        1.07083        1.08436        1.04959       0.947257       0.997856        1.00044        1.02067
        54.6525             -1             -1             -1             -1    -0.00412858    -0.00413075              0    -0.00412831    -0.00412753       0.775947       0.437171              0       0.684925       0.682921        1.07019        1.07019        1.07019         1.0837        1.04952       0.947179       0.997652        1.00005        1.02025
        54.7025             -1             -1             -1             -1     -0.0041302     -0.0041317              0    -0.00412974    -0.00412897        0.77594       0.437163              0       0.684925       0.682921        1.06947        1.06947        1.06947        1.08296        1.04944       0.947097       0.997422       0.999615        1.01984
        54.7525             -1             -1             -1             -1    -0.00413234    -0.00413261              0    -0.00413325    -0.00413392       0.775934       0.437155              0       0.684925       0.682921        1.06916        1.06916        1.06916        1.08264        1.04941       0.947055       0.997305       0.999484        1.01971
        54.8025             -1             -1             -1             -1     -0.0041331    -0.00413208              0    -0.00413134    -0.00413108       0.775927       0.437147              0       0.684925       0.682921        1.06886        1.06886        1.06887        1.08234        1.04938       0.946996       0.997171       0.999334        1.01958
        54.8525             -1             -1             -1             -1    -0.00413359    -0.00413185              0    -0.00413013    -0.00412915       0.775918        0.43714              0       0.684925       0.682921        1.06988        1.06988        1.06988        1.08339        1.04949       0.947126       0.997522       0.999884        1.02014
        54.9025             -1             -1             -1             -1    -0.00413417     -0.0041317              0    -0.00413135    -0.00413136        0.77591       0.437133              0       0.684925       0.682921        1.07081        1.07081        1.07081        1.08433        1.04959       0.947254       0.997858        1.00041        1.02063
        54.9525             -1             -1             -1             -1    -0.00413436    -0.00413088              0    -0.00413023    -0.00412989       0.775902       0.437126              0       0.684925       0.682921        1.07001        1.07001        1.07001        1.08351         1.0495       0.947152       0.997589       0.999948        1.02015
        55.0025             -1             -1             -1             -1      -0.004135    -0.00413127              0    -0.00413148    -0.00413147       0.775894        0.43712              0       0.684925       0.682921        1.06912        1.06912        1.06912         1.0826        1.04941       0.947046       0.997301       0.999423        1.01965
        55.0526             -1             -1             -1             -1    -0.00413595    -0.00413207              0    -0.00413441    -0.00413591       0.775886       0.437113              0       0.684925       0.682921        1.06898        1.06898        1.06898        1.08246         1.0494       0.947024       0.997237       0.999379        1.01962
        55.1026             -1             -1             -1             -1    -0.00413573    -0.00413162              0    -0.00413266    -0.00413334       0.775878       0.437106              0       0.684925       0.682921        1.06927        1.06927        1.06927        1.08276        1.04942        0.94704       0.997299       0.999575        1.01982
        55.1526             -1             -1             -1             -1    -0.00413533    -0.00413166              0    -0.00413116    -0.00413094        0.77587         0.4371              0       0.684925       0.682921        1.07019        1.07019        1.07019         1.0837        1.04952       0.947164        0.99763        1.00005         1.0203
        55.2026             -1             -1             -1             -1    -0.00413547    -0.00413215              0    -0.00413273    -0.00413336       0.775862       0.437094              0       0.684925       0.682921        1.07065        1.07065        1.07065        1.08416        1.04957       0.947237       0.997811         1.0003        1.02052
        55.2526             -1             -1             -1             -1    -0.00413515    -0.00413221              0    -0.00413276    -0.00413314       0.775856       0.437087              0       0.684925       0.682921        1.06974        1.06974        1.06975        1.08324        1.04947        0.94712       0.997499       0.999807        1.02001
        55.3026             -1             -1             -1             -1    -0.00413515    -0.00413323              0    -0.00413365    -0.00413367        0.77585       0.437081              0       0.684925       0.682921        1.06883        1.06883        1.06883         1.0823        1.04938       0.947009       0.997194       0.999266         1.0195
        55.3526             -1             -1             -1             -1     -0.0041355    -0.00413443              0    -0.00413583    -0.00413671       0.775844       0.437074              0       0.684925       0.682921        1.06898        1.06898        1.06898        1.08247        1.04939       0.947023       0.997231       0.999383        1.01964
        55.4026             -1             -1             -1             -1    -0.00413528    -0.00413457              0    -0.00413415    -0.00413395       0.775838       0.437067              0       0.684925       0.682921        1.06972        1.06972        1.06972        1.08322        1.04946       0.947097       0.997447       0.999834        1.02008
        55.4526             -1             -1             -1             -1    -0.00413526    -0.00413532              0    -0.00413255    -0.00413095       0.775831        0.43706              0       0.684925       0.682921        1.07037        1.07037        1.07038        1.08389        1.04954       0.947194       0.997698        1.00014        1.02038
        55.5027             -1             -1             -1             -1    -0.00413587    -0.00413655              0    -0.00413472    -0.00413375       0.775824       0.437053              0       0.684925       0.682921        1.07039        1.07039        1.07039         1.0839        1.04954       0.947212       0.997729        1.00014        1.02036
        55.5527             -1             -1             -1             -1    -0.00413568    -0.00413671              0    -0.00413555    -0.00413458       0.775818       0.437045              0       0.684925       0.682921        1.06944        1.06944        1.06944        1.08293        1.04944       0.947084       0.997393       0.999646        1.01985
        55.6027             -1             -1             -1             -1    -0.00413558    -0.00413702              0      -0.004136    -0.00413477       0.775811       0.437038              0       0.684925       0.682921        1.06866        1.06866        1.06866        1.08213        1.04936       0.946984       0.997126       0.999177        1.01942
        55.6527             -1             -1             -1             -1    -0.00413604    -0.00413704              0    -0.00413766    -0.00413747       0.775805       0.437031              0       0.684925       0.682921        1.06917        1.06917        1.06917        1.08266        1.04941       0.947041       0.997286       0.999491        1.01975
        55.7027             -1             -1             -1             -1     -0.0041358    -0.00413583              0    -0.00413612    -0.00413569       0.775798       0.437024              0       0.684925       0.682921        1.07016        1.07016        1.07016        1.08367        1.04951        0.94715       0.997596        1.00008        1.02032
        55.7527             -1             -1             -1             -1    -0.00413552    -0.00413524              0    -0.00413451    -0.00413347       0.775791       0.437017              0       0.684925       0.682921         1.0704        1.07041        1.07041        1.08392        1.04954       0.947198       0.997719        1.00015        1.02038
        55.8027             -1             -1             -1             -1    -0.00413601    -0.00413576              0    -0.00413688    -0.00413738       0.775785       0.437011              0       0.684925       0.682921        1.07002        1.07002        1.07002        1.08353        1.04951       0.947164       0.997614       0.999932        1.02015
        55.8527             -1             -1             -1             -1    -0.00413616    -0.00413587              0    -0.00413806    -0.00413928       0.775778       0.437005              0       0.684925       0.682921         1.0692         1.0692         1.0692        1.08268        1.04941       0.947048       0.997307       0.999521        1.01973
        55.9027             -1             -1             -1             -1    -0.00413619    -0.00413647              0    -0.00413762    -0.00413826       0.775771       0.436999              0       0.684925       0.682921        1.06863        1.06864        1.06864        1.08211        1.04936       0.946975       0.997113       0.999171        1.01942
        55.9527             -1             -1             -1             -1    -0.00413649    -0.00413717              0    -0.00413844    -0.00413954       0.775765       0.436993              0       0.684925       0.682921        1.06947        1.06947        1.06947        1.08296        1.04945       0.947077       0.997385       0.999654        1.01992
        56.0028             -1             -1             -1             -1    -0.00413631    -0.00413685              0    -0.00413723    -0.00413785       0.775758       0.436986              0       0.684925       0.682921        1.07051        1.07051        1.07051        1.08403        1.04955       0.947199       0.997722        1.00028         1.0205
        56.0528             -1             -1             -1             -1    -0.00413617    -0.00413699              0    -0.00413588    -0.00413517       0.775751        0.43698              0       0.684925       0.682921        1.07028        1.07028        1.07028        1.08379        1.04953        0.94719       0.997685        1.00007        1.02029
        56.1028             -1             -1             -1             -1    -0.00413677    -0.00413792              0    -0.00413855    -0.00413874       0.775745       0.436974              0       0.684925       0.682921        1.06962        1.06962        1.06962        1.08312        1.04947       0.947119       0.997479         0.9997        1.01992
        56.1528             -1             -1             -1             -1     -0.0041372     -0.0041384              0    -0.00414009    -0.00414061       0.775739       0.436968              0       0.684925       0.682921        1.06903        1.06903        1.06903        1.08251         1.0494       0.947027       0.997243       0.999436        1.01965
        56.2028             -1             -1             -1             -1    -0.00413727    -0.00413897              0    -0.00413904     -0.0041383       0.775733       0.436961              0       0.684925       0.682921        1.06878        1.06878        1.06878        1.08226        1.04937       0.946992       0.997153       0.999255        1.01951
        56.2528             -1             -1             -1             -1    -0.00413752    -0.00413963              0    -0.00413962    -0.00413903       0.775726       0.436955              0       0.684925       0.682921        1.06981        1.06982        1.06982        1.08332        1.04948       0.947123       0.997502       0.999843         1.0201
        56.3028             -1             -1             -1             -1    -0.00413754    -0.00413961              0    -0.00413933    -0.00413856        0.77572       0.436948              0       0.684925       0.682921        1.07072        1.07072        1.07072        1.08424        1.04957       0.947233       0.997802         1.0004        1.02061
        56.3528             -1             -1             -1             -1    -0.00413762    -0.00414013              0    -0.00413846    -0.00413672       0.775715       0.436941              0       0.684925       0.682921        1.07002        1.07002        1.07002        1.08353         1.0495       0.947164       0.997605       0.999925        1.02014
        56.4028             -1             -1             -1             -1    -0.00413847    -0.00414117              0    -0.00414147    -0.00414087       0.775708       0.436935              0       0.684925       0.682921        1.06923        1.06923        1.06923        1.08271        1.04942       0.947072       0.997344        0.99948         1.0197
        56.4529             -1             -1             -1             -1    -0.00413921    -0.00414094              0    -0.00414313    -0.00414319       0.775703       0.436928              0       0.684925       0.682921        1.06899          1.069          1.069        1.08247        1.04939       0.947021       0.997222        0.99943        1.01965
        56.5029             -1             -1             -1             -1     -0.0041395    -0.00414026              0    -0.00414101    -0.00413969       0.775697       0.436922              0       0.684925       0.682921        1.06905        1.06905        1.06905        1.08254         1.0494       0.947023       0.997241       0.999415        1.01967
        56.5529             -1             -1             -1             -1    -0.00414015    -0.00414007              0    -0.00414087     -0.0041399       0.775691       0.436916              0       0.684925       0.682921        1.07012        1.07012        1.07012        1.08363        1.04952       0.947161       0.997612        1.00001        1.02026
        56.6029             -1             -1             -1             -1    -0.00414079     -0.0041397              0    -0.00414066     -0.0041403       0.775685        0.43691              0       0.684925       0.682921        1.07078        1.07078        1.07079         1.0843        1.04958       0.947244       0.997836        1.00043        1.02063
        56.6529             -1             -1             -1             -1    -0.00414072    -0.00413993              0     -0.0041391     -0.0041384       0.775679       0.436904              0       0.684925       0.682921        1.06968        1.06969        1.06969        1.08318        1.04947       0.947123         0.9975       0.999732        1.01994
        56.7029             -1             -1             -1             -1    -0.00414091    -0.00414104              0    -0.00414118    -0.00414204       0.775674       0.436899              0       0.684925       0.682921        1.06891        1.06891        1.06891        1.08238         1.0494       0.947028       0.997236       0.999302        1.01954
        56.7529             -1             -1             -1             -1    -0.00414072     -0.0041413              0    -0.00414205    -0.00414401       0.775668       0.436893              0       0.684925       0.682921        1.06912        1.06912        1.06912         1.0826        1.04941       0.947033       0.997261       0.999508        1.01974
        56.8029             -1             -1             -1             -1    -0.00414003    -0.00414102              0    -0.00413875    -0.00413953       0.775662       0.436887              0       0.684925       0.682921        1.06941        1.06942        1.06942        1.08291        1.04944       0.947069       0.997365       0.999615        1.01987
        56.8529             -1             -1             -1             -1    -0.00414038    -0.00414094              0    -0.00413862    -0.00413977       0.775656       0.436881              0       0.684925       0.682921        1.07034        1.07034        1.07034        1.08386        1.04954       0.947193       0.997694        1.00012        1.02037
         56.903             -1             -1             -1             -1    -0.00414125     -0.0041405              0    -0.00413972    -0.00414141        0.77565       0.436875              0       0.684925       0.682921        1.07068        1.07068        1.07068         1.0842        1.04957       0.947235       0.997806        1.00036        1.02056
         56.953             -1             -1             -1             -1    -0.00414164    -0.00414049              0    -0.00413914    -0.00413965       0.775644        0.43687              0       0.684925       0.682921        1.06931        1.06931        1.06931         1.0828        1.04943       0.947074       0.997367       0.999519        1.01974
         57.003             -1             -1             -1             -1    -0.00414233    -0.00414137              0    -0.00414198    -0.00414287       0.775639       0.436864              0       0.684925       0.682921        1.06869        1.06869         1.0687        1.08217        1.04937       0.946994       0.997149       0.999188        1.01944
         57.053             -1             -1             -1             -1    -0.00414265     -0.0041415              0    -0.00414354    -0.00414439       0.775633       0.436859              0       0.684925       0.682921        1.06938        1.06938        1.06938        1.08287        1.04943       0.947058       0.997335       0.999662         1.0199
         57.103             -1             -1             -1             -1    -0.00414217    -0.00414107              0    -0.00414061    -0.00413917       0.775627       0.436853              0       0.684925       0.682921        1.06977        1.06977        1.06978        1.08328        1.04948       0.947111       0.997484       0.999817        1.02007
         57.153             -1             -1             -1             -1    -0.00414219    -0.00414114              0    -0.00414125    -0.00413966       0.775621       0.436847              0       0.684925       0.682921        1.07041        1.07041        1.07041        1.08393        1.04955       0.947204       0.997724        1.00016        1.02039
         57.203             -1             -1             -1             -1    -0.00414249    -0.00414121              0    -0.00414319    -0.00414242       0.775615       0.436841              0       0.684925       0.682921        1.07046        1.07046        1.07046        1.08397        1.04954       0.947209       0.997735        1.00024        1.02043
         57.253             -1             -1             -1             -1    -0.00414247    -0.00414136              0    -0.00414237    -0.00414071       0.775609       0.436835              0       0.684925       0.682921        1.06895        1.06895        1.06895        1.08243        1.04939       0.947026       0.997243       0.999327        1.01955
         57.303             -1             -1             -1             -1    -0.00414291    -0.00414211              0    -0.00414414    -0.00414347       0.775604       0.436829              0       0.684925       0.682921        1.06863        1.06863        1.06863         1.0821        1.04936       0.946979       0.997116       0.999163        1.01941
         57.353             -1             -1             -1             -1    -0.00414309    -0.00414226              0    -0.00414467    -0.00414481       0.775598       0.436823              0       0.684925       0.682921        1.06975        1.06976        1.06976        1.08325        1.04947       0.947101       0.997458       0.999881        1.02012
        57.4031             -1             -1             -1             -1    -0.00414257    -0.00414187              0    -0.00414074    -0.00413927       0.775592       0.436817              0       0.684925       0.682921        1.07007        1.07007        1.07007        1.08358        1.04951       0.947149        0.99759        0.99998        1.02022
        57.4531             -1             -1             -1             -1     -0.0041428    -0.00414229              0    -0.00414108    -0.00414052       0.775586       0.436812              0       0.684925       0.682921        1.07034        1.07034        1.07034        1.08385        1.04954       0.947198       0.997706        1.00011        1.02033
        57.5031             -1             -1             -1             -1    -0.00414341    -0.00414281              0    -0.00414319    -0.00414438        0.77558       0.436806              0       0.684925       0.682921        1.07016        1.07016        1.07016        1.08367        1.04951       0.947173       0.997636        1.00007        1.02026
        57.5531             -1             -1             -1             -1    -0.00414362    -0.00414326              0    -0.00414182    -0.00414262       0.775574         0.4368              0       0.684925       0.682921        1.06868        1.06868        1.06868        1.08215        1.04936       0.946989       0.997143       0.999177        1.01941
        57.6031             -1             -1             -1             -1    -0.00414425     -0.0041442              0    -0.00414315    -0.00414496       0.775568       0.436794              0       0.684925       0.682921        1.06874        1.06874        1.06874        1.08222        1.04937        0.94699       0.997144       0.999229        1.01949
        57.6531             -1             -1             -1             -1    -0.00414469    -0.00414459              0    -0.00414382    -0.00414635        0.77556       0.436788              0       0.684925       0.682921        1.07018        1.07018        1.07018        1.08369        1.04951       0.947156       0.997601        1.00012        1.02036
        57.7031             -1             -1             -1             -1     -0.0041445    -0.00414449              0    -0.00414052    -0.00414108       0.775553       0.436781              0       0.684925       0.682921        1.07025        1.07025        1.07025        1.08376        1.04952       0.947177       0.997656        1.00007         1.0203
        57.7531             -1             -1             -1             -1    -0.00414521    -0.00414525              0    -0.00414212    -0.00414302       0.775546       0.436775              0       0.684925       0.682921        1.07013        1.07013        1.07013        1.08364        1.04952       0.947177       0.997642       0.999986        1.02021
        57.8031             -1             -1             -1             -1    -0.00414599    -0.00414565              0    -0.00414551    -0.00414737       0.775539       0.436768              0       0.684925       0.682921        1.06985        1.06985        1.06986        1.08335        1.04949       0.947138       0.997532       0.999902         1.0201
        57.8532             -1             -1             -1             -1    -0.00414536    -0.00414515              0    -0.00414438    -0.00414433       0.775532       0.436761              0       0.684925       0.682921        1.06852        1.06852        1.06852        1.08199        1.04935       0.946966       0.997081       0.999098        1.01934
        57.9032             -1             -1             -1             -1    -0.00414513    -0.00414532              0    -0.00414553    -0.00414502       0.775524       0.436756              0       0.684925       0.682921          1.069          1.069          1.069        1.08248         1.0494       0.947018       0.997224       0.999381        1.01965
        57.9532             -1             -1             -1             -1    -0.00414498    -0.00414514              0    -0.00414643    -0.00414595       0.775518        0.43675              0       0.684925       0.682921         1.0706         1.0706         1.0706        1.08412        1.04956        0.94721       0.997747        1.00035        1.02058
        58.0032             -1             -1             -1             -1    -0.00414436    -0.00414446              0    -0.00414319    -0.00414073       0.775512       0.436745              0       0.684925       0.682921        1.07027        1.07028        1.07028        1.08378        1.04953       0.947183       0.997674        1.00008         1.0203
        58.0532             -1             -1             -1             -1    -0.00414471    -0.00414497              0    -0.00414489    -0.00414321       0.775506        0.43674              0       0.684925       0.682921        1.06983        1.06983        1.06983        1.08333        1.04949       0.947141       0.997546       0.999818        1.02004
        58.1032             -1             -1             -1             -1    -0.00414552     -0.0041455              0    -0.00414805    -0.00414809         0.7755       0.436734              0       0.684925       0.682921        1.06958        1.06958        1.06958        1.08307        1.04945       0.947102       0.997438       0.999756        1.01996
        58.1532             -1             -1             -1             -1    -0.00414545    -0.00414524              0    -0.00414563    -0.00414457       0.775495       0.436729              0       0.684925       0.682921        1.06852        1.06852        1.06852        1.08199        1.04935       0.946963       0.997075       0.999107        1.01936
        58.2032             -1             -1             -1             -1    -0.00414587    -0.00414564              0    -0.00414557    -0.00414482       0.775488       0.436723              0       0.684925       0.682921        1.06936        1.06936        1.06936        1.08285        1.04944       0.947064       0.997347       0.999588        1.01985
        58.2532             -1             -1             -1             -1    -0.00414596    -0.00414559              0    -0.00414604    -0.00414618       0.775481       0.436718              0       0.684925       0.682921        1.07091        1.07091        1.07091        1.08443         1.0496       0.947256       0.997864        1.00052        1.02074
        58.3032             -1             -1             -1             -1    -0.00414504    -0.00414502              0    -0.00414273     -0.0041416       0.775475       0.436713              0       0.684925       0.682921        1.07015        1.07015        1.07015        1.08366        1.04952       0.947175       0.997645              1        1.02022
        58.3533             -1             -1             -1             -1    -0.00414516    -0.00414563              0    -0.00414458    -0.00414447       0.775469       0.436707              0       0.684925       0.682921        1.06949        1.06949        1.06949        1.08298        1.04945         0.9471       0.997431       0.999619        1.01984
        58.4033             -1             -1             -1             -1    -0.00414587    -0.00414616              0    -0.00414777    -0.00414931       0.775463       0.436702              0       0.684925       0.682921        1.06938        1.06938        1.06938        1.08287        1.04944       0.947076       0.997366       0.999648        1.01986
        58.4533             -1             -1             -1             -1    -0.00414568    -0.00414579              0    -0.00414487    -0.00414493       0.775458       0.436696              0       0.684925       0.682921        1.06869        1.06869        1.06869        1.08216        1.04936       0.946979       0.997121       0.999205        1.01946
        58.5033             -1             -1             -1             -1    -0.00414585    -0.00414592              0    -0.00414469    -0.00414476       0.775452       0.436691              0       0.684925       0.682921        1.06975        1.06975        1.06975        1.08325        1.04948       0.947112       0.997477       0.999804        1.02006
        58.5533             -1             -1             -1             -1    -0.00414594    -0.00414574              0    -0.00414602    -0.00414693       0.775446       0.436685              0       0.684925       0.682921        1.07107        1.07107        1.07107         1.0846        1.04961        0.94728       0.997925         1.0006        1.02081
        58.6033             -1             -1             -1             -1    -0.00414531    -0.00414501              0    -0.00414361    -0.00414325       0.775441        0.43668              0       0.684925       0.682921         1.0699        1.06991        1.06991         1.0834        1.04949       0.947145       0.997564        0.99986        1.02007
        58.6533             -1             -1             -1             -1    -0.00414568    -0.00414565              0    -0.00414595    -0.00414644       0.775436       0.436675              0       0.684925       0.682921        1.06914        1.06914        1.06914        1.08262        1.04941       0.947054       0.997311       0.999431        1.01966
        58.7033             -1             -1             -1             -1    -0.00414619    -0.00414633              0    -0.00414922    -0.00415125        0.77543       0.436669              0       0.684925       0.682921        1.06931        1.06931        1.06931         1.0828        1.04943       0.947062       0.997334       0.999613        1.01984
        58.7533             -1             -1             -1             -1     -0.0041456     -0.0041459              0    -0.00414588    -0.00414598       0.775424       0.436664              0       0.684925       0.682921        1.06898        1.06898        1.06898        1.08247        1.04939       0.947012       0.997215        0.99938        1.01963
        58.8034             -1             -1             -1             -1    -0.00414567    -0.00414599              0    -0.00414537    -0.00414509       0.775418       0.436659              0       0.684925       0.682921        1.07009         1.0701         1.0701         1.0836        1.04951       0.947155       0.997598       0.999996        1.02025
        58.8534             -1             -1             -1             -1    -0.00414602    -0.00414602              0    -0.00414707    -0.00414773       0.775413       0.436653              0       0.684925       0.682921        1.07106        1.07106        1.07106        1.08459        1.04961       0.947283       0.997933        1.00059        1.02079
        58.9034             -1             -1             -1             -1    -0.00414565    -0.00414548              0    -0.00414496    -0.00414442       0.775408       0.436648              0       0.684925       0.682921        1.06958        1.06958        1.06958        1.08307        1.04946       0.947104       0.997454       0.999676        1.01988
        58.9534             -1             -1             -1             -1     -0.0041458    -0.00414601              0    -0.00414707    -0.00414725       0.775402       0.436642              0       0.684925       0.682921        1.06886        1.06886        1.06886        1.08233        1.04939       0.947015       0.997206       0.999278        1.01951
        59.0034             -1             -1             -1             -1    -0.00414598     -0.0041463              0    -0.00414976    -0.00415127       0.775397       0.436637              0       0.684925       0.682921        1.06938        1.06939        1.06939        1.08288        1.04944       0.947067       0.997351       0.999662         1.0199
        59.0534             -1             -1             -1             -1    -0.00414516     -0.0041455              0    -0.00414589    -0.00414529       0.775391       0.436631              0       0.684925       0.682921        1.06936        1.06936        1.06936        1.08285        1.04943       0.947057       0.997339       0.999594        1.01985
        59.1034             -1             -1             -1             -1    -0.00414548    -0.00414567              0    -0.00414545    -0.00414453       0.775385       0.436626              0       0.684925       0.682921        1.07034        1.07034        1.07034        1.08385        1.04953       0.947189       0.997685        1.00013        1.02037
        59.1534             -1             -1             -1             -1     -0.0041462    -0.00414602              0    -0.00414785    -0.00414827       0.775379        0.43662              0       0.684925       0.682921        1.07091        1.07091        1.07091        1.08443        1.04959       0.947269        0.99789        1.00049        1.02069
        59.2034             -1             -1             -1             -1    -0.00414619    -0.00414574              0    -0.00414616    -0.00414572       0.775374       0.436614              0       0.684925       0.682921        1.06923        1.06923        1.06923        1.08271        1.04942       0.947062       0.997335       0.999483        1.01969
        59.2535             -1             -1             -1             -1    -0.00414667    -0.00414638              0    -0.00414808    -0.00414849       0.775369       0.436609              0       0.684925       0.682921        1.06869        1.06869        1.06869        1.08216        1.04937       0.946991       0.997142       0.999192        1.01943
        59.3035             -1             -1             -1             -1    -0.00414713    -0.00414682              0    -0.00415038    -0.00415224       0.775364       0.436604              0       0.684925       0.682921        1.06961        1.06961        1.06961         1.0831        1.04946       0.947093       0.997422       0.999789        1.02003
        59.3535             -1             -1             -1             -1     -0.0041464    -0.00414596              0    -0.00414624    -0.00414623       0.775359       0.436598              0       0.684925       0.682921        1.06975        1.06975        1.06975        1.08325        1.04947       0.947106        0.99747        0.99981        1.02005
        59.4035             -1             -1             -1             -1    -0.00414624    -0.00414593              0     -0.0041461    -0.00414603       0.775354       0.436593              0       0.684925       0.682921        1.07043        1.07043        1.07043        1.08394        1.04955       0.947204       0.997725        1.00017         1.0204
        59.4535             -1             -1             -1             -1    -0.00414661     -0.0041463              0    -0.00414904    -0.00415034       0.775349       0.436587              0       0.684925       0.682921        1.07062        1.07062        1.07062        1.08414        1.04957       0.947237       0.997801        1.00032        1.02052
        59.5035             -1             -1             -1             -1    -0.00414632    -0.00414603              0    -0.00414747    -0.00414732       0.775344       0.436582              0       0.684925       0.682921         1.0689         1.0689         1.0689        1.08238        1.04939       0.947018        0.99722       0.999306        1.01952
        59.5535             -1             -1             -1             -1    -0.00414656    -0.00414667              0    -0.00414876    -0.00414854       0.775339       0.436576              0       0.684925       0.682921        1.06866        1.06866        1.06866        1.08213        1.04936       0.946982       0.997122       0.999183        1.01944
        59.6035             -1             -1             -1             -1    -0.00414682    -0.00414711              0    -0.00415036    -0.00415079       0.775333       0.436571              0       0.684925       0.682921        1.06993        1.06993        1.06993        1.08343        1.04949       0.947132       0.997527       0.999968        1.02021
        59.6535             -1             -1             -1             -1    -0.00414605    -0.00414628              0    -0.00414599     -0.0041442       0.775328       0.436566              0       0.684925       0.682921        1.07006        1.07006        1.07006        1.08357        1.04951       0.947148       0.997581       0.999983        1.02022
        59.7035             -1             -1             -1             -1    -0.00414602     -0.0041465              0    -0.00414603    -0.00414422       0.775322        0.43656              0       0.684925       0.682921        1.07036        1.07037        1.07037        1.08388        1.04954       0.947202       0.997713        1.00013        1.02035
        59.7536             -1             -1             -1             -1    -0.00414654    -0.00414719              0    -0.00414918    -0.00414943       0.775317       0.436555              0       0.684925       0.682921        1.07026        1.07026        1.07026        1.08377        1.04953       0.947195       0.997684        1.00012        1.02031
        59.8036             -1             -1             -1             -1    -0.00414631    -0.00414709              0    -0.00414745     -0.0041471       0.775312       0.436549              0       0.684925       0.682921        1.06865        1.06865        1.06865        1.08212        1.04936       0.946986        0.99713       0.999176         1.0194
        59.8536             -1             -1             -1             -1    -0.00414652    -0.00414782              0    -0.00414807    -0.00414828       0.775306       0.436543              0       0.684925       0.682921        1.06879        1.06879        1.06879        1.08227        1.04938       0.946996       0.997159       0.999265        1.01952
        59.9036             -1             -1             -1             -1    -0.00414679    -0.00414834              0    -0.00414925    -0.00415074       0.775301       0.436537              0       0.684925       0.682921        1.07029         1.0703         1.0703        1.08381        1.04953        0.94718       0.997654        1.00017        1.02041
        59.9536             -1             -1             -1             -1    -0.00414616     -0.0041477              0     -0.0041454     -0.0041453       0.775296       0.436531              0       0.684925       0.682921        1.07026        1.07026        1.07026        1.08377        1.04953       0.947178       0.997655        1.00009        1.02031
        60.0036             -1             -1             -1             -1    -0.00414637     -0.0041483              0    -0.00414623    -0.00414649       0.775291       0.436525              0       0.684925       0.682921        1.07017        1.07017        1.07017        1.08368        1.04952       0.947182       0.997653        1.00001        1.02023
