kundur.out
KUNDUR 4 MACHINE 12 BUS SYSTEM
                     1              2              3              4              5              6              7              8              9              10             11             12             13             14             15             16             17             18             19             20             21      
        Time(s) SPD 1[1 22.000 SPD 2[2 22.000 SPD 3[3 22.000 SPD 4[4 22.000 POWR 1[1 22.00 POWR 2[2 22.00 POWR 3[3 22.00 POWR 4[4 22.00 VOLT 1 [1 22.0 VOLT 2 [2 22.0 VOLT 3 [3 22.0 VOLT 4 [4 22.0 VOLT 5 [5 230. VOLT 6 [6 230. VOLT 7 [7 230. VOLT 8 [8 230. VOLT 9 [9 230. VOLT 10 [10 23 VOLT 11 [11 23 VOLT 12 [12 23 VREF 1[1 22.00
                            ]1             ]1             ]1             ]1            0]1            0]1            0]1            0]1            00]            00]            00]            00]            00]            00]            00]            00]            00]          0.00]          0.00]          0.00]            0]1
         -0.004              0              0              0              0        6.99978        6.99978        7.18729        6.99997        1.02999        1.00999           1.03           1.01        1.00657       0.978512       0.961767       0.951054       0.975123       0.987042        1.01141       0.951054         1.0397
          0.016              0   -9.62844E-11   -3.04056E-10   -2.02704E-10        6.99978        6.99978        7.18729        6.99997        1.02999        1.00999           1.03           1.01        1.00657       0.978512       0.961767       0.951054       0.975123       0.987042        1.01141       0.951054         1.0397
          0.036              0   -1.87984E-10   -5.93633E-10   -3.95755E-10        6.99978        6.99978        7.18729        6.99997        1.02999        1.00999           1.03           1.01        1.00657       0.978512       0.961767       0.951054       0.975123       0.987042        1.01141       0.951054         1.0397
          0.056              0   -2.79683E-10   -8.83211E-10   -5.88807E-10        6.99978        6.99978        7.18729        6.99997        1.02999        1.00999           1.03           1.01        1.00657       0.978512       0.961767       0.951054       0.975123       0.987042        1.01141       0.951054         1.0397
          0.076              0   -3.71383E-10   -1.17279E-09   -7.81859E-10        6.99978        6.99978        7.18729        6.99997        1.02999        1.00999           1.03           1.01        1.00657       0.978512       0.961767       0.951054       0.975123       0.987042        1.01141       0.951054         1.0397
      0.0959999              0   -4.63082E-10   -1.46237E-09    -9.7491E-10        6.99978        6.99978        7.18729        6.99997        1.02999        1.00999           1.03           1.01        1.00657       0.978512       0.961767       0.951054       0.975123       0.987042        1.01141       0.951054         1.0397
          0.116              0   -5.54782E-10   -1.75194E-09   -1.16796E-09        6.99978        6.99978        7.18729        6.99997        1.02999        1.00999           1.03           1.01        1.00657       0.978512       0.961767       0.951054       0.975123       0.987042        1.01141       0.951054         1.0397
          0.136              0   -6.46481E-10   -2.04152E-09   -1.36101E-09        6.99978        6.99978        7.18729        6.99997        1.02999        1.00999           1.03           1.01        1.00657       0.978512       0.961767       0.951054       0.975123       0.987042        1.01141       0.951054         1.0397
          0.156              0    -7.3818E-10    -2.3311E-09   -1.55406E-09        6.99978        6.99978        7.18729        6.99997        1.02999        1.00999           1.03           1.01        1.00657       0.978512       0.961767       0.951054       0.975123       0.987042        1.01141       0.951054         1.0397
          0.176              0    -8.2988E-10   -2.62067E-09   -1.74711E-09        6.99978        6.99978        7.18729        6.99997        1.02999        1.00999           1.03           1.01        1.00657       0.978512       0.961767       0.951054       0.975123       0.987042        1.01141       0.951054         1.0397
          0.196              0   -9.21579E-10   -2.91025E-09   -1.94017E-09        6.99978        6.99978        7.18729        6.99997        1.02999        1.00999           1.03           1.01        1.00657       0.978512       0.961767       0.951054       0.975123       0.987042        1.01141       0.951054         1.0397
          0.216              0   -1.01328E-09   -3.19983E-09   -2.13322E-09        6.99978        6.99978        7.18729        6.99997        1.02999        1.00999           1.03           1.01        1.00657       0.978512       0.961767       0.951054       0.975123       0.987042        1.01141       0.951054         1.0397
          0.236              0   -1.10498E-09   -3.48941E-09   -2.32627E-09        6.99978        6.99978        7.18729        6.99997        1.02999        1.00999           1.03           1.01        1.00657       0.978512       0.961767       0.951054       0.975123       0.987042        1.01141       0.951054         1.0397
          0.256              0   -1.19668E-09   -3.77898E-09   -2.51932E-09        6.99978        6.99978        7.18729        6.99997        1.02999        1.00999           1.03           1.01        1.00657       0.978512       0.961767       0.951054       0.975123       0.987042        1.01141       0.951054         1.0397
          0.276              0   -1.28838E-09   -4.06856E-09   -2.71238E-09        6.99978        6.99978        7.18729        6.99997        1.02999        1.00999           1.03           1.01        1.00657       0.978512       0.961767       0.951054       0.975123       0.987042        1.01141       0.951054         1.0397
          0.296              0   -1.38008E-09   -4.35814E-09   -2.90543E-09        6.99978        6.99978        7.18729        6.99997        1.02999        1.00999           1.03           1.01        1.00657       0.978512       0.961767       0.951054       0.975123       0.987042        1.01141       0.951054         1.0397
          0.316              0   -1.47178E-09   -4.64771E-09   -3.09848E-09        6.99978        6.99978        7.18729        6.99997        1.02999        1.00999           1.03           1.01        1.00657       0.978512       0.961767       0.951054       0.975123       0.987042        1.01141       0.951054         1.0397
          0.336              0   -1.56348E-09   -4.93729E-09   -3.29153E-09        6.99978        6.99978        7.18729        6.99997        1.02999        1.00999           1.03           1.01        1.00657       0.978512       0.961767       0.951054       0.975123       0.987042        1.01141       0.951054         1.0397
          0.356              0   -1.65518E-09   -5.22687E-09   -3.48458E-09        6.99978        6.99978        7.18729        6.99997        1.02999        1.00999           1.03           1.01        1.00657       0.978512       0.961767       0.951054       0.975123       0.987042        1.01141       0.951054         1.0397
          0.376              0   -1.74688E-09   -5.51645E-09   -3.67764E-09        6.99978        6.99978        7.18729        6.99997        1.02999        1.00999           1.03           1.01        1.00657       0.978512       0.961767       0.951054       0.975123       0.987042        1.01141       0.951054         1.0397
          0.396              0   -1.83858E-09   -5.80602E-09   -3.87069E-09        6.99978        6.99978        7.18729        6.99997        1.02999        1.00999           1.03           1.01        1.00657       0.978512       0.961767       0.951054       0.975123       0.987042        1.01141       0.951054         1.0397
          0.416              0   -1.93028E-09    -6.0956E-09   -4.06374E-09        6.99978        6.99978        7.18729        6.99997        1.02999        1.00999           1.03           1.01        1.00657       0.978512       0.961767       0.951054       0.975123       0.987042        1.01141       0.951054         1.0397
       0.436001              0   -2.02198E-09   -6.38518E-09   -4.25679E-09        6.99978        6.99978        7.18729        6.99997        1.02999        1.00999           1.03           1.01        1.00657       0.978512       0.961767       0.951054       0.975123       0.987042        1.01141       0.951054         1.0397
       0.456001              0   -2.11368E-09   -6.67475E-09   -4.44984E-09        6.99978        6.99978        7.18729        6.99997        1.02999        1.00999           1.03           1.01        1.00657       0.978512       0.961767       0.951054       0.975123       0.987042        1.01141       0.951054         1.0397
       0.476001              0   -2.20538E-09   -6.96433E-09   -4.64289E-09        6.99978        6.99978        7.18729        6.99997        1.02999        1.00999           1.03           1.01        1.00657       0.978512       0.961767       0.951054       0.975123       0.987042        1.01141       0.951054         1.0397
       0.496001              0   -2.29708E-09   -7.25391E-09   -4.83594E-09        6.99978        6.99978        7.18729        6.99997        1.02999        1.00999           1.03           1.01        1.00657       0.978512       0.961767       0.951054       0.975123       0.987042        1.01141       0.951054         1.0397
          0.516              0   -2.38878E-09   -7.54349E-09   -5.02899E-09        6.99978        6.99978        7.18729        6.99997        1.02999        1.00999           1.03           1.01        1.00657       0.978512       0.961767       0.951054       0.975123       0.987042        1.01141       0.951054         1.0397
          0.536              0   -2.48048E-09   -7.83306E-09   -5.22204E-09        6.99978        6.99978        7.18729        6.99997        1.02999        1.00999           1.03           1.01        1.00657       0.978512       0.961767       0.951054       0.975123       0.987042        1.01141       0.951054         1.0397
          0.556              0   -2.57218E-09   -8.12263E-09   -5.41509E-09        6.99978        6.99978        7.18729        6.99997        1.02999        1.00999           1.03           1.01        1.00657       0.978512       0.961767       0.951054       0.975123       0.987042        1.01141       0.951054         1.0397
          0.576              0   -2.66388E-09    -8.4122E-09   -5.60814E-09        6.99978        6.99978        7.18729        6.99997        1.02999        1.00999           1.03           1.01        1.00657       0.978512       0.961767       0.951054       0.975123       0.987042        1.01141       0.951054         1.0397
       0.595999              0   -2.75558E-09   -8.70178E-09   -5.80119E-09        6.99978        6.99978        7.18729        6.99997        1.02999        1.00999           1.03           1.01        1.00657       0.978512       0.961767       0.951054       0.975123       0.987042        1.01141       0.951054         1.0397
       0.615999              0   -2.84728E-09   -8.99135E-09   -5.99424E-09        6.99978        6.99978        7.18729        6.99997        1.02999        1.00999           1.03           1.01        1.00657       0.978512       0.961767       0.951054       0.975123       0.987042        1.01141       0.951054         1.0397
       0.635999              0   -2.93898E-09   -9.28092E-09   -6.18729E-09        6.99978        6.99978        7.18729        6.99997        1.02999        1.00999           1.03           1.01        1.00657       0.978512       0.961767       0.951054       0.975123       0.987042        1.01141       0.951054         1.0397
       0.655999              0   -3.03068E-09    -9.5705E-09   -6.38034E-09        6.99978        6.99978        7.18729        6.99997        1.02999        1.00999           1.03           1.01        1.00657       0.978512       0.961767       0.951054       0.975123       0.987042        1.01141       0.951054         1.0397
       0.675998              0   -3.12238E-09   -9.86007E-09   -6.57339E-09        6.99978        6.99978        7.18729        6.99997        1.02999        1.00999           1.03           1.01        1.00657       0.978512       0.961767       0.951054       0.975123       0.987042        1.01141       0.951054         1.0397
       0.695998              0   -3.21408E-09   -1.01496E-08   -6.76644E-09        6.99978        6.99978        7.18729        6.99997        1.02999        1.00999           1.03           1.01        1.00657       0.978512       0.961767       0.951054       0.975123       0.987042        1.01141       0.951054         1.0397
       0.715998              0   -3.30578E-09   -1.04392E-08   -6.95949E-09        6.99978        6.99978        7.18729        6.99997        1.02999        1.00999           1.03           1.01        1.00657       0.978512       0.961767       0.951054       0.975123       0.987042        1.01141       0.951054         1.0397
       0.735998              0   -3.39748E-09   -1.07288E-08   -7.15254E-09        6.99978        6.99978        7.18729        6.99997        1.02999        1.00999           1.03           1.01        1.00657       0.978512       0.961767       0.951054       0.975123       0.987042        1.01141       0.951054         1.0397
       0.755997              0   -3.48918E-09   -1.10184E-08   -7.34559E-09        6.99978        6.99978        7.18729        6.99997        1.02999        1.00999           1.03           1.01        1.00657       0.978512       0.961767       0.951054       0.975123       0.987042        1.01141       0.951054         1.0397
       0.775997              0   -3.58088E-09   -1.13079E-08   -7.53864E-09        6.99978        6.99978        7.18729        6.99997        1.02999        1.00999           1.03           1.01        1.00657       0.978512       0.961767       0.951054       0.975123       0.987042        1.01141       0.951054         1.0397
       0.795997              0   -3.67258E-09   -1.15975E-08   -7.73169E-09        6.99978        6.99978        7.18729        6.99997        1.02999        1.00999           1.03           1.01        1.00657       0.978512       0.961767       0.951054       0.975123       0.987042        1.01141       0.951054         1.0397
       0.815997              0   -3.76428E-09   -1.18871E-08   -7.92475E-09        6.99978        6.99978        7.18729        6.99997        1.02999        1.00999           1.03           1.01        1.00657       0.978512       0.961767       0.951054       0.975123       0.987042        1.01141       0.951054         1.0397
       0.835996              0   -3.85598E-09   -1.21767E-08    -8.1178E-09        6.99978        6.99978        7.18729        6.99997        1.02999        1.00999           1.03           1.01        1.00657       0.978512       0.961767       0.951054       0.975123       0.987042        1.01141       0.951054         1.0397
       0.855996              0   -3.94768E-09   -1.24662E-08   -8.31086E-09        6.99978        6.99978        7.18729        6.99997        1.02999        1.00999           1.03           1.01        1.00657       0.978512       0.961767       0.951054       0.975123       0.987042        1.01141       0.951054         1.0397
       0.875996              0   -4.03938E-09   -1.27558E-08   -8.50391E-09        6.99978        6.99978        7.18729        6.99997        1.02999        1.00999           1.03           1.01        1.00657       0.978512       0.961767       0.951054       0.975123       0.987042        1.01141       0.951054         1.0397
       0.895996              0   -4.13108E-09   -1.30454E-08   -8.69697E-09        6.99978        6.99978        7.18729        6.99997        1.02999        1.00999           1.03           1.01        1.00657       0.978512       0.961767       0.951054       0.975123       0.987042        1.01141       0.951054         1.0397
       0.915995              0   -4.22278E-09   -1.33349E-08   -8.89002E-09        6.99978        6.99978        7.18729        6.99997        1.02999        1.00999           1.03           1.01        1.00657       0.978512       0.961767       0.951054       0.975123       0.987042        1.01141       0.951054         1.0397
       0.935995              0   -4.31448E-09   -1.36245E-08   -9.08308E-09        6.99978        6.99978        7.18729        6.99997        1.02999        1.00999           1.03           1.01        1.00657       0.978512       0.961767       0.951054       0.975123       0.987042        1.01141       0.951054         1.0397
       0.955995              0   -4.40618E-09   -1.39141E-08   -9.27613E-09        6.99978        6.99978        7.18729        6.99997        1.02999        1.00999           1.03           1.01        1.00657       0.978512       0.961767       0.951054       0.975123       0.987042        1.01141       0.951054         1.0397
       0.975995              0   -4.49788E-09   -1.42037E-08   -9.46918E-09        6.99978        6.99978        7.18729        6.99997        1.02999        1.00999           1.03           1.01        1.00657       0.978512       0.961767       0.951054       0.975123       0.987042        1.01141       0.951054         1.0397
       0.995994              0   -4.58958E-09   -1.44932E-08   -9.66224E-09        6.99978        6.99978        7.18729        6.99997        1.02999        1.00999           1.03           1.01        1.00657       0.978512       0.961767       0.951054       0.975123       0.987042        1.01141       0.951054         1.0397
       0.999994              0   -4.60792E-09   -1.45511E-08   -9.70085E-09        6.99978        6.99978        7.18729        6.99997        1.02999        1.00999           1.03           1.01        1.00657       0.978512       0.961767       0.951054       0.975123       0.987042        1.01141       0.951054         1.0397
       0.999994              0   -4.60792E-09   -1.45511E-08   -9.70085E-09        6.99978        6.99978        7.18729        6.99997        1.02999        1.00999           1.03           1.01        1.00657       0.978512       0.961767       0.951054       0.975123       0.987042        1.01141       0.951054           1.05
        1.01999   -1.01186E-07    3.12695E-08   -1.23407E-08    -4.3678E-09        7.00219        6.99894        7.18724        6.99984        1.03012        1.01003           1.03           1.01        1.00666       0.978562       0.961812       0.951077       0.975134       0.987051        1.01142       0.951077           1.05
        1.03999   -1.36182E-06    4.63807E-07    1.55842E-08    5.99714E-08        7.01392          6.995          7.187         6.9993        1.03073         1.0102        1.03002        1.01004        1.00712       0.978809       0.962035        0.95119       0.975186       0.987094        1.01145        0.95119           1.05
        1.05999   -5.45602E-06    1.82911E-06     1.0183E-07    2.59389E-07        7.03501        6.98815         7.1866        6.99836        1.03184        1.01053        1.03007        1.01009        1.00795       0.979265       0.962446       0.951399       0.975284       0.987175        1.01151       0.951399           1.05
        1.07999   -1.37469E-05    4.54024E-06    2.70938E-07     6.5276E-07        7.06251        6.97941        7.18608        6.99717        1.03332        1.01095        1.03012        1.01017        1.00905       0.979868       0.962991       0.951679       0.975413       0.987281        1.01158       0.951679           1.05
        1.09999   -2.70118E-05    8.82274E-06    5.37673E-07    1.27115E-06        7.09277        6.96988        7.18551        6.99587        1.03499        1.01141        1.03018        1.01025        1.01029       0.980539       0.963597        0.95199       0.975554       0.987395        1.01166        0.95199           1.05
        1.11999   -4.54104E-05    1.47282E-05    9.10812E-07    2.12278E-06        7.12232        6.96047         7.1849        6.99458        1.03668        1.01183        1.03022        1.01032        1.01155       0.981197       0.964192       0.952294       0.975685       0.987498        1.01173       0.952294           1.05
        1.13999   -6.85513E-05    2.21611E-05    1.39601E-06    3.19829E-06        7.14825        6.95199        7.18426        6.99337        1.03826        1.01217        1.03025        1.01036        1.01271       0.981775       0.964716        0.95256       0.975788       0.987576        1.01178        0.95256           1.05
        1.15999   -9.56085E-05    3.09033E-05    1.99498E-06    4.47364E-06         7.1684        6.94507        7.18363        6.99234        1.03961        1.01237        1.03025        1.01038        1.01369       0.982227       0.965126       0.952765       0.975853       0.987618         1.0118       0.952765           1.05
        1.17999   -0.000125456    4.06364E-05    2.70442E-06    5.91069E-06        7.18143        6.94026        7.18303        6.99156        1.04069        1.01242        1.03023        1.01035        1.01445       0.982527         0.9654       0.952899       0.975874       0.987619        1.01178       0.952899           1.05
        1.19999   -0.000156804    5.09572E-05    3.51217E-06    7.45726E-06        7.18674          6.938        7.18253         6.9911        1.04146        1.01233        1.03018         1.0103        1.01497       0.982672       0.965535       0.952962       0.975852       0.987582        1.01174       0.952962           1.05
        1.21999    -0.00018832    6.13953E-05    4.39405E-06    9.04749E-06        7.18439        6.93863        7.18219        6.99104        1.04194        1.01211        1.03011        1.01022        1.01528       0.982676       0.965546       0.952964       0.975796       0.987514        1.01167       0.952964           1.05
        1.23999   -0.000218736    7.14332E-05    5.31249E-06    1.06017E-05          7.175        6.94239        7.18211        6.99146        1.04216         1.0118        1.03002        1.01012        1.01538        0.98257       0.965459       0.952923       0.975717       0.987426        1.01158       0.952923           1.05
        1.25999   -0.000246922    8.05222E-05     6.2143E-06    1.20268E-05        7.15956        6.94941        7.18236        6.99244        1.04216        1.01142        1.02994        1.01002        1.01534       0.982389       0.965308       0.952859        0.97563       0.987331        1.01149       0.952859           1.05
        1.27999   -0.000271945    8.81028E-05    7.03197E-06    1.32184E-05        7.13929        6.95967        7.18302        6.99401        1.04201        1.01103        1.02987        1.00993         1.0152       0.982172       0.965128       0.952794       0.975548       0.987241        1.01141       0.952794           1.05
        1.29999   -0.000293091    9.36348E-05      7.687E-06     1.4068E-05        7.11549          6.973        7.18415        6.99619        1.04177        1.01066        1.02981        1.00986        1.01501       0.981957       0.964955       0.952748       0.975483       0.987169        1.01135       0.952748           1.05
        1.31999    -0.00030987    9.66206E-05    8.09482E-06     1.4468E-05        7.08947        6.98908        7.18575        6.99896        1.04147        1.01035        1.02978        1.00981         1.0148       0.981774       0.964814       0.952736       0.975446       0.987121         1.0113       0.952736           1.05
        1.33999   -0.000322008      9.663E-05    8.17031E-06    1.43172E-05        7.06241        7.00746        7.18782        7.00226        1.04118         1.0101        1.02977         1.0098        1.01462       0.981646       0.964728        0.95277       0.975441       0.987104        1.01129        0.95277           1.05
        1.35999   -0.000329426    9.33248E-05    7.83291E-06    1.35276E-05        7.03535        7.02754        7.19031        7.00601        1.04091        1.00995        1.02979        1.00981        1.01448       0.981585       0.964708       0.952853        0.97547       0.987118         1.0113       0.952853           1.05
        1.37999   -0.000332207    8.64769E-05    7.01217E-06    1.20302E-05        7.00916        7.04864        7.19316        7.01009         1.0407        1.00988        1.02982        1.00985         1.0144       0.981597       0.964755       0.952984        0.97553       0.987159        1.01133       0.952984           1.05
        1.39999   -0.000330569    7.59843E-05    5.65176E-06    9.77873E-06         6.9845           7.07        7.19629        7.01438        1.04054        1.00989        1.02988         1.0099        1.01438       0.981675       0.964866       0.953157       0.975614       0.987222        1.01139       0.953157           1.05
        1.41999   -0.000324826     6.1876E-05    3.71261E-06    6.75099E-06         6.9619        7.09084         7.1996        7.01872        1.04044        1.00997        1.02994        1.00997        1.01442       0.981809       0.965028       0.953363       0.975716         0.9873        1.01145       0.953363           1.05
        1.43999   -0.000315373    4.43146E-05    1.17257E-06     2.9488E-06         6.9417        7.11041        7.20299          7.023        1.04038        1.01011           1.03        1.01005        1.01449       0.981983       0.965228        0.95359       0.975826       0.987384        1.01152        0.95359           1.05
        1.45999   -0.000302649    2.35897E-05   -1.97421E-06   -1.60279E-06        6.92413        7.12799        7.20638        7.02709        1.04036        1.01027        1.03006        1.01012        1.01459       0.982179       0.965447       0.953825       0.975934       0.987464        1.01158       0.953825           1.05
        1.47999    -0.00028713    1.05493E-07   -5.71981E-06    -6.8595E-06        6.90935        7.14295         7.2097        7.03091        1.04035        1.01044        1.03011        1.01018        1.01469       0.982379        0.96567       0.954057       0.976034       0.987535        1.01163       0.954057           1.05
        1.49999   -0.000269306   -2.56373E-05   -1.00461E-05    -1.2763E-05        6.89742        7.15481        7.21292        7.03439        1.04035        1.01061        1.03014        1.01022        1.01479       0.982568       0.965881       0.954275       0.976118        0.98759        1.01166       0.954275           1.05
        1.51999   -0.000249678   -5.30633E-05   -1.49286E-05    -1.9246E-05        6.88837        7.16318        7.21599        7.03749        1.04035        1.01076        1.03015        1.01025        1.01487       0.982732       0.966068       0.954473       0.976183       0.987626        1.01168       0.954473           1.05
        1.53999   -0.000228748   -8.15473E-05   -2.03411E-05   -2.62385E-05         6.8822        7.16785        7.21894        7.04023        1.04033        1.01087        1.03014        1.01025        1.01492       0.982863       0.966223       0.954644       0.976227       0.987642        1.01168       0.954644           1.05
        1.55999   -0.000207011   -0.000110439   -2.62594E-05   -3.36727E-05        6.87888        7.16872        7.22178        7.04261        1.04029        1.01095        1.03012        1.01024        1.01494       0.982955       0.966342       0.954789        0.97625       0.987639        1.01166       0.954789           1.05
        1.57999   -0.000184956   -0.000139087   -3.26632E-05   -4.14865E-05        6.87833        7.16586        7.22452        7.04468        1.04022        1.01098        1.03009        1.01021        1.01493       0.983008       0.966422       0.954906       0.976256       0.987619        1.01162       0.954906           1.05
        1.59999   -0.000163059   -0.000166862   -3.95381E-05   -4.96263E-05        6.88049        7.15945        7.22722         7.0465        1.04014        1.01098        1.03005        1.01017        1.01488       0.983022       0.966466       0.954998       0.976247       0.987588        1.01158       0.954998           1.05
        1.61999   -0.000141776   -0.000193174   -4.68761E-05   -5.80484E-05        6.88524        7.14977         7.2299        7.04811        1.04005        1.01095           1.03        1.01013         1.0148       0.983004       0.966479       0.955069       0.976228       0.987548        1.01153       0.955069           1.05
        1.63999   -0.000121543    -0.00021749   -5.46741E-05   -6.67193E-05        6.89241        7.13717        7.23259        7.04957        1.03994        1.01089        1.02996        1.01008        1.01471       0.982959       0.966466       0.955123       0.976205       0.987506        1.01148       0.955123           1.05
        1.65999   -0.000102763   -0.000239347   -6.29328E-05   -7.56135E-05        6.90185        7.12208        7.23529        7.05092        1.03984        1.01082        1.02992        1.01004         1.0146       0.982893       0.966433       0.955165       0.976181       0.987466        1.01144       0.955165           1.05
        1.67999   -8.58055E-05   -0.000258358   -7.16529E-05   -8.47123E-05        6.91331        7.10496        7.23802        7.05219        1.03974        1.01073        1.02989           1.01        1.01449       0.982815       0.966387       0.955198        0.97616       0.987431         1.0114       0.955198           1.05
        1.69999   -7.09932E-05   -0.000274218   -8.08328E-05   -9.40007E-05        6.92651         7.0863        7.24074        7.05339        1.03966        1.01063        1.02987        1.00998        1.01438        0.98273       0.966333       0.955225       0.976144       0.987403        1.01137       0.955225           1.05
        1.71999   -5.85993E-05   -0.000286708   -9.04659E-05   -0.000103464        6.94116        7.06657        7.24341        7.05452         1.0396        1.01054        1.02987        1.00996        1.01428       0.982644       0.966277       0.955249       0.976134       0.987384        1.01136       0.955249           1.05
        1.73998   -4.88394E-05   -0.000295692   -0.000100538   -0.000113085         6.9569        7.04627        7.24599        7.05556        1.03955        1.01045        1.02987        1.00995        1.01419        0.98256        0.96622        0.95527       0.976132       0.987374        1.01135        0.95527           1.05
        1.75998   -4.18677E-05   -0.000301114   -0.000111023   -0.000122844        6.97336        7.02585        7.24841        7.05647        1.03953        1.01037        1.02988        1.00995        1.01411        0.98248       0.966165       0.955287       0.976136       0.987372        1.01135       0.955287           1.05
        1.77998   -3.77714E-05      -0.000303   -0.000121886   -0.000132715        6.99016        7.00575        7.25062        7.05725        1.03953        1.01029         1.0299        1.00996        1.01405       0.982408       0.966113       0.955301       0.976144       0.987377        1.01136       0.955301           1.05
        1.79998   -3.65693E-05   -0.000301446   -0.000133078   -0.000142664         7.0069        6.98639        7.25253        7.05782        1.03955        1.01022        1.02992        1.00998          1.014       0.982341       0.966063       0.955309       0.976155       0.987387        1.01138       0.955309           1.05
        1.81998   -3.82143E-05   -0.000296616   -0.000144537   -0.000152654         7.0232        6.96812        7.25409        7.05817        1.03958        1.01016        1.02995        1.00999        1.01397        0.98228       0.966016        0.95531       0.976166       0.987399         1.0114        0.95531           1.05
        1.83998   -4.25936E-05   -0.000288737   -0.000156195   -0.000162638         7.0387        6.95131        7.25525        7.05827        1.03964        1.01011        1.02998        1.01001        1.01395       0.982224       0.965969       0.955302       0.976176       0.987411        1.01142       0.955302           1.05
        1.85998   -4.95329E-05   -0.000278091    -0.00016797   -0.000172566        7.05304        6.93623        7.25595        7.05808         1.0397        1.01006           1.03        1.01002        1.01394       0.982172       0.965921       0.955282       0.976183       0.987422        1.01144       0.955282           1.05
        1.87998   -5.88037E-05   -0.000265005   -0.000179779   -0.000182385        7.06593        6.92316        7.25618         7.0576        1.03977        1.01001        1.03002        1.01003        1.01394       0.982122       0.965872       0.955251       0.976184        0.98743        1.01145       0.955251           1.05
        1.89998   -7.01299E-05   -0.000249849    -0.00019153   -0.000192041        7.07713        6.91231        7.25592        7.05682        1.03984        1.00997        1.03004        1.01004        1.01394       0.982076       0.965822       0.955207        0.97618       0.987434        1.01147       0.955207           1.05
        1.91998   -8.31962E-05   -0.000233026   -0.000203134   -0.000201479        7.08642        6.90384        7.25517        7.05576        1.03992        1.00993        1.03005        1.01005        1.01395        0.98203       0.965768        0.95515        0.97617       0.987434        1.01148        0.95515           1.05
        1.93998   -9.76585E-05   -0.000214961   -0.000214502    -0.00021065        7.09366        6.89787        7.25393        7.05442        1.03999        1.00989        1.03006        1.01004        1.01397       0.981986       0.965713       0.955081       0.976153        0.98743        1.01148       0.955081           1.05
        1.95998   -0.000113151   -0.000196095   -0.000225547   -0.000219505        7.09876        6.89448        7.25224        7.05284        1.04006        1.00986        1.03006        1.01004        1.01398       0.981944       0.965655          0.955       0.976132       0.987422        1.01148          0.955           1.05
        1.97998   -0.000129298   -0.000176879    -0.00023619   -0.000228001        7.10168        6.89368        7.25012        7.05103        1.04013        1.00983        1.03006        1.01003          1.014       0.981904       0.965595        0.95491       0.976107       0.987411        1.01148        0.95491           1.05
        1.99998   -0.000145722   -0.000157756   -0.000246356   -0.000236101        7.10244        6.89542        7.24762        7.04904        1.04019         1.0098        1.03005        1.01002        1.01403       0.981867       0.965535        0.95481       0.976078       0.987398        1.01148        0.95481           1.05
        2.01998   -0.000162056   -0.000139161   -0.000255979   -0.000243774        7.10111        6.89963        7.24477         7.0469        1.04025        1.00977        1.03005        1.01001        1.01405       0.981832       0.965474       0.954702       0.976047       0.987385        1.01147       0.954702           1.05
        2.03998   -0.000177946   -0.000121509      -0.000265   -0.000250995        7.09778        6.90619        7.24162        7.04462         1.0403        1.00976        1.03004           1.01        1.01407         0.9818       0.965414       0.954589       0.976014       0.987372        1.01147       0.954589           1.05
        2.05998   -0.000193062   -0.000105187   -0.000273369   -0.000257742        7.09263        6.91488         7.2382        7.04224        1.04034        1.00974        1.03004        1.00999         1.0141       0.981772       0.965355        0.95447       0.975981       0.987359        1.01147        0.95447           1.05
        2.07999   -0.000207105   -9.05461E-05   -0.000281042   -0.000264001        7.08583        6.92551        7.23458        7.03979        1.04038        1.00973        1.03003        1.00998        1.01412       0.981747       0.965297       0.954348       0.975948       0.987347        1.01147       0.954348           1.05
        2.09999    -0.00021981   -7.78941E-05   -0.000287987   -0.000269759        7.07761         6.9378        7.23077        7.03728        1.04041        1.00973        1.03003        1.00997        1.01415       0.981724        0.96524       0.954222       0.975915       0.987336        1.01147       0.954222           1.05
        2.11999   -0.000230953   -6.74919E-05   -0.000294174   -0.000275008        7.06819        6.95148        7.22683        7.03473        1.04043        1.00973        1.03002        1.00997        1.01417       0.981704       0.965184       0.954095       0.975883       0.987327        1.01147       0.954095           1.05
        2.13999   -0.000240353   -5.95471E-05   -0.000299584   -0.000279742        7.05785        6.96622        7.22279        7.03214        1.04044        1.00973        1.03002        1.00996        1.01419       0.981686       0.965128       0.953965       0.975852       0.987319        1.01147       0.953965           1.05
        2.15999   -0.000247878   -5.42128E-05   -0.000304204   -0.000283959        7.04686         6.9817        7.21868        7.02954        1.04044        1.00974        1.03002        1.00996         1.0142       0.981669       0.965073       0.953835       0.975821       0.987312        1.01147       0.953835           1.05
        2.17999    -0.00025344   -5.15837E-05   -0.000308025   -0.000287655        7.03549        6.99759        7.21455        7.02693        1.04043        1.00975        1.03002        1.00995        1.01421       0.981651       0.965017       0.953703        0.97579       0.987305        1.01148       0.953703           1.05
        2.19999   -0.000257003   -5.16968E-05   -0.000311047   -0.000290831        7.02404        7.01356        7.21041        7.02431        1.04042        1.00977        1.03002        1.00995        1.01422       0.981633       0.964961       0.953571       0.975758       0.987298        1.01148       0.953571           1.05
        2.21999   -0.000258577   -5.45315E-05   -0.000313276   -0.000293489        7.01277        7.02927        7.20632         7.0217         1.0404        1.00978        1.03001        1.00995        1.01422       0.981614       0.964904       0.953438       0.975727       0.987291        1.01148       0.953438           1.05
        2.23999   -0.000258221   -6.00119E-05   -0.000314723   -0.000295629        7.00195        7.04442        7.20229         7.0191        1.04037         1.0098        1.03001        1.00995        1.01421       0.981593       0.964845       0.953306       0.975695       0.987283        1.01148       0.953306           1.05
        2.25999   -0.000256038   -6.80122E-05   -0.000315405   -0.000297258        6.99183        7.05872        7.19836        7.01652        1.04033        1.00982        1.03001        1.00994         1.0142       0.981569       0.964785       0.953175       0.975663       0.987274        1.01149       0.953175           1.05
        2.27999   -0.000252171   -7.83573E-05   -0.000315346   -0.000298381        6.98264         7.0719        7.19457        7.01397        1.04029        1.00984           1.03        1.00994        1.01418       0.981543       0.964724       0.953045       0.975631       0.987265        1.01148       0.953045           1.05
            2.3   -0.000246803    -9.0831E-05   -0.000314574   -0.000299006        6.97459        7.08375        7.19094        7.01147        1.04024        1.00985           1.03        1.00993        1.01415       0.981515       0.964661       0.952917       0.975598       0.987255        1.01148       0.952917           1.05
           2.32   -0.000240146    -0.00010518   -0.000313124   -0.000299144        6.96786        7.09406         7.1875        7.00902        1.04019        1.00987        1.02999        1.00993        1.01412       0.981484       0.964599       0.952793       0.975566       0.987244        1.01148       0.952793           1.05
           2.34   -0.000232444   -0.000121119   -0.000311036   -0.000298808        6.96257        7.10266        7.18429        7.00664        1.04014        1.00989        1.02998        1.00993        1.01409       0.981451       0.964535       0.952673       0.975534       0.987233        1.01148       0.952673           1.05
           2.36   -0.000223957   -0.000138342   -0.000308356   -0.000298012        6.95885        7.10945        7.18132        7.00435        1.04009        1.00991        1.02997        1.00992        1.01405       0.981417       0.964473       0.952558       0.975503       0.987222        1.01147       0.952558           1.05
           2.38   -0.000214963   -0.000156524    -0.00030513   -0.000296776        6.95676        7.11434        7.17862        7.00215        1.04004        1.00992        1.02997        1.00992        1.01401       0.981381        0.96441       0.952449       0.975473       0.987211        1.01147       0.952449           1.05
            2.4   -0.000205747   -0.000175332   -0.000301411   -0.000295118        6.95632        7.11731         7.1762        7.00006           1.04        1.00994        1.02996        1.00991        1.01397       0.981344        0.96435       0.952346       0.975445       0.987201        1.01146       0.952346           1.05
           2.42   -0.000196595   -0.000194431   -0.000297255   -0.000293062        6.95755        7.11834        7.17408        6.99808        1.03995        1.00996        1.02995        1.00991        1.01392       0.981306       0.964291       0.952251       0.975419       0.987191        1.01146       0.952251           1.05
           2.44    -0.00018779    -0.00021349   -0.000292719   -0.000290631        6.96037        7.11749        7.17228        6.99624        1.03991        1.00997        1.02995        1.00991        1.01388       0.981269       0.964235       0.952164       0.975395       0.987182        1.01146       0.952164           1.05
           2.46   -0.000179601   -0.000232189    -0.00028786   -0.000287853        6.96473        7.11483        7.17078        6.99455        1.03988        1.00998        1.02994        1.00991        1.01383       0.981232       0.964181       0.952085       0.975374       0.987174        1.01145       0.952085           1.05
           2.48   -0.000172283   -0.000250224   -0.000282738   -0.000284754        6.97051        7.11048         7.1696        6.99299        1.03985           1.01        1.02994         1.0099        1.01379       0.981196       0.964131       0.952015       0.975355       0.987167        1.01145       0.952015           1.05
            2.5   -0.000166068   -0.000267315   -0.000277412   -0.000281365        6.97757        7.10458        7.16873         6.9916        1.03983        1.01001        1.02993        1.00991        1.01375       0.981161       0.964085       0.951954       0.975339       0.987161        1.01145       0.951954           1.05
        2.52001   -0.000161159   -0.000283211   -0.000271939   -0.000277716        6.98573        7.09731        7.16817        6.99038        1.03981        1.01002        1.02993        1.00991        1.01371       0.981127       0.964044       0.951903       0.975326       0.987157        1.01144       0.951903           1.05
        2.54001    -0.00015773   -0.000297691   -0.000266374    -0.00027384        6.99482        7.08885        7.16791        6.98932        1.03981        1.01003        1.02993        1.00991        1.01368       0.981097       0.964007       0.951862       0.975316       0.987153        1.01144       0.951862           1.05
        2.56001   -0.000155919   -0.000310573   -0.000260773   -0.000269767        7.00462        7.07944        7.16792        6.98843         1.0398        1.01004        1.02993        1.00991        1.01365       0.981069       0.963975       0.951831       0.975309       0.987152        1.01144       0.951831           1.05
        2.58001   -0.000155829   -0.000321711   -0.000255186   -0.000265533        7.01493        7.06929        7.16821        6.98773        1.03981        1.01004        1.02993        1.00992        1.01362       0.981044        0.96395        0.95181       0.975305       0.987151        1.01144        0.95181           1.05
        2.60001   -0.000157522   -0.000331003   -0.000249662   -0.000261172         7.0255        7.05865        7.16875        6.98721        1.03982        1.01005        1.02993        1.00992         1.0136       0.981024       0.963931       0.951799       0.975304       0.987152        1.01144       0.951799           1.05
        2.62001   -0.000161024   -0.000338385   -0.000244246   -0.000256718        7.03613        7.04775        7.16953        6.98688        1.03984        1.01006        1.02993        1.00993        1.01359       0.981008       0.963918       0.951798       0.975306       0.987153        1.01144       0.951798           1.05
        2.64001   -0.000166321   -0.000343838   -0.000238981   -0.000252207        7.04659        7.03684        7.17052        6.98674        1.03987        1.01006        1.02994        1.00993        1.01358       0.980998       0.963913       0.951808        0.97531       0.987157        1.01144       0.951808           1.05
        2.66001   -0.000173362   -0.000347381   -0.000233905   -0.000247676        7.05668        7.02614        7.17172         6.9868         1.0399        1.01007        1.02994        1.00994        1.01358       0.980994       0.963916       0.951828       0.975318       0.987161        1.01144       0.951828           1.05
        2.68001    -0.00018206   -0.000349074   -0.000229053    -0.00024316        7.06617        7.01588        7.17309        6.98705        1.03994        1.01007        1.02994        1.00995        1.01358       0.980996       0.963927       0.951859       0.975329       0.987166        1.01145       0.951859           1.05
        2.70001   -0.000192294   -0.000349014   -0.000224457   -0.000238696        7.07489        7.00627        7.17463        6.98749        1.03998        1.01008        1.02995        1.00995         1.0136       0.981005       0.963947         0.9519       0.975342       0.987173        1.01145         0.9519           1.05
        2.72002   -0.000203912    -0.00034733   -0.000220146   -0.000234322        7.08267        6.99748        7.17632        6.98814        1.04003        1.01009        1.02995        1.00996        1.01362       0.981021       0.963975       0.951952       0.975359       0.987181        1.01145       0.951952           1.05
        2.74002   -0.000216736   -0.000344181   -0.000216144   -0.000230073        7.08936        6.98967        7.17813        6.98899        1.04008         1.0101        1.02996        1.00997        1.01365       0.981045       0.964013       0.952013       0.975378       0.987191        1.01146       0.952013           1.05
        2.76002   -0.000230565   -0.000339751   -0.000212474   -0.000225987        7.09484        6.98299        7.18006        6.99004        1.04014        1.01011        1.02996        1.00998        1.01368       0.981077        0.96406       0.952084         0.9754       0.987201        1.01146       0.952084           1.05
        2.78002   -0.000245177   -0.000334246   -0.000209155   -0.000222099        7.09902        6.97752        7.18208        6.99128        1.04019        1.01013        1.02997        1.00999        1.01372       0.981116       0.964115       0.952165       0.975424       0.987213        1.01146       0.952165           1.05
        2.80002    -0.00026034   -0.000327884   -0.000206202   -0.000218444        7.10182        6.97334        7.18419        6.99271        1.04025        1.01014        1.02997           1.01        1.01377       0.981163       0.964179       0.952254       0.975452       0.987226        1.01147       0.952254           1.05
        2.82002   -0.000275811   -0.000320894    -0.00020363   -0.000215058         7.1032        6.97051        7.18636        6.99433         1.0403        1.01016        1.02998           1.01        1.01383       0.981217        0.96425       0.952352       0.975481       0.987239        1.01147       0.952352           1.05
        2.84002   -0.000291343    -0.00031351    -0.00020145   -0.000211973        7.10316        6.96901         7.1886        6.99613        1.04035        1.01018        1.02998        1.01001        1.01388       0.981277        0.96433       0.952458       0.975512       0.987253        1.01148       0.952458           1.05
        2.86002    -0.00030669   -0.000305962   -0.000199671   -0.000209222        7.10171        6.96884        7.19088        6.99811        1.04041        1.01021        1.02999        1.01002        1.01394       0.981343       0.964416       0.952571       0.975545       0.987268        1.01148       0.952571           1.05
        2.88002   -0.000321611   -0.000298475   -0.000198299   -0.000206835         7.0989        6.96994        7.19319        7.00024        1.04045        1.01023        1.02999        1.01003        1.01401       0.981415       0.964508        0.95269       0.975579       0.987284        1.01149        0.95269           1.05
        2.90002   -0.000335878   -0.000291265   -0.000197341    -0.00020484        7.09479        6.97225        7.19554        7.00254         1.0405        1.01025           1.03        1.01004        1.01407        0.98149       0.964605       0.952815       0.975615       0.987299        1.01149       0.952815           1.05
        2.92002   -0.000349276    -0.00028453   -0.000196799   -0.000203263        7.08949        6.97565        7.19791        7.00496        1.04053        1.01028           1.03        1.01005        1.01414       0.981569       0.964707       0.952945       0.975652       0.987315         1.0115       0.952945           1.05
        2.94003    -0.00036161   -0.000278447   -0.000196677   -0.000202127        7.08312        6.98002        7.20029        7.00752        1.04057         1.0103           1.03        1.01005         1.0142        0.98165       0.964811       0.953078       0.975689        0.98733         1.0115       0.953078           1.05
        2.96003   -0.000372707   -0.000273172   -0.000196975   -0.000201452         7.0758        6.98522        7.20268        7.01018        1.04059        1.01033        1.03001        1.01006        1.01427       0.981733       0.964917       0.953214       0.975726       0.987346         1.0115       0.953214           1.05
        2.98003   -0.000382419   -0.000268836   -0.000197694   -0.000201257        7.06769        6.99111        7.20507        7.01293        1.04061        1.01035        1.03001        1.01006        1.01433       0.981816       0.965025       0.953352       0.975764        0.98736        1.01151       0.953352           1.05
        3.00003   -0.000390626    -0.00026554   -0.000198832   -0.000201555        7.05895        6.99751        7.20746        7.01576        1.04062        1.01037        1.03001        1.01007        1.01438       0.981899       0.965132       0.953491       0.975801       0.987375        1.01151       0.953491           1.05
        3.02003   -0.000397238   -0.000263356   -0.000200389   -0.000202355        7.04977        7.00425        7.20985        7.01864        1.04062         1.0104        1.03001        1.01007        1.01443        0.98198       0.965238        0.95363       0.975838       0.987388        1.01151        0.95363           1.05
        3.04003   -0.000402194   -0.000262327    -0.00020236   -0.000203666        7.04031        7.01115        7.21222        7.02155        1.04062        1.01041        1.03001        1.01007        1.01448       0.982058       0.965343       0.953769       0.975873       0.987401        1.01151       0.953769           1.05
        3.06003   -0.000405466   -0.000262466   -0.000204743   -0.000205491        7.03077        7.01805        7.21458        7.02448        1.04061        1.01043        1.03001        1.01008        1.01452       0.982134       0.965444       0.953905       0.975908       0.987413        1.01151       0.953905           1.05
        3.08003   -0.000407058   -0.000263754   -0.000207533   -0.000207828         7.0213        7.02478        7.21692         7.0274        1.04059        1.01045        1.03001        1.01008        1.01456       0.982206       0.965542       0.954039       0.975942       0.987424        1.01151       0.954039           1.05
        3.10003   -0.000407001   -0.000266148   -0.000210725   -0.000210673         7.0121        7.03118        7.21923         7.0303        1.04057        1.01046        1.03001        1.01008        1.01459       0.982273       0.965635       0.954169       0.975975       0.987434        1.01151       0.954169           1.05
        3.12003   -0.000405358   -0.000269576   -0.000214311   -0.000214018        7.00332         7.0371        7.22151        7.03315        1.04054        1.01047        1.03001        1.01008        1.01462       0.982336       0.965723       0.954296       0.976005       0.987444        1.01151       0.954296           1.05
        3.14003   -0.000402217   -0.000273942   -0.000218285    -0.00021785         6.9951        7.04241        7.22376        7.03592         1.0405        1.01048        1.03001        1.01008        1.01463       0.982393       0.965806       0.954417       0.976035       0.987452        1.01151       0.954417           1.05
        3.16004    -0.00039769   -0.000279131   -0.000222636   -0.000222153        6.98758          7.047        7.22595        7.03861        1.04047        1.01048           1.03        1.01008        1.01465       0.982443       0.965882       0.954532       0.976062       0.987459        1.01151       0.954532           1.05
        3.18004   -0.000391912   -0.000285006   -0.000227355   -0.000226908        6.98088        7.05076        7.22809        7.04118        1.04043        1.01048           1.03        1.01008        1.01465       0.982488       0.965951       0.954641       0.976087       0.987465         1.0115       0.954641           1.05
        3.20004   -0.000385033    -0.00029142   -0.000232429    -0.00023209        6.97508        7.05363        7.23017        7.04362        1.04039        1.01048           1.03        1.01008        1.01465       0.982526       0.966013       0.954744        0.97611        0.98747         1.0115       0.954744           1.05
        3.22004   -0.000377222   -0.000298211   -0.000237845   -0.000237672        6.97027        7.05555        7.23218        7.04591        1.04034        1.01047           1.03        1.01007        1.01465       0.982557       0.966067       0.954838       0.976131       0.987474         1.0115       0.954838           1.05
        3.24004   -0.000368653   -0.000305212   -0.000243587   -0.000243624         6.9665        7.05649         7.2341        7.04803         1.0403        1.01047           1.03        1.01007        1.01464       0.982582       0.966114       0.954924        0.97615       0.987477        1.01149       0.954924           1.05
        3.26004   -0.000359511   -0.000312253   -0.000249637   -0.000249912        6.96379        7.05645        7.23593        7.04997        1.04026        1.01045           1.03        1.01007        1.01462       0.982599       0.966152       0.955001       0.976166       0.987479        1.01149       0.955001           1.05
        3.28004   -0.000349983   -0.000319167   -0.000255974   -0.000256501        6.96214        7.05544        7.23764        7.05171        1.04022        1.01044        1.02999        1.01007        1.01461       0.982609       0.966182       0.955069       0.976179       0.987479        1.01149       0.955069           1.05
        3.30004   -0.000340252   -0.000325789   -0.000262577   -0.000263352        6.96156         7.0535        7.23924        7.05324        1.04018        1.01042        1.02999        1.01006        1.01458       0.982613       0.966204       0.955127        0.97619       0.987479        1.01148       0.955127           1.05
        3.32004     -0.0003305   -0.000331963   -0.000269421   -0.000270424        6.96198        7.05068         7.2407        7.05455        1.04014         1.0104        1.02999        1.01006        1.01456       0.982609       0.966217       0.955176       0.976198       0.987477        1.01148       0.955176           1.05
        3.34004   -0.000320899   -0.000337546   -0.000276479   -0.000277674        6.96338        7.04707        7.24201        7.05563         1.0401        1.01037        1.02999        1.01005        1.01453       0.982599       0.966222       0.955213       0.976204       0.987475        1.01147       0.955213           1.05
        3.36004    -0.00031161    -0.00034241   -0.000283721   -0.000285059        6.96567        7.04275        7.24316        7.05647        1.04007        1.01035        1.02999        1.01005         1.0145       0.982582       0.966218       0.955241       0.976206       0.987471        1.01147       0.955241           1.05
        3.38005   -0.000302781   -0.000346444   -0.000291116   -0.000292535        6.96876        7.03783        7.24414        7.05707        1.04004        1.01032        1.02999        1.01004        1.01447       0.982559       0.966206       0.955257       0.976206       0.987467        1.01147       0.955257           1.05
        3.40005   -0.000294542   -0.000349555    -0.00029863   -0.000300057        6.97256        7.03244        7.24493        7.05743        1.04002        1.01029        1.02999        1.01004        1.01443       0.982531       0.966187       0.955263       0.976204       0.987461        1.01146       0.955263           1.05
        3.42005   -0.000287006   -0.000351674   -0.000306226   -0.000307578        6.97696         7.0267        7.24552        7.05754        1.03999        1.01025        1.02999        1.01003         1.0144       0.982497        0.96616       0.955258       0.976198       0.987455        1.01146       0.955258           1.05
        3.44005   -0.000280268   -0.000352755   -0.000313866   -0.000315054        6.98184        7.02073         7.2459        7.05741        1.03998        1.01022        1.02999        1.01003        1.01436       0.982458       0.966126       0.955243       0.976191       0.987448        1.01146       0.955243           1.05
        3.46005   -0.000274397   -0.000352774    -0.00032151    -0.00032244        6.98709        7.01469        7.24606        7.05704        1.03996        1.01018        1.02999        1.01002        1.01433       0.982416       0.966086       0.955217        0.97618       0.987441        1.01145       0.955217           1.05
        3.48005   -0.000269447    -0.00035173   -0.000329117   -0.000329693        6.99256        7.00871        7.24599        7.05643        1.03995        1.01014        1.02999        1.01002        1.01429        0.98237       0.966039        0.95518       0.976168       0.987433        1.01145        0.95518           1.05
        3.50005   -0.000265446   -0.000349649   -0.000336644    -0.00033677        6.99816        7.00291        7.24569         7.0556        1.03995        1.01011        1.02999        1.01001        1.01426        0.98232       0.965987       0.955134       0.976153       0.987425        1.01145       0.955134           1.05
        3.52005   -0.000262403   -0.000346575   -0.000344047   -0.000343631        7.00375        6.99743        7.24515        7.05455        1.03995        1.01007        1.02999        1.01001        1.01422       0.982269        0.96593       0.955079       0.976136       0.987416        1.01145       0.955079           1.05
        3.54005   -0.000260306   -0.000342575   -0.000351282   -0.000350236        7.00922        6.99239        7.24436        7.05329        1.03995        1.01003        1.02999           1.01        1.01419       0.982215       0.965868       0.955014       0.976117       0.987407        1.01145       0.955014           1.05
        3.56005   -0.000259125   -0.000337736   -0.000358303    -0.00035655        7.01447        6.98788        7.24333        7.05183        1.03996           1.01        1.02999           1.01        1.01417        0.98216       0.965803        0.95494       0.976096       0.987398        1.01144        0.95494           1.05
        3.58006   -0.000258812   -0.000332162   -0.000365067   -0.000362538        7.01941        6.98401        7.24205        7.05019        1.03996        1.00997        1.02999        1.00999        1.01414       0.982104       0.965734       0.954859       0.976074       0.987388        1.01144       0.954859           1.05
        3.60006   -0.000259305   -0.000325971   -0.000371529   -0.000368167        7.02394        6.98086        7.24053        7.04838        1.03998        1.00993           1.03        1.00999        1.01411       0.982048       0.965663       0.954769        0.97605       0.987379        1.01144       0.954769           1.05
        3.62006   -0.000260526   -0.000319293   -0.000377646   -0.000373408          7.028        6.97848        7.23877        7.04641        1.03999         1.0099           1.03        1.00998        1.01409       0.981993        0.96559       0.954673       0.976024       0.987369        1.01144       0.954673           1.05
        3.64006   -0.000262387   -0.000312267   -0.000383376   -0.000378236        7.03152        6.97692        7.23679        7.04431           1.04        1.00988           1.03        1.00998        1.01407       0.981937       0.965515       0.954571       0.975997       0.987359        1.01145       0.954571           1.05
        3.66006   -0.000264792   -0.000305041   -0.000388681   -0.000382627        7.03447        6.97622        7.23459        7.04208        1.04002        1.00985           1.03        1.00997        1.01405       0.981883       0.965439       0.954462       0.975969        0.98735        1.01145       0.954462           1.05
        3.68006   -0.000267638   -0.000297761   -0.000393522    -0.00038656        7.03683        6.97636        7.23219        7.03974        1.04004        1.00983           1.03        1.00997        1.01404        0.98183       0.965362       0.954349        0.97594        0.98734        1.01145       0.954349           1.05
        3.70006    -0.00027082   -0.000290576   -0.000397864   -0.000390018        7.03856        6.97737         7.2296        7.03732        1.04005        1.00981           1.03        1.00996        1.01402       0.981778       0.965284       0.954231        0.97591        0.98733        1.01145       0.954231           1.05
        3.72006   -0.000274231    -0.00028363   -0.000401676    -0.00039299        7.03968        6.97919        7.22684        7.03483        1.04007        1.00979           1.03        1.00996        1.01401       0.981727       0.965207        0.95411        0.97588        0.98732        1.01145        0.95411           1.05
        3.74006   -0.000277767   -0.000277063    -0.00040493   -0.000395462        7.04021        6.98179        7.22393        7.03228        1.04009        1.00978           1.03        1.00996          1.014       0.981679        0.96513       0.953985       0.975848        0.98731        1.01145       0.953985           1.05
        3.76006   -0.000281326   -0.000271002   -0.000407601    -0.00039743        7.04016        6.98512        7.22089        7.02969         1.0401        1.00977           1.03        1.00995        1.01399       0.981632       0.965053       0.953858       0.975817         0.9873        1.01145       0.953858           1.05
        3.78006   -0.000284814   -0.000265566   -0.000409671   -0.000398888         7.0396        6.98909        7.21774        7.02708        1.04011        1.00976           1.03        1.00995        1.01398       0.981587       0.964978        0.95373       0.975785       0.987291        1.01146        0.95373           1.05
        3.80007   -0.000288146   -0.000260861   -0.000411122   -0.000399835        7.03856        6.99363        7.21451        7.02447        1.04013        1.00976           1.03        1.00994        1.01397       0.981544       0.964904       0.953601       0.975753       0.987281        1.01146       0.953601           1.05
        3.82007   -0.000291245   -0.000256974   -0.000411944   -0.000400274        7.03712        6.99865        7.21123        7.02187        1.04014        1.00976           1.03        1.00994        1.01397       0.981502       0.964831       0.953472       0.975721       0.987272        1.01146       0.953472           1.05
        3.84007   -0.000294047   -0.000253979   -0.000412131   -0.000400208        7.03533        7.00405        7.20791        7.01929        1.04014        1.00976           1.03        1.00994        1.01396       0.981463        0.96476       0.953344       0.975689       0.987263        1.01146       0.953344           1.05
        3.86007   -0.000296502   -0.000251929   -0.000411682   -0.000399646        7.03329        7.00971        7.20459        7.01675        1.04015        1.00976           1.03        1.00993        1.01395       0.981425       0.964691       0.953217       0.975657       0.987254        1.01146       0.953217           1.05
        3.88007   -0.000298569   -0.000250861   -0.000410601   -0.000398598        7.03106        7.01553         7.2013        7.01427        1.04015        1.00977           1.03        1.00993        1.01394        0.98139       0.964624       0.953093       0.975627       0.987245        1.01146       0.953093           1.05
        3.90007   -0.000300227    -0.00025079   -0.000408897   -0.000397076        7.02873        7.02141        7.19806        7.01185        1.04015        1.00977        1.02999        1.00993        1.01393       0.981357       0.964559       0.952972       0.975597       0.987237        1.01146       0.952972           1.05
        3.92007   -0.000301466   -0.000251716   -0.000406583   -0.000395094        7.02639        7.02723         7.1949        7.00951        1.04015        1.00978        1.02999        1.00993        1.01392       0.981325       0.964498       0.952854       0.975568       0.987229        1.01146       0.952854           1.05
        3.94007   -0.000302289   -0.000253616   -0.000403679   -0.000392671        7.02411        7.03288        7.19184        7.00727        1.04015         1.0098        1.02999        1.00992        1.01391       0.981296       0.964439       0.952741        0.97554       0.987221        1.01146       0.952741           1.05
        3.96007   -0.000302715   -0.000256453   -0.000400208   -0.000389824        7.02197        7.03828        7.18892        7.00512        1.04015        1.00981        1.02998        1.00992        1.01391       0.981269       0.964384       0.952634       0.975514       0.987214        1.01146       0.952634           1.05
        3.98007   -0.000302774   -0.000260172   -0.000396197   -0.000386576        7.02003        7.04332        7.18614        7.00309        1.04014        1.00982        1.02998        1.00992         1.0139       0.981244       0.964332       0.952532       0.975489       0.987207        1.01146       0.952532           1.05
        4.00007   -0.000302507   -0.000264702   -0.000391678    -0.00038295        7.01836        7.04793        7.18354        7.00117        1.04013        1.00984        1.02998        1.00992        1.01389       0.981221       0.964284       0.952436       0.975466       0.987202        1.01146       0.952436           1.05
        4.02007   -0.000301967   -0.000269961   -0.000386686   -0.000378968        7.01701        7.05203        7.18113        6.99938        1.04013        1.00986        1.02998        1.00992        1.01387         0.9812        0.96424       0.952348       0.975445       0.987196        1.01147       0.952348           1.05
        4.04007   -0.000301213   -0.000275855   -0.000381262   -0.000374658        7.01604        7.05555        7.17894        6.99773        1.04012        1.00988        1.02997        1.00992        1.01386       0.981182         0.9642       0.952267       0.975425       0.987191        1.01146       0.952267           1.05
        4.06007   -0.000300312   -0.000282279   -0.000375447   -0.000370045        7.01546        7.05847        7.17697        6.99623        1.04011         1.0099        1.02997        1.00992        1.01385       0.981166       0.964165       0.952194       0.975408       0.987188        1.01146       0.952194           1.05
        4.08007   -0.000299335   -0.000289122   -0.000369285   -0.000365159        7.01532        7.06073        7.17525        6.99487         1.0401        1.00991        1.02997        1.00992        1.01384       0.981153       0.964134        0.95213       0.975393       0.987184        1.01146        0.95213           1.05
        4.10007   -0.000298358   -0.000296269   -0.000362824   -0.000360028        7.01561        7.06232        7.17377        6.99367         1.0401        1.00994        1.02996        1.00992        1.01384       0.981142       0.964108       0.952074        0.97538       0.987182        1.01146       0.952074           1.05
        4.12007   -0.000297456   -0.000303602   -0.000356111   -0.000354682        7.01634        7.06323        7.17257        6.99262        1.04009        1.00996        1.02996        1.00993        1.01383       0.981134       0.964087       0.952028        0.97537        0.98718        1.01146       0.952028           1.05
        4.14006   -0.000296703   -0.000311003   -0.000349197   -0.000349152        7.01749        7.06345        7.17163        6.99174        1.04009        1.00998        1.02996        1.00993        1.01382       0.981129       0.964071       0.951991       0.975362       0.987179        1.01146       0.951991           1.05
        4.16006    -0.00029617   -0.000318354   -0.000342134   -0.000343471        7.01906        7.06302        7.17096        6.99103        1.04009           1.01        1.02996        1.00993        1.01382       0.981126       0.964061       0.951964       0.975357       0.987179        1.01146       0.951964           1.05
        4.18006   -0.000295924   -0.000325545   -0.000334972    -0.00033767        7.02099        7.06196        7.17057        6.99049        1.04008        1.01002        1.02995        1.00994        1.01381       0.981127       0.964056       0.951947       0.975354        0.98718        1.01146       0.951947           1.05
        4.20006   -0.000296026   -0.000332471   -0.000327763   -0.000331782        7.02326        7.06031        7.17044        6.99012        1.04009        1.01004        1.02995        1.00994        1.01381       0.981131       0.964056        0.95194       0.975354       0.987182        1.01146        0.95194           1.05
        4.22006   -0.000296528   -0.000339034   -0.000320557    -0.00032584         7.0258        7.05813        7.17059        6.98993        1.04009        1.01006        1.02995        1.00994        1.01381       0.981138       0.964062       0.951942       0.975357       0.987185        1.01146       0.951942           1.05
        4.24006   -0.000297472   -0.000345147   -0.000313403   -0.000319877        7.02858        7.05547          7.171        6.98992        1.04009        1.01008        1.02995        1.00995        1.01381       0.981149       0.964074       0.951955       0.975362       0.987188        1.01146       0.951955           1.05
        4.26006   -0.000298892   -0.000350733    -0.00030635   -0.000313928        7.03152         7.0524        7.17167        6.99009         1.0401         1.0101        1.02995        1.00995        1.01382       0.981163       0.964092       0.951978        0.97537       0.987192        1.01146       0.951978           1.05
        4.28005   -0.000300808    -0.00035573   -0.000299443   -0.000308025        7.03455        7.04898        7.17258        6.99043        1.04011        1.01012        1.02995        1.00996        1.01382        0.98118       0.964115        0.95201        0.97538       0.987197        1.01147        0.95201           1.05
        4.30005   -0.000303231   -0.000360086   -0.000292728   -0.000302201        7.03761        7.04531        7.17373        6.99095        1.04012        1.01014        1.02995        1.00996        1.01383       0.981201       0.964144       0.952051       0.975392       0.987203        1.01147       0.952051           1.05
        4.32005   -0.000306158   -0.000363762   -0.000286246   -0.000296489        7.04064        7.04146         7.1751        6.99165        1.04013        1.01016        1.02995        1.00997        1.01384       0.981225       0.964179       0.952102       0.975407        0.98721        1.01147       0.952102           1.05
        4.34005   -0.000309574   -0.000366736   -0.000280038   -0.000290922        7.04355         7.0375        7.17668        6.99252        1.04015        1.01018        1.02996        1.00998        1.01386       0.981253       0.964219       0.952162       0.975425       0.987218        1.01147       0.952162           1.05
        4.36005   -0.000313455   -0.000368998    -0.00027414    -0.00028553        7.04629        7.03351        7.17845        6.99356        1.04017         1.0102        1.02996        1.00998        1.01388       0.981285       0.964264        0.95223       0.975444       0.987226        1.01147        0.95223           1.05
        4.38005   -0.000317764    -0.00037055   -0.000268586   -0.000280345        7.04879        7.02957         7.1804        6.99476        1.04018        1.01021        1.02996        1.00999         1.0139        0.98132       0.964315       0.952307       0.975466       0.987235        1.01147       0.952307           1.05
        4.40005   -0.000322452   -0.000371407   -0.000263406   -0.000275397        7.05098        7.02576        7.18251        6.99613         1.0402        1.01023        1.02996        1.00999        1.01392       0.981358       0.964371       0.952391       0.975489       0.987244        1.01147       0.952391           1.05
        4.42004   -0.000327462   -0.000371599   -0.000258628   -0.000270716        7.05282        7.02213        7.18476        6.99765        1.04022        1.01025        1.02996           1.01        1.01395         0.9814       0.964432       0.952482       0.975515       0.987254        1.01147       0.952482           1.05
        4.44004   -0.000332729   -0.000371163   -0.000254275   -0.000266329        7.05427        7.01874        7.18713        6.99932        1.04024        1.01026        1.02997        1.01001        1.01398       0.981444       0.964497        0.95258       0.975542       0.987265        1.01147        0.95258           1.05
        4.46004    -0.00033818   -0.000370147   -0.000250367   -0.000262262        7.05527        7.01565        7.18961        7.00114        1.04027        1.01028        1.02997        1.01001        1.01401       0.981492       0.964566       0.952684        0.97557       0.987276        1.01148       0.952684           1.05
        4.48004   -0.000343735   -0.000368608   -0.000246923    -0.00025854        7.05581        7.01291        7.19217        7.00309        1.04029        1.01029        1.02997        1.01002        1.01404       0.981542       0.964639       0.952793         0.9756       0.987287        1.01148       0.952793           1.05
        4.50004   -0.000349312   -0.000366607   -0.000243956   -0.000255186        7.05585        7.01053        7.19481        7.00516        1.04031        1.01031        1.02997        1.01003        1.01407       0.981595       0.964715       0.952907       0.975631       0.987299        1.01148       0.952907           1.05
        4.52004   -0.000354825   -0.000364213   -0.000241477   -0.000252222         7.0554        7.00854         7.1975        7.00734        1.04033        1.01032        1.02998        1.01003        1.01411       0.981649       0.964794       0.953025       0.975663       0.987311        1.01148       0.953025           1.05
        4.54004   -0.000360187   -0.000361496   -0.000239492   -0.000249666        7.05445        7.00697        7.20022        7.00962        1.04034        1.01033        1.02998        1.01004        1.01414       0.981705       0.964876       0.953146       0.975695       0.987323        1.01148       0.953146           1.05
        4.56003   -0.000365313   -0.000358529   -0.000238006   -0.000247535        7.05301         7.0058        7.20297        7.01199        1.04036        1.01035        1.02998        1.01004        1.01418       0.981762       0.964959        0.95327       0.975728       0.987335        1.01149        0.95327           1.05
        4.58003   -0.000370119   -0.000355382    -0.00023702   -0.000245842        7.05109        7.00505        7.20571        7.01444        1.04038        1.01036        1.02999        1.01005        1.01422        0.98182       0.965043       0.953396       0.975761       0.987347        1.01149       0.953396           1.05
        4.60003   -0.000374526   -0.000352127   -0.000236532   -0.000244599        7.04872        7.00469        7.20845        7.01695        1.04039        1.01037        1.02999        1.01005        1.01425       0.981878       0.965128       0.953522       0.975794       0.987359        1.01149       0.953522           1.05
        4.62003    -0.00037846   -0.000348829   -0.000236537   -0.000243814        7.04593         7.0047        7.21115        7.01949         1.0404        1.01038        1.02999        1.01005        1.01429       0.981936       0.965212       0.953648       0.975827       0.987371        1.01149       0.953648           1.05
        4.64003   -0.000381855    -0.00034555   -0.000237028   -0.000243495        7.04278        7.00506        7.21382        7.02207        1.04041        1.01039           1.03        1.01006        1.01432       0.981994       0.965297       0.953774        0.97586       0.987382        1.01149       0.953774           1.05
        4.66003    -0.00038465   -0.000342348   -0.000237994   -0.000243642         7.0393        7.00572        7.21643        7.02467        1.04042        1.01039           1.03        1.01006        1.01436        0.98205       0.965379       0.953899       0.975892       0.987393        1.01149       0.953899           1.05
        4.68003   -0.000386797   -0.000339273   -0.000239424   -0.000244256        7.03555        7.00665        7.21897        7.02725        1.04042         1.0104           1.03        1.01006        1.01439       0.982105        0.96546       0.954021       0.975923       0.987403        1.01149       0.954021           1.05
        4.70002   -0.000388256   -0.000336365   -0.000241303   -0.000245334         7.0316        7.00779        7.22144        7.02982        1.04042         1.0104           1.03        1.01007        1.01442       0.982157       0.965539        0.95414       0.975954       0.987413        1.01149        0.95414           1.05
        4.72002   -0.000388997   -0.000333661   -0.000243615   -0.000246867        7.02749        7.00911        7.22381        7.03234        1.04042         1.0104           1.03        1.01007        1.01444       0.982208       0.965614       0.954256       0.975983       0.987422        1.01149       0.954256           1.05
        4.74002   -0.000389002   -0.000331186   -0.000246341   -0.000248847         7.0233        7.01056        7.22609        7.03481        1.04041         1.0104           1.03        1.01007        1.01447       0.982255       0.965686       0.954367        0.97601       0.987431        1.01149       0.954367           1.05
        4.76002   -0.000388265   -0.000328957   -0.000249461    -0.00025126        7.01909        7.01207        7.22826        7.03721         1.0404         1.0104           1.03        1.01007        1.01449       0.982299       0.965753       0.954473       0.976036       0.987438        1.01149       0.954473           1.05
        4.78002   -0.000386788   -0.000326982   -0.000252953    -0.00025409        7.01493        7.01361        7.23031        7.03951        1.04039         1.0104        1.03001        1.01007        1.01451       0.982339       0.965816       0.954573        0.97606       0.987445        1.01149       0.954573           1.05
        4.80002   -0.000384586    -0.00032526   -0.000256793   -0.000257318        7.01087        7.01511        7.23223        7.04171        1.04038        1.01039        1.03001        1.01007        1.01452       0.982376       0.965874       0.954667       0.976083       0.987451        1.01149       0.954667           1.05
        4.82002   -0.000381685   -0.000323783   -0.000260957   -0.000260922        7.00698        7.01655        7.23402        7.04379        1.04036        1.01039        1.03001        1.01007        1.01453       0.982408       0.965927       0.954754       0.976103       0.987456        1.01149       0.954754           1.05
        4.84001   -0.000378121   -0.000322534   -0.000265418   -0.000264876        7.00331        7.01787        7.23567        7.04572        1.04034        1.01038        1.03001        1.01007        1.01454       0.982435       0.965973       0.954833       0.976121        0.98746        1.01149       0.954833           1.05
        4.86001   -0.000373938   -0.000321491   -0.000270149   -0.000269154        6.99992        7.01904        7.23718        7.04751        1.04033        1.01037        1.03001        1.01007        1.01454       0.982458       0.966014       0.954904       0.976137       0.987463        1.01149       0.954904           1.05
        4.88001   -0.000369188   -0.000320625   -0.000275122   -0.000273724        6.99684        7.02002        7.23853        7.04913        1.04031        1.01036        1.03001        1.01006        1.01454       0.982476       0.966048       0.954968       0.976151       0.987466        1.01149       0.954968           1.05
        4.90001   -0.000363932   -0.000319902   -0.000280307   -0.000278554        6.99411         7.0208        7.23972        7.05057        1.04028        1.01034        1.03001        1.01006        1.01454       0.982488       0.966075       0.955022       0.976163       0.987467        1.01149       0.955022           1.05
        4.92001   -0.000358236   -0.000319284   -0.000285673   -0.000283611        6.99178        7.02135        7.24075        7.05183        1.04026        1.01033           1.03        1.01006        1.01453       0.982496       0.966096       0.955067       0.976171       0.987467        1.01148       0.955067           1.05
        4.94001   -0.000352171   -0.000318733    -0.00029119   -0.000288858        6.98985        7.02167        7.24161        7.05289        1.04024        1.01031           1.03        1.01005        1.01452       0.982498       0.966109       0.955103       0.976178       0.987467        1.01148       0.955103           1.05
        4.96001   -0.000345809   -0.000318207   -0.000296825   -0.000294257        6.98835        7.02174         7.2423        7.05374        1.04022        1.01029           1.03        1.01005        1.01451       0.982496       0.966116        0.95513       0.976182       0.987465        1.01148        0.95513           1.05
           4.98   -0.000339228   -0.000317664   -0.000302545    -0.00029977        6.98729        7.02157        7.24282        7.05438        1.04019        1.01027           1.03        1.01005         1.0145       0.982488       0.966116       0.955147       0.976183       0.987463        1.01148       0.955147           1.05
              5   -0.000332503   -0.000317064   -0.000308318   -0.000305357        6.98666        7.02117        7.24315        7.05481        1.04017        1.01025           1.03        1.01004        1.01448       0.982475       0.966109       0.955154       0.976182       0.987459        1.01147       0.955154           1.05
           5.02   -0.000325711   -0.000316369   -0.000314109   -0.000310978        6.98647        7.02055         7.2433        7.05502        1.04015        1.01022           1.03        1.01004        1.01446       0.982457       0.966095       0.955152       0.976179       0.987455        1.01147       0.955152           1.05
           5.04   -0.000318926   -0.000315541   -0.000319883   -0.000316593        6.98669        7.01972        7.24326        7.05502        1.04013         1.0102           1.03        1.01003        1.01444       0.982435       0.966074       0.955139       0.976173        0.98745        1.01147       0.955139           1.05
           5.06    -0.00031222   -0.000314551   -0.000325607   -0.000322161        6.98731        7.01873        7.24303        7.05479        1.04011        1.01017           1.03        1.01003        1.01441       0.982408       0.966047       0.955117       0.976164       0.987444        1.01147       0.955117           1.05
           5.08   -0.000305659   -0.000313371   -0.000331245   -0.000327642        6.98831        7.01759        7.24262        7.05435        1.04009        1.01015           1.03        1.01002        1.01439       0.982377       0.966013       0.955086       0.976153       0.987438        1.01146       0.955086           1.05
            5.1   -0.000299306    -0.00031198   -0.000336763   -0.000332998        6.98964        7.01634        7.24202        7.05369        1.04007        1.01012           1.03        1.01002        1.01436       0.982342       0.965974       0.955045        0.97614       0.987431        1.01146       0.955045           1.05
        5.11999   -0.000293218   -0.000310363   -0.000342127   -0.000338189        6.99129        7.01502        7.24124        7.05283        1.04006        1.01009           1.03        1.01001        1.01433       0.982303       0.965929       0.954996       0.976125       0.987423        1.01146       0.954996           1.05
        5.13999   -0.000287444   -0.000308512   -0.000347303   -0.000343179        6.99321        7.01366        7.24026        7.05177        1.04005        1.01007           1.03        1.01001         1.0143       0.982261       0.965878       0.954937       0.976107       0.987414        1.01146       0.954937           1.05
        5.15999   -0.000282028   -0.000306424   -0.000352257   -0.000347932        6.99535         7.0123        7.23911        7.05052        1.04003        1.01004           1.03           1.01        1.01427       0.982216       0.965823       0.954871       0.976088       0.987405        1.01146       0.954871           1.05
        5.17999   -0.000277007   -0.000304104   -0.000356958   -0.000352414        6.99769          7.011        7.23778        7.04908        1.04002        1.01002        1.02999           1.01        1.01424       0.982169       0.965763       0.954796       0.976067       0.987396        1.01145       0.954796           1.05
        5.19999   -0.000272408   -0.000301564   -0.000361374   -0.000356594        7.00016        7.00977        7.23628        7.04748        1.04002        1.00999        1.02999        1.00999        1.01421       0.982119       0.965699       0.954715       0.976044       0.987386        1.01145       0.954715           1.05
        5.21999   -0.000268252   -0.000298823   -0.000365474   -0.000360442        7.00274        7.00866        7.23461        7.04572        1.04001        1.00997        1.02999        1.00998        1.01418       0.982068       0.965631       0.954626       0.976019       0.987376        1.01145       0.954626           1.05
        5.23998   -0.000264553   -0.000295903    -0.00036923    -0.00036393        7.00537        7.00771        7.23279        7.04381        1.04001        1.00994        1.02999        1.00998        1.01415       0.982015       0.965561       0.954531       0.975993       0.987366        1.01145       0.954531           1.05
        5.25998   -0.000261316   -0.000292836   -0.000372613   -0.000367035        7.00802        7.00694        7.23081        7.04178           1.04        1.00992        1.02999        1.00997        1.01412       0.981961       0.965487        0.95443       0.975966       0.987355        1.01145        0.95443           1.05
        5.27998   -0.000258541   -0.000289656   -0.000375598   -0.000369734        7.01065        7.00638        7.22869        7.03963           1.04         1.0099        1.02999        1.00997         1.0141       0.981906       0.965412       0.954324       0.975938       0.987344        1.01145       0.954324           1.05
        5.29998    -0.00025622   -0.000286403    -0.00037816    -0.00037201        7.01322        7.00606        7.22644        7.03738           1.04        1.00988        1.02999        1.00996        1.01407       0.981851       0.965335       0.954214       0.975909       0.987334        1.01145       0.954214           1.05
        5.31998   -0.000254342   -0.000283117   -0.000380279   -0.000373847         7.0157        7.00599        7.22408        7.03504           1.04        1.00986        1.02999        1.00996        1.01404       0.981796       0.965257       0.954101       0.975879       0.987323        1.01145       0.954101           1.05
        5.33998   -0.000252886   -0.000279846   -0.000381934   -0.000375232        7.01807        7.00618         7.2216        7.03265        1.04001        1.00984        1.02999        1.00995        1.01402       0.981742       0.965178       0.953984       0.975849       0.987312        1.01145       0.953984           1.05
        5.35998   -0.000251832   -0.000276635   -0.000383109   -0.000376155         7.0203        7.00664        7.21904         7.0302        1.04001        1.00983        1.02999        1.00995          1.014       0.981689       0.965099       0.953865       0.975818       0.987302        1.01145       0.953865           1.05
        5.37997   -0.000251152   -0.000273531    -0.00038379   -0.000376608        7.02236        7.00739         7.2164        7.02771        1.04002        1.00982        1.02999        1.00995        1.01397       0.981636        0.96502       0.953744       0.975787       0.987291        1.01145       0.953744           1.05
        5.39997   -0.000250817    -0.00027058   -0.000383966    -0.00037659        7.02426        7.00839         7.2137         7.0252        1.04002        1.00981        1.02999        1.00994        1.01395       0.981585       0.964943       0.953622       0.975756       0.987281        1.01145       0.953622           1.05
        5.41997   -0.000250796   -0.000267828    -0.00038363   -0.000376099        7.02597        7.00965        7.21096         7.0227        1.04003         1.0098        1.02999        1.00994        1.01393       0.981536       0.964866       0.953501       0.975725       0.987271        1.01145       0.953501           1.05
        5.43997   -0.000251057   -0.000265318   -0.000382775   -0.000375138         7.0275        7.01115        7.20819         7.0202        1.04004         1.0098        1.02999        1.00994        1.01392       0.981489       0.964792        0.95338       0.975694       0.987261        1.01145        0.95338           1.05
        5.45997   -0.000251566    -0.00026309   -0.000381401   -0.000373713        7.02884        7.01288        7.20542        7.01774        1.04004        1.00979        1.02999        1.00993         1.0139       0.981444       0.964719       0.953261       0.975664       0.987252        1.01145       0.953261           1.05
        5.47997   -0.000252292   -0.000261178    -0.00037951   -0.000371831        7.02999         7.0148        7.20265        7.01533        1.04005        1.00979        1.02999        1.00993        1.01389       0.981401       0.964649       0.953144       0.975635       0.987244        1.01145       0.953144           1.05
        5.49997   -0.000253201   -0.000259614   -0.000377109   -0.000369504        7.03097        7.01689        7.19992        7.01297        1.04006        1.00979        1.02998        1.00993        1.01387       0.981361       0.964582       0.953029       0.975607       0.987235        1.01145       0.953029           1.05
        5.51996   -0.000254264   -0.000258424   -0.000374205   -0.000366745        7.03178        7.01912        7.19724        7.01068        1.04007         1.0098        1.02998        1.00993        1.01386       0.981324       0.964518       0.952918        0.97558       0.987228        1.01145       0.952918           1.05
        5.53996   -0.000255454   -0.000257628   -0.000370811   -0.000363571        7.03244        7.02144        7.19463        7.00848        1.04008         1.0098        1.02998        1.00992        1.01385        0.98129       0.964458       0.952812       0.975554       0.987221        1.01146       0.952812           1.05
        5.55996   -0.000256744   -0.000257239   -0.000366945   -0.000359998        7.03296        7.02384         7.1921        7.00638        1.04008        1.00981        1.02998        1.00992        1.01384       0.981259       0.964401        0.95271       0.975529       0.987214        1.01146        0.95271           1.05
        5.57996   -0.000258113   -0.000257264   -0.000362623   -0.000356048        7.03337        7.02625        7.18968        7.00439        1.04009        1.00982        1.02998        1.00992        1.01383       0.981231       0.964349       0.952614       0.975506       0.987208        1.01146       0.952614           1.05
        5.59996   -0.000259541   -0.000257704   -0.000357871   -0.000351744        7.03368        7.02866        7.18739        7.00252         1.0401        1.00983        1.02998        1.00992        1.01383       0.981206       0.964302       0.952524       0.975485       0.987203        1.01146       0.952524           1.05
        5.61996   -0.000261013   -0.000258552   -0.000352713   -0.000347109        7.03391        7.03102        7.18523        7.00078        1.04011        1.00984        1.02998        1.00992        1.01382       0.981185       0.964259       0.952441       0.975465       0.987199        1.01146       0.952441           1.05
        5.63996   -0.000262517   -0.000259797   -0.000347177   -0.000342169        7.03407         7.0333        7.18323        6.99917        1.04011        1.00986        1.02997        1.00992        1.01382       0.981167       0.964221       0.952365       0.975448       0.987195        1.01146       0.952365           1.05
        5.65995   -0.000264043    -0.00026142   -0.000341295   -0.000336951         7.0342        7.03545        7.18141        6.99771        1.04012        1.00988        1.02997        1.00993        1.01382       0.981153       0.964188       0.952296       0.975432       0.987192        1.01146       0.952296           1.05
        5.67995   -0.000265586   -0.000263396   -0.000335102   -0.000331485        7.03431        7.03745        7.17976         6.9964        1.04013        1.00989        1.02997        1.00993        1.01382       0.981143        0.96416       0.952236       0.975419        0.98719        1.01146       0.952236           1.05
        5.69995   -0.000267144   -0.000265695   -0.000328633     -0.0003258        7.03442        7.03927        7.17831        6.99525        1.04013        1.00991        1.02997        1.00993        1.01382       0.981136       0.964138       0.952184       0.975407       0.987188        1.01146       0.952184           1.05
        5.71995   -0.000268716   -0.000268283   -0.000321927   -0.000319926        7.03453        7.04087        7.17708        6.99426        1.04014        1.00993        1.02997        1.00993        1.01382       0.981132       0.964121       0.952141       0.975399       0.987188        1.01146       0.952141           1.05
        5.73995   -0.000270305    -0.00027112   -0.000315025   -0.000313895        7.03468        7.04225        7.17605        6.99344        1.04015        1.00995        1.02997        1.00994        1.01383       0.981132        0.96411       0.952106       0.975392       0.987188        1.01147       0.952106           1.05
        5.75995   -0.000271916   -0.000274165    -0.00030797   -0.000307739        7.03485        7.04337        7.17526        6.99279        1.04015        1.00997        1.02997        1.00994        1.01383       0.981136       0.964105       0.952081       0.975388       0.987189        1.01147       0.952081           1.05
        5.77995   -0.000273555   -0.000277371   -0.000300802   -0.000301491        7.03506        7.04423        7.17469        6.99232        1.04016           1.01        1.02997        1.00994        1.01384       0.981143       0.964105       0.952065       0.975386       0.987191        1.01147       0.952065           1.05
        5.79994   -0.000275228   -0.000280693   -0.000293567   -0.000295181        7.03531        7.04482        7.17435        6.99202        1.04017        1.01002        1.02996        1.00995        1.01385       0.981154       0.964111       0.952059       0.975387       0.987193        1.01147       0.952059           1.05
        5.81994   -0.000276942   -0.000284081   -0.000286306   -0.000288845        7.03561        7.04513        7.17426        6.99189        1.04017        1.01004        1.02996        1.00995        1.01386       0.981168       0.964123       0.952062        0.97539       0.987197        1.01147       0.952062           1.05
        5.83994   -0.000278704   -0.000287488   -0.000279065   -0.000282514        7.03595        7.04515        7.17439        6.99194        1.04018        1.01006        1.02996        1.00996        1.01387       0.981185        0.96414       0.952074       0.975395       0.987201        1.01147       0.952074           1.05
        5.85994   -0.000280521   -0.000290866   -0.000271886   -0.000276221        7.03633        7.04491        7.17476        6.99216        1.04019        1.01009        1.02996        1.00996        1.01388       0.981206       0.964162       0.952096       0.975403       0.987206        1.01147       0.952096           1.05
        5.87994   -0.000282398   -0.000294166   -0.000264811   -0.000269999        7.03674         7.0444        7.17536        6.99256         1.0402        1.01011        1.02996        1.00997        1.01389        0.98123        0.96419       0.952126       0.975413       0.987211        1.01147       0.952126           1.05
        5.89994   -0.000284339   -0.000297344   -0.000257884    -0.00026388        7.03716        7.04363        7.17618        6.99312         1.0402        1.01013        1.02996        1.00997        1.01391       0.981257       0.964223       0.952166       0.975425       0.987217        1.01147       0.952166           1.05
        5.91994   -0.000286345   -0.000300358   -0.000251145   -0.000257894        7.03759        7.04263        7.17722        6.99385        1.04021        1.01016        1.02996        1.00998        1.01392       0.981286       0.964261       0.952214        0.97544       0.987224        1.01147       0.952214           1.05
        5.93993   -0.000288416   -0.000303169   -0.000244632   -0.000252073        7.03802        7.04141        7.17847        6.99476        1.04022        1.01018        1.02996        1.00998        1.01394       0.981319       0.964303       0.952271       0.975456       0.987232        1.01148       0.952271           1.05
        5.95993    -0.00029055   -0.000305742   -0.000238384   -0.000246447        7.03841           7.04        7.17991        6.99581        1.04023         1.0102        1.02996        1.00999        1.01396       0.981354        0.96435       0.952335       0.975475        0.98724        1.01148       0.952335           1.05
        5.97993    -0.00029274   -0.000308044   -0.000232436   -0.000241042        7.03878        7.03842        7.18155        6.99702        1.04024        1.01022        1.02996        1.00999        1.01398       0.981391       0.964402       0.952407       0.975495       0.987248        1.01148       0.952407           1.05
        5.99993   -0.000294976   -0.000310051    -0.00022682   -0.000235888        7.03907         7.0367        7.18336        6.99837        1.04025        1.01024        1.02997           1.01          1.014       0.981431       0.964457       0.952486       0.975517       0.987257        1.01148       0.952486           1.05
        6.01993   -0.000297247    -0.00031174   -0.000221567   -0.000231009        7.03929        7.03486        7.18533        6.99986        1.04025        1.01026        1.02997           1.01        1.01402       0.981473       0.964516       0.952572       0.975541       0.987266        1.01148       0.952572           1.05
        6.03993   -0.000299538   -0.000313094   -0.000216704    -0.00022643        7.03941        7.03294        7.18744        7.00148        1.04026        1.01027        1.02997        1.01001        1.01404       0.981516       0.964578       0.952664       0.975565       0.987276        1.01148       0.952664           1.05
        6.05993    -0.00030183   -0.000314103   -0.000212256   -0.000222173        7.03942        7.03097        7.18968        7.00322        1.04027        1.01029        1.02997        1.01001        1.01407       0.981561       0.964644       0.952761       0.975592       0.987285        1.01148       0.952761           1.05
        6.07992   -0.000304102    -0.00031476   -0.000208245   -0.000218261        7.03931        7.02897        7.19204        7.00508        1.04028        1.01031        1.02997        1.01002        1.01409       0.981608       0.964711       0.952863       0.975619       0.987296        1.01148       0.952863           1.05
        6.09992   -0.000306331   -0.000315063    -0.00020469   -0.000214713        7.03905        7.02697        7.19449        7.00704        1.04029        1.01032        1.02997        1.01002        1.01412       0.981655       0.964782       0.952969       0.975647       0.987306        1.01148       0.952969           1.05
        6.11992   -0.000308491   -0.000315016   -0.000201605   -0.000211545        7.03864        7.02499        7.19703         7.0091         1.0403        1.01033        1.02997        1.01003        1.01414       0.981704       0.964853       0.953078       0.975676       0.987316        1.01148       0.953078           1.05
        6.13992   -0.000310555   -0.000314627   -0.000199003   -0.000208774        7.03807        7.02307        7.19963        7.01123        1.04031        1.01035        1.02998        1.01003        1.01417       0.981753       0.964927       0.953191       0.975706       0.987327        1.01148       0.953191           1.05
        6.15992   -0.000312495   -0.000313906   -0.000196893   -0.000206411        7.03733        7.02122        7.20226        7.01344        1.04031        1.01036        1.02998        1.01004         1.0142       0.981802       0.965001       0.953305       0.975735       0.987337        1.01148       0.953305           1.05
        6.17992    -0.00031428   -0.000312871    -0.00019528   -0.000204468        7.03641        7.01948        7.20494        7.01569        1.04032        1.01036        1.02998        1.01004        1.01422       0.981851       0.965076       0.953422       0.975766       0.987347        1.01148       0.953422           1.05
        6.19992   -0.000315882   -0.000311539   -0.000194167   -0.000202953        7.03532        7.01784        7.20761          7.018        1.04033        1.01037        1.02998        1.01004        1.01425         0.9819        0.96515       0.953539       0.975796       0.987357        1.01149       0.953539           1.05
        6.21991   -0.000317271   -0.000309932   -0.000193553   -0.000201871        7.03406        7.01633        7.21028        7.02033        1.04033        1.01038        1.02998        1.01005        1.01427       0.981949       0.965225       0.953655       0.975826       0.987367        1.01149       0.953655           1.05
        6.23991   -0.000318419   -0.000308075   -0.000193433   -0.000201227        7.03263        7.01495        7.21293        7.02268        1.04033        1.01038        1.02999        1.01005         1.0143       0.981996       0.965298       0.953772       0.975855       0.987377        1.01149       0.953772           1.05
        6.25991   -0.000319297   -0.000305991   -0.000193802   -0.000201019        7.03104        7.01373        7.21554        7.02503        1.04034        1.01039        1.02999        1.01005        1.01432       0.982043        0.96537       0.953886       0.975884       0.987386        1.01149       0.953886           1.05
        6.27991    -0.00031988   -0.000303708   -0.000194649   -0.000201247        7.02931        7.01265         7.2181        7.02737        1.04034        1.01039        1.02999        1.01006        1.01434       0.982087        0.96544       0.953999       0.975913       0.987395        1.01149       0.953999           1.05
        6.29991   -0.000320146   -0.000301252   -0.000195961   -0.000201906        7.02744        7.01172        7.22058        7.02968        1.04034        1.01039        1.02999        1.01006        1.01436        0.98213       0.965508       0.954109        0.97594       0.987403        1.01149       0.954109           1.05
        6.31991   -0.000320073   -0.000298651   -0.000197722   -0.000202988        7.02546        7.01095        7.22298        7.03195        1.04034        1.01039        1.02999        1.01006        1.01438       0.982172       0.965574       0.954215       0.975966       0.987411        1.01149       0.954215           1.05
        6.33991   -0.000319645    -0.00029593   -0.000199915   -0.000204483        7.02338        7.01033        7.22528        7.03417        1.04034        1.01038           1.03        1.01006         1.0144        0.98221       0.965636       0.954317       0.975992       0.987419        1.01149       0.954317           1.05
         6.3599   -0.000318848   -0.000293116   -0.000202519   -0.000206378        7.02123        7.00985        7.22746        7.03631        1.04033        1.01038           1.03        1.01006        1.01442       0.982246       0.965695       0.954415       0.976015       0.987425        1.01149       0.954415           1.05
         6.3799   -0.000317672   -0.000290232   -0.000205512   -0.000208659        7.01903         7.0095        7.22953        7.03837        1.04033        1.01037           1.03        1.01006        1.01443       0.982279        0.96575       0.954507       0.976038       0.987431        1.01149       0.954507           1.05
         6.3999    -0.00031611   -0.000287303   -0.000208868   -0.000211307         7.0168        7.00927        7.23146        7.04033        1.04032        1.01036           1.03        1.01006        1.01445       0.982309         0.9658       0.954593       0.976058       0.987437        1.01149       0.954593           1.05
         6.4199   -0.000314162   -0.000284349   -0.000212562   -0.000214302        7.01457        7.00917        7.23325        7.04219        1.04031        1.01036           1.03        1.01006        1.01446       0.982336       0.965847       0.954673       0.976077       0.987442        1.01148       0.954673           1.05
         6.4399   -0.000311831    -0.00028139   -0.000216565   -0.000217622        7.01236        7.00916        7.23489        7.04391        1.04031        1.01035           1.03        1.01006        1.01447       0.982359       0.965888       0.954746       0.976094       0.987446        1.01148       0.954746           1.05
         6.4599   -0.000309124   -0.000278442   -0.000220848   -0.000221241        7.01021        7.00924        7.23637        7.04551         1.0403        1.01033           1.03        1.01006        1.01447       0.982378       0.965924       0.954812       0.976109       0.987449        1.01148       0.954812           1.05
         6.4799   -0.000306053    -0.00027552    -0.00022538   -0.000225134        7.00812        7.00939        7.23769        7.04696        1.04029        1.01032           1.03        1.01006        1.01448       0.982394       0.965955        0.95487       0.976122       0.987451        1.01148        0.95487           1.05
        6.49989   -0.000302636   -0.000272634   -0.000230128   -0.000229272        7.00615         7.0096        7.23883        7.04825        1.04027        1.01031           1.03        1.01006        1.01448       0.982406        0.96598       0.954921       0.976133       0.987453        1.01148       0.954921           1.05
        6.51989   -0.000298892   -0.000269796    -0.00023506   -0.000233624        7.00429        7.00987        7.23979        7.04938        1.04026        1.01029           1.03        1.01005        1.01448       0.982413       0.965999       0.954963       0.976142       0.987454        1.01148       0.954963           1.05
        6.53989   -0.000294847   -0.000267013   -0.000240142   -0.000238159        7.00258        7.01016        7.24057        7.05034        1.04025        1.01027           1.03        1.01005        1.01447       0.982417       0.966013       0.954996       0.976148       0.987454        1.01148       0.954996           1.05
        6.55989   -0.000290528   -0.000264289    -0.00024534   -0.000242844        7.00104        7.01048        7.24117        7.05112        1.04023        1.01026        1.03001        1.01005        1.01447       0.982416       0.966021       0.955021       0.976152       0.987453        1.01148       0.955021           1.05
        6.57989   -0.000285967   -0.000261627   -0.000250619   -0.000247645        6.99968         7.0108        7.24158        7.05171        1.04022        1.01024           1.03        1.01004        1.01446       0.982411       0.966022       0.955036       0.976154       0.987451        1.01148       0.955036           1.05
        6.59989   -0.000281198    -0.00025903   -0.000255943   -0.000252526        6.99852        7.01113        7.24181        7.05212         1.0402        1.01022           1.03        1.01004        1.01445       0.982402       0.966018       0.955043       0.976153       0.987449        1.01147       0.955043           1.05
        6.61988   -0.000276257   -0.000256496   -0.000261279   -0.000257454        6.99757        7.01146        7.24184        7.05233        1.04019         1.0102           1.03        1.01004        1.01443       0.982389       0.966007       0.955041       0.976151       0.987445        1.01147       0.955041           1.05
        6.63988   -0.000271183   -0.000254025    -0.00026659   -0.000262391        6.99684        7.01178        7.24168        7.05235        1.04017        1.01018           1.03        1.01003        1.01442       0.982372       0.965991        0.95503       0.976145       0.987441        1.01147        0.95503           1.05
        6.65988   -0.000266015   -0.000251615   -0.000271841   -0.000267303        6.99634        7.01208        7.24134        7.05218        1.04016        1.01015           1.03        1.01003         1.0144       0.982351       0.965969        0.95501       0.976138       0.987437        1.01147        0.95501           1.05
        6.67988   -0.000260793   -0.000249265   -0.000276999   -0.000272152        6.99608        7.01236        7.24082        7.05181        1.04014        1.01013           1.03        1.01002        1.01438       0.982327       0.965941       0.954981       0.976129       0.987431        1.01147       0.954981           1.05
        6.69988   -0.000255559   -0.000246971    -0.00028203   -0.000276905        6.99604        7.01263        7.24012        7.05126        1.04013        1.01011           1.03        1.01002        1.01436       0.982299       0.965908       0.954944       0.976117       0.987425        1.01147       0.954944           1.05
        6.71988   -0.000250352    -0.00024473   -0.000286902   -0.000281525        6.99623        7.01288        7.23924        7.05051        1.04011        1.01009           1.03        1.01001        1.01434       0.982267        0.96587       0.954899       0.976103       0.987418        1.01147       0.954899           1.05
        6.73988   -0.000245211   -0.000242539   -0.000291583    -0.00028598        6.99664        7.01311        7.23818        7.04959         1.0401        1.01007           1.03        1.01001        1.01432       0.982232       0.965826       0.954845       0.976087       0.987411        1.01146       0.954845           1.05
        6.75987   -0.000240177   -0.000240398   -0.000296041   -0.000290236        6.99728        7.01334        7.23697        7.04849        1.04009        1.01004           1.03           1.01        1.01429       0.982195       0.965778       0.954784        0.97607       0.987403        1.01146       0.954784           1.05
        6.77987   -0.000235285   -0.000238304   -0.000300248   -0.000294262        6.99811        7.01356        7.23559        7.04722        1.04008        1.01002           1.03           1.01        1.01427       0.982154       0.965725       0.954715        0.97605       0.987395        1.01146       0.954715           1.05
        6.79987    -0.00023057   -0.000236259   -0.000304175   -0.000298029        6.99914        7.01379        7.23406         7.0458        1.04006           1.01           1.03        1.00999        1.01424       0.982112       0.965669        0.95464       0.976029       0.987386        1.01146        0.95464           1.05
        6.81987   -0.000226064   -0.000234263   -0.000307795    -0.00030151        7.00035        7.01402        7.23239        7.04423        1.04005        1.00998           1.03        1.00999        1.01421       0.982067       0.965609       0.954558       0.976007       0.987377        1.01146       0.954558           1.05
        6.83987   -0.000221796   -0.000232317   -0.000311084   -0.000304679        7.00172        7.01427        7.23058        7.04251        1.04005        1.00996        1.02999        1.00998        1.01419        0.98202       0.965545       0.954471       0.975983       0.987367        1.01146       0.954471           1.05
        6.85987   -0.000217794   -0.000230426   -0.000314018   -0.000307513        7.00323        7.01454        7.22865        7.04068        1.04004        1.00994        1.02999        1.00998        1.01416       0.981972       0.965479       0.954377       0.975958       0.987357        1.01146       0.954377           1.05
        6.87987   -0.000214079   -0.000228595   -0.000316576    -0.00030999        7.00487        7.01484         7.2266        7.03874        1.04003        1.00992        1.02999        1.00997        1.01413       0.981923        0.96541        0.95428       0.975931       0.987347        1.01145        0.95428           1.05
        6.89986   -0.000210673   -0.000226829    -0.00031874   -0.000312092        7.00661        7.01519        7.22446        7.03669        1.04003        1.00991        1.02999        1.00997        1.01411       0.981873       0.965339       0.954177       0.975904       0.987337        1.01145       0.954177           1.05
        6.91986    -0.00020759   -0.000225137   -0.000320492   -0.000313803        7.00845        7.01558        7.22222        7.03456        1.04002        1.00989        1.02999        1.00996        1.01408       0.981822       0.965267       0.954072       0.975876       0.987327        1.01145       0.954072           1.05
        6.93986   -0.000204845   -0.000223526   -0.000321818   -0.000315108        7.01034        7.01603         7.2199        7.03235        1.04002        1.00988        1.02999        1.00996        1.01405       0.981772       0.965194       0.953963       0.975847       0.987316        1.01145       0.953963           1.05
        6.95986   -0.000202445   -0.000222008   -0.000322707   -0.000315999        7.01229        7.01654        7.21752         7.0301        1.04002        1.00987        1.02999        1.00995        1.01403       0.981721        0.96512       0.953853       0.975818       0.987306        1.01145       0.953853           1.05
        6.97986   -0.000200398   -0.000220592   -0.000323148   -0.000316465        7.01426        7.01711        7.21509         7.0278        1.04002        1.00985        1.02999        1.00995          1.014       0.981671       0.965046        0.95374       0.975789       0.987296        1.01145        0.95374           1.05
        6.99986   -0.000198704    -0.00021929   -0.000323134   -0.000316504        7.01623        7.01774        7.21262        7.02547        1.04002        1.00985        1.02999        1.00994        1.01398       0.981622       0.964972       0.953627        0.97576       0.987286        1.01145       0.953627           1.05
        7.01986   -0.000197365   -0.000218112   -0.000322661   -0.000316111         7.0182        7.01845        7.21013        7.02314        1.04002        1.00984        1.02998        1.00994        1.01396       0.981574       0.964899       0.953514       0.975731       0.987276        1.01145       0.953514           1.05
        7.03985   -0.000196375   -0.000217071   -0.000321729   -0.000315289        7.02014        7.01923        7.20763         7.0208        1.04002        1.00983        1.02998        1.00994        1.01394       0.981527       0.964828       0.953401       0.975702       0.987267        1.01145       0.953401           1.05
        7.05985   -0.000195728   -0.000216179   -0.000320337    -0.00031404        7.02204        7.02007        7.20513        7.01849        1.04002        1.00983        1.02998        1.00994        1.01392       0.981483       0.964758        0.95329       0.975674       0.987258        1.01145        0.95329           1.05
        7.07985   -0.000195415   -0.000215447   -0.000318491    -0.00031237        7.02388        7.02098        7.20266        7.01621        1.04003        1.00983        1.02998        1.00993         1.0139        0.98144        0.96469        0.95318       0.975646       0.987249        1.01145        0.95318           1.05
        7.09985   -0.000195424   -0.000214884   -0.000316196   -0.000310288        7.02565        7.02195        7.20023        7.01398        1.04003        1.00982        1.02998        1.00993        1.01388       0.981399       0.964625       0.953074       0.975619       0.987241        1.01145       0.953074           1.05
        7.11985   -0.000195741   -0.000214501   -0.000313463   -0.000307805        7.02734        7.02297        7.19785        7.01181        1.04004        1.00983        1.02998        1.00993        1.01387       0.981361       0.964563        0.95297       0.975594       0.987233        1.01145        0.95297           1.05
        7.13985   -0.000196352   -0.000214304   -0.000310304   -0.000304935        7.02895        7.02404        7.19553        7.00971        1.04005        1.00983        1.02998        1.00993        1.01386       0.981326       0.964504        0.95287       0.975569       0.987226        1.01145        0.95287           1.05
        7.15985    -0.00019724   -0.000214302   -0.000306734   -0.000301693        7.03046        7.02514         7.1933         7.0077        1.04006        1.00984        1.02998        1.00993        1.01384       0.981294       0.964449       0.952775       0.975546        0.98722        1.01145       0.952775           1.05
        7.17984   -0.000198387   -0.000214499   -0.000302772   -0.000298098        7.03187        7.02627        7.19117        7.00579        1.04006        1.00984        1.02998        1.00993        1.01383       0.981265       0.964398       0.952685       0.975524       0.987214        1.01145       0.952685           1.05
        7.19984   -0.000199773   -0.000214897   -0.000298437   -0.000294171        7.03316        7.02742        7.18914        7.00399        1.04007        1.00985        1.02997        1.00993        1.01383       0.981239       0.964351       0.952601       0.975504       0.987209        1.01146       0.952601           1.05
        7.21984   -0.000201381   -0.000215499   -0.000293753   -0.000289934        7.03435        7.02857        7.18725         7.0023        1.04008        1.00986        1.02997        1.00993        1.01382       0.981216       0.964309       0.952523       0.975486       0.987205        1.01146       0.952523           1.05
        7.23984   -0.000203189   -0.000216301   -0.000288744    -0.00028541        7.03544        7.02971        7.18548        7.00075        1.04009        1.00987        1.02997        1.00993        1.01382       0.981198       0.964271       0.952451       0.975469       0.987201        1.01146       0.952451           1.05
        7.25984   -0.000205178   -0.000217301   -0.000283439   -0.000280624        7.03641        7.03082        7.18387        6.99934         1.0401        1.00989        1.02997        1.00993        1.01382       0.981182       0.964239       0.952387       0.975455       0.987198        1.01146       0.952387           1.05
        7.27984   -0.000207328   -0.000218494   -0.000277866   -0.000275605        7.03727        7.03189        7.18241        6.99807        1.04011         1.0099        1.02997        1.00993        1.01382        0.98117       0.964212        0.95233       0.975442       0.987196        1.01146        0.95233           1.05
        7.29984   -0.000209621   -0.000219869   -0.000272058   -0.000270379        7.03802        7.03291        7.18113        6.99695        1.04012        1.00992        1.02997        1.00993        1.01382       0.981162        0.96419       0.952282       0.975432       0.987195        1.01146       0.952282           1.05
        7.31983   -0.000212036   -0.000221417   -0.000266046   -0.000264977        7.03867        7.03387        7.18003        6.99599        1.04013        1.00993        1.02997        1.00994        1.01382       0.981158       0.964173       0.952241       0.975423       0.987195        1.01146       0.952241           1.05
        7.33983   -0.000214555   -0.000223125   -0.000259867   -0.000259429        7.03921        7.03475         7.1791        6.99519        1.04014        1.00995        1.02997        1.00994        1.01383       0.981158       0.964163       0.952209       0.975417       0.987195        1.01146       0.952209           1.05
        7.35983    -0.00021716   -0.000224977   -0.000253554   -0.000253766        7.03966        7.03553        7.17838        6.99456        1.04015        1.00997        1.02997        1.00994        1.01383       0.981161       0.964158       0.952185       0.975413       0.987196        1.01147       0.952185           1.05
        7.37983   -0.000219834   -0.000226956   -0.000247146   -0.000248018        7.04001        7.03622        7.17785        6.99409        1.04016        1.00999        1.02997        1.00995        1.01384       0.981169       0.964158        0.95217       0.975412       0.987198        1.01147        0.95217           1.05
        7.39983    -0.00022256   -0.000229043   -0.000240678   -0.000242219        7.04027        7.03679        7.17752         6.9938        1.04017        1.01001        1.02997        1.00995        1.01385       0.981179       0.964164       0.952164       0.975413       0.987201        1.01147       0.952164           1.05
        7.41983   -0.000225323   -0.000231217    -0.00023419   -0.000236399        7.04044        7.03725         7.1774        6.99367        1.04019        1.01003        1.02997        1.00995        1.01386       0.981193       0.964175       0.952166       0.975416       0.987204        1.01147       0.952166           1.05
        7.43983   -0.000228106   -0.000233457   -0.000227718   -0.000230592        7.04053        7.03757        7.17747        6.99372         1.0402        1.01006        1.02997        1.00996        1.01388       0.981211       0.964192       0.952178       0.975421       0.987208        1.01147       0.952178           1.05
        7.45982   -0.000230896   -0.000235739   -0.000221301   -0.000224829        7.04054        7.03776        7.17776        6.99394        1.04021        1.01008        1.02997        1.00996        1.01389       0.981232       0.964214       0.952198       0.975429       0.987213        1.01147       0.952198           1.05
        7.47982   -0.000233678   -0.000238041   -0.000214977   -0.000219141        7.04047        7.03782        7.17824        6.99433        1.04021         1.0101        1.02997        1.00997        1.01391       0.981256       0.964242       0.952226       0.975438       0.987219        1.01147       0.952226           1.05
        7.49982   -0.000236438   -0.000240337   -0.000208782   -0.000213558        7.04032        7.03773        7.17893        6.99488        1.04022        1.01012        1.02997        1.00997        1.01392       0.981283       0.964274       0.952263        0.97545       0.987225        1.01147       0.952263           1.05
        7.51982   -0.000239164   -0.000242605   -0.000202753   -0.000208112        7.04011         7.0375        7.17981        6.99559        1.04023        1.01014        1.02997        1.00998        1.01394       0.981313       0.964311       0.952308       0.975464       0.987232        1.01148       0.952308           1.05
        7.53982   -0.000241842   -0.000244817   -0.000196926    -0.00020283        7.03982        7.03714        7.18088        6.99646        1.04024        1.01017        1.02997        1.00998        1.01396       0.981346       0.964352       0.952361       0.975479       0.987239        1.01148       0.952361           1.05
        7.55982   -0.000244461   -0.000246952   -0.000191333   -0.000197741        7.03946        7.03664        7.18213        6.99747        1.04025        1.01019        1.02997        1.00999        1.01398       0.981381       0.964398       0.952421       0.975497       0.987247        1.01148       0.952421           1.05
        7.57982   -0.000247006   -0.000248985   -0.000186006   -0.000192873        7.03903        7.03601        7.18355        6.99864        1.04026        1.01021        1.02997        1.00999          1.014       0.981418       0.964448       0.952488       0.975516       0.987255        1.01148       0.952488           1.05
        7.59981   -0.000249467   -0.000250894   -0.000180977   -0.000188251        7.03854        7.03525        7.18513        6.99994        1.04027        1.01023        1.02997           1.01        1.01402       0.981458       0.964501       0.952562       0.975536       0.987263        1.01148       0.952562           1.05
        7.61981   -0.000251832    -0.00025266   -0.000176274     -0.0001839        7.03797        7.03438        7.18687        7.00138        1.04027        1.01025        1.02997           1.01        1.01405       0.981499       0.964558       0.952642       0.975559       0.987272        1.01148       0.952642           1.05
        7.63981   -0.000254088   -0.000254262   -0.000171923   -0.000179842        7.03734         7.0334        7.18875        7.00293        1.04028        1.01026        1.02997        1.01001        1.01407       0.981541       0.964618       0.952728       0.975582       0.987281        1.01148       0.952728           1.05
        7.65981   -0.000256224   -0.000255684   -0.000167948   -0.000176098        7.03665        7.03232        7.19075         7.0046        1.04029        1.01028        1.02997        1.01001        1.01409       0.981585        0.96468       0.952818       0.975607       0.987291        1.01148       0.952818           1.05
        7.67981   -0.000258228   -0.000256909   -0.000164372   -0.000172688        7.03588        7.03116        7.19287        7.00637        1.04029         1.0103        1.02997        1.01002        1.01412        0.98163       0.964745       0.952913       0.975632         0.9873        1.01148       0.952913           1.05
        7.69981   -0.000260089   -0.000257925   -0.000161211   -0.000169628        7.03504        7.02992        7.19509        7.00823         1.0403        1.01031        1.02997        1.01002        1.01414       0.981675       0.964811       0.953012       0.975658       0.987309        1.01148       0.953012           1.05
        7.71981   -0.000261795    -0.00025872   -0.000158483   -0.000166935        7.03414        7.02863         7.1974        7.01018         1.0403        1.01032        1.02998        1.01003        1.01416       0.981722       0.964879       0.953115       0.975685       0.987319        1.01148       0.953115           1.05
         7.7398   -0.000263336   -0.000259287   -0.000156201   -0.000164622        7.03317        7.02729        7.19977        7.01219        1.04031        1.01034        1.02998        1.01003        1.01419       0.981768       0.964947       0.953219       0.975713       0.987329        1.01148       0.953219           1.05
         7.7598   -0.000264698   -0.000259619   -0.000154374   -0.000162699        7.03213        7.02592        7.20219        7.01427        1.04031        1.01035        1.02998        1.01003        1.01421       0.981814       0.965017       0.953326        0.97574       0.987338        1.01149       0.953326           1.05
         7.7798   -0.000265873   -0.000259712   -0.000153011   -0.000161175        7.03103        7.02453        7.20466        7.01639        1.04031        1.01035        1.02998        1.01004        1.01423        0.98186       0.965086       0.953434       0.975768       0.987348        1.01149       0.953434           1.05
         7.7998   -0.000266848   -0.000259565   -0.000152115   -0.000160056        7.02987        7.02313        7.20714        7.01854        1.04031        1.01036        1.02998        1.01004        1.01425       0.981906       0.965156       0.953543       0.975796       0.987357        1.01149       0.953543           1.05
         7.8198   -0.000267612   -0.000259178   -0.000151688   -0.000159348        7.02864        7.02175        7.20963        7.02072        1.04032        1.01037        1.02998        1.01004        1.01427        0.98195       0.965224       0.953652       0.975824       0.987366        1.01149       0.953652           1.05
         7.8398   -0.000268157   -0.000258554   -0.000151729   -0.000159051        7.02736        7.02038        7.21211        7.02291        1.04032        1.01037        1.02998        1.01005        1.01429       0.981993       0.965292        0.95376       0.975851       0.987374        1.01149        0.95376           1.05
         7.8598   -0.000268473     -0.0002577   -0.000152232   -0.000159165        7.02602        7.01905        7.21457        7.02509        1.04032        1.01037        1.02999        1.01005        1.01431       0.982035       0.965358       0.953866       0.975878       0.987383        1.01149       0.953866           1.05
        7.87979   -0.000268553   -0.000256621    -0.00015319   -0.000159686        7.02464        7.01777        7.21698        7.02725        1.04031        1.01038        1.02999        1.01005        1.01433       0.982076       0.965423       0.953971       0.975904       0.987391        1.01148       0.953971           1.05
        7.89979    -0.00026839   -0.000255328   -0.000154593    -0.00016061        7.02322        7.01654        7.21934        7.02938        1.04031        1.01038        1.02999        1.01005        1.01435       0.982114       0.965485       0.954073       0.975929       0.987398        1.01148       0.954073           1.05
        7.91979   -0.000267978   -0.000253832   -0.000156428   -0.000161928        7.02176        7.01537        7.22162        7.03147        1.04031        1.01037        1.02999        1.01005        1.01437       0.982151       0.965544       0.954171       0.975953       0.987405        1.01148       0.954171           1.05
        7.93979   -0.000267311   -0.000252145    -0.00015868    -0.00016363        7.02028        7.01428        7.22383         7.0335        1.04031        1.01037        1.02999        1.01006        1.01438       0.982185       0.965601       0.954266       0.975976       0.987412        1.01148       0.954266           1.05
        7.95979   -0.000266388   -0.000250281    -0.00016133   -0.000165703        7.01878        7.01327        7.22593        7.03547         1.0403        1.01036        1.02999        1.01006        1.01439       0.982216       0.965654       0.954357       0.975998       0.987418        1.01148       0.954357           1.05
        7.97979   -0.000265206   -0.000248256   -0.000164358   -0.000168132        7.01727        7.01235        7.22792        7.03735         1.0403        1.01036           1.03        1.01006        1.01441       0.982245       0.965704       0.954442       0.976019       0.987423        1.01148       0.954442           1.05
        7.99978   -0.000263766   -0.000246085   -0.000167742   -0.000170901        7.01576        7.01152         7.2298        7.03914        1.04029        1.01035           1.03        1.01006        1.01442       0.982271       0.965749       0.954522       0.976038       0.987428        1.01148       0.954522           1.05
        8.01978   -0.000262069   -0.000243785   -0.000171457    -0.00017399        7.01427        7.01078        7.23153        7.04083        1.04029        1.01034           1.03        1.01006        1.01442       0.982294       0.965791       0.954596       0.976055       0.987432        1.01148       0.954596           1.05
        8.03978   -0.000260121   -0.000241373   -0.000175477   -0.000177377         7.0128        7.01014        7.23313         7.0424        1.04028        1.01033           1.03        1.01005        1.01443       0.982314       0.965827       0.954664       0.976071       0.987435        1.01148       0.954664           1.05
        8.05978   -0.000257926   -0.000238866   -0.000179774    -0.00018104        7.01136         7.0096        7.23458        7.04384        1.04027        1.01032           1.03        1.01005        1.01443       0.982331        0.96586       0.954725       0.976085       0.987438        1.01148       0.954725           1.05
        8.07978   -0.000255492   -0.000236282   -0.000184318   -0.000184954        7.00998        7.00916        7.23587        7.04516        1.04026         1.0103           1.03        1.01005        1.01444       0.982344       0.965887       0.954779       0.976097       0.987441        1.01148       0.954779           1.05
        8.09978   -0.000252831   -0.000233638   -0.000189079   -0.000189092        7.00865        7.00881        7.23699        7.04633        1.04025        1.01029           1.03        1.01005        1.01444       0.982353        0.96591       0.954825       0.976107       0.987442        1.01148       0.954825           1.05
        8.11978   -0.000249954   -0.000230951   -0.000194023   -0.000193428        7.00739        7.00856        7.23793        7.04734        1.04024        1.01027           1.03        1.01005        1.01444       0.982359       0.965927       0.954864       0.976115       0.987443        1.01148       0.954864           1.05
        8.13978   -0.000246875   -0.000228238   -0.000199118   -0.000197931        7.00622         7.0084        7.23871         7.0482        1.04023        1.01026           1.03        1.01005        1.01443       0.982361       0.965939       0.954895       0.976121       0.987443        1.01148       0.954895           1.05
        8.15977    -0.00024361   -0.000225516   -0.000204332   -0.000202571        7.00513        7.00834         7.2393         7.0489        1.04022        1.01024           1.03        1.01004        1.01443        0.98236       0.965945       0.954918       0.976124       0.987442        1.01148       0.954918           1.05
        8.17977   -0.000240178   -0.000222799   -0.000209629   -0.000207318        7.00416        7.00835        7.23971        7.04943        1.04021        1.01022           1.03        1.01004        1.01442       0.982355       0.965946       0.954932       0.976126        0.98744        1.01147       0.954932           1.05
        8.19977   -0.000236597   -0.000220103   -0.000214976   -0.000212139        7.00329        7.00846        7.23993        7.04979         1.0402         1.0102           1.03        1.01004        1.01441       0.982347       0.965942       0.954939       0.976126       0.987438        1.01147       0.954939           1.05
        8.21977   -0.000232889   -0.000217442   -0.000220337   -0.000217003        7.00255        7.00863        7.23997        7.04998        1.04019        1.01018           1.03        1.01003         1.0144       0.982335       0.965932       0.954937       0.976123       0.987435        1.01147       0.954937           1.05
        8.23977   -0.000229077   -0.000214829   -0.000225678   -0.000221876        7.00195        7.00888        7.23983        7.04999        1.04018        1.01016           1.03        1.01003        1.01439       0.982319       0.965917       0.954926       0.976119       0.987432        1.01147       0.954926           1.05
        8.25977   -0.000225184   -0.000212277   -0.000230966   -0.000226727        7.00147        7.00919         7.2395        7.04982        1.04016        1.01014           1.03        1.01003        1.01437       0.982301       0.965897       0.954908       0.976112       0.987428        1.01147       0.954908           1.05
        8.27977   -0.000221235   -0.000209796   -0.000236167   -0.000231522        7.00114        7.00958        7.23899        7.04949        1.04015        1.01012           1.03        1.01002        1.01436       0.982278       0.965872       0.954881       0.976103       0.987423        1.01147       0.954881           1.05
        8.29976   -0.000217255   -0.000207397   -0.000241248   -0.000236231        7.00096        7.01001        7.23831        7.04897        1.04014         1.0101           1.03        1.01002        1.01434       0.982253       0.965842       0.954847       0.976093       0.987418        1.01147       0.954847           1.05
        8.31976   -0.000213271    -0.00020509   -0.000246176   -0.000240822        7.00092        7.01049        7.23746         7.0483        1.04013        1.01008           1.03        1.01001        1.01432       0.982225       0.965807       0.954805        0.97608       0.987412        1.01147       0.954805           1.05
        8.33976    -0.00020931   -0.000202883   -0.000250922   -0.000245263        7.00104        7.01103        7.23644        7.04745        1.04012        1.01006           1.03        1.01001         1.0143       0.982194       0.965768       0.954755       0.976066       0.987405        1.01147       0.954755           1.05
        8.35976   -0.000205396   -0.000200782   -0.000255455   -0.000249526        7.00131         7.0116        7.23526        7.04645        1.04011        1.01004           1.03           1.01        1.01428        0.98216       0.965724       0.954698       0.976049       0.987398        1.01146       0.954698           1.05
        8.37976   -0.000201558   -0.000198796   -0.000259748   -0.000253581        7.00172        7.01221        7.23393         7.0453         1.0401        1.01002           1.03           1.01        1.01426       0.982124       0.965676       0.954635       0.976031        0.98739        1.01146       0.954635           1.05
        8.39976   -0.000197819   -0.000196931   -0.000263772   -0.000257402        7.00229        7.01286        7.23245          7.044        1.04009        1.01001           1.03        1.00999        1.01424       0.982085       0.965624       0.954565       0.976012       0.987382        1.01146       0.954565           1.05
        8.41975   -0.000194206    -0.00019519   -0.000267503   -0.000260964        7.00299        7.01354        7.23084        7.04257        1.04008        1.00999           1.03        1.00999        1.01422       0.982045        0.96557       0.954489       0.975991       0.987374        1.01146       0.954489           1.05
        8.43975   -0.000190742    -0.00019358   -0.000270917   -0.000264243        7.00384        7.01423         7.2291        7.04101        1.04007        1.00997           1.03        1.00998        1.01419       0.982003       0.965512       0.954407       0.975969       0.987365        1.01146       0.954407           1.05
        8.45975   -0.000187451   -0.000192103   -0.000273993   -0.000267218        7.00481        7.01496        7.22725        7.03933        1.04006        1.00995        1.02999        1.00998        1.01417        0.98196       0.965451       0.954321       0.975946       0.987356        1.01146       0.954321           1.05
        8.47975   -0.000184354   -0.000190765   -0.000276711   -0.000269867        7.00591         7.0157        7.22529        7.03756        1.04005        1.00994        1.02999        1.00997        1.01414       0.981915       0.965388        0.95423       0.975921       0.987347        1.01146        0.95423           1.05
        8.49975   -0.000181472   -0.000189567   -0.000279054   -0.000272176        7.00711        7.01647        7.22324        7.03569        1.04005        1.00992        1.02999        1.00997        1.01412        0.98187       0.965323       0.954135       0.975896       0.987337        1.01146       0.954135           1.05
        8.51975   -0.000178823   -0.000188514   -0.000281007   -0.000274128        7.00843        7.01725        7.22111        7.03373        1.04004        1.00991        1.02999        1.00996        1.01409       0.981824       0.965257       0.954037        0.97587       0.987328        1.01146       0.954037           1.05
        8.53975   -0.000176424   -0.000187608   -0.000282557    -0.00027571        7.00983        7.01805        7.21892        7.03171        1.04004         1.0099        1.02999        1.00996        1.01407       0.981778       0.965189       0.953937       0.975844       0.987318        1.01146       0.953937           1.05
        8.55974   -0.000174288   -0.000186851   -0.000283694   -0.000276912        7.01131        7.01886        7.21666        7.02964        1.04004        1.00989        1.02999        1.00996        1.01405       0.981732       0.965121       0.953834       0.975817       0.987309        1.01145       0.953834           1.05
        8.57974   -0.000172428   -0.000186243    -0.00028441   -0.000277726        7.01286        7.01968        7.21437        7.02752        1.04003        1.00988        1.02999        1.00995        1.01402       0.981686       0.965053        0.95373        0.97579       0.987299        1.01145        0.95373           1.05
        8.59974   -0.000170856   -0.000185787     -0.0002847   -0.000278147        7.01447        7.02051        7.21206        7.02538        1.04003        1.00987        1.02999        1.00995          1.014        0.98164       0.964985       0.953625       0.975762        0.98729        1.01145       0.953625           1.05
        8.61974   -0.000169577   -0.000185482   -0.000284561   -0.000278172        7.01612        7.02134        7.20972        7.02323        1.04003        1.00986        1.02998        1.00995        1.01398       0.981596       0.964917       0.953519       0.975735       0.987281        1.01145       0.953519           1.05
        8.63974   -0.000168599   -0.000185331   -0.000283992     -0.0002778         7.0178        7.02218        7.20739        7.02107        1.04003        1.00986        1.02998        1.00994        1.01396       0.981553       0.964851       0.953415       0.975708       0.987272        1.01145       0.953415           1.05
        8.65974   -0.000167923   -0.000185334   -0.000282998   -0.000277034        7.01949        7.02302        7.20507        7.01892        1.04003        1.00985        1.02998        1.00994        1.01394       0.981511       0.964786       0.953311       0.975682       0.987264        1.01145       0.953311           1.05
        8.67974   -0.000167552   -0.000185489   -0.000281581   -0.000275878        7.02119        7.02386        7.20278        7.01681        1.04004        1.00985        1.02998        1.00994        1.01392       0.981471       0.964723       0.953209       0.975656       0.987255        1.01145       0.953209           1.05
        8.69973   -0.000167484   -0.000185796   -0.000279751    -0.00027434        7.02287         7.0247        7.20053        7.01473        1.04004        1.00985        1.02998        1.00994        1.01391       0.981433       0.964662        0.95311       0.975631       0.987248        1.01145        0.95311           1.05
        8.71973   -0.000167716   -0.000186254   -0.000277517   -0.000272429        7.02454        7.02553        7.19833        7.01271        1.04004        1.00985        1.02998        1.00993        1.01389       0.981397       0.964603       0.953014       0.975607        0.98724        1.01145       0.953014           1.05
        8.73973   -0.000168241   -0.000186861   -0.000274892   -0.000270158        7.02617        7.02635        7.19621        7.01075        1.04005        1.00985        1.02998        1.00993        1.01388       0.981363       0.964548       0.952921       0.975584       0.987234        1.01145       0.952921           1.05
        8.75973   -0.000169053   -0.000187614   -0.000271891   -0.000267539        7.02776        7.02716        7.19416        7.00886        1.04006        1.00986        1.02998        1.00993        1.01386       0.981332       0.964496       0.952832       0.975563       0.987227        1.01145       0.952832           1.05
        8.77973   -0.000170142    -0.00018851   -0.000268531    -0.00026459        7.02929        7.02795        7.19221        7.00707        1.04006        1.00986        1.02997        1.00993        1.01385       0.981304       0.964448       0.952749       0.975542       0.987222        1.01146       0.952749           1.05
        8.79973   -0.000171497   -0.000189546   -0.000264832   -0.000261328        7.03076        7.02873        7.19037        7.00537        1.04007        1.00987        1.02997        1.00993        1.01385       0.981279       0.964403        0.95267       0.975523       0.987217        1.01146        0.95267           1.05
        8.81973   -0.000173104   -0.000190717   -0.000260816   -0.000257774        7.03215        7.02947        7.18865        7.00379        1.04008        1.00988        1.02997        1.00993        1.01384       0.981257       0.964363       0.952597       0.975506       0.987213        1.01146       0.952597           1.05
        8.83972   -0.000174951   -0.000192019   -0.000256506    -0.00025395        7.03346         7.0302        7.18705        7.00232        1.04009        1.00989        1.02997        1.00993        1.01383       0.981238       0.964328       0.952531       0.975491       0.987209        1.01146       0.952531           1.05
        8.85972    -0.00017702   -0.000193445   -0.000251929   -0.000249878        7.03469        7.03088         7.1856        7.00097         1.0401         1.0099        1.02997        1.00993        1.01383       0.981223       0.964297       0.952471       0.975477       0.987206        1.01146       0.952471           1.05
        8.87972   -0.000179296   -0.000194989   -0.000247111   -0.000245584        7.03581        7.03152        7.18429        6.99976        1.04011        1.00992        1.02997        1.00994        1.01383       0.981211        0.96427       0.952418       0.975465       0.987204        1.01146       0.952418           1.05
        8.89972    -0.00018176   -0.000196642   -0.000242082   -0.000241094        7.03684        7.03212        7.18313         6.9987        1.04012        1.00993        1.02997        1.00994        1.01383       0.981203       0.964249       0.952372       0.975455       0.987203        1.01146       0.952372           1.05
        8.91972   -0.000184395   -0.000198396   -0.000236871   -0.000236435        7.03776        7.03267        7.18215        6.99778        1.04013        1.00995        1.02997        1.00994        1.01383       0.981198       0.964234       0.952334       0.975447       0.987203        1.01146       0.952334           1.05
        8.93972    -0.00018718   -0.000200241    -0.00023151   -0.000231637        7.03857        7.03317        7.18133        6.99701        1.04014        1.00996        1.02997        1.00994        1.01384       0.981197       0.964223       0.952304       0.975442       0.987203        1.01146       0.952304           1.05
        8.95972   -0.000190095   -0.000202167   -0.000226031   -0.000226727        7.03927         7.0336        7.18069         6.9964        1.04015        1.00998        1.02997        1.00995        1.01385       0.981199       0.964217       0.952282       0.975438       0.987204        1.01146       0.952282           1.05
        8.97971    -0.00019312   -0.000204163   -0.000220469   -0.000221735        7.03985        7.03397        7.18022        6.99594        1.04016           1.01        1.02997        1.00995        1.01385       0.981205       0.964217       0.952267       0.975437       0.987206        1.01147       0.952267           1.05
        8.99971   -0.000196234   -0.000206216   -0.000214856    -0.00021669        7.04032        7.03428        7.17994        6.99565        1.04017        1.01002        1.02997        1.00995        1.01386       0.981215       0.964222       0.952261       0.975437       0.987208        1.01147       0.952261           1.05
        9.01971   -0.000199417   -0.000208313   -0.000209226   -0.000211624        7.04067        7.03451        7.17984        6.99551        1.04018        1.01004        1.02997        1.00996        1.01387       0.981227       0.964232       0.952264        0.97544       0.987212        1.01147       0.952264           1.05
        9.03971   -0.000202648   -0.000210443   -0.000203616   -0.000206565         7.0409        7.03466        7.17993        6.99554        1.04019        1.01006        1.02997        1.00996        1.01389       0.981244       0.964248       0.952274       0.975445       0.987215        1.01147       0.952274           1.05
        9.05971   -0.000205907   -0.000212589   -0.000198057   -0.000201544        7.04102        7.03473        7.18021        6.99573         1.0402        1.01008        1.02997        1.00996         1.0139       0.981263       0.964268       0.952293       0.975452        0.98722        1.01147       0.952293           1.05
        9.07971   -0.000209172   -0.000214739   -0.000192585   -0.000196591        7.04103        7.03472        7.18066        6.99608        1.04021         1.0101        1.02997        1.00997        1.01392       0.981285       0.964294       0.952319       0.975461       0.987225        1.01147       0.952319           1.05
        9.09971   -0.000212424   -0.000216878   -0.000187233   -0.000191733        7.04092        7.03462         7.1813        6.99659        1.04022        1.01012        1.02997        1.00997        1.01393       0.981311       0.964324       0.952353       0.975472       0.987231        1.01147       0.952353           1.05
         9.1197   -0.000215645    -0.00021899   -0.000182033   -0.000187001        7.04071        7.03444        7.18211        6.99724        1.04023        1.01014        1.02997        1.00998        1.01395       0.981339       0.964358       0.952395       0.975485       0.987237        1.01148       0.952395           1.05
         9.1397   -0.000218814    -0.00022106   -0.000177018   -0.000182422        7.04039        7.03417        7.18308        6.99805        1.04024        1.01016        1.02997        1.00998        1.01397       0.981369       0.964397       0.952444       0.975499       0.987244        1.01148       0.952444           1.05
         9.1597   -0.000221915   -0.000223074   -0.000172217   -0.000178021        7.03997        7.03381        7.18422          6.999        1.04025        1.01018        1.02997        1.00999        1.01399       0.981403        0.96444         0.9525       0.975516       0.987251        1.01148         0.9525           1.05
         9.1797   -0.000224928   -0.000225015   -0.000167659   -0.000173826        7.03945        7.03338        7.18552        7.00009        1.04026         1.0102        1.02997        1.00999        1.01401       0.981438       0.964487       0.952562       0.975534       0.987259        1.01148       0.952562           1.05
         9.1997   -0.000227839    -0.00022687   -0.000163372    -0.00016986        7.03883        7.03285        7.18697        7.00131        1.04027        1.01021        1.02997           1.01        1.01403       0.981475       0.964537       0.952631       0.975553       0.987267        1.01148       0.952631           1.05
         9.2197   -0.000230629   -0.000228624   -0.000159382   -0.000166146        7.03813        7.03225        7.18856        7.00266        1.04027        1.01023        1.02997           1.01        1.01405       0.981514        0.96459       0.952705       0.975573       0.987275        1.01148       0.952705           1.05
         9.2397   -0.000233284   -0.000230263   -0.000155714   -0.000162707        7.03734        7.03157        7.19027        7.00412        1.04028        1.01025        1.02997        1.01001        1.01408       0.981554       0.964646       0.952785       0.975595       0.987284        1.01148       0.952785           1.05
        9.25969    -0.00023579   -0.000231776   -0.000152387   -0.000159561        7.03647        7.03082         7.1921        7.00568        1.04029        1.01027        1.02997        1.01001         1.0141       0.981596       0.964705       0.952869       0.975618       0.987293        1.01148       0.952869           1.05
        9.27969   -0.000238132    -0.00023315   -0.000149422   -0.000156728        7.03552           7.03        7.19403        7.00735        1.04029        1.01028        1.02998        1.01002        1.01412       0.981638       0.964765       0.952957       0.975642       0.987302        1.01148       0.952957           1.05
        9.29969   -0.000240299   -0.000234374   -0.000146838   -0.000154223         7.0345        7.02912        7.19606         7.0091         1.0403         1.0103        1.02998        1.01002        1.01414       0.981682       0.964827       0.953049       0.975666       0.987311        1.01148       0.953049           1.05
        9.31969    -0.00024228   -0.000235438   -0.000144648   -0.000152061        7.03342        7.02818        7.19816        7.01093         1.0403        1.01031        1.02998        1.01002        1.01416       0.981725       0.964891       0.953145       0.975691        0.98732        1.01148       0.953145           1.05
        9.33969   -0.000244063   -0.000236335   -0.000142864   -0.000150255        7.03228        7.02719        7.20034        7.01282         1.0403        1.01032        1.02998        1.01003        1.01419       0.981769       0.964956       0.953242       0.975717       0.987329        1.01148       0.953242           1.05
        9.35969   -0.000245639   -0.000237055   -0.000141497   -0.000148813        7.03109        7.02617        7.20256        7.01477        1.04031        1.01033        1.02998        1.01003        1.01421       0.981813       0.965021       0.953342       0.975743       0.987338        1.01149       0.953342           1.05
        9.37969      -0.000247   -0.000237592   -0.000140555   -0.000147745        7.02985         7.0251        7.20482        7.01676        1.04031        1.01034        1.02998        1.01004        1.01423       0.981856       0.965086       0.953442       0.975769       0.987347        1.01149       0.953442           1.05
        9.39968   -0.000248138   -0.000237943    -0.00014004   -0.000147057        7.02856        7.02402        7.20711        7.01878        1.04031        1.01035        1.02998        1.01004        1.01425       0.981899       0.965151       0.953543       0.975795       0.987355        1.01149       0.953543           1.05
        9.41968   -0.000249047   -0.000238104   -0.000139956   -0.000146751        7.02725        7.02292         7.2094        7.02082        1.04031        1.01035        1.02998        1.01004        1.01427        0.98194       0.965215       0.953645       0.975821       0.987364        1.01149       0.953645           1.05
        9.43968   -0.000249722   -0.000238073   -0.000140301    -0.00014683         7.0259        7.02181        7.21169        7.02287        1.04031        1.01036        1.02999        1.01004        1.01429       0.981981       0.965278       0.953745       0.975846       0.987372        1.01149       0.953745           1.05
        9.45968   -0.000250159    -0.00023785   -0.000141072   -0.000147291        7.02453         7.0207        7.21395        7.02491        1.04031        1.01036        1.02999        1.01005        1.01431        0.98202        0.96534       0.953844       0.975871       0.987379        1.01149       0.953844           1.05
        9.47968   -0.000250355   -0.000237437   -0.000142263   -0.000148132        7.02315         7.0196        7.21619        7.02693        1.04031        1.01036        1.02999        1.01005        1.01432       0.982058         0.9654       0.953942       0.975895       0.987387        1.01148       0.953942           1.05
        9.49968    -0.00025031   -0.000236836   -0.000143865   -0.000149346        7.02176        7.01852        7.21838        7.02892         1.0403        1.01036        1.02999        1.01005        1.01434       0.982094       0.965458       0.954036       0.975919       0.987393        1.01148       0.954036           1.05
        9.51968   -0.000250023   -0.000236051   -0.000145867   -0.000150926        7.02037        7.01746         7.2205        7.03087         1.0403        1.01036        1.02999        1.01005        1.01435       0.982128       0.965513       0.954128       0.975941         0.9874        1.01148       0.954128           1.05
        9.53967   -0.000249496   -0.000235088   -0.000148255   -0.000152863        7.01899        7.01644        7.22256        7.03276         1.0403        1.01035        1.02999        1.01005        1.01437       0.982159       0.965565       0.954216       0.975963       0.987406        1.01148       0.954216           1.05
        9.55967   -0.000248729   -0.000233955   -0.000151013   -0.000155143        7.01762        7.01546        7.22452        7.03458        1.04029        1.01035        1.02999        1.01005        1.01438       0.982188       0.965615       0.954301       0.975983       0.987411        1.01148       0.954301           1.05
        9.57967   -0.000247728    -0.00023266   -0.000154124   -0.000157751        7.01627        7.01453        7.22639        7.03633        1.04029        1.01034        1.02999        1.01005        1.01439       0.982215        0.96566        0.95438       0.976002       0.987416        1.01148        0.95438           1.05
        9.59967   -0.000246498   -0.000231212   -0.000157566   -0.000160673        7.01495        7.01366        7.22815        7.03799        1.04028        1.01034        1.02999        1.01005         1.0144       0.982239       0.965702       0.954455       0.976019       0.987421        1.01148       0.954455           1.05
        9.61967   -0.000245045   -0.000229623   -0.000161318    -0.00016389        7.01367        7.01284        7.22978        7.03955        1.04027        1.01033           1.03        1.01005         1.0144        0.98226       0.965741       0.954524       0.976035       0.987424        1.01148       0.954524           1.05
        9.63967   -0.000243377   -0.000227904   -0.000165355    -0.00016738        7.01243         7.0121        7.23129          7.041        1.04027        1.01032           1.03        1.01005        1.01441       0.982277       0.965775       0.954587        0.97605       0.987428        1.01148       0.954587           1.05
        9.65967   -0.000241502   -0.000226069   -0.000169652   -0.000171124        7.01125        7.01143        7.23266        7.04233        1.04026         1.0103           1.03        1.01005        1.01441       0.982292       0.965804       0.954643       0.976063        0.98743        1.01148       0.954643           1.05
        9.67966   -0.000239431   -0.000224129   -0.000174183   -0.000175096        7.01012        7.01084        7.23389        7.04354        1.04025        1.01029           1.03        1.01005        1.01441       0.982304       0.965829       0.954693       0.976074       0.987432        1.01148       0.954693           1.05
        9.69966   -0.000237175     -0.0002221   -0.000178918   -0.000179273        7.00906        7.01032        7.23496        7.04461        1.04024        1.01028           1.03        1.01005        1.01441       0.982312        0.96585       0.954737       0.976083       0.987433        1.01148       0.954737           1.05
        9.71966   -0.000234748   -0.000219995   -0.000183827   -0.000183627        7.00807        7.00989        7.23587        7.04555        1.04023        1.01026           1.03        1.01004        1.01441       0.982317       0.965865       0.954773       0.976091       0.987434        1.01148       0.954773           1.05
        9.73966   -0.000232163   -0.000217829   -0.000188881   -0.000188133        7.00716        7.00954        7.23661        7.04633        1.04022        1.01025           1.03        1.01004        1.01441       0.982319       0.965876       0.954801       0.976096       0.987434        1.01148       0.954801           1.05
        9.75966   -0.000229435   -0.000215617   -0.000194048   -0.000192761        7.00634        7.00928        7.23719        7.04697        1.04021        1.01023           1.03        1.01004         1.0144       0.982317       0.965882       0.954823         0.9761       0.987433        1.01147       0.954823           1.05
        9.77966    -0.00022658   -0.000213375   -0.000199296   -0.000197485        7.00561        7.00911         7.2376        7.04744         1.0402        1.01021           1.03        1.01004         1.0144       0.982312       0.965882       0.954836       0.976101       0.987432        1.01147       0.954836           1.05
        9.79965   -0.000223615   -0.000211118   -0.000204591   -0.000202273        7.00497        7.00902        7.23783        7.04777        1.04019         1.0102           1.03        1.01003        1.01439       0.982304       0.965878       0.954842       0.976101        0.98743        1.01147       0.954842           1.05
        9.81965   -0.000220558   -0.000208861   -0.000209903   -0.000207095        7.00444        7.00902        7.23789        7.04793        1.04018        1.01018           1.03        1.01003        1.01438       0.982292       0.965869        0.95484       0.976098       0.987427        1.01147        0.95484           1.05
        9.83965   -0.000217428   -0.000206619   -0.000215199   -0.000211921        7.00401         7.0091        7.23778        7.04793        1.04017        1.01016           1.03        1.01003        1.01437       0.982278       0.965855        0.95483       0.976094       0.987424        1.01147        0.95483           1.05
        9.85965   -0.000214242   -0.000204407   -0.000220446   -0.000216723        7.00369        7.00926        7.23749        7.04776        1.04016        1.01014           1.03        1.01002        1.01435        0.98226       0.965836       0.954813       0.976088        0.98742        1.01147       0.954813           1.05
        9.87965    -0.00021102   -0.000202239   -0.000225614   -0.000221469        7.00349        7.00951        7.23703        7.04744        1.04015        1.01012           1.03        1.01002        1.01434       0.982239       0.965812       0.954789        0.97608       0.987415        1.01147       0.954789           1.05
        9.89965   -0.000207783   -0.000200128   -0.000230669   -0.000226131         7.0034        7.00983        7.23641        7.04697        1.04014         1.0101           1.03        1.01002        1.01432       0.982216       0.965784       0.954756        0.97607        0.98741        1.01147       0.954756           1.05
        9.91965   -0.000204551   -0.000198088   -0.000235582   -0.000230681        7.00342        7.01022        7.23562        7.04633        1.04013        1.01008           1.03        1.01001        1.01431       0.982189       0.965752       0.954717       0.976058       0.987405        1.01147       0.954717           1.05
        9.93964   -0.000201345   -0.000196131   -0.000240324   -0.000235089        7.00356        7.01068        7.23467        7.04555        1.04012        1.01007           1.03        1.01001        1.01429        0.98216       0.965715       0.954671       0.976045       0.987399        1.01147       0.954671           1.05
        9.95964   -0.000198186   -0.000194269   -0.000244865    -0.00023933        7.00382        7.01121        7.23358        7.04462        1.04011        1.01005           1.03           1.01        1.01427       0.982129       0.965675       0.954618        0.97603       0.987392        1.01146       0.954618           1.05
        9.97964   -0.000195094   -0.000192513   -0.000249179   -0.000243378         7.0042         7.0118        7.23233        7.04355         1.0401        1.01003           1.03           1.01        1.01425       0.982096        0.96563       0.954559       0.976013       0.987385        1.01146       0.954559           1.05
        9.99964   -0.000192089   -0.000190873    -0.00025324   -0.000247207        7.00469        7.01244        7.23095        7.04235         1.0401        1.01001           1.03        1.00999        1.01423        0.98206       0.965583       0.954494       0.975995       0.987378        1.01146       0.954494           1.05
        10.0196   -0.000189191   -0.000189358   -0.000257023   -0.000250793        7.00528        7.01314        7.22944        7.04103        1.04009        1.00999           1.03        1.00999        1.01421       0.982023       0.965532       0.954424       0.975976        0.98737        1.01146       0.954424           1.05
        10.0396   -0.000186418   -0.000187975   -0.000260507   -0.000254117        7.00599        7.01388        7.22781        7.03959        1.04008        1.00998           1.03        1.00998        1.01419       0.981985       0.965478       0.954348       0.975955       0.987362        1.01146       0.954348           1.05
        10.0596   -0.000183788   -0.000186732   -0.000263671   -0.000257157        7.00681        7.01465        7.22607        7.03805        1.04007        1.00996           1.03        1.00998        1.01416       0.981945       0.965422       0.954268       0.975934       0.987354        1.01146       0.954268           1.05
        10.0796   -0.000181319   -0.000185635   -0.000266496   -0.000259896        7.00771        7.01547        7.22423        7.03641        1.04007        1.00995        1.02999        1.00998        1.01414       0.981904       0.965364       0.954184       0.975911       0.987345        1.01146       0.954184           1.05
        10.0996   -0.000179028    -0.00018469   -0.000268967   -0.000262318        7.00872        7.01631        7.22231        7.03468        1.04006        1.00993        1.02999        1.00997        1.01412       0.981862       0.965304       0.954096       0.975888       0.987336        1.01146       0.954096           1.05
        10.1196   -0.000176929     -0.0001839    -0.00027107   -0.000264408        7.00981        7.01718        7.22031        7.03288        1.04006        1.00992        1.02999        1.00997         1.0141        0.98182       0.965243       0.954005       0.975864       0.987328        1.01146       0.954005           1.05
        10.1396   -0.000175036   -0.000183269   -0.000272791   -0.000266155        7.01098        7.01807        7.21825        7.03102        1.04005        1.00991        1.02999        1.00996        1.01408       0.981777       0.965181       0.953911       0.975839       0.987319        1.01146       0.953911           1.05
        10.1596   -0.000173363   -0.000182799   -0.000274123   -0.000267548        7.01222        7.01897        7.21613        7.02911        1.04005         1.0099        1.02999        1.00996        1.01405       0.981735       0.965118       0.953816       0.975814        0.98731        1.01146       0.953816           1.05
        10.1796    -0.00017192   -0.000182492   -0.000275057   -0.000268581        7.01352        7.01988        7.21398        7.02715        1.04005        1.00989        1.02999        1.00996        1.01403       0.981692       0.965055       0.953719       0.975789       0.987301        1.01146       0.953719           1.05
        10.1996   -0.000170717   -0.000182349   -0.000275589   -0.000269247        7.01488        7.02079        7.21181        7.02517        1.04005        1.00988        1.02999        1.00995        1.01401       0.981651       0.964992       0.953622       0.975764       0.987293        1.01146       0.953622           1.05
        10.2196   -0.000169763   -0.000182368   -0.000275716   -0.000269545        7.01628         7.0217        7.20962        7.02318        1.04005        1.00988        1.02998        1.00995        1.01399        0.98161       0.964929       0.953524       0.975739       0.987284        1.01146       0.953524           1.05
        10.2396   -0.000169064   -0.000182551   -0.000275439   -0.000269474        7.01772        7.02262        7.20744        7.02118        1.04005        1.00987        1.02998        1.00995        1.01397        0.98157       0.964868       0.953427       0.975714       0.987276        1.01146       0.953427           1.05
        10.2596   -0.000168623   -0.000182895   -0.000274761   -0.000269036        7.01918        7.02351        7.20527         7.0192        1.04005        1.00987        1.02998        1.00994        1.01396       0.981531       0.964807        0.95333       0.975689       0.987268        1.01146        0.95333           1.05
        10.2796   -0.000168444   -0.000183398   -0.000273686   -0.000268234        7.02066         7.0244        7.20313        7.01724        1.04005        1.00987        1.02998        1.00994        1.01394       0.981494       0.964749       0.953236       0.975665       0.987261        1.01146       0.953236           1.05
        10.2996    -0.00016853   -0.000184056   -0.000272222   -0.000267075        7.02215        7.02526        7.20103        7.01531        1.04005        1.00987        1.02998        1.00994        1.01392       0.981459       0.964692       0.953144       0.975642       0.987254        1.01146       0.953144           1.05
        10.3196   -0.000168879   -0.000184865    -0.00027038   -0.000265568        7.02363         7.0261        7.19899        7.01343        1.04006        1.00987        1.02998        1.00994        1.01391       0.981426       0.964638       0.953054        0.97562       0.987247        1.01146       0.953054           1.05
        10.3396   -0.000169488   -0.000185819    -0.00026817   -0.000263723         7.0251        7.02692        7.19701        7.01161        1.04006        1.00987        1.02998        1.00994         1.0139       0.981395       0.964587       0.952968       0.975599       0.987241        1.01146       0.952968           1.05
        10.3596   -0.000170355   -0.000186915   -0.000265608   -0.000261553        7.02654         7.0277        7.19511        7.00986        1.04006        1.00988        1.02998        1.00994        1.01389       0.981366       0.964539       0.952886       0.975578       0.987235        1.01146       0.952886           1.05
        10.3796   -0.000171473   -0.000188145   -0.000262711   -0.000259072        7.02795        7.02845         7.1933        7.00819        1.04007        1.00988        1.02997        1.00994        1.01388        0.98134       0.964494       0.952808       0.975559        0.98723        1.01146       0.952808           1.05
        10.3996   -0.000172834   -0.000189502   -0.000259496   -0.000256299        7.02932        7.02916        7.19159        7.00661        1.04008        1.00989        1.02997        1.00994        1.01387       0.981316       0.964452       0.952735       0.975542       0.987225        1.01146       0.952735           1.05
        10.4196   -0.000174429   -0.000190979   -0.000255985    -0.00025325        7.03064        7.02983           7.19        7.00513        1.04008         1.0099        1.02997        1.00994        1.01386       0.981296       0.964415       0.952667       0.975526       0.987221        1.01146       0.952667           1.05
        10.4396    -0.00017625   -0.000192568     -0.0002522   -0.000249945        7.03189        7.03045        7.18853        7.00376        1.04009        1.00991        1.02997        1.00994        1.01386       0.981278       0.964382       0.952605       0.975511       0.987218        1.01146       0.952605           1.05
        10.4596   -0.000178283   -0.000194262   -0.000248166   -0.000246407        7.03308        7.03103        7.18719         7.0025         1.0401        1.00992        1.02997        1.00994        1.01385       0.981263       0.964353        0.95255       0.975498       0.987215        1.01146        0.95255           1.05
        10.4796   -0.000180516    -0.00019605   -0.000243908   -0.000242658        7.03419        7.03156        7.18598        7.00137        1.04011        1.00993        1.02997        1.00994        1.01385       0.981252       0.964328         0.9525       0.975487       0.987213        1.01146         0.9525           1.05
        10.4996   -0.000182933   -0.000197924   -0.000239453   -0.000238722        7.03522        7.03203        7.18493        7.00037        1.04012        1.00994        1.02997        1.00994        1.01385       0.981244       0.964308       0.952458       0.975478       0.987212        1.01146       0.952458           1.05
        10.5196    -0.00018552   -0.000199874    -0.00023483   -0.000234624        7.03616        7.03244        7.18402         6.9995        1.04013        1.00996        1.02997        1.00994        1.01385       0.981239       0.964293       0.952422       0.975471       0.987211        1.01146       0.952422           1.05
        10.5396   -0.000188259   -0.000201888   -0.000230067    -0.00023039        7.03701         7.0328        7.18328        6.99877        1.04014        1.00997        1.02997        1.00995        1.01386       0.981238       0.964283       0.952394       0.975465       0.987211        1.01146       0.952394           1.05
        10.5596   -0.000191133   -0.000203957   -0.000225195   -0.000226046        7.03775        7.03309         7.1827        6.99819        1.04015        1.00999        1.02997        1.00995        1.01386        0.98124       0.964277       0.952373       0.975462       0.987212        1.01146       0.952373           1.05
        10.5796   -0.000194125   -0.000206068   -0.000220245   -0.000221622         7.0384        7.03332        7.18228        6.99776        1.04016        1.01001        1.02997        1.00995        1.01387       0.981245       0.964277        0.95236       0.975461       0.987214        1.01147        0.95236           1.05
        10.5996   -0.000197214   -0.000208209   -0.000215249   -0.000217143        7.03894        7.03349        7.18203        6.99748        1.04017        1.01002        1.02997        1.00995        1.01388       0.981253       0.964281       0.952354       0.975461       0.987216        1.01147       0.952354           1.05
        10.6196   -0.000200383    -0.00021037   -0.000210237    -0.00021264        7.03937        7.03359        7.18196        6.99735        1.04018        1.01004        1.02997        1.00996        1.01389       0.981265       0.964291       0.952356       0.975464       0.987219        1.01147       0.952356           1.05
        10.6396   -0.000203611   -0.000212538   -0.000205242   -0.000208139        7.03969        7.03363        7.18205        6.99737        1.04019        1.01006        1.02997        1.00996         1.0139        0.98128       0.964305       0.952366       0.975468       0.987223        1.01147       0.952366           1.05
        10.6596   -0.000206879   -0.000214701   -0.000200296    -0.00020367        7.03989        7.03359        7.18231        6.99754         1.0402        1.01008        1.02997        1.00997        1.01391       0.981297       0.964323       0.952383       0.975475       0.987227        1.01147       0.952383           1.05
        10.6796   -0.000210166   -0.000216848   -0.000195428    -0.00019926        7.03999        7.03349        7.18275        6.99786        1.04021         1.0101        1.02997        1.00997        1.01393       0.981318       0.964347       0.952408       0.975483       0.987232        1.01147       0.952408           1.05
        10.6996   -0.000213453   -0.000218966    -0.00019067   -0.000194938        7.03997        7.03331        7.18334        6.99832        1.04022        1.01012        1.02997        1.00998        1.01394       0.981341       0.964375       0.952439       0.975494       0.987237        1.01147       0.952439           1.05
        10.7196    -0.00021672   -0.000221043   -0.000186051   -0.000190728        7.03984        7.03307         7.1841        6.99893        1.04023        1.01013        1.02997        1.00998        1.01396       0.981367       0.964406       0.952478       0.975505       0.987243        1.01147       0.952478           1.05
        10.7396   -0.000219948   -0.000223068   -0.000181602   -0.000186658         7.0396        7.03277        7.18501        6.99968        1.04024        1.01015        1.02997        1.00998        1.01398       0.981396       0.964442       0.952523       0.975519       0.987249        1.01148       0.952523           1.05
        10.7596   -0.000223118   -0.000225029   -0.000177349   -0.000182752        7.03925        7.03239        7.18607        7.00057        1.04024        1.01017        1.02997        1.00999          1.014       0.981426       0.964482       0.952575       0.975534       0.987256        1.01148       0.952575           1.05
        10.7796    -0.00022621   -0.000226915   -0.000173319   -0.000179034         7.0388        7.03196        7.18727        7.00158        1.04025        1.01019        1.02997        1.00999        1.01402       0.981459       0.964526       0.952633        0.97555       0.987263        1.01148       0.952633           1.05
        10.7996   -0.000229207   -0.000228714   -0.000169538   -0.000175527        7.03824        7.03145        7.18861        7.00272        1.04026        1.01021        1.02997           1.01        1.01404       0.981494       0.964572       0.952697       0.975568       0.987271        1.01148       0.952697           1.05
        10.8196   -0.000232093   -0.000230416    -0.00016603   -0.000172253        7.03759        7.03089        7.19008        7.00397        1.04027        1.01022        1.02997           1.01        1.01406        0.98153       0.964622       0.952766       0.975588       0.987279        1.01148       0.952766           1.05
        10.8396    -0.00023485   -0.000232012   -0.000162815   -0.000169231        7.03685        7.03027        7.19166        7.00533        1.04027        1.01024        1.02997        1.01001        1.01408       0.981567       0.964674        0.95284       0.975608       0.987287        1.01148        0.95284           1.05
        10.8596   -0.000237463   -0.000233491   -0.000159914   -0.000166481        7.03602         7.0296        7.19336         7.0068        1.04028        1.01025        1.02998        1.01001         1.0141       0.981606       0.964728       0.952918       0.975629       0.987295        1.01148       0.952918           1.05
        10.8796   -0.000239917   -0.000234845   -0.000157346   -0.000164019        7.03511        7.02888        7.19514        7.00835        1.04029        1.01027        1.02998        1.01001        1.01412       0.981646       0.964785          0.953       0.975651       0.987303        1.01148          0.953           1.05
        10.8996   -0.000242198   -0.000236064   -0.000155126   -0.000161862        7.03412        7.02811        7.19702        7.00998        1.04029        1.01028        1.02998        1.01002        1.01414       0.981686       0.964843       0.953086       0.975674       0.987312        1.01148       0.953086           1.05
        10.9196   -0.000244295   -0.000237142   -0.000153267   -0.000160021        7.03306         7.0273        7.19896        7.01169        1.04029        1.01029        1.02998        1.01002        1.01416       0.981727       0.964902       0.953174       0.975698        0.98732        1.01148       0.953174           1.05
        10.9396   -0.000246195   -0.000238073   -0.000151782   -0.000158509        7.03194        7.02645        7.20097        7.01346         1.0403         1.0103        1.02998        1.01003        1.01418       0.981768       0.964962       0.953265       0.975721       0.987328        1.01148       0.953265           1.05
        10.9596    -0.00024789    -0.00023885    -0.00015068   -0.000157336        7.03076        7.02558        7.20302        7.01527         1.0403        1.01031        1.02998        1.01003         1.0142       0.981809       0.965023       0.953358       0.975745       0.987337        1.01148       0.953358           1.05
        10.9796   -0.000249369    -0.00023947   -0.000149967   -0.000156508        7.02954        7.02467        7.20512        7.01713         1.0403        1.01032        1.02998        1.01003        1.01422       0.981849       0.965084       0.953451        0.97577       0.987345        1.01148       0.953451           1.05
        10.9996   -0.000250626   -0.000239927   -0.000149647   -0.000156031        7.02827        7.02375        7.20723        7.01902         1.0403        1.01033        1.02998        1.01004        1.01424       0.981889       0.965144       0.953545       0.975794       0.987353        1.01148       0.953545           1.05
        11.0196   -0.000251653    -0.00024022   -0.000149723   -0.000155908        7.02696        7.02281        7.20935        7.02092         1.0403        1.01033        1.02998        1.01004        1.01426       0.981928       0.965204       0.953639       0.975818       0.987361        1.01148       0.953639           1.05
        11.0396   -0.000252448   -0.000240347   -0.000150194   -0.000156141        7.02564        7.02186        7.21147        7.02282         1.0403        1.01034        1.02999        1.01004        1.01428       0.981966       0.965263       0.953733       0.975841       0.987368        1.01148       0.953733           1.05
        11.0596   -0.000253006   -0.000240307   -0.000151056   -0.000156728        7.02429        7.02091        7.21357        7.02473         1.0403        1.01034        1.02999        1.01004         1.0143       0.982003       0.965321       0.953825       0.975864       0.987376        1.01148       0.953825           1.05
        11.0796   -0.000253324   -0.000240101   -0.000152305   -0.000157666        7.02293        7.01996        7.21564        7.02661         1.0403        1.01034        1.02999        1.01004        1.01431       0.982038       0.965377       0.953916       0.975887       0.987382        1.01148       0.953916           1.05
        11.0996   -0.000253404   -0.000239732   -0.000153932   -0.000158949        7.02157        7.01903        7.21767        7.02846         1.0403        1.01034        1.02999        1.01005        1.01433       0.982072       0.965431       0.954004       0.975909       0.987389        1.01148       0.954004           1.05
        11.1196   -0.000253245   -0.000239201   -0.000155927   -0.000160571        7.02022        7.01811        7.21964        7.03028        1.04029        1.01034        1.02999        1.01005        1.01434       0.982104       0.965482       0.954089        0.97593       0.987395        1.01148       0.954089           1.05
        11.1396    -0.00025285   -0.000238513   -0.000158278   -0.000162521        7.01888        7.01722        7.22155        7.03204        1.04029        1.01034        1.02999        1.01005        1.01435       0.982133       0.965531       0.954171        0.97595       0.987401        1.01148       0.954171           1.05
        11.1596   -0.000252222   -0.000237672    -0.00016097   -0.000164788        7.01756        7.01636        7.22337        7.03373        1.04028        1.01033        1.02999        1.01005        1.01436        0.98216       0.965577        0.95425       0.975969       0.987406        1.01148        0.95425           1.05
        11.1796   -0.000251367   -0.000236685   -0.000163987   -0.000167358        7.01627        7.01553        7.22511        7.03536        1.04028        1.01033        1.02999        1.01005        1.01437       0.982185        0.96562       0.954324       0.975986        0.98741        1.01148       0.954324           1.05
        11.1996   -0.000250291   -0.000235559    -0.00016731   -0.000170217        7.01502        7.01474        7.22674         7.0369        1.04027        1.01032        1.02999        1.01005        1.01438       0.982207       0.965659       0.954393       0.976003       0.987414        1.01148       0.954393           1.05
        11.2196   -0.000249001   -0.000234302   -0.000170918   -0.000173347        7.01381          7.014        7.22827        7.03835        1.04027        1.01031        1.02999        1.01005        1.01439       0.982227       0.965695       0.954457       0.976018       0.987418        1.01148       0.954457           1.05
        11.2396   -0.000247507   -0.000232924   -0.000174791   -0.000176728        7.01266        7.01331        7.22968        7.03969        1.04026         1.0103           1.03        1.01005        1.01439       0.982243       0.965726       0.954516       0.976031       0.987421        1.01148       0.954516           1.05
        11.2595   -0.000245817   -0.000231433   -0.000178903   -0.000180342        7.01155        7.01268        7.23096        7.04093        1.04025        1.01029           1.03        1.01005        1.01439       0.982257       0.965754       0.954569       0.976043       0.987423        1.01148       0.954569           1.05
        11.2795   -0.000243944   -0.000229842   -0.000183232   -0.000184165        7.01052        7.01212         7.2321        7.04205        1.04024        1.01028           1.03        1.01004        1.01439       0.982268       0.965777       0.954615       0.976053       0.987425        1.01148       0.954615           1.05
        11.2995     -0.0002419   -0.000228161   -0.000187749   -0.000188175        7.00955        7.01161         7.2331        7.04304        1.04024        1.01027           1.03        1.01004        1.01439       0.982275       0.965796       0.954656       0.976062       0.987426        1.01148       0.954656           1.05
        11.3195   -0.000239697   -0.000226402   -0.000192428   -0.000192348        7.00866        7.01118        7.23396        7.04391        1.04023        1.01025           1.03        1.01004        1.01439        0.98228        0.96581       0.954689       0.976069       0.987427        1.01148       0.954689           1.05
        11.3395   -0.000237351   -0.000224577    -0.00019724   -0.000196658        7.00786        7.01081        7.23467        7.04464        1.04022        1.01024           1.03        1.01004        1.01439       0.982281        0.96582       0.954716       0.976074       0.987426        1.01148       0.954716           1.05
        11.3595   -0.000234877   -0.000222699   -0.000202157   -0.000201078        7.00713        7.01052        7.23521        7.04522        1.04021        1.01022           1.03        1.01004        1.01438        0.98228       0.965825       0.954736       0.976077       0.987426        1.01147       0.954736           1.05
        11.3795    -0.00023229   -0.000220781   -0.000207148   -0.000205583         7.0065        7.01029         7.2356        7.04566         1.0402        1.01021           1.03        1.01003        1.01438       0.982275       0.965826       0.954748       0.976079       0.987424        1.01147       0.954748           1.05
        11.3995   -0.000229608   -0.000218835   -0.000212184   -0.000210143        7.00596        7.01016        7.23583        7.04595        1.04019        1.01019           1.03        1.01003        1.01437       0.982267       0.965822       0.954754       0.976078       0.987422        1.01147       0.954754           1.05
        11.4195   -0.000226847   -0.000216877   -0.000217234   -0.000214733        7.00553        7.01009        7.23589         7.0461        1.04018        1.01017           1.03        1.01003        1.01436       0.982256       0.965813       0.954752       0.976076        0.98742        1.01147       0.954752           1.05
        11.4395   -0.000224025   -0.000214918   -0.000222267   -0.000219324        7.00518         7.0101        7.23579        7.04609        1.04017        1.01016           1.03        1.01002        1.01435       0.982242         0.9658       0.954743       0.976072       0.987417        1.01147       0.954743           1.05
        11.4595   -0.000221159   -0.000212973   -0.000227253   -0.000223888        7.00495        7.01019        7.23554        7.04594        1.04016        1.01014           1.03        1.01002        1.01434       0.982225       0.965782       0.954727       0.976066       0.987413        1.01147       0.954727           1.05
        11.4795   -0.000218267   -0.000211054   -0.000232164   -0.000228399        7.00481        7.01035        7.23512        7.04564        1.04015        1.01012           1.03        1.01002        1.01432       0.982206        0.96576       0.954704       0.976059       0.987409        1.01147       0.954704           1.05
        11.4995   -0.000215369   -0.000209177   -0.000236969   -0.000232828        7.00478        7.01059        7.23454        7.04519        1.04014         1.0101           1.03        1.01001        1.01431       0.982184       0.965734       0.954674       0.976049       0.987404        1.01147       0.954674           1.05
        11.5195   -0.000212483   -0.000207352    -0.00024164    -0.00023715        7.00485         7.0109        7.23381        7.04461        1.04013        1.01009           1.03        1.01001        1.01429       0.982159       0.965703       0.954638       0.976039       0.987399        1.01147       0.954638           1.05
        11.5395   -0.000209627   -0.000205594   -0.000246151   -0.000241339        7.00504        7.01127        7.23294        7.04388        1.04013        1.01007           1.03        1.01001        1.01428       0.982132       0.965669       0.954595       0.976026       0.987393        1.01147       0.954595           1.05
        11.5595    -0.00020682   -0.000203914   -0.000250474   -0.000245371        7.00532        7.01172        7.23192        7.04302        1.04012        1.01005           1.03           1.01        1.01426       0.982103       0.965632       0.954546       0.976012       0.987387        1.01146       0.954546           1.05
        11.5795   -0.000204079   -0.000202322   -0.000254584    -0.00024922         7.0057        7.01222        7.23077        7.04203        1.04011        1.01003           1.03           1.01        1.01424       0.982072        0.96559       0.954491       0.975997       0.987381        1.01146       0.954491           1.05
        11.5995   -0.000201422   -0.000200829   -0.000258458   -0.000252863        7.00619        7.01279        7.22949        7.04092         1.0401        1.01002           1.03        1.00999        1.01422       0.982039       0.965546       0.954431        0.97598       0.987374        1.01146       0.954431           1.05
        11.6195   -0.000198866   -0.000199445   -0.000262071    -0.00025628        7.00677        7.01341        7.22809        7.03969        1.04009           1.01           1.03        1.00999         1.0142       0.982005       0.965499       0.954365       0.975962       0.987367        1.01146       0.954365           1.05
        11.6395   -0.000196428   -0.000198179   -0.000265404   -0.000259451        7.00744        7.01409        7.22657        7.03836        1.04009        1.00999           1.03        1.00998        1.01418       0.981969       0.965449       0.954295       0.975943       0.987359        1.01146       0.954295           1.05
        11.6595   -0.000194121   -0.000197039   -0.000268438   -0.000262356         7.0082         7.0148        7.22495        7.03692        1.04008        1.00997        1.02999        1.00998        1.01416       0.981932       0.965397       0.954221       0.975923       0.987352        1.01146       0.954221           1.05
        11.6795   -0.000191963   -0.000196031   -0.000271154    -0.00026498        7.00905        7.01556        7.22325         7.0354        1.04008        1.00996        1.02999        1.00998        1.01414       0.981894       0.965343       0.954142       0.975902       0.987344        1.01146       0.954142           1.05
        11.6995   -0.000189966   -0.000195163   -0.000273538   -0.000267306        7.00997        7.01636        7.22145         7.0338        1.04007        1.00995        1.02999        1.00997        1.01412       0.981855       0.965288       0.954061        0.97588       0.987336        1.01146       0.954061           1.05
        11.7195   -0.000188143   -0.000194439   -0.000275576   -0.000269322        7.01097        7.01718        7.21959        7.03213        1.04007        1.00993        1.02999        1.00997         1.0141       0.981816       0.965231       0.953976       0.975858       0.987328        1.01146       0.953976           1.05
        11.7395   -0.000186507   -0.000193865   -0.000277257   -0.000271018        7.01203        7.01803        7.21767         7.0304        1.04006        1.00992        1.02999        1.00997        1.01408       0.981777       0.965173       0.953889       0.975835       0.987319        1.01146       0.953889           1.05
        11.7595   -0.000185067   -0.000193443   -0.000278572   -0.000272384        7.01316         7.0189         7.2157        7.02863        1.04006        1.00992        1.02999        1.00996        1.01406       0.981737       0.965114         0.9538       0.975812       0.987311        1.01146         0.9538           1.05
        11.7795   -0.000183835   -0.000193176   -0.000279514   -0.000273413        7.01434        7.01978        7.21369        7.02681        1.04006        1.00991        1.02999        1.00996        1.01404       0.981698       0.965056        0.95371       0.975789       0.987303        1.01146        0.95371           1.05
        11.7995   -0.000182818   -0.000193066   -0.000280079     -0.0002741        7.01556        7.02067        7.21167        7.02498        1.04006         1.0099        1.02999        1.00996        1.01402       0.981659       0.964997        0.95362       0.975765       0.987295        1.01146        0.95362           1.05
        11.8195   -0.000182023   -0.000193113   -0.000280265   -0.000274443        7.01683        7.02156        7.20963        7.02313        1.04006        1.00989        1.02999        1.00995          1.014       0.981621       0.964939       0.953529       0.975742       0.987287        1.01146       0.953529           1.05
        11.8395   -0.000181455   -0.000193317   -0.000280071   -0.000274441        7.01812        7.02245        7.20759        7.02128        1.04006        1.00989        1.02998        1.00995        1.01399       0.981585       0.964882       0.953439       0.975719        0.98728        1.01146       0.953439           1.05
        11.8595   -0.000181119   -0.000193678   -0.000279501   -0.000274096        7.01944        7.02333        7.20557        7.01943        1.04006        1.00989        1.02998        1.00995        1.01397       0.981549       0.964826       0.953349       0.975696       0.987272        1.01146       0.953349           1.05
        11.8795   -0.000181017   -0.000194192   -0.000278559   -0.000273412        7.02077         7.0242        7.20357        7.01761        1.04006        1.00989        1.02998        1.00995        1.01395       0.981514       0.964772       0.953261       0.975674       0.987265        1.01146       0.953261           1.05
        11.8995    -0.00018115   -0.000194856   -0.000277252   -0.000272394        7.02211        7.02505        7.20162        7.01583        1.04006        1.00989        1.02998        1.00994        1.01394       0.981482        0.96472       0.953175       0.975652       0.987259        1.01146       0.953175           1.05
        11.9195   -0.000181518   -0.000195667    -0.00027559    -0.00027105        7.02345        7.02588        7.19971        7.01408        1.04007        1.00989        1.02998        1.00994        1.01393       0.981451       0.964669       0.953092       0.975631       0.987252        1.01146       0.953092           1.05
        11.9395    -0.00018212   -0.000196619   -0.000273583   -0.000269392        7.02477        7.02668        7.19787        7.01239        1.04007        1.00989        1.02998        1.00994        1.01391       0.981422       0.964622       0.953012       0.975612       0.987247        1.01146       0.953012           1.05
        11.9595   -0.000182952   -0.000197707   -0.000271246   -0.000267429        7.02607        7.02745         7.1961        7.01077        1.04007        1.00989        1.02998        1.00994         1.0139       0.981395       0.964577       0.952936       0.975593       0.987241        1.01146       0.952936           1.05
        11.9795   -0.000184009   -0.000198924   -0.000268594   -0.000265175        7.02735        7.02818        7.19441        7.00921        1.04008         1.0099        1.02998        1.00994         1.0139       0.981371       0.964535       0.952863       0.975575       0.987236        1.01146       0.952863           1.05
        11.9995   -0.000185285   -0.000200264   -0.000265645   -0.000262647        7.02859        7.02887        7.19282        7.00775        1.04008        1.00991        1.02997        1.00994        1.01389       0.981349       0.964497       0.952796       0.975559       0.987232        1.01146       0.952796           1.05
        12.0195   -0.000186772   -0.000201717   -0.000262419   -0.000259861        7.02979        7.02952        7.19134        7.00637        1.04009        1.00991        1.02997        1.00994        1.01388        0.98133       0.964462       0.952733       0.975544       0.987229        1.01146       0.952733           1.05
        12.0395   -0.000188464   -0.000203278   -0.000258936   -0.000256836        7.03094        7.03012        7.18997        7.00509         1.0401        1.00992        1.02997        1.00994        1.01388       0.981314       0.964431       0.952675       0.975531       0.987225        1.01146       0.952675           1.05
        12.0595   -0.000190348   -0.000204936   -0.000255218   -0.000253591        7.03203        7.03067        7.18872        7.00393        1.04011        1.00993        1.02997        1.00994        1.01387         0.9813       0.964404       0.952623       0.975519       0.987223        1.01146       0.952623           1.05
        12.0795   -0.000192414   -0.000206683   -0.000251291   -0.000250148        7.03306        7.03117        7.18761        7.00287        1.04011        1.00994        1.02997        1.00994        1.01387        0.98129       0.964381       0.952578       0.975508       0.987221        1.01146       0.952578           1.05
        12.0995   -0.000194649   -0.000208507   -0.000247179   -0.000246528        7.03401        7.03161        7.18663        7.00193        1.04012        1.00996        1.02997        1.00994        1.01387       0.981282       0.964363       0.952538         0.9755        0.98722        1.01146       0.952538           1.05
        12.1195   -0.000197041     -0.0002104   -0.000242909   -0.000242755        7.03489        7.03199        7.18579        7.00112        1.04013        1.00997        1.02997        1.00995        1.01387       0.981278       0.964349       0.952505       0.975493       0.987219        1.01146       0.952505           1.05
        12.1395   -0.000199573    -0.00021235   -0.000238508   -0.000238853        7.03569        7.03231         7.1851        7.00044        1.04014        1.00998        1.02997        1.00995        1.01388       0.981276       0.964339       0.952479       0.975488       0.987219        1.01146       0.952479           1.05
        12.1595   -0.000202231   -0.000214346   -0.000234005   -0.000234847         7.0364        7.03257        7.18456         6.9999        1.04015           1.01        1.02997        1.00995        1.01388       0.981278       0.964334       0.952459       0.975485        0.98722        1.01146       0.952459           1.05
        12.1795   -0.000204999   -0.000216377   -0.000229427   -0.000230763        7.03702        7.03276        7.18418        6.99949        1.04016        1.01001        1.02997        1.00995        1.01389       0.981282       0.964333       0.952447       0.975483       0.987222        1.01147       0.952447           1.05
        12.1995   -0.000207861   -0.000218431   -0.000224805   -0.000226627        7.03754        7.03289        7.18395        6.99922        1.04017        1.01003        1.02997        1.00996         1.0139        0.98129       0.964337       0.952442       0.975484       0.987224        1.01147       0.952442           1.05
        12.2195   -0.000210799   -0.000220496   -0.000220167   -0.000222466        7.03797        7.03296        7.18389         6.9991        1.04018        1.01005        1.02997        1.00996        1.01391       0.981301       0.964346       0.952443       0.975486       0.987227        1.01147       0.952443           1.05
        12.2395   -0.000213796    -0.00022256   -0.000215544   -0.000218305        7.03829        7.03296        7.18398        6.99911        1.04019        1.01006        1.02997        1.00996        1.01392       0.981314       0.964359       0.952452       0.975491        0.98723        1.01147       0.952452           1.05
        12.2595   -0.000216833   -0.000224613   -0.000210965    -0.00021417        7.03852        7.03289        7.18423        6.99926        1.04019        1.01008        1.02997        1.00997        1.01393       0.981331       0.964376       0.952468       0.975496       0.987234        1.01147       0.952468           1.05
        12.2795   -0.000219892   -0.000226643    -0.00020646   -0.000210087        7.03864        7.03276        7.18463        6.99956         1.0402         1.0101        1.02997        1.00997        1.01394        0.98135       0.964398       0.952491       0.975504       0.987238        1.01147       0.952491           1.05
        12.2995   -0.000222955   -0.000228637   -0.000202055   -0.000206081        7.03866        7.03257        7.18519        6.99999        1.04021        1.01012        1.02997        1.00998        1.01396       0.981372       0.964424        0.95252       0.975514       0.987243        1.01147        0.95252           1.05
        12.3195   -0.000226004   -0.000230586   -0.000197779   -0.000202179        7.03857         7.0323        7.18589        7.00055        1.04022        1.01013        1.02997        1.00998        1.01397       0.981396       0.964453       0.952556       0.975525       0.987249        1.01147       0.952556           1.05
        12.3395    -0.00022902   -0.000232478   -0.000193659   -0.000198402        7.03838        7.03198        7.18674        7.00124        1.04023        1.01015        1.02997        1.00998        1.01399       0.981422       0.964486       0.952598       0.975537       0.987255        1.01148       0.952598           1.05
        12.3595   -0.000231986   -0.000234302   -0.000189721   -0.000194776        7.03809         7.0316        7.18774        7.00206        1.04024        1.01017        1.02997        1.00999        1.01401        0.98145       0.964523       0.952646       0.975551       0.987261        1.01148       0.952646           1.05
        12.3795   -0.000234883   -0.000236049   -0.000185988   -0.000191322         7.0377        7.03116        7.18886          7.003        1.04025        1.01018        1.02997        1.00999        1.01402        0.98148       0.964563         0.9527       0.975567       0.987267        1.01148         0.9527           1.05
        12.3995   -0.000237696   -0.000237709   -0.000182484   -0.000188064        7.03721        7.03067         7.1901        7.00406        1.04025         1.0102        1.02997           1.01        1.01404       0.981512       0.964607       0.952759       0.975583       0.987274        1.01148       0.952759           1.05
        12.4195   -0.000240407   -0.000239272   -0.000179231    -0.00018502        7.03663        7.03012        7.19146        7.00523        1.04026        1.01021        1.02997           1.01        1.01406       0.981546       0.964653       0.952823       0.975601       0.987282        1.01148       0.952823           1.05
        12.4395   -0.000243001    -0.00024073   -0.000176251   -0.000182209        7.03596        7.02952        7.19293        7.00649        1.04027        1.01023        1.02998        1.01001        1.01408       0.981581       0.964701       0.952892        0.97562       0.987289        1.01148       0.952892           1.05
        12.4595   -0.000245462   -0.000242076    -0.00017356    -0.00017965         7.0352        7.02889        7.19451        7.00785        1.04027        1.01024        1.02998        1.01001         1.0141       0.981617       0.964752       0.952965        0.97564       0.987297        1.01148       0.952965           1.05
        12.4795   -0.000247777   -0.000243301   -0.000171176   -0.000177357        7.03437         7.0282        7.19617         7.0093        1.04028        1.01026        1.02998        1.01001        1.01412       0.981654       0.964804       0.953041        0.97566       0.987305        1.01148       0.953041           1.05
        12.4995   -0.000249931     -0.0002444   -0.000169113   -0.000175345        7.03345        7.02748         7.1979        7.01082        1.04028        1.01027        1.02998        1.01002        1.01414       0.981691       0.964858        0.95312       0.975681       0.987312        1.01148        0.95312           1.05
        12.5195   -0.000251913   -0.000245364   -0.000167385   -0.000173628        7.03247        7.02673        7.19971         7.0124        1.04029        1.01028        1.02998        1.01002        1.01416       0.981729       0.964913       0.953203       0.975703        0.98732        1.01148       0.953203           1.05
        12.5395   -0.000253711   -0.000246191   -0.000166002   -0.000172214        7.03143        7.02594        7.20157        7.01405        1.04029        1.01029        1.02998        1.01002        1.01418       0.981767       0.964969       0.953287       0.975725       0.987328        1.01148       0.953287           1.05
        12.5595   -0.000255315   -0.000246873   -0.000164972   -0.000171114        7.03033        7.02513        7.20348        7.01574        1.04029         1.0103        1.02998        1.01003         1.0142       0.981806       0.965026       0.953373       0.975748       0.987336        1.01148       0.953373           1.05
        12.5795   -0.000256718   -0.000247409   -0.000164302   -0.000170334        7.02918         7.0243        7.20542        7.01747        1.04029        1.01031        1.02998        1.01003        1.01422       0.981843       0.965082        0.95346        0.97577       0.987343        1.01148        0.95346           1.05
        12.5995    -0.00025791   -0.000247796   -0.000163996    -0.00016988        7.02799        7.02346        7.20738        7.01923        1.04029        1.01031        1.02998        1.01003        1.01423        0.98188       0.965138       0.953547       0.975793       0.987351        1.01148       0.953547           1.05
        12.6195   -0.000258885   -0.000248031   -0.000164054   -0.000169754        7.02676         7.0226        7.20935          7.021         1.0403        1.01032        1.02998        1.01003        1.01425       0.981917       0.965194       0.953635       0.975815       0.987358        1.01148       0.953635           1.05
        12.6394   -0.000259639   -0.000248114   -0.000164478   -0.000169957        7.02551        7.02174        7.21131        7.02277        1.04029        1.01032        1.02999        1.01004        1.01427       0.981952       0.965249       0.953722       0.975837       0.987365        1.01148       0.953722           1.05
        12.6594   -0.000260167   -0.000248045   -0.000165264   -0.000170489        7.02424        7.02088        7.21326        7.02454        1.04029        1.01032        1.02999        1.01004        1.01428       0.981987       0.965303       0.953808       0.975858       0.987372        1.01148       0.953808           1.05
        12.6794   -0.000260469   -0.000247825   -0.000166406   -0.000171346        7.02295        7.02003        7.21518         7.0263        1.04029        1.01033        1.02999        1.01004         1.0143       0.982019       0.965355       0.953892       0.975879       0.987378        1.01148       0.953892           1.05
        12.6994   -0.000260543   -0.000247454   -0.000167899   -0.000172523        7.02167        7.01919        7.21707        7.02802        1.04029        1.01033        1.02999        1.01004        1.01431       0.982051       0.965405       0.953974         0.9759       0.987384        1.01148       0.953974           1.05
        12.7194    -0.00026039   -0.000246937   -0.000169731   -0.000174013        7.02038        7.01836         7.2189        7.02971        1.04029        1.01032        1.02999        1.01004        1.01433        0.98208       0.965453       0.954054       0.975919        0.98739        1.01148       0.954054           1.05
        12.7394   -0.000260011   -0.000246278   -0.000171894   -0.000175808        7.01911        7.01756        7.22067        7.03135        1.04028        1.01032        1.02999        1.01004        1.01434       0.982108       0.965499        0.95413       0.975938       0.987395        1.01148        0.95413           1.05
        12.7594   -0.000259411    -0.00024548   -0.000174371   -0.000177896        7.01787        7.01678        7.22236        7.03292        1.04028        1.01032        1.02999        1.01004        1.01435       0.982133       0.965541       0.954203       0.975956         0.9874        1.01148       0.954203           1.05
        12.7794   -0.000258593    -0.00024455   -0.000177149   -0.000180265        7.01664        7.01604        7.22398        7.03444        1.04027        1.01031        1.02999        1.01004        1.01435       0.982156       0.965581       0.954272       0.975972       0.987404        1.01148       0.954272           1.05
        12.7994   -0.000257565   -0.000243495    -0.00018021   -0.000182901        7.01545        7.01533         7.2255        7.03587        1.04027        1.01031        1.02999        1.01004        1.01436       0.982177       0.965618       0.954336       0.975987       0.987408        1.01148       0.954336           1.05
        12.8194   -0.000256334    -0.00024232   -0.000183536   -0.000185788        7.01431        7.01467        7.22692        7.03721        1.04026         1.0103        1.02999        1.01004        1.01437       0.982195       0.965651       0.954396       0.976001       0.987411        1.01148       0.954396           1.05
        12.8394   -0.000254907   -0.000241035   -0.000187106   -0.000188907        7.01322        7.01405        7.22823        7.03847        1.04025        1.01029           1.03        1.01004        1.01437       0.982211        0.96568       0.954451       0.976014       0.987414        1.01148       0.954451           1.05
        12.8594   -0.000253296   -0.000239648   -0.000190898   -0.000192241        7.01218        7.01348        7.22942        7.03962        1.04025        1.01028           1.03        1.01004        1.01437       0.982223       0.965706         0.9545       0.976025       0.987416        1.01148         0.9545           1.05
        12.8794    -0.00025151   -0.000238166   -0.000194889    -0.00019577         7.0112        7.01296        7.23049        7.04065        1.04024        1.01027           1.03        1.01004        1.01438       0.982233       0.965728       0.954543       0.976034       0.987418        1.01148       0.954543           1.05
        12.8994   -0.000249561   -0.000236602   -0.000199055   -0.000199471         7.0103         7.0125        7.23142        7.04158        1.04023        1.01026           1.03        1.01004        1.01438        0.98224       0.965745       0.954581       0.976042       0.987419        1.01148       0.954581           1.05
        12.9194   -0.000247464   -0.000234964   -0.000203371   -0.000203322        7.00946        7.01209        7.23222        7.04238        1.04022        1.01024           1.03        1.01004        1.01437       0.982245       0.965759       0.954612       0.976049       0.987419        1.01148       0.954612           1.05
        12.9394   -0.000245231   -0.000233264    -0.00020781     -0.0002073        7.00871        7.01176        7.23288        7.04305        1.04022        1.01023           1.03        1.01004        1.01437       0.982246       0.965768       0.954637       0.976053       0.987419        1.01147       0.954637           1.05
        12.9594   -0.000242878   -0.000231515   -0.000212344   -0.000211379        7.00803        7.01149        7.23339         7.0436        1.04021        1.01022           1.03        1.01003        1.01437       0.982245       0.965773       0.954655       0.976056       0.987418        1.01147       0.954655           1.05
        12.9794   -0.000240419   -0.000229727   -0.000216948   -0.000215536        7.00745        7.01128        7.23376        7.04401         1.0402         1.0102           1.03        1.01003        1.01436        0.98224       0.965773       0.954667       0.976058       0.987417        1.01147       0.954667           1.05
        12.9994   -0.000237871   -0.000227911   -0.000221592   -0.000219746        7.00695        7.01114        7.23397        7.04428        1.04019        1.01019           1.03        1.01003        1.01435       0.982233        0.96577       0.954672       0.976057       0.987415        1.01147       0.954672           1.05
        13.0194    -0.00023525   -0.000226081   -0.000226249   -0.000223981        7.00655        7.01107        7.23404        7.04442        1.04018        1.01017           1.03        1.01003        1.01434       0.982223       0.965762       0.954671       0.976056       0.987413        1.01147       0.954671           1.05
        13.0394   -0.000232571   -0.000224248   -0.000230891   -0.000228217        7.00625        7.01107        7.23395        7.04441        1.04017        1.01015           1.03        1.01002        1.01433        0.98221       0.965749       0.954663       0.976052        0.98741        1.01147       0.954663           1.05
        13.0594   -0.000229853   -0.000222424    -0.00023549   -0.000232428        7.00603        7.01113        7.23372        7.04427        1.04016        1.01014           1.03        1.01002        1.01432       0.982194       0.965733       0.954648       0.976046       0.987407        1.01147       0.954648           1.05
        13.0794   -0.000227112   -0.000220622   -0.000240019   -0.000236588        7.00592        7.01126        7.23333        7.04399        1.04015        1.01012           1.03        1.01002        1.01431       0.982176       0.965712       0.954626       0.976039       0.987403        1.01147       0.954626           1.05
        13.0994   -0.000224366   -0.000218853   -0.000244449    -0.00024067        7.00591        7.01146         7.2328        7.04357        1.04014         1.0101           1.03        1.01001         1.0143       0.982155       0.965688       0.954599       0.976031       0.987398        1.01147       0.954599           1.05
        13.1194   -0.000221634   -0.000217129   -0.000248756   -0.000244651          7.006        7.01173        7.23213        7.04302        1.04014        1.01009           1.03        1.01001        1.01428       0.982133        0.96566       0.954565       0.976021       0.987394        1.01147       0.954565           1.05
        13.1394   -0.000218931   -0.000215462   -0.000252914   -0.000248506        7.00618        7.01206        7.23133        7.04234        1.04013        1.01007           1.03           1.01        1.01427       0.982108       0.965628       0.954525       0.976009       0.987388        1.01147       0.954525           1.05
        13.1594   -0.000216276   -0.000213863   -0.000256896   -0.000252213        7.00646        7.01245        7.23038        7.04154        1.04012        1.01006           1.03           1.01        1.01425       0.982081       0.965593        0.95448       0.975996       0.987383        1.01146        0.95448           1.05
        13.1794   -0.000213685   -0.000212342   -0.000260681   -0.000255749        7.00683        7.01291        7.22932        7.04062        1.04011        1.01004           1.03           1.01        1.01423       0.982052       0.965555       0.954429       0.975982       0.987377        1.01146       0.954429           1.05
        13.1994   -0.000211174   -0.000210909   -0.000264245   -0.000259093         7.0073        7.01341        7.22813        7.03959        1.04011        1.01002           1.03        1.00999        1.01421       0.982021       0.965513       0.954373       0.975966        0.98737        1.01146       0.954373           1.05
        13.2194   -0.000208758   -0.000209574   -0.000267568   -0.000262226        7.00785        7.01397        7.22683        7.03844         1.0401        1.01001           1.03        1.00999         1.0142       0.981989        0.96547       0.954312        0.97595       0.987364        1.01146       0.954312           1.05
        13.2394   -0.000206453   -0.000208343    -0.00027063   -0.000265128        7.00849        7.01458        7.22543         7.0372        1.04009           1.01        1.02999        1.00999        1.01418       0.981955       0.965423       0.954246       0.975932       0.987357        1.01146       0.954246           1.05
        13.2594   -0.000204273   -0.000207226   -0.000273413   -0.000267783        7.00921        7.01523        7.22393        7.03587        1.04009        1.00998        1.02999        1.00998        1.01416       0.981921       0.965375       0.954177       0.975913        0.98735        1.01146       0.954177           1.05
        13.2794   -0.000202232   -0.000206229   -0.000275901   -0.000270174        7.01001        7.01592        7.22234        7.03446        1.04008        1.00997        1.02999        1.00998        1.01414       0.981885       0.965324       0.954104       0.975894       0.987342        1.01146       0.954104           1.05
        13.2994   -0.000200342   -0.000205359   -0.000278079    -0.00027229        7.01088        7.01664        7.22068        7.03297        1.04008        1.00996        1.02999        1.00997        1.01412       0.981849       0.965273       0.954028       0.975874       0.987335        1.01146       0.954028           1.05
        13.3194   -0.000198614   -0.000204621   -0.000279936   -0.000274117        7.01182         7.0174        7.21894        7.03142        1.04007        1.00995        1.02999        1.00997         1.0141       0.981813        0.96522        0.95395       0.975853       0.987327        1.01146        0.95395           1.05
        13.3394   -0.000197059   -0.000204019   -0.000281459   -0.000275644        7.01281        7.01818        7.21715        7.02982        1.04007        1.00994        1.02999        1.00997        1.01408       0.981776       0.965166       0.953869       0.975832        0.98732        1.01146       0.953869           1.05
        13.3594   -0.000195688   -0.000203557   -0.000282641   -0.000276865        7.01386        7.01899        7.21532        7.02817        1.04007        1.00993        1.02999        1.00996        1.01406        0.98174       0.965112       0.953786        0.97581       0.987312        1.01146       0.953786           1.05
        13.3794   -0.000194509   -0.000203239   -0.000283476   -0.000277772        7.01496         7.0198        7.21346        7.02649        1.04007        1.00992        1.02999        1.00996        1.01405       0.981703       0.965057       0.953703       0.975788       0.987305        1.01146       0.953703           1.05
        13.3994    -0.00019353   -0.000203065   -0.000283959   -0.000278362         7.0161        7.02063        7.21157        7.02478        1.04007        1.00991        1.02999        1.00996        1.01403       0.981667       0.965003       0.953619       0.975766       0.987297        1.01146       0.953619           1.05
        13.4194   -0.000192756   -0.000203037   -0.000284088   -0.000278631        7.01727        7.02147        7.20967        7.02307        1.04007        1.00991        1.02999        1.00996        1.01401       0.981632       0.964949       0.953534       0.975745        0.98729        1.01146       0.953534           1.05
        13.4394   -0.000192192   -0.000203156   -0.000283864    -0.00027858        7.01847         7.0223        7.20778        7.02135        1.04007        1.00991        1.02998        1.00995          1.014       0.981598       0.964896        0.95345       0.975723       0.987283        1.01146        0.95345           1.05
        13.4594   -0.000191842   -0.000203421   -0.000283288   -0.000278209        7.01969        7.02313        7.20589        7.01964        1.04007         1.0099        1.02998        1.00995        1.01398       0.981565       0.964844       0.953367       0.975702       0.987276        1.01146       0.953367           1.05
        13.4794   -0.000191708   -0.000203829   -0.000282365   -0.000277523        7.02092        7.02395        7.20403        7.01795        1.04007         1.0099        1.02998        1.00995        1.01397       0.981533       0.964794       0.953285       0.975682        0.98727        1.01146       0.953285           1.05
        13.4994   -0.000191791   -0.000204378   -0.000281101   -0.000276526        7.02215        7.02475        7.20221        7.01629        1.04007         1.0099        1.02998        1.00995        1.01395       0.981503       0.964745       0.953206       0.975662       0.987264        1.01146       0.953206           1.05
        13.5194    -0.00019209   -0.000205065   -0.000279506   -0.000275227        7.02338        7.02553        7.20044        7.01467        1.04007         1.0099        1.02998        1.00995        1.01394       0.981474       0.964698       0.953128       0.975642       0.987258        1.01146       0.953128           1.05
        13.5394   -0.000192603   -0.000205885   -0.000277589   -0.000273634         7.0246        7.02629        7.19872         7.0131        1.04008        1.00991        1.02998        1.00995        1.01393       0.981447       0.964654       0.953054       0.975624       0.987252        1.01146       0.953054           1.05
        13.5594   -0.000193327   -0.000206833   -0.000275364   -0.000271759         7.0258        7.02702        7.19707        7.01159        1.04008        1.00991        1.02998        1.00994        1.01392       0.981422       0.964612       0.952983       0.975606       0.987247        1.01146       0.952983           1.05
        13.5794   -0.000194258   -0.000207904   -0.000272845   -0.000269613        7.02698        7.02772         7.1955        7.01015        1.04009        1.00991        1.02998        1.00994        1.01391         0.9814       0.964574       0.952915        0.97559       0.987243        1.01146       0.952915           1.05
        13.5994    -0.00019539    -0.00020909   -0.000270049   -0.000267211        7.02812        7.02837        7.19402        7.00879        1.04009        1.00992        1.02998        1.00994        1.01391        0.98138       0.964538       0.952852       0.975575       0.987239        1.01146       0.952852           1.05
        13.6194   -0.000196716   -0.000210384   -0.000266993   -0.000264569        7.02922        7.02899        7.19264        7.00751         1.0401        1.00993        1.02997        1.00994         1.0139       0.981362       0.964506       0.952794       0.975561       0.987235        1.01146       0.952794           1.05
        13.6394   -0.000198229    -0.00021178   -0.000263697   -0.000261705        7.03028        7.02956        7.19136        7.00632         1.0401        1.00994        1.02997        1.00994         1.0139       0.981347       0.964477       0.952741       0.975549       0.987233        1.01146       0.952741           1.05
        13.6594   -0.000199919   -0.000213269   -0.000260183   -0.000258636        7.03128        7.03009         7.1902        7.00524        1.04011        1.00995        1.02997        1.00995        1.01389       0.981334       0.964452       0.952693       0.975538        0.98723        1.01146       0.952693           1.05
        13.6794   -0.000201775   -0.000214842   -0.000256472   -0.000255383        7.03222        7.03057        7.18916        7.00425        1.04012        1.00996        1.02997        1.00995        1.01389       0.981324       0.964431        0.95265       0.975528       0.987229        1.01146        0.95265           1.05
        13.6994   -0.000203786   -0.000216489   -0.000252589   -0.000251965         7.0331        7.03098        7.18824        7.00339        1.04013        1.00997        1.02997        1.00995        1.01389       0.981317       0.964413       0.952613        0.97552       0.987227        1.01146       0.952613           1.05
        13.7194    -0.00020594   -0.000218201   -0.000248558   -0.000248405        7.03391        7.03135        7.18746        7.00263        1.04013        1.00998        1.02997        1.00995        1.01389       0.981313         0.9644       0.952582       0.975514       0.987227        1.01146       0.952582           1.05
        13.7394   -0.000208223   -0.000219967   -0.000244404   -0.000244723        7.03464        7.03165        7.18682          7.002        1.04014        1.00999        1.02997        1.00995         1.0139       0.981312       0.964391       0.952558       0.975509       0.987227        1.01146       0.952558           1.05
        13.7594   -0.000210622   -0.000221776   -0.000240154   -0.000240945         7.0353         7.0319        7.18632        7.00149        1.04015        1.01001        1.02997        1.00995         1.0139       0.981313       0.964386        0.95254       0.975506       0.987228        1.01147        0.95254           1.05
        13.7794   -0.000213122   -0.000223619   -0.000235835   -0.000237092        7.03587        7.03208        7.18597        7.00111        1.04016        1.01002        1.02997        1.00996        1.01391       0.981317       0.964386       0.952528       0.975505       0.987229        1.01147       0.952528           1.05
        13.7994   -0.000215708   -0.000225483   -0.000231475    -0.00023319        7.03636         7.0322        7.18576        7.00086        1.04017        1.01004        1.02997        1.00996        1.01391       0.981325        0.96439       0.952523       0.975505       0.987231        1.01147       0.952523           1.05
        13.8194   -0.000218365   -0.000227357     -0.0002271   -0.000229262        7.03675        7.03227         7.1857        7.00073        1.04018        1.01005        1.02997        1.00996        1.01392       0.981335       0.964397       0.952525       0.975507       0.987233        1.01147       0.952525           1.05
        13.8394   -0.000221077   -0.000229232   -0.000222738   -0.000225333        7.03706        7.03226        7.18578        7.00074        1.04018        1.01007        1.02997        1.00997        1.01393       0.981347       0.964409       0.952533       0.975511       0.987237        1.01147       0.952533           1.05
        13.8594   -0.000223827   -0.000231095   -0.000218416   -0.000221428        7.03727         7.0322        7.18601        7.00088        1.04019        1.01008        1.02997        1.00997        1.01394       0.981362       0.964426       0.952548       0.975517        0.98724        1.01147       0.952548           1.05
        13.8794   -0.000226598   -0.000232935   -0.000214162   -0.000217571        7.03739        7.03207        7.18639        7.00115         1.0402         1.0101        1.02997        1.00997        1.01396        0.98138       0.964446       0.952569       0.975524       0.987244        1.01147       0.952569           1.05
        13.8994   -0.000229374   -0.000234741   -0.000210001   -0.000213786        7.03741        7.03188        7.18691        7.00155        1.04021        1.01012        1.02997        1.00998        1.01397         0.9814       0.964469       0.952596       0.975533       0.987249        1.01147       0.952596           1.05
        13.9194   -0.000232136   -0.000236503    -0.00020596   -0.000210095        7.03734        7.03164        7.18757        7.00207        1.04022        1.01013        1.02997        1.00998        1.01398       0.981422       0.964497       0.952629       0.975543       0.987254        1.01147       0.952629           1.05
        13.9394   -0.000234869   -0.000238211   -0.000202063   -0.000206522        7.03717        7.03133        7.18836        7.00271        1.04023        1.01015        1.02997        1.00999          1.014       0.981447       0.964528       0.952668       0.975554       0.987259        1.01148       0.952668           1.05
        13.9594   -0.000237557   -0.000239853   -0.000198336   -0.000203088         7.0369        7.03097        7.18928        7.00347        1.04023        1.01016        1.02997        1.00999        1.01401       0.981473       0.964562       0.952713       0.975567       0.987265        1.01148       0.952713           1.05
        13.9794   -0.000240182   -0.000241422   -0.000194801   -0.000199813        7.03655        7.03055        7.19033        7.00434        1.04024        1.01018        1.02997        1.00999        1.01403       0.981501       0.964599       0.952763       0.975582       0.987271        1.01148       0.952763           1.05
        13.9994   -0.000242729   -0.000242907    -0.00019148   -0.000196718        7.03611        7.03008        7.19149        7.00532        1.04025        1.01019        1.02997           1.01        1.01405       0.981531       0.964639       0.952818       0.975597       0.987278        1.01148       0.952818           1.05
        14.0193   -0.000245184     -0.0002443   -0.000188393   -0.000193821        7.03558        7.02956        7.19276         7.0064        1.04025        1.01021        1.02998           1.01        1.01407       0.981562       0.964682       0.952877       0.975613       0.987284        1.01148       0.952877           1.05
        14.0393   -0.000247531   -0.000245593   -0.000185558    -0.00019114        7.03496          7.029        7.19413        7.00757        1.04026        1.01022        1.02998           1.01        1.01408       0.981595       0.964727       0.952941       0.975631       0.987291        1.01148       0.952941           1.05
        14.0593   -0.000249756   -0.000246779   -0.000182993   -0.000188692        7.03427        7.02839        7.19559        7.00883        1.04027        1.01023        1.02998        1.01001         1.0141       0.981628       0.964774       0.953009       0.975649       0.987298        1.01148       0.953009           1.05
        14.0793   -0.000251846    -0.00024785   -0.000180714   -0.000186492         7.0335        7.02775        7.19713        7.01017        1.04027        1.01025        1.02998        1.01001        1.01412       0.981662       0.964823        0.95308       0.975668       0.987306        1.01148        0.95308           1.05
        14.0993   -0.000253788   -0.000248802   -0.000178733   -0.000184552        7.03266        7.02707        7.19875        7.01159        1.04027        1.01026        1.02998        1.01002        1.01414       0.981697       0.964873       0.953153       0.975688       0.987313        1.01148       0.953153           1.05
        14.1193   -0.000255572   -0.000249628   -0.000177063   -0.000182885        7.03176        7.02635        7.20043        7.01306        1.04028        1.01027        1.02998        1.01002        1.01416       0.981732       0.964924        0.95323       0.975708        0.98732        1.01148        0.95323           1.05
        14.1393   -0.000257186   -0.000250323   -0.000175714   -0.000181501         7.0308        7.02562        7.20217        7.01459        1.04028        1.01028        1.02998        1.01002        1.01418       0.981768       0.964976       0.953308       0.975729       0.987328        1.01148       0.953308           1.05
        14.1593   -0.000258621   -0.000250885   -0.000174694   -0.000180408        7.02978        7.02485        7.20394        7.01616        1.04028        1.01029        1.02998        1.01002        1.01419       0.981803       0.965029       0.953388        0.97575       0.987335        1.01148       0.953388           1.05
        14.1793   -0.000259868   -0.000251309   -0.000174008   -0.000179613        7.02872        7.02408        7.20574        7.01777        1.04029        1.01029        1.02998        1.01003        1.01421       0.981838       0.965081       0.953469       0.975771       0.987342        1.01148       0.953469           1.05
        14.1993    -0.00026092   -0.000251593   -0.000173659    -0.00017912        7.02762        7.02329        7.20756        7.01941        1.04029         1.0103        1.02998        1.01003        1.01423       0.981873       0.965134        0.95355       0.975792       0.987349        1.01148        0.95355           1.05
        14.2193   -0.000261772   -0.000251735   -0.000173651   -0.000178933        7.02648        7.02249        7.20939        7.02105        1.04029         1.0103        1.02998        1.01003        1.01424       0.981907       0.965185       0.953631       0.975812       0.987356        1.01148       0.953631           1.05
        14.2393   -0.000262418   -0.000251736   -0.000173981   -0.000179052        7.02531        7.02169        7.21122        7.02271        1.04029        1.01031        1.02999        1.01003        1.01426       0.981939       0.965236       0.953712       0.975833       0.987362        1.01148       0.953712           1.05
        14.2593   -0.000262855   -0.000251594   -0.000174647   -0.000179477        7.02413        7.02089        7.21303        7.02435        1.04029        1.01031        1.02999        1.01004        1.01427       0.981971       0.965286       0.953792       0.975853       0.987368        1.01148       0.953792           1.05
        14.2793    -0.00026308   -0.000251313   -0.000175645   -0.000180205        7.02294         7.0201        7.21481        7.02599        1.04028        1.01031        1.02999        1.01004        1.01429       0.982002       0.965335        0.95387       0.975872       0.987374        1.01148        0.95387           1.05
        14.2993   -0.000263094   -0.000250893   -0.000176967   -0.000181231        7.02174        7.01932        7.21656        7.02759        1.04028        1.01031        1.02999        1.01004         1.0143       0.982031       0.965382       0.953947       0.975891        0.98738        1.01148       0.953947           1.05
        14.3193   -0.000262895   -0.000250338   -0.000178606   -0.000182548        7.02054        7.01856        7.21826        7.02916        1.04028        1.01031        1.02999        1.01004        1.01431       0.982058       0.965426       0.954021        0.97591       0.987385        1.01148       0.954021           1.05
        14.3393   -0.000262486   -0.000249651    -0.00018055   -0.000184149        7.01936        7.01782         7.2199        7.03069        1.04028        1.01031        1.02999        1.01004        1.01432       0.982084       0.965469       0.954092       0.975927        0.98739        1.01148       0.954092           1.05
        14.3593   -0.000261871   -0.000248837   -0.000182787   -0.000186024        7.01819        7.01711        7.22148        7.03216        1.04027         1.0103        1.02999        1.01004        1.01433       0.982108       0.965508        0.95416       0.975943       0.987395        1.01148        0.95416           1.05
        14.3793   -0.000261053   -0.000247901   -0.000185303    -0.00018816        7.01705        7.01642        7.22297        7.03357        1.04027         1.0103        1.02999        1.01004        1.01434       0.982129       0.965545       0.954224       0.975959       0.987399        1.01148       0.954224           1.05
        14.3993   -0.000260037   -0.000246849   -0.000188082   -0.000190544        7.01594        7.01577        7.22438         7.0349        1.04026        1.01029        1.02999        1.01004        1.01435       0.982149       0.965579       0.954284       0.975973       0.987402        1.01148       0.954284           1.05
        14.4193   -0.000258832   -0.000245688   -0.000191107   -0.000193162        7.01487        7.01516         7.2257        7.03616        1.04026        1.01029        1.02999        1.01004        1.01435       0.982165        0.96561       0.954339       0.975986       0.987405        1.01148       0.954339           1.05
        14.4393   -0.000257443   -0.000244425   -0.000194358   -0.000195998        7.01384        7.01459        7.22692        7.03732        1.04025        1.01028        1.02999        1.01004        1.01436        0.98218       0.965638        0.95439       0.975997       0.987408        1.01148        0.95439           1.05
        14.4593   -0.000255882   -0.000243068   -0.000197815   -0.000199033        7.01287        7.01407        7.22802        7.03839        1.04024        1.01027           1.03        1.01004        1.01436       0.982192       0.965662       0.954436       0.976008        0.98741        1.01148       0.954436           1.05
        14.4793   -0.000254158   -0.000241626   -0.000201457   -0.000202249        7.01196         7.0136        7.22902        7.03936        1.04024        1.01026           1.03        1.01004        1.01436       0.982201       0.965682       0.954477       0.976017       0.987411        1.01148       0.954477           1.05
        14.4993   -0.000252282   -0.000240109   -0.000205262   -0.000205625        7.01111        7.01318        7.22988        7.04022        1.04023        1.01025           1.03        1.01004        1.01436       0.982208       0.965698       0.954511       0.976024       0.987412        1.01148       0.954511           1.05
        14.5193   -0.000250266   -0.000238525   -0.000209205   -0.000209142        7.01032        7.01281        7.23063        7.04097        1.04022        1.01023           1.03        1.01003        1.01436       0.982212       0.965711       0.954541        0.97603       0.987413        1.01148       0.954541           1.05
        14.5393   -0.000248123   -0.000236885   -0.000213264   -0.000212776        7.00962        7.01251        7.23124         7.0416        1.04021        1.01022           1.03        1.01003        1.01435       0.982213        0.96572       0.954564       0.976035       0.987413        1.01147       0.954564           1.05
        14.5593   -0.000245868   -0.000235199   -0.000217413   -0.000216505        7.00898        7.01226        7.23171        7.04211         1.0402        1.01021           1.03        1.01003        1.01435       0.982212       0.965724       0.954581       0.976038       0.987412        1.01147       0.954581           1.05
        14.5793   -0.000243514   -0.000233478   -0.000221626   -0.000220306        7.00844        7.01207        7.23205        7.04249         1.0402         1.0102           1.03        1.01003        1.01434       0.982208       0.965725       0.954592       0.976039       0.987411        1.01147       0.954592           1.05
        14.5993   -0.000241075   -0.000231734   -0.000225877   -0.000224154        7.00797        7.01194        7.23225        7.04274        1.04019        1.01018           1.03        1.01003        1.01434       0.982201       0.965721       0.954597       0.976038       0.987409        1.01147       0.954597           1.05
        14.6193   -0.000238567   -0.000229976   -0.000230141   -0.000228026        7.00759        7.01188        7.23231        7.04287        1.04018        1.01017           1.03        1.01002        1.01433       0.982191       0.965714       0.954595       0.976037       0.987407        1.01147       0.954595           1.05
        14.6393   -0.000236005   -0.000228216    -0.00023439   -0.000231899         7.0073        7.01188        7.23223        7.04286        1.04017        1.01015           1.03        1.01002        1.01432       0.982179       0.965702       0.954588       0.976033       0.987404        1.01147       0.954588           1.05
        14.6593   -0.000233407   -0.000226465   -0.000238598   -0.000235747        7.00711        7.01194        7.23201        7.04273        1.04016        1.01014           1.03        1.01002        1.01431       0.982165       0.965687       0.954574       0.976028       0.987401        1.01147       0.954574           1.05
        14.6793   -0.000230787   -0.000224735   -0.000242741   -0.000239547          7.007        7.01207        7.23166        7.04247        1.04016        1.01012           1.03        1.01001         1.0143       0.982148       0.965668       0.954554       0.976021       0.987397        1.01147       0.954554           1.05
        14.6993   -0.000228162   -0.000223035   -0.000246793   -0.000243277        7.00699        7.01225        7.23117        7.04208        1.04015        1.01011           1.03        1.01001        1.01428       0.982129       0.965645       0.954528       0.976013       0.987393        1.01147       0.954528           1.05
        14.7193    -0.00022555   -0.000221379   -0.000250729   -0.000246912        7.00707         7.0125        7.23054        7.04157        1.04014        1.01009           1.03        1.01001        1.01427       0.982108       0.965619       0.954497       0.976004       0.987389        1.01147       0.954497           1.05
        14.7393   -0.000222967   -0.000219774   -0.000254527   -0.000250432        7.00724         7.0128        7.22979        7.04094        1.04013        1.01007           1.03           1.01        1.01426       0.982084       0.965589        0.95446       0.975993       0.987384        1.01147        0.95446           1.05
        14.7593   -0.000220428   -0.000218233   -0.000258163   -0.000253814         7.0075        7.01316        7.22892         7.0402        1.04012        1.01006           1.03           1.01        1.01424       0.982059       0.965557       0.954418       0.975981       0.987379        1.01146       0.954418           1.05
        14.7793   -0.000217949   -0.000216763   -0.000261616   -0.000257038        7.00785        7.01357        7.22793        7.03934        1.04012        1.01004           1.03           1.01        1.01423       0.982032       0.965521        0.95437       0.975968       0.987373        1.01146        0.95437           1.05
        14.7993   -0.000215546   -0.000215373   -0.000264865   -0.000260085        7.00829        7.01404        7.22683        7.03838        1.04011        1.01003           1.03        1.00999        1.01421       0.982004       0.965483       0.954318       0.975953       0.987367        1.01146       0.954318           1.05
        14.8193   -0.000213232   -0.000214074    -0.00026789   -0.000262935        7.00881        7.01455        7.22562        7.03732         1.0401        1.01002        1.02999        1.00999        1.01419       0.981974       0.965442       0.954262       0.975938       0.987361        1.01146       0.954262           1.05
        14.8393   -0.000211023   -0.000212871   -0.000270672   -0.000265572        7.00941        7.01511        7.22432        7.03617         1.0401           1.01        1.02999        1.00999        1.01417       0.981943       0.965399       0.954201       0.975921       0.987354        1.01146       0.954201           1.05
        14.8593   -0.000208931   -0.000211773   -0.000273196   -0.000267979        7.01009         7.0157        7.22293        7.03493        1.04009        1.00999        1.02999        1.00998        1.01416       0.981911       0.965354       0.954137       0.975904       0.987348        1.01146       0.954137           1.05
        14.8793   -0.000206968   -0.000210786   -0.000275447   -0.000270142        7.01083        7.01634        7.22145        7.03361        1.04009        1.00998        1.02999        1.00998        1.01414       0.981878       0.965307       0.954069       0.975886       0.987341        1.01146       0.954069           1.05
        14.8993   -0.000205148   -0.000209915    -0.00027741   -0.000272049        7.01165          7.017        7.21991        7.03223        1.04009        1.00997        1.02999        1.00998        1.01412       0.981844       0.965259       0.953998       0.975867       0.987334        1.01146       0.953998           1.05
        14.9193    -0.00020348   -0.000209167   -0.000279075   -0.000273687        7.01252         7.0177         7.2183        7.03079        1.04008        1.00996        1.02999        1.00997         1.0141       0.981811        0.96521       0.953925       0.975848       0.987327        1.01146       0.953925           1.05
        14.9393   -0.000201975   -0.000208544   -0.000280431   -0.000275048        7.01345        7.01842        7.21664         7.0293        1.04008        1.00995        1.02999        1.00997        1.01409       0.981777        0.96516        0.95385       0.975828        0.98732        1.01146        0.95385           1.05
        14.9593   -0.000200641    -0.00020805    -0.00028147   -0.000276124        7.01443        7.01916        7.21494        7.02777        1.04008        1.00994        1.02999        1.00997        1.01407       0.981742        0.96511       0.953773       0.975808       0.987313        1.01146       0.953773           1.05
        14.9793   -0.000199487   -0.000207689   -0.000282188   -0.000276909        7.01546        7.01991        7.21321         7.0262        1.04007        1.00993        1.02999        1.00996        1.01405       0.981709       0.965059       0.953696       0.975788       0.987306        1.01146       0.953696           1.05
        14.9993   -0.000198519   -0.000207461   -0.000282578   -0.000277399        7.01652        7.02068        7.21146        7.02462        1.04007        1.00993        1.02999        1.00996        1.01404       0.981675       0.965008       0.953617       0.975768       0.987299        1.01146       0.953617           1.05
        15.0193   -0.000197744   -0.000207369   -0.000282641   -0.000277592        7.01762        7.02145        7.20969        7.02302        1.04007        1.00992        1.02999        1.00996        1.01402       0.981642       0.964958       0.953539       0.975748       0.987292        1.01146       0.953539           1.05
        15.0393   -0.000197164   -0.000207412   -0.000282374   -0.000277486        7.01873        7.02222        7.20793        7.02143        1.04007        1.00992        1.02998        1.00996        1.01401       0.981611       0.964909       0.953461       0.975727       0.987286        1.01146       0.953461           1.05
        15.0593   -0.000196784    -0.00020759   -0.000281782   -0.000277084        7.01987        7.02299        7.20618        7.01984        1.04007        1.00992        1.02998        1.00995        1.01399        0.98158       0.964861       0.953384       0.975708        0.98728        1.01146       0.953384           1.05
        15.0793   -0.000196604   -0.000207902   -0.000280868    -0.00027639        7.02101        7.02375        7.20446        7.01827        1.04008        1.00992        1.02998        1.00995        1.01398        0.98155       0.964814       0.953308       0.975689       0.987273        1.01146       0.953308           1.05
        15.0993   -0.000196626   -0.000208346   -0.000279638   -0.000275407        7.02216        7.02449        7.20276        7.01672        1.04008        1.00992        1.02998        1.00995        1.01397       0.981522       0.964769       0.953234        0.97567       0.987268        1.01146       0.953234           1.05
        15.1193   -0.000196851   -0.000208917     -0.0002781   -0.000274143         7.0233        7.02522        7.20111        7.01522        1.04008        1.00992        1.02998        1.00995        1.01395       0.981495       0.964725       0.953162       0.975652       0.987262        1.01146       0.953162           1.05
        15.1393   -0.000197274   -0.000209613   -0.000276264   -0.000272606        7.02444        7.02593        7.19952        7.01376        1.04008        1.00992        1.02998        1.00995        1.01394        0.98147       0.964684       0.953093       0.975635       0.987257        1.01146       0.953093           1.05
        15.1593   -0.000197895   -0.000210429   -0.000274142   -0.000270806        7.02555        7.02661        7.19798        7.01236        1.04009        1.00992        1.02998        1.00995        1.01394       0.981448       0.964646       0.953027       0.975619       0.987253        1.01146       0.953027           1.05
        15.1793   -0.000198707    -0.00021136   -0.000271748   -0.000268756        7.02664        7.02726        7.19653        7.01101        1.04009        1.00993        1.02998        1.00995        1.01393       0.981427        0.96461       0.952964       0.975604       0.987249        1.01146       0.952964           1.05
        15.1993   -0.000199706   -0.000212399   -0.000269096   -0.000266468         7.0277        7.02787        7.19515        7.00975         1.0401        1.00993        1.02998        1.00995        1.01392       0.981408       0.964576       0.952906        0.97559       0.987245        1.01146       0.952906           1.05
        15.2193   -0.000200885    -0.00021354   -0.000266203   -0.000263957        7.02872        7.02845        7.19387        7.00856         1.0401        1.00994        1.02998        1.00995        1.01392       0.981391       0.964546       0.952851       0.975577       0.987242        1.01146       0.952851           1.05
        15.2393   -0.000202238   -0.000214776   -0.000263087   -0.000261238         7.0297        7.02899        7.19268        7.00745        1.04011        1.00995        1.02997        1.00995        1.01391       0.981377        0.96452       0.952802       0.975565       0.987239        1.01146       0.952802           1.05
        15.2593   -0.000203755   -0.000216099    -0.00025977    -0.00025833        7.03063        7.02948         7.1916        7.00644        1.04012        1.00996        1.02997        1.00995        1.01391       0.981366       0.964496       0.952757       0.975555       0.987237        1.01146       0.952757           1.05
        15.2793   -0.000205427   -0.000217502    -0.00025627    -0.00025525         7.0315        7.02993        7.19063        7.00553        1.04012        1.00997        1.02997        1.00995        1.01391       0.981356       0.964477       0.952717       0.975546       0.987235        1.01146       0.952717           1.05
        15.2993   -0.000207243   -0.000218975    -0.00025261   -0.000252017        7.03232        7.03032        7.18978        7.00472        1.04013        1.00998        1.02997        1.00995        1.01391        0.98135       0.964461       0.952683       0.975539       0.987234        1.01146       0.952683           1.05
        15.3193   -0.000209191    -0.00022051   -0.000248813   -0.000248653        7.03306        7.03067        7.18905        7.00402        1.04014        1.00999        1.02997        1.00995        1.01391       0.981346       0.964448       0.952655       0.975533       0.987234        1.01146       0.952655           1.05
        15.3393   -0.000211259   -0.000222096   -0.000244902   -0.000245178        7.03374        7.03096        7.18846        7.00343        1.04014           1.01        1.02997        1.00996        1.01391       0.981345        0.96444       0.952632       0.975529       0.987234        1.01147       0.952632           1.05
        15.3593   -0.000213435   -0.000223725   -0.000240901   -0.000241613        7.03434         7.0312        7.18799        7.00296        1.04015        1.01001        1.02997        1.00996        1.01392       0.981346       0.964436       0.952615       0.975526       0.987235        1.01147       0.952615           1.05
        15.3793   -0.000215704   -0.000225385   -0.000236836    -0.00023798        7.03487        7.03137        7.18765        7.00261        1.04016        1.01003        1.02997        1.00996        1.01392        0.98135       0.964435       0.952604       0.975525       0.987236        1.01147       0.952604           1.05
        15.3992   -0.000218052   -0.000227068   -0.000232731   -0.000234303        7.03532        7.03149        7.18746        7.00238        1.04017        1.01004        1.02997        1.00996        1.01393       0.981357       0.964438         0.9526       0.975525       0.987238        1.01147         0.9526           1.05
        15.4192   -0.000220466   -0.000228761   -0.000228614   -0.000230602        7.03569        7.03155         7.1874        7.00226        1.04018        1.01006        1.02997        1.00997        1.01394       0.981366       0.964446       0.952601       0.975527        0.98724        1.01147       0.952601           1.05
        15.4392   -0.000222931   -0.000230456   -0.000224509   -0.000226901        7.03596        7.03156        7.18747        7.00227        1.04018        1.01007        1.02997        1.00997        1.01395       0.981378       0.964457       0.952608       0.975531       0.987243        1.01147       0.952608           1.05
        15.4592   -0.000225432   -0.000232141   -0.000220442   -0.000223222        7.03616         7.0315        7.18768         7.0024        1.04019        1.01008        1.02997        1.00997        1.01396       0.981392       0.964472       0.952622       0.975536       0.987246        1.01147       0.952622           1.05
        15.4792   -0.000227952   -0.000233806   -0.000216438   -0.000219588        7.03627        7.03138        7.18803        7.00265         1.0402         1.0101        1.02997        1.00998        1.01397       0.981408        0.96449       0.952641       0.975542        0.98725        1.01147       0.952641           1.05
        15.4992   -0.000230476    -0.00023544   -0.000212521    -0.00021602        7.03628        7.03121        7.18851        7.00301        1.04021        1.01011        1.02997        1.00998        1.01398       0.981426       0.964512       0.952666        0.97555       0.987254        1.01147       0.952666           1.05
        15.5192   -0.000232988   -0.000237034   -0.000208716   -0.000212541        7.03622        7.03098        7.18912        7.00349        1.04022        1.01013        1.02997        1.00998        1.01399       0.981447       0.964538       0.952697        0.97556       0.987259        1.01147       0.952697           1.05
        15.5392   -0.000235474   -0.000238576   -0.000205046    -0.00020917        7.03606        7.03069        7.18986        7.00409        1.04022        1.01014        1.02997        1.00999        1.01401        0.98147       0.964566       0.952734        0.97557       0.987264        1.01147       0.952734           1.05
        15.5592   -0.000237917   -0.000240059   -0.000201533   -0.000205928        7.03582        7.03035        7.19071         7.0048        1.04023        1.01016        1.02997        1.00999        1.01402       0.981494       0.964598       0.952775       0.975582       0.987269        1.01148       0.952775           1.05
        15.5792   -0.000240303   -0.000241474   -0.000198198   -0.000202835        7.03549        7.02996        7.19168        7.00561        1.04024        1.01017        1.02997        1.00999        1.01404        0.98152       0.964633       0.952821       0.975596       0.987275        1.01148       0.952821           1.05
        15.5992   -0.000242618    -0.00024281   -0.000195061    -0.00019991        7.03508        7.02953        7.19276        7.00652        1.04024        1.01019        1.02998           1.01        1.01405       0.981548        0.96467       0.952872        0.97561       0.987281        1.01148       0.952872           1.05
        15.6192   -0.000244847   -0.000244062   -0.000192142   -0.000197169        7.03459        7.02904        7.19394        7.00752        1.04025         1.0102        1.02998           1.01        1.01407       0.981577        0.96471       0.952928       0.975625       0.987287        1.01148       0.952928           1.05
        15.6392   -0.000246977   -0.000245221   -0.000189458    -0.00019463        7.03402        7.02851        7.19521        7.00861        1.04025        1.01021        1.02998           1.01        1.01409       0.981607       0.964751       0.952987       0.975642       0.987294        1.01148       0.952987           1.05
        15.6592   -0.000248994   -0.000246279   -0.000187026   -0.000192308        7.03338        7.02795        7.19657        7.00979        1.04026        1.01022        1.02998        1.01001         1.0141       0.981638       0.964795        0.95305       0.975659         0.9873        1.01148        0.95305           1.05
        15.6792   -0.000250887   -0.000247232   -0.000184859   -0.000190216        7.03267        7.02735          7.198        7.01103        1.04026        1.01024        1.02998        1.01001        1.01412        0.98167        0.96484       0.953115       0.975676       0.987307        1.01148       0.953115           1.05
        15.6992   -0.000252645   -0.000248073   -0.000182969   -0.000188367        7.03189        7.02671         7.1995        7.01234        1.04027        1.01025        1.02998        1.01001        1.01414       0.981702       0.964887       0.953184       0.975695       0.987314        1.01148       0.953184           1.05
        15.7192   -0.000254255   -0.000248797   -0.000181369   -0.000186772        7.03106        7.02605        7.20106        7.01371        1.04027        1.01026        1.02998        1.01002        1.01416       0.981735       0.964935       0.953255       0.975713       0.987321        1.01148       0.953255           1.05
        15.7392   -0.000255709   -0.000249399   -0.000180068    -0.00018544        7.03017        7.02536        7.20267        7.01513        1.04027        1.01026        1.02998        1.01002        1.01417       0.981768       0.964983       0.953328       0.975733       0.987327        1.01148       0.953328           1.05
        15.7592   -0.000256998   -0.000249877   -0.000179072   -0.000184378        7.02923        7.02465        7.20432        7.01659        1.04028        1.01027        1.02998        1.01002        1.01419       0.981801       0.965031       0.953402       0.975752       0.987334        1.01148       0.953402           1.05
        15.7792   -0.000258114   -0.000250226   -0.000178387   -0.000183594        7.02825        7.02392          7.206        7.01809        1.04028        1.01028        1.02998        1.01002         1.0142       0.981833        0.96508       0.953477       0.975771       0.987341        1.01148       0.953477           1.05
        15.7992   -0.000259049   -0.000250446   -0.000178016    -0.00018309        7.02722        7.02319        7.20769         7.0196        1.04028        1.01028        1.02998        1.01003        1.01422       0.981865       0.965129       0.953552       0.975791       0.987347        1.01148       0.953552           1.05
        15.8192   -0.000259799   -0.000250534   -0.000177961   -0.000182871        7.02617        7.02244        7.20939        7.02113        1.04028        1.01029        1.02998        1.01003        1.01424       0.981897       0.965177       0.953628        0.97581       0.987353        1.01148       0.953628           1.05
        15.8392   -0.000260359   -0.000250491   -0.000178222   -0.000182937        7.02509         7.0217        7.21108        7.02267        1.04028        1.01029        1.02999        1.01003        1.01425       0.981928       0.965225       0.953703       0.975829       0.987359        1.01148       0.953703           1.05
        15.8592   -0.000260726   -0.000250316   -0.000178795   -0.000183287          7.024        7.02095        7.21277         7.0242        1.04028         1.0103        1.02999        1.01003        1.01426       0.981957       0.965271       0.953777       0.975848       0.987365        1.01148       0.953777           1.05
        15.8792   -0.000260899   -0.000250009   -0.000179676   -0.000183919        7.02289        7.02021        7.21442        7.02572        1.04028         1.0103        1.02999        1.01003        1.01428       0.981986       0.965316        0.95385       0.975866       0.987371        1.01148        0.95385           1.05
        15.8992   -0.000260875   -0.000249574    -0.00018086   -0.000184828        7.02178        7.01949        7.21605        7.02721        1.04027         1.0103        1.02999        1.01004        1.01429       0.982013       0.965359       0.953921       0.975883       0.987376        1.01148       0.953921           1.05
        15.9192   -0.000260654   -0.000249013   -0.000182338   -0.000186009        7.02067        7.01878        7.21763        7.02867        1.04027         1.0103        1.02999        1.01004         1.0143       0.982038       0.965401        0.95399         0.9759       0.987381        1.01148        0.95399           1.05
        15.9392   -0.000260239    -0.00024833   -0.000184101   -0.000187454        7.01957        7.01809        7.21916        7.03009        1.04027        1.01029        1.02999        1.01004        1.01431       0.982062        0.96544       0.954056       0.975916       0.987386        1.01148       0.954056           1.05
        15.9592   -0.000259632   -0.000247529   -0.000186136   -0.000189154        7.01848        7.01742        7.22062        7.03145        1.04026        1.01029        1.02999        1.01004        1.01432       0.982084       0.965477       0.954119       0.975932        0.98739        1.01148       0.954119           1.05
        15.9792   -0.000258837   -0.000246616   -0.000188431   -0.000191097        7.01742        7.01679        7.22201        7.03276        1.04026        1.01028        1.02999        1.01004        1.01432       0.982104       0.965512       0.954179       0.975946       0.987393        1.01148       0.954179           1.05
        15.9992    -0.00025786   -0.000245596   -0.000190971   -0.000193272        7.01639        7.01619        7.22332          7.034        1.04026        1.01028        1.02999        1.01004        1.01433       0.982122       0.965543       0.954234       0.975959       0.987397        1.01148       0.954234           1.05
        16.0192   -0.000256706   -0.000244475   -0.000193739   -0.000195664        7.01539        7.01562        7.22455        7.03517        1.04025        1.01027        1.02999        1.01004        1.01434       0.982138       0.965572       0.954286       0.975971         0.9874        1.01148       0.954286           1.05
        16.0392   -0.000255383    -0.00024326   -0.000196719    -0.00019826        7.01444         7.0151        7.22568        7.03625        1.04024        1.01026        1.02999        1.01004        1.01434       0.982151       0.965598       0.954333       0.975982       0.987402        1.01148       0.954333           1.05
        16.0592   -0.000253898    -0.00024196   -0.000199891   -0.000201041        7.01353        7.01461        7.22671        7.03725        1.04024        1.01026        1.02999        1.01004        1.01434       0.982162        0.96562       0.954376       0.975992       0.987404        1.01148       0.954376           1.05
        16.0792   -0.000252262    -0.00024058   -0.000203235    -0.00020399        7.01268        7.01418        7.22763        7.03815        1.04023        1.01025        1.02999        1.01003        1.01434       0.982171       0.965639       0.954414          0.976       0.987405        1.01148       0.954414           1.05
        16.0992   -0.000250485   -0.000239131   -0.000206733   -0.000207089        7.01189        7.01379        7.22844        7.03894        1.04023        1.01024           1.03        1.01003        1.01434       0.982177       0.965654       0.954446       0.976007       0.987406        1.01148       0.954446           1.05
        16.1193   -0.000248577   -0.000237621    -0.00021036   -0.000210317        7.01116        7.01346        7.22913        7.03964        1.04022        1.01023           1.03        1.01003        1.01434       0.982181       0.965666       0.954473       0.976013       0.987407        1.01148       0.954473           1.05
        16.1393   -0.000246552    -0.00023606   -0.000214095   -0.000213655         7.0105        7.01317         7.2297        7.04022        1.04021        1.01021           1.03        1.01003        1.01434       0.982182       0.965674       0.954495       0.976017       0.987407        1.01147       0.954495           1.05
        16.1593   -0.000244421   -0.000234457   -0.000217914   -0.000217082        7.00991        7.01295        7.23015        7.04069         1.0402         1.0102           1.03        1.01003        1.01433       0.982181       0.965678       0.954511        0.97602       0.987406        1.01147       0.954511           1.05
        16.1793   -0.000242197   -0.000232822   -0.000221794   -0.000220575        7.00939        7.01277        7.23046        7.04105         1.0402        1.01019           1.03        1.01003        1.01433       0.982177       0.965679       0.954521       0.976021       0.987405        1.01147       0.954521           1.05
        16.1993   -0.000239896   -0.000231165    -0.00022571   -0.000224113        7.00896        7.01266        7.23065        7.04128        1.04019        1.01018           1.03        1.01002        1.01432       0.982171       0.965675       0.954526        0.97602       0.987403        1.01147       0.954526           1.05
        16.2193   -0.000237531   -0.000229497   -0.000229638   -0.000227674        7.00861        7.01261         7.2307         7.0414        1.04018        1.01016           1.03        1.01002        1.01432       0.982162       0.965668       0.954524       0.976018       0.987401        1.01147       0.954524           1.05
        16.2393   -0.000235116   -0.000227829   -0.000233553   -0.000231236        7.00833         7.0126        7.23063        7.04139        1.04017        1.01015           1.03        1.01002        1.01431       0.982151       0.965658       0.954517       0.976015       0.987399        1.01147       0.954517           1.05
        16.2593   -0.000232667    -0.00022617   -0.000237431   -0.000234776        7.00815        7.01266        7.23043        7.04127        1.04016        1.01013           1.03        1.01002         1.0143       0.982137       0.965644       0.954505       0.976011       0.987396        1.01147       0.954505           1.05
        16.2793   -0.000230199   -0.000224532   -0.000241249   -0.000238272        7.00805        7.01278         7.2301        7.04103        1.04016        1.01012           1.03        1.01001        1.01429       0.982122       0.965626       0.954486       0.976004       0.987392        1.01147       0.954486           1.05
        16.2993   -0.000227727   -0.000222923   -0.000244983   -0.000241703        7.00803        7.01295        7.22965        7.04067        1.04015        1.01011           1.03        1.01001        1.01427       0.982104       0.965605       0.954462       0.975997       0.987389        1.01147       0.954462           1.05
        16.3193   -0.000225266   -0.000221354   -0.000248611   -0.000245048        7.00811        7.01318        7.22907         7.0402        1.04014        1.01009           1.03        1.01001        1.01426       0.982084       0.965581       0.954433       0.975988       0.987384        1.01147       0.954433           1.05
        16.3393   -0.000222831   -0.000219834   -0.000252109   -0.000248285        7.00826        7.01347        7.22837        7.03962        1.04014        1.01008           1.03           1.01        1.01425       0.982063       0.965553       0.954399       0.975978        0.98738        1.01147       0.954399           1.05
        16.3594   -0.000220438   -0.000218373   -0.000255458   -0.000251395         7.0085         7.0138        7.22756        7.03893        1.04013        1.01006           1.03           1.01        1.01423       0.982039       0.965523       0.954359       0.975967       0.987375        1.01147       0.954359           1.05
        16.3794     -0.0002181   -0.000216979   -0.000258636   -0.000254359        7.00883        7.01418        7.22664        7.03813        1.04012        1.01005           1.03           1.01        1.01422       0.982014        0.96549       0.954315       0.975955        0.98737        1.01146       0.954315           1.05
        16.3994   -0.000215832   -0.000215659   -0.000261625   -0.000257159        7.00923        7.01462        7.22561        7.03724        1.04012        1.01004        1.02999        1.00999         1.0142       0.981988       0.965454       0.954267       0.975941       0.987364        1.01146       0.954267           1.05
        16.4194   -0.000213648   -0.000214423   -0.000264407   -0.000259777        7.00972        7.01509        7.22449        7.03626        1.04011        1.01002        1.02999        1.00999        1.01419        0.98196       0.965416       0.954214       0.975927       0.987358        1.01146       0.954214           1.05
        16.4394    -0.00021156   -0.000213277   -0.000266965   -0.000262198        7.01027         7.0156        7.22328        7.03519         1.0401        1.01001        1.02999        1.00999        1.01417       0.981931       0.965376       0.954158       0.975911       0.987352        1.01146       0.954158           1.05
        16.4594   -0.000209581   -0.000212227   -0.000269281   -0.000264407         7.0109        7.01616        7.22199        7.03404         1.0401           1.01        1.02999        1.00998        1.01416       0.981901       0.965334       0.954098       0.975895       0.987346        1.01146       0.954098           1.05
        16.4794   -0.000207723    -0.00021128   -0.000271344   -0.000266389         7.0116        7.01674        7.22061        7.03282         1.0401        1.00999        1.02999        1.00998        1.01414       0.981871       0.965291       0.954035       0.975879        0.98734        1.01146       0.954035           1.05
        16.4994   -0.000205998   -0.000210441   -0.000273141   -0.000268134        7.01235        7.01736        7.21918        7.03154        1.04009        1.00998        1.02999        1.00998        1.01412        0.98184       0.965246        0.95397       0.975861       0.987333        1.01146        0.95397           1.05
        16.5194   -0.000204415   -0.000209715    -0.00027466   -0.000269631        7.01317          7.018        7.21768         7.0302        1.04009        1.00997        1.02999        1.00997        1.01411       0.981808       0.965201       0.953902       0.975843       0.987327        1.01146       0.953902           1.05
        16.5394   -0.000202985   -0.000209106   -0.000275893   -0.000270871        7.01403        7.01867        7.21614        7.02882        1.04009        1.00996        1.02999        1.00997        1.01409       0.981776       0.965154       0.953832       0.975825        0.98732        1.01146       0.953832           1.05
        16.5594   -0.000201715   -0.000208617   -0.000276832   -0.000271847        7.01495        7.01936        7.21456         7.0274        1.04008        1.00995        1.02999        1.00997        1.01407       0.981745       0.965107       0.953761       0.975806       0.987314        1.01146       0.953761           1.05
        16.5794   -0.000200612   -0.000208251   -0.000277472   -0.000272553         7.0159        7.02006        7.21295        7.02595        1.04008        1.00995        1.02999        1.00997        1.01406       0.981714        0.96506       0.953689       0.975788       0.987307        1.01146       0.953689           1.05
        16.5994   -0.000199683   -0.000208011   -0.000277809   -0.000272985        7.01689        7.02077        7.21132        7.02447        1.04008        1.00994        1.02999        1.00996        1.01404       0.981682       0.965013       0.953616       0.975769       0.987301        1.01146       0.953616           1.05
        16.6195   -0.000198933   -0.000207897   -0.000277842   -0.000273142        7.01791        7.02148        7.20968        7.02299        1.04008        1.00994        1.02999        1.00996        1.01403       0.981652       0.964967       0.953543        0.97575       0.987295        1.01146       0.953543           1.05
        16.6395   -0.000198366    -0.00020791    -0.00027757   -0.000273023        7.01895         7.0222        7.20805        7.02151        1.04008        1.00993        1.02998        1.00996        1.01401       0.981622       0.964921        0.95347       0.975732       0.987289        1.01146        0.95347           1.05
        16.6595   -0.000197984   -0.000208048   -0.000276995   -0.000272629           7.02        7.02291        7.20642        7.02003        1.04008        1.00993        1.02998        1.00996          1.014       0.981594       0.964876       0.953399       0.975713       0.987283        1.01146       0.953399           1.05
        16.6795   -0.000197791    -0.00020831   -0.000276122   -0.000271963        7.02107        7.02362        7.20482        7.01857        1.04008        1.00993        1.02998        1.00996        1.01399       0.981566       0.964832       0.953328       0.975695       0.987277        1.01146       0.953328           1.05
        16.6995   -0.000197786   -0.000208695   -0.000274955   -0.000271029        7.02213        7.02431        7.20324        7.01714        1.04009        1.00993        1.02998        1.00995        1.01398        0.98154        0.96479       0.953259       0.975678       0.987272        1.01146       0.953259           1.05
        16.7195   -0.000197968   -0.000209198   -0.000273503   -0.000269834         7.0232        7.02498        7.20171        7.01573        1.04009        1.00993        1.02998        1.00995        1.01397       0.981515        0.96475       0.953192       0.975662       0.987267        1.01146       0.953192           1.05
        16.7395   -0.000198337   -0.000209818   -0.000271774   -0.000268387        7.02425        7.02564        7.20022        7.01438        1.04009        1.00993        1.02998        1.00995        1.01396       0.981492       0.964712       0.953128       0.975646       0.987262        1.01146       0.953128           1.05
        16.7595   -0.000198888   -0.000210549    -0.00026978   -0.000266695        7.02529        7.02627         7.1988        7.01307        1.04009        1.00994        1.02998        1.00995        1.01395       0.981471       0.964676       0.953067       0.975631       0.987258        1.01146       0.953067           1.05
        16.7795    -0.00019962   -0.000211387   -0.000267533   -0.000264769        7.02631        7.02687        7.19745        7.01182         1.0401        1.00994        1.02998        1.00995        1.01394       0.981451       0.964642       0.953009       0.975616       0.987254        1.01146       0.953009           1.05
        16.7995   -0.000200526   -0.000212327   -0.000265048   -0.000262623        7.02729        7.02745        7.19617        7.01064         1.0401        1.00995        1.02998        1.00995        1.01394       0.981434       0.964612       0.952954       0.975603       0.987251        1.01146       0.952954           1.05
        16.8195     -0.0002016   -0.000213362   -0.000262339    -0.00026027        7.02824        7.02799        7.19498        7.00953        1.04011        1.00995        1.02998        1.00995        1.01393       0.981418       0.964584       0.952904       0.975591       0.987248        1.01146       0.952904           1.05
        16.8395   -0.000202836   -0.000214487   -0.000259423   -0.000257725        7.02915        7.02849        7.19387         7.0085        1.04011        1.00996        1.02998        1.00995        1.01393       0.981405       0.964559       0.952857       0.975581       0.987245        1.01146       0.952857           1.05
        16.8596   -0.000204224   -0.000215694   -0.000256319   -0.000255003        7.03001        7.02895        7.19287        7.00756        1.04012        1.00997        1.02998        1.00995        1.01393       0.981394       0.964537       0.952816       0.975571       0.987243        1.01146       0.952816           1.05
        16.8796   -0.000205757   -0.000216975   -0.000253046   -0.000252121        7.03083        7.02937        7.19197        7.00671        1.04013        1.00998        1.02997        1.00995        1.01392       0.981386       0.964519       0.952779       0.975563       0.987242        1.01146       0.952779           1.05
        16.8996   -0.000207424   -0.000218322   -0.000249625   -0.000249098        7.03158        7.02974        7.19118        7.00596        1.04013        1.00999        1.02997        1.00995        1.01392        0.98138       0.964504       0.952747       0.975556       0.987241        1.01146       0.952747           1.05
        16.9196   -0.000209214   -0.000219726   -0.000246076   -0.000245951        7.03228        7.03006         7.1905        7.00531        1.04014           1.01        1.02997        1.00996        1.01393       0.981376       0.964493       0.952721       0.975551       0.987241        1.01146       0.952721           1.05
        16.9396   -0.000211116   -0.000221179   -0.000242423   -0.000242701        7.03291        7.03033        7.18995        7.00476        1.04015        1.01001        1.02997        1.00996        1.01393       0.981375       0.964485         0.9527       0.975546       0.987241        1.01147         0.9527           1.05
        16.9596   -0.000213118   -0.000222672   -0.000238687   -0.000239367        7.03347        7.03055        7.18951        7.00431        1.04015        1.01002        1.02997        1.00996        1.01393       0.981376       0.964481       0.952684       0.975544       0.987241        1.01147       0.952684           1.05
        16.9796   -0.000215208   -0.000224195   -0.000234892   -0.000235969        7.03396        7.03071         7.1892        7.00398        1.04016        1.01003        1.02997        1.00996        1.01394        0.98138        0.96448       0.952674       0.975543       0.987242        1.01147       0.952674           1.05
        16.9996   -0.000217372   -0.000225739   -0.000231061   -0.000232529        7.03437        7.03083        7.18902        7.00376        1.04017        1.01005        1.02997        1.00997        1.01394       0.981386       0.964483       0.952669       0.975543       0.987244        1.01147       0.952669           1.05
        17.0196   -0.000219598   -0.000227293   -0.000227218   -0.000229068        7.03471        7.03089        7.18896        7.00365        1.04018        1.01006        1.02997        1.00997        1.01395       0.981395        0.96449       0.952671       0.975545       0.987246        1.01147       0.952671           1.05
        17.0396   -0.000221872   -0.000228849   -0.000223386   -0.000225606        7.03497        7.03089        7.18903        7.00366        1.04018        1.01007        1.02997        1.00997        1.01396       0.981405         0.9645       0.952677       0.975548       0.987249        1.01147       0.952677           1.05
        17.0596   -0.000224178   -0.000230396    -0.00021959   -0.000222166        7.03515        7.03083        7.18923        7.00378        1.04019        1.01009        1.02997        1.00997        1.01397       0.981418       0.964514        0.95269       0.975553       0.987252        1.01147        0.95269           1.05
        17.0796   -0.000226504   -0.000231925   -0.000215851   -0.000218767        7.03525        7.03073        7.18955        7.00401         1.0402         1.0101        1.02997        1.00998        1.01398       0.981434       0.964531       0.952708       0.975559       0.987255        1.01147       0.952708           1.05
        17.0996   -0.000228834   -0.000233427   -0.000212194   -0.000215432        7.03527        7.03057        7.18999        7.00435        1.04021        1.01011        1.02997        1.00998        1.01399       0.981451       0.964551       0.952731       0.975566       0.987259        1.01147       0.952731           1.05
        17.1197   -0.000231154   -0.000234892    -0.00020864   -0.000212179         7.0352        7.03036        7.19056         7.0048        1.04021        1.01013        1.02997        1.00998          1.014        0.98147       0.964575        0.95276       0.975575       0.987263        1.01147        0.95276           1.05
        17.1397   -0.000233448   -0.000236312    -0.00020521   -0.000209028        7.03505         7.0301        7.19124        7.00535        1.04022        1.01014        1.02997        1.00999        1.01402       0.981491       0.964602       0.952794       0.975585       0.987268        1.01147       0.952794           1.05
        17.1597   -0.000235704   -0.000237677   -0.000201927   -0.000205998        7.03483        7.02978        7.19203        7.00601        1.04023        1.01016        1.02997        1.00999        1.01403       0.981514       0.964631       0.952832       0.975596       0.987273        1.01148       0.952832           1.05
        17.1797   -0.000237906   -0.000238978   -0.000198811   -0.000203107        7.03452        7.02942        7.19293        7.00676        1.04023        1.01017        1.02998        1.00999        1.01404       0.981538       0.964664       0.952875       0.975609       0.987278        1.01148       0.952875           1.05
        17.1997   -0.000240042   -0.000240208   -0.000195879   -0.000200373        7.03414        7.02902        7.19393        7.00761        1.04024        1.01018        1.02998           1.01        1.01406       0.981564       0.964698       0.952922       0.975622       0.987284        1.01148       0.952922           1.05
        17.2197   -0.000242098   -0.000241359    -0.00019315   -0.000197811        7.03369        7.02857        7.19503        7.00854        1.04024        1.01019        1.02998           1.01        1.01407       0.981591       0.964735       0.952974       0.975636        0.98729        1.01148       0.952974           1.05
        17.2397   -0.000244062   -0.000242424   -0.000190639   -0.000195436        7.03316        7.02808        7.19621        7.00956        1.04025        1.01021        1.02998           1.01        1.01409       0.981619       0.964774       0.953029       0.975651       0.987296        1.01148       0.953029           1.05
        17.2597   -0.000245923   -0.000243395   -0.000188361   -0.000193263        7.03256        7.02755        7.19747        7.01065        1.04025        1.01022        1.02998        1.01001        1.01411       0.981647       0.964814       0.953087       0.975667       0.987302        1.01148       0.953087           1.05
        17.2797   -0.000247667   -0.000244268   -0.000186331   -0.000191305         7.0319        7.02699         7.1988        7.01181        1.04026        1.01023        1.02998        1.01001        1.01412       0.981677       0.964856       0.953148       0.975684       0.987308        1.01148       0.953148           1.05
        17.2997   -0.000249286   -0.000245037   -0.000184559   -0.000189574        7.03118         7.0264         7.2002        7.01302        1.04026        1.01024        1.02998        1.01001        1.01414       0.981707       0.964899       0.953212       0.975701       0.987314        1.01148       0.953212           1.05
        17.3197   -0.000250768   -0.000245698   -0.000183056   -0.000188079        7.03041        7.02578        7.20164         7.0143        1.04026        1.01025        1.02998        1.01001        1.01415       0.981737       0.964944       0.953278       0.975718       0.987321        1.01148       0.953278           1.05
        17.3397   -0.000252106   -0.000246246   -0.000181831   -0.000186829        7.02958        7.02514        7.20313        7.01562        1.04027        1.01025        1.02998        1.01002        1.01417       0.981768       0.964988       0.953345       0.975736       0.987327        1.01148       0.953345           1.05
        17.3598   -0.000253291   -0.000246677   -0.000180889    -0.00018583         7.0287        7.02448        7.20467        7.01698        1.04027        1.01026        1.02998        1.01002        1.01418       0.981798       0.965034       0.953414       0.975754       0.987333        1.01148       0.953414           1.05
        17.3798   -0.000254315    -0.00024699   -0.000180238    -0.00018509        7.02779        7.02381        7.20622        7.01836        1.04027        1.01027        1.02998        1.01002         1.0142       0.981829       0.965079       0.953484       0.975772       0.987339        1.01148       0.953484           1.05
        17.3998   -0.000255173   -0.000247183   -0.000179879   -0.000184611        7.02684        7.02312         7.2078        7.01977        1.04027        1.01027        1.02998        1.01002        1.01421       0.981858       0.965124       0.953554        0.97579       0.987345        1.01148       0.953554           1.05
        17.4198   -0.000255858   -0.000247254   -0.000179814   -0.000184396        7.02586        7.02243        7.20938        7.02119        1.04027        1.01028        1.02998        1.01003        1.01423       0.981888       0.965169       0.953624       0.975808       0.987351        1.01148       0.953624           1.05
        17.4398   -0.000256367   -0.000247203   -0.000180042   -0.000184447        7.02486        7.02174        7.21095        7.02262        1.04027        1.01028        1.02999        1.01003        1.01424       0.981916       0.965213       0.953694       0.975825       0.987357        1.01148       0.953694           1.05
        17.4598   -0.000256696    -0.00024703   -0.000180562   -0.000184761        7.02384        7.02105        7.21252        7.02404        1.04027        1.01028        1.02999        1.01003        1.01425       0.981944       0.965256       0.953763       0.975843       0.987362        1.01148       0.953763           1.05
        17.4798   -0.000256845   -0.000246738   -0.000181369   -0.000185338        7.02281        7.02036        7.21406        7.02545        1.04027        1.01028        1.02999        1.01003        1.01427        0.98197       0.965298        0.95383        0.97586       0.987367        1.01148        0.95383           1.05
        17.4998   -0.000256811   -0.000246326   -0.000182458   -0.000186173        7.02178        7.01969        7.21557        7.02683        1.04027        1.01028        1.02999        1.01003        1.01428       0.981995       0.965338       0.953896       0.975876       0.987372        1.01148       0.953896           1.05
        17.5198   -0.000256597   -0.000245798    -0.00018382    -0.00018726        7.02075        7.01903        7.21704        7.02819        1.04026        1.01028        1.02999        1.01003        1.01429       0.982019       0.965377        0.95396       0.975892       0.987377        1.01148        0.95396           1.05
        17.5398   -0.000256202   -0.000245157   -0.000185447   -0.000188593        7.01973        7.01839        7.21846         7.0295        1.04026        1.01028        1.02999        1.01003         1.0143       0.982041       0.965414       0.954022       0.975907       0.987381        1.01148       0.954022           1.05
        17.5598    -0.00025563   -0.000244406    -0.00018733   -0.000190162        7.01872        7.01777        7.21982        7.03077        1.04026        1.01028        1.02999        1.01003         1.0143       0.982062       0.965448       0.954081       0.975921       0.987385        1.01148       0.954081           1.05
        17.5798   -0.000254883   -0.000243551   -0.000189454   -0.000191958        7.01774        7.01718        7.22112        7.03198        1.04025        1.01027        1.02999        1.01003        1.01431        0.98208        0.96548       0.954136       0.975934       0.987388        1.01148       0.954136           1.05
        17.5999   -0.000253966   -0.000242596   -0.000191807    -0.00019397        7.01678        7.01662        7.22234        7.03313        1.04025        1.01027        1.02999        1.01003        1.01432       0.982097        0.96551       0.954188       0.975946       0.987392        1.01148       0.954188           1.05
        17.6199   -0.000252887   -0.000241548   -0.000194373   -0.000196183        7.01586         7.0161        7.22348        7.03422        1.04025        1.01026        1.02999        1.01003        1.01432       0.982112       0.965536       0.954236       0.975958       0.987394        1.01148       0.954236           1.05
        17.6399   -0.000251651   -0.000240412   -0.000197136   -0.000198585        7.01497         7.0156        7.22454        7.03522        1.04024        1.01025        1.02999        1.01003        1.01432       0.982124        0.96556        0.95428       0.975968       0.987396        1.01148        0.95428           1.05
        17.6599   -0.000250266   -0.000239197   -0.000200079   -0.000201159        7.01413        7.01515        7.22549        7.03615        1.04023        1.01025        1.02999        1.01003        1.01433       0.982135       0.965581        0.95432       0.975977       0.987398        1.01148        0.95432           1.05
        17.6799   -0.000248742   -0.000237909   -0.000203183   -0.000203889        7.01334        7.01475        7.22635        7.03698        1.04023        1.01024        1.02999        1.01003        1.01433       0.982143       0.965598       0.954355       0.975984         0.9874        1.01148       0.954355           1.05
        17.6999   -0.000247087   -0.000236557   -0.000206429   -0.000206759        7.01261        7.01439         7.2271        7.03772        1.04022        1.01023        1.02999        1.01003        1.01433       0.982148       0.965612       0.954385       0.975991         0.9874        1.01148       0.954385           1.05
        17.7199   -0.000245312   -0.000235149   -0.000209797    -0.00020975        7.01193        7.01407        7.22775        7.03837        1.04021        1.01022           1.03        1.01003        1.01433       0.982152       0.965623        0.95441       0.975996       0.987401        1.01147        0.95441           1.05
        17.7399   -0.000243427   -0.000233694   -0.000213264   -0.000212843        7.01132        7.01381        7.22827        7.03891        1.04021        1.01021           1.03        1.01003        1.01432       0.982153       0.965631        0.95443          0.976       0.987401        1.01147        0.95443           1.05
        17.7599   -0.000241445     -0.0002322   -0.000216809   -0.000216019        7.01077        7.01359        7.22868        7.03935         1.0402         1.0102           1.03        1.01003        1.01432       0.982152       0.965635       0.954445       0.976003         0.9874        1.01147       0.954445           1.05
        17.7799   -0.000239377   -0.000230678   -0.000220411   -0.000219259        7.01029        7.01344        7.22898        7.03968        1.04019        1.01018           1.03        1.01002        1.01432       0.982148       0.965635       0.954455       0.976004       0.987399        1.01147       0.954455           1.05
        17.7999   -0.000237237   -0.000229136   -0.000224047   -0.000222542        7.00989        7.01333        7.22915        7.03991        1.04019        1.01017           1.03        1.01002        1.01431       0.982142       0.965632       0.954459       0.976003       0.987398        1.01147       0.954459           1.05
        17.8199   -0.000235037   -0.000227584   -0.000227694   -0.000225847        7.00956        7.01327         7.2292        7.04001        1.04018        1.01016           1.03        1.01002         1.0143       0.982134       0.965626       0.954458       0.976002       0.987396        1.01147       0.954458           1.05
        17.8399   -0.000232791   -0.000226031   -0.000231331   -0.000229154        7.00931        7.01328        7.22913        7.04001        1.04017        1.01015           1.03        1.01002        1.01429       0.982124       0.965616       0.954451       0.975999       0.987394        1.01147       0.954451           1.05
          17.86   -0.000230513   -0.000224488   -0.000234934    -0.00023244        7.00913        7.01333        7.22894         7.0399        1.04017        1.01013           1.03        1.01001        1.01428       0.982112       0.965603       0.954439       0.975994       0.987391        1.01147       0.954439           1.05
          17.88   -0.000228218   -0.000222963    -0.00023848   -0.000235687        7.00904        7.01343        7.22864        7.03968        1.04016        1.01012           1.03        1.01001        1.01427       0.982097       0.965586       0.954422       0.975989       0.987387        1.01147       0.954422           1.05
           17.9   -0.000225919   -0.000221464   -0.000241948   -0.000238874        7.00903         7.0136        7.22821        7.03935        1.04015        1.01011           1.03        1.01001        1.01426        0.98208       0.965567         0.9544       0.975982       0.987384        1.01147         0.9544           1.05
          17.92   -0.000223631   -0.000220003   -0.000245318    -0.00024198         7.0091        7.01381        7.22767        7.03891        1.04014        1.01009           1.03        1.01001        1.01425       0.982062       0.965544       0.954373       0.975973        0.98738        1.01147       0.954373           1.05
          17.94   -0.000221368   -0.000218588   -0.000248567   -0.000244988        7.00924        7.01407        7.22703        7.03837        1.04014        1.01008           1.03           1.01        1.01424       0.982042       0.965519       0.954341       0.975964       0.987376        1.01147       0.954341           1.05
          17.96   -0.000219144   -0.000217227   -0.000251678   -0.000247878        7.00947        7.01438        7.22627        7.03773        1.04013        1.01007        1.02999           1.01        1.01423        0.98202       0.965491       0.954305       0.975954       0.987371        1.01147       0.954305           1.05
          17.98   -0.000216973   -0.000215929    -0.00025463   -0.000250632        7.00977        7.01474        7.22541          7.037        1.04013        1.01005        1.02999           1.01        1.01421       0.981997        0.96546       0.954264       0.975942       0.987366        1.01147       0.954264           1.05
             18   -0.000214867   -0.000214701   -0.000257407   -0.000253235        7.01014        7.01513        7.22446        7.03617        1.04012        1.01004        1.02999        1.00999         1.0142       0.981972       0.965427       0.954219        0.97593       0.987361        1.01146       0.954219           1.05
          18.02    -0.00021284   -0.000213551   -0.000259991   -0.000255669        7.01059        7.01557        7.22342        7.03526        1.04011        1.01003        1.02999        1.00999        1.01418       0.981947       0.965392        0.95417       0.975917       0.987356        1.01146        0.95417           1.05
          18.04   -0.000210902   -0.000212486   -0.000262366   -0.000257921        7.01111        7.01605        7.22229        7.03427        1.04011        1.01002        1.02999        1.00999        1.01417        0.98192       0.965354       0.954117       0.975902        0.98735        1.01146       0.954117           1.05
          18.06   -0.000209067   -0.000211512   -0.000264519   -0.000259976        7.01169        7.01657        7.22109         7.0332        1.04011        1.01001        1.02999        1.00998        1.01415       0.981892       0.965316       0.954062       0.975887       0.987345        1.01146       0.954062           1.05
          18.08   -0.000207345   -0.000210635   -0.000266436   -0.000261821        7.01233        7.01711        7.21981        7.03207         1.0401           1.01        1.02999        1.00998        1.01414       0.981864       0.965275       0.954003       0.975872       0.987339        1.01146       0.954003           1.05
        18.1001   -0.000205746   -0.000209858   -0.000268106   -0.000263446        7.01304        7.01769        7.21848        7.03088         1.0401        1.00999        1.02999        1.00998        1.01412       0.981835       0.965234       0.953942       0.975855       0.987333        1.01146       0.953942           1.05
        18.1201    -0.00020428   -0.000209188   -0.000269518    -0.00026484        7.01379        7.01829        7.21709        7.02964         1.0401        1.00998        1.02999        1.00998        1.01411       0.981806       0.965191       0.953879       0.975839       0.987327        1.01146       0.953879           1.05
        18.1401   -0.000202954   -0.000208628   -0.000270665   -0.000265997        7.01459        7.01891        7.21566        7.02835        1.04009        1.00997        1.02999        1.00997        1.01409       0.981776       0.965148       0.953815       0.975822       0.987321        1.01146       0.953815           1.05
        18.1601   -0.000201777    -0.00020818   -0.000271539   -0.000266908        7.01544        7.01955        7.21419        7.02703        1.04009        1.00996        1.02999        1.00997        1.01408       0.981747       0.965105       0.953748       0.975804       0.987315        1.01146       0.953748           1.05
        18.1801   -0.000200756   -0.000207846   -0.000272135   -0.000267569        7.01633         7.0202        7.21269        7.02568        1.04009        1.00996        1.02999        1.00997        1.01406       0.981718       0.965061       0.953681       0.975787       0.987308        1.01146       0.953681           1.05
        18.2001   -0.000199897   -0.000207629   -0.000272451   -0.000267976        7.01724        7.02086        7.21118        7.02431        1.04009        1.00995        1.02999        1.00997        1.01405       0.981689       0.965017       0.953614        0.97577       0.987302        1.01146       0.953614           1.05
        18.2201   -0.000199204   -0.000207529   -0.000272483   -0.000268127        7.01819        7.02152        7.20966        7.02294        1.04009        1.00995        1.02998        1.00996        1.01404       0.981661       0.964974       0.953546       0.975752       0.987297        1.01146       0.953546           1.05
        18.2401   -0.000198681   -0.000207547   -0.000272234   -0.000268022        7.01916        7.02219        7.20814        7.02156        1.04009        1.00995        1.02998        1.00996        1.01402       0.981633       0.964932       0.953479       0.975735       0.987291        1.01146       0.953479           1.05
        18.2601   -0.000198332   -0.000207681   -0.000271703   -0.000267662        7.02014        7.02285        7.20663        7.02018        1.04009        1.00994        1.02998        1.00996        1.01401       0.981607        0.96489       0.953412       0.975718       0.987286        1.01146       0.953412           1.05
        18.2801   -0.000198158   -0.000207931   -0.000270896   -0.000267049        7.02113         7.0235        7.20514        7.01883        1.04009        1.00994        1.02998        1.00996          1.014       0.981581        0.96485       0.953346       0.975701        0.98728        1.01146       0.953346           1.05
        18.3001   -0.000198158   -0.000208294   -0.000269817   -0.000266187        7.02212        7.02415        7.20368         7.0175        1.04009        1.00994        1.02998        1.00996        1.01399       0.981557        0.96481       0.953283       0.975685       0.987276        1.01146       0.953283           1.05
        18.3201   -0.000198332   -0.000208769   -0.000268473   -0.000265083        7.02311        7.02477        7.20226        7.01619        1.04009        1.00994        1.02998        1.00996        1.01398       0.981534       0.964773       0.953221        0.97567       0.987271        1.01146       0.953221           1.05
        18.3402    -0.00019868   -0.000209351   -0.000266873   -0.000263744        7.02409        7.02538        7.20089        7.01493         1.0401        1.00995        1.02998        1.00995        1.01397       0.981512       0.964738       0.953161       0.975655       0.987267        1.01146       0.953161           1.05
        18.3602   -0.000199199   -0.000210039   -0.000265027   -0.000262178        7.02505        7.02597        7.19957        7.01371         1.0401        1.00995        1.02998        1.00995        1.01396       0.981492       0.964704       0.953104       0.975641       0.987263        1.01146       0.953104           1.05
        18.3802   -0.000199884   -0.000210826   -0.000262947   -0.000260396        7.02599        7.02653        7.19831        7.01255         1.0401        1.00995        1.02998        1.00995        1.01396       0.981474       0.964673        0.95305       0.975628       0.987259        1.01146        0.95305           1.05
        18.4002   -0.000200732   -0.000211707   -0.000260645   -0.000258407        7.02691        7.02706        7.19713        7.01145        1.04011        1.00996        1.02998        1.00995        1.01395       0.981458       0.964644       0.952999       0.975616       0.987256        1.01146       0.952999           1.05
        18.4202   -0.000201737   -0.000212677   -0.000258136   -0.000256227        7.02779        7.02756        7.19602        7.01043        1.04011        1.00996        1.02998        1.00995        1.01395       0.981444       0.964618       0.952953       0.975605       0.987253        1.01146       0.952953           1.05
        18.4402   -0.000202891   -0.000213729   -0.000255437   -0.000253868        7.02864        7.02802        7.19499        7.00947        1.04012        1.00997        1.02998        1.00995        1.01394       0.981432       0.964595        0.95291       0.975595       0.987251        1.01146        0.95291           1.05
        18.4602   -0.000204188   -0.000214857   -0.000252563   -0.000251346        7.02944        7.02845        7.19406         7.0086        1.04012        1.00998        1.02998        1.00996        1.01394       0.981421       0.964575       0.952871       0.975586       0.987249        1.01146       0.952871           1.05
        18.4802   -0.000205619   -0.000216055   -0.000249533   -0.000248675         7.0302        7.02883        7.19323        7.00781        1.04013        1.00999        1.02998        1.00996        1.01394       0.981414       0.964558       0.952837       0.975578       0.987248        1.01146       0.952837           1.05
        18.5002   -0.000207174   -0.000217313   -0.000246366   -0.000245874         7.0309        7.02918        7.19249        7.00711        1.04014           1.01        1.02997        1.00996        1.01394       0.981408       0.964544       0.952807       0.975572       0.987247        1.01146       0.952807           1.05
        18.5202   -0.000208845   -0.000218625   -0.000243082   -0.000242959        7.03154        7.02948        7.19187         7.0065        1.04014        1.01001        1.02997        1.00996        1.01394       0.981405       0.964534       0.952783       0.975567       0.987247        1.01147       0.952783           1.05
        18.5402   -0.000210619   -0.000219982     -0.0002397   -0.000239949        7.03213        7.02972        7.19135        7.00599        1.04015        1.01002        1.02997        1.00996        1.01394       0.981403       0.964527       0.952763       0.975563       0.987247        1.01147       0.952763           1.05
        18.5602   -0.000212488   -0.000221375   -0.000236243   -0.000236862        7.03265        7.02993        7.19095        7.00559        1.04016        1.01003        1.02997        1.00996        1.01395       0.981405       0.964523       0.952749       0.975561       0.987247        1.01147       0.952749           1.05
        18.5802   -0.000214438   -0.000222797    -0.00023273   -0.000233717        7.03311        7.03008        7.19066        7.00528        1.04016        1.01004        1.02997        1.00997        1.01395       0.981408       0.964522       0.952739        0.97556       0.987248        1.01147       0.952739           1.05
        18.6003   -0.000216459   -0.000224238   -0.000229183   -0.000230533         7.0335        7.03019        7.19048        7.00508        1.04017        1.01005        1.02997        1.00997        1.01396       0.981414       0.964525       0.952735        0.97556        0.98725        1.01147       0.952735           1.05
        18.6203   -0.000218536   -0.000225689   -0.000225624    -0.00022733        7.03381        7.03024        7.19043        7.00498        1.04018        1.01006        1.02997        1.00997        1.01396       0.981422       0.964531       0.952736       0.975562       0.987252        1.01147       0.952736           1.05
        18.6403   -0.000220658   -0.000227141   -0.000222077   -0.000224127        7.03405        7.03024        7.19049        7.00499        1.04018        1.01008        1.02997        1.00997        1.01397       0.981432       0.964541       0.952743       0.975565       0.987254        1.01147       0.952743           1.05
        18.6603   -0.000222811   -0.000228585   -0.000218562   -0.000220945        7.03422         7.0302        7.19067         7.0051        1.04019        1.01009        1.02997        1.00997        1.01398       0.981444       0.964554       0.952754       0.975569       0.987257        1.01147       0.952754           1.05
        18.6803   -0.000224981   -0.000230014   -0.000215103     -0.0002178        7.03431         7.0301        7.19097        7.00531         1.0402         1.0101        1.02997        1.00998        1.01399       0.981458        0.96457       0.952771       0.975575        0.98726        1.01147       0.952771           1.05
        18.7003   -0.000227156   -0.000231417    -0.00021172   -0.000214714        7.03433        7.02995        7.19139        7.00563         1.0402        1.01011        1.02997        1.00998          1.014       0.981474       0.964589       0.952793       0.975582       0.987264        1.01147       0.952793           1.05
        18.7203   -0.000229321   -0.000232787   -0.000208433   -0.000211705        7.03427        7.02976        7.19191        7.00604        1.04021        1.01013        1.02998        1.00998        1.01401       0.981492       0.964611       0.952819        0.97559       0.987268        1.01147       0.952819           1.05
        18.7403   -0.000231463   -0.000234114   -0.000205262    -0.00020879        7.03413        7.02951        7.19254        7.00656        1.04022        1.01014        1.02998        1.00999        1.01402       0.981511       0.964635        0.95285       0.975599       0.987272        1.01147        0.95285           1.05
        18.7603   -0.000233569   -0.000235391   -0.000202227   -0.000205987        7.03392        7.02922        7.19327        7.00717        1.04022        1.01015        1.02998        1.00999        1.01404       0.981532       0.964663       0.952886        0.97561       0.987277        1.01147       0.952886           1.05
        18.7803   -0.000235625    -0.00023661   -0.000199345   -0.000203313        7.03363        7.02888        7.19411        7.00786        1.04023        1.01016        1.02998        1.00999        1.01405       0.981555       0.964692       0.952926       0.975621       0.987282        1.01148       0.952926           1.05
        18.8003   -0.000237619   -0.000237763   -0.000196634   -0.000200785        7.03328        7.02851        7.19503        7.00865        1.04023        1.01018        1.02998           1.01        1.01406       0.981579       0.964725        0.95297       0.975633       0.987287        1.01148        0.95297           1.05
        18.8203   -0.000239539   -0.000238843   -0.000194111   -0.000198416        7.03285        7.02809        7.19604        7.00952        1.04024        1.01019        1.02998           1.01        1.01408       0.981603       0.964759       0.953017       0.975646       0.987292        1.01148       0.953017           1.05
        18.8404   -0.000241374   -0.000239844    -0.00019179   -0.000196221        7.03236        7.02764        7.19714        7.01046        1.04024         1.0102        1.02998           1.01        1.01409       0.981629       0.964795       0.953068        0.97566       0.987298        1.01148       0.953068           1.05
        18.8604   -0.000243111    -0.00024076   -0.000189687   -0.000194215        7.03181        7.02715        7.19831        7.01147        1.04025        1.01021        1.02998           1.01        1.01411       0.981656       0.964832       0.953122       0.975675       0.987303        1.01148       0.953122           1.05
        18.8804   -0.000244742   -0.000241584   -0.000187812   -0.000192408         7.0312        7.02663        7.19954        7.01255        1.04025        1.01022        1.02998        1.01001        1.01412       0.981684       0.964871       0.953179        0.97569       0.987309        1.01148       0.953179           1.05
        18.9004   -0.000246255   -0.000242311   -0.000186178   -0.000190811        7.03053        7.02608        7.20084        7.01369        1.04026        1.01023        1.02998        1.01001        1.01414       0.981712       0.964912       0.953238       0.975706       0.987315        1.01148       0.953238           1.05
        18.9204   -0.000247643   -0.000242938   -0.000184793   -0.000189434        7.02981        7.02551        7.20218        7.01487        1.04026        1.01024        1.02998        1.01001        1.01415        0.98174       0.964953       0.953299       0.975722       0.987321        1.01148       0.953299           1.05
        18.9404   -0.000248896    -0.00024346   -0.000183666   -0.000188284        7.02904        7.02491        7.20357        7.01609        1.04026        1.01024        1.02998        1.01002        1.01417       0.981768       0.964994       0.953362       0.975739       0.987327        1.01148       0.953362           1.05
        18.9604   -0.000250006   -0.000243874   -0.000182803   -0.000187369        7.02823         7.0243        7.20499        7.01736        1.04026        1.01025        1.02998        1.01002        1.01418       0.981797       0.965036       0.953426       0.975755       0.987332        1.01148       0.953426           1.05
        18.9804   -0.000250968   -0.000244177   -0.000182208   -0.000186693        7.02738        7.02367        7.20643        7.01865        1.04026        1.01026        1.02998        1.01002        1.01419       0.981825       0.965078       0.953491       0.975772       0.987338        1.01148       0.953491           1.05
        19.0004   -0.000251776   -0.000244369   -0.000181885   -0.000186261         7.0265        7.02304         7.2079        7.01996        1.04026        1.01026        1.02998        1.01002        1.01421       0.981852        0.96512       0.953556       0.975789       0.987344        1.01148       0.953556           1.05
        19.0204   -0.000252424   -0.000244448   -0.000181835   -0.000186074        7.02559         7.0224        7.20936        7.02128        1.04027        1.01026        1.02998        1.01002        1.01422        0.98188       0.965162       0.953621       0.975806       0.987349        1.01148       0.953621           1.05
        19.0404   -0.000252908   -0.000244413   -0.000182057   -0.000186133        7.02466        7.02175        7.21082         7.0226        1.04027        1.01027        1.02999        1.01003        1.01423       0.981906       0.965203       0.953686       0.975822       0.987354        1.01148       0.953686           1.05
        19.0604   -0.000253227   -0.000244265    -0.00018255   -0.000186438        7.02372        7.02111        7.21228        7.02392        1.04026        1.01027        1.02999        1.01003        1.01424       0.981931       0.965243        0.95375       0.975838        0.98736        1.01148        0.95375           1.05
        19.0805   -0.000253377   -0.000244005    -0.00018331   -0.000186987        7.02276        7.02047        7.21371        7.02523        1.04026        1.01027        1.02999        1.01003        1.01426       0.981956       0.965282       0.953813       0.975854       0.987364        1.01148       0.953813           1.05
        19.1005   -0.000253358   -0.000243635   -0.000184331   -0.000187775        7.02181        7.01985        7.21511        7.02651        1.04026        1.01027        1.02999        1.01003        1.01427       0.981979       0.965319       0.953874       0.975869       0.987369        1.01148       0.953874           1.05
        19.1205   -0.000253172   -0.000243157   -0.000185606   -0.000188798        7.02085        7.01923        7.21648        7.02777        1.04026        1.01027        1.02999        1.01003        1.01428       0.982001       0.965355       0.953933       0.975884       0.987373        1.01148       0.953933           1.05
        19.1405   -0.000252819   -0.000242574   -0.000187128   -0.000190049        7.01991        7.01863         7.2178        7.02899        1.04026        1.01027        1.02999        1.01003        1.01428       0.982022       0.965389        0.95399       0.975898       0.987377        1.01148        0.95399           1.05
        19.1605   -0.000252301   -0.000241889   -0.000188886   -0.000191519        7.01897        7.01806        7.21906        7.03017        1.04025        1.01026        1.02999        1.01003        1.01429       0.982041       0.965421       0.954045       0.975911       0.987381        1.01148       0.954045           1.05
        19.1805   -0.000251622   -0.000241106   -0.000190869     -0.0001932        7.01806        7.01751        7.22026         7.0313        1.04025        1.01026        1.02999        1.01003         1.0143       0.982058       0.965451       0.954096       0.975923       0.987384        1.01148       0.954096           1.05
        19.2005   -0.000250785   -0.000240231   -0.000193065   -0.000195081        7.01717        7.01699         7.2214        7.03236        1.04024        1.01026        1.02999        1.01003         1.0143       0.982074       0.965478       0.954145       0.975935       0.987387        1.01148       0.954145           1.05
        19.2205   -0.000249797   -0.000239269   -0.000195458   -0.000197149        7.01631         7.0165        7.22246        7.03337        1.04024        1.01025        1.02999        1.01003        1.01431       0.982087       0.965503       0.954189       0.975945       0.987389        1.01148       0.954189           1.05
        19.2405   -0.000248663   -0.000238226   -0.000198034   -0.000199392        7.01549        7.01605        7.22343         7.0343        1.04024        1.01024        1.02999        1.01003        1.01431       0.982099       0.965525        0.95423       0.975954       0.987391        1.01148        0.95423           1.05
        19.2605   -0.000247391   -0.000237109   -0.000200776   -0.000201796        7.01471        7.01563        7.22433        7.03516        1.04023        1.01024        1.02999        1.01003        1.01431       0.982108       0.965544       0.954267       0.975963       0.987393        1.01148       0.954267           1.05
        19.2805   -0.000245989   -0.000235925   -0.000203668   -0.000204345        7.01397        7.01525        7.22512        7.03594        1.04022        1.01023        1.02999        1.01003        1.01431       0.982116        0.96556         0.9543        0.97597       0.987394        1.01148         0.9543           1.05
        19.3005   -0.000244465   -0.000234681    -0.00020669   -0.000207023        7.01329        7.01492        7.22582        7.03662        1.04022        1.01022        1.02999        1.01003        1.01431       0.982121       0.965573       0.954328       0.975976       0.987395        1.01148       0.954328           1.05
        19.3205    -0.00024283   -0.000233386   -0.000209825   -0.000209813        7.01266        7.01463        7.22642        7.03722        1.04021        1.01021        1.02999        1.01003        1.01431       0.982125       0.965584       0.954351       0.975981       0.987395        1.01147       0.954351           1.05
        19.3406   -0.000241094   -0.000232046   -0.000213053   -0.000212698        7.01209        7.01439        7.22692        7.03772        1.04021         1.0102        1.02999        1.01003        1.01431       0.982126       0.965591        0.95437       0.975984       0.987395        1.01147        0.95437           1.05
        19.3606   -0.000239267   -0.000230672   -0.000216354   -0.000215659        7.01158        7.01419         7.2273        7.03813         1.0402        1.01019           1.03        1.01002        1.01431       0.982125       0.965594       0.954384       0.975987       0.987395        1.01147       0.954384           1.05
        19.3806   -0.000237361   -0.000229271   -0.000219708    -0.00021868        7.01114        7.01404        7.22758        7.03843        1.04019        1.01018           1.03        1.01002         1.0143       0.982122       0.965595       0.954393       0.975988       0.987394        1.01147       0.954393           1.05
        19.4006   -0.000235386   -0.000227851   -0.000223094    -0.00022174        7.01076        7.01394        7.22774        7.03863        1.04019        1.01017           1.03        1.01002         1.0143       0.982116       0.965592       0.954397       0.975987       0.987393        1.01147       0.954397           1.05
        19.4206   -0.000233357   -0.000226423   -0.000226491    -0.00022482        7.01046        7.01389        7.22779        7.03874        1.04018        1.01016           1.03        1.01002        1.01429       0.982109       0.965586       0.954395       0.975986       0.987391        1.01147       0.954395           1.05
        19.4406   -0.000231284   -0.000224993   -0.000229878     -0.0002279        7.01022         7.0139        7.22773        7.03873        1.04017        1.01014           1.03        1.01002        1.01428       0.982099       0.965577       0.954389       0.975983       0.987388        1.01147       0.954389           1.05
        19.4606   -0.000229182   -0.000223572   -0.000233233   -0.000230962        7.01006        7.01395        7.22755        7.03863        1.04017        1.01013           1.03        1.01001        1.01427       0.982087       0.965565       0.954378       0.975979       0.987386        1.01147       0.954378           1.05
        19.4806   -0.000227063   -0.000222168   -0.000236537   -0.000233987        7.00997        7.01405        7.22727        7.03842        1.04016        1.01012           1.03        1.01001        1.01426       0.982074        0.96555       0.954363       0.975974       0.987383        1.01147       0.954363           1.05
        19.5006   -0.000224941    -0.00022079   -0.000239768   -0.000236956        7.00996         7.0142        7.22688        7.03811        1.04015        1.01011        1.02999        1.01001        1.01425       0.982059       0.965532       0.954342       0.975967        0.98738        1.01147       0.954342           1.05
        19.5206   -0.000222829   -0.000219446   -0.000242908   -0.000239851        7.01002        7.01439        7.22638         7.0377        1.04015        1.01009        1.02999           1.01        1.01424       0.982042       0.965511       0.954317        0.97596       0.987376        1.01147       0.954317           1.05
        19.5406    -0.00022074   -0.000218145   -0.000245937   -0.000242653        7.01015        7.01464        7.22578         7.0372        1.04014        1.01008        1.02999           1.01        1.01423       0.982023       0.965487       0.954287       0.975951       0.987372        1.01147       0.954287           1.05
        19.5606   -0.000218687   -0.000216895   -0.000248837   -0.000245347        7.01036        7.01493        7.22508        7.03661        1.04014        1.01007        1.02999           1.01        1.01422       0.982003       0.965461       0.954253       0.975941       0.987368        1.01147       0.954253           1.05
        19.5807   -0.000216683   -0.000215703   -0.000251591   -0.000247915        7.01064        7.01526        7.22429        7.03592        1.04013        1.01006        1.02999           1.01        1.01421       0.981981       0.965432       0.954215       0.975931       0.987363        1.01147       0.954215           1.05
        19.6007   -0.000214739   -0.000214576   -0.000254182   -0.000250342        7.01099        7.01563         7.2234        7.03516        1.04012        1.01005        1.02999        1.00999        1.01419       0.981958       0.965402       0.954174       0.975919       0.987359        1.01146       0.954174           1.05
        19.6207   -0.000212867   -0.000213522   -0.000256594   -0.000252612         7.0114        7.01603        7.22244        7.03432        1.04012        1.01004        1.02999        1.00999        1.01418       0.981934       0.965369       0.954128       0.975907       0.987354        1.01146       0.954128           1.05
        19.6407    -0.00021108   -0.000212546   -0.000258814   -0.000254714        7.01188        7.01648        7.22139        7.03339        1.04011        1.01002        1.02999        1.00999        1.01417        0.98191       0.965334        0.95408       0.975893       0.987348        1.01146        0.95408           1.05
        19.6607   -0.000209386   -0.000211654   -0.000260827   -0.000256632        7.01242        7.01696        7.22028         7.0324        1.04011        1.01002        1.02999        1.00998        1.01415       0.981884       0.965298       0.954028        0.97588       0.987343        1.01146       0.954028           1.05
        19.6807   -0.000207798   -0.000210853   -0.000262621   -0.000258356        7.01302        7.01746         7.2191        7.03135        1.04011        1.01001        1.02999        1.00998        1.01414       0.981857       0.965261       0.953974       0.975865       0.987338        1.01146       0.953974           1.05
        19.7007   -0.000206323   -0.000210145   -0.000264185   -0.000259875        7.01367        7.01799        7.21786        7.03025         1.0401           1.01        1.02999        1.00998        1.01412       0.981831       0.965222       0.953917        0.97585       0.987332        1.01146       0.953917           1.05
        19.7207   -0.000204971   -0.000209534   -0.000265511   -0.000261181        7.01437        7.01855        7.21657        7.02909         1.0401        1.00999        1.02999        1.00998        1.01411       0.981803       0.965183       0.953859       0.975835       0.987326        1.01146       0.953859           1.05
        19.7407    -0.00020375   -0.000209026   -0.000266591   -0.000262265        7.01512        7.01913        7.21524         7.0279         1.0401        1.00998        1.02999        1.00997         1.0141       0.981776       0.965143       0.953799       0.975819       0.987321        1.01146       0.953799           1.05
        19.7607   -0.000202667   -0.000208621   -0.000267418   -0.000263122         7.0159        7.01972        7.21388        7.02667         1.0401        1.00998        1.02999        1.00997        1.01408       0.981749       0.965102       0.953737       0.975803       0.987315        1.01146       0.953737           1.05
        19.7807   -0.000201728   -0.000208323   -0.000267987   -0.000263747        7.01673        7.02032        7.21249        7.02542         1.0401        1.00997        1.02999        1.00997        1.01407       0.981722       0.965062       0.953675       0.975787        0.98731        1.01146       0.953675           1.05
        19.8007    -0.00020094   -0.000208132   -0.000268295   -0.000264136        7.01758        7.02093        7.21109        7.02415        1.04009        1.00996        1.02999        1.00997        1.01406       0.981695       0.965021       0.953612        0.97577       0.987304        1.01146       0.953612           1.05
        19.8207   -0.000200306    -0.00020805   -0.000268341   -0.000264288        7.01846        7.02154        7.20967        7.02288        1.04009        1.00996        1.02999        1.00997        1.01404       0.981669       0.964981       0.953549       0.975754       0.987299        1.01146       0.953549           1.05
        19.8408   -0.000199831   -0.000208076   -0.000268125   -0.000264202        7.01936        7.02216        7.20826         7.0216        1.04009        1.00996        1.02998        1.00996        1.01403       0.981643       0.964942       0.953487       0.975738       0.987293        1.01146       0.953487           1.05
        19.8608   -0.000199517    -0.00020821   -0.000267649   -0.000263879        7.02027        7.02277        7.20686        7.02032         1.0401        1.00996        1.02998        1.00996        1.01402       0.981619       0.964903       0.953425       0.975723       0.987288        1.01146       0.953425           1.05
        19.8808   -0.000199365   -0.000208451   -0.000266915   -0.000263322        7.02119        7.02338        7.20548        7.01907         1.0401        1.00995        1.02998        1.00996        1.01401       0.981595       0.964866       0.953364       0.975707       0.987284        1.01146       0.953364           1.05
        19.9008   -0.000199375   -0.000208798   -0.000265928   -0.000262535        7.02211        7.02397        7.20412        7.01783         1.0401        1.00995        1.02998        1.00996          1.014       0.981572       0.964829       0.953305       0.975692       0.987279        1.01146       0.953305           1.05
        19.9208   -0.000199548   -0.000209248   -0.000264694   -0.000261523        7.02303        7.02456         7.2028        7.01662         1.0401        1.00996        1.02998        1.00996        1.01399       0.981551       0.964795       0.953247       0.975678       0.987275        1.01146       0.953247           1.05
        19.9408   -0.000199881   -0.000209798   -0.000263223   -0.000260293        7.02394        7.02512        7.20152        7.01545         1.0401        1.00996        1.02998        1.00996        1.01398       0.981531       0.964762       0.953192       0.975664       0.987271        1.01146       0.953192           1.05
        19.9608   -0.000200373   -0.000210444   -0.000261524   -0.000258853        7.02483        7.02566        7.20029        7.01433        1.04011        1.00996        1.02998        1.00996        1.01397       0.981512       0.964731       0.953139       0.975651       0.987267        1.01146       0.953139           1.05
        19.9808   -0.000201021   -0.000211184   -0.000259605   -0.000257212        7.02571        7.02618        7.19912        7.01325        1.04011        1.00996        1.02998        1.00996        1.01397       0.981496       0.964702       0.953089       0.975639       0.987264        1.01146       0.953089           1.05
        20.0008   -0.000201819   -0.000212011   -0.000257481   -0.000255382        7.02656        7.02668        7.19802        7.01224        1.04011        1.00997        1.02998        1.00996        1.01396        0.98148       0.964675       0.953042       0.975628       0.987261        1.01146       0.953042           1.05
        20.0208   -0.000202763   -0.000212921   -0.000255163   -0.000253373        7.02738        7.02714        7.19699        7.01128        1.04012        1.00997        1.02998        1.00996        1.01396       0.981467       0.964651       0.952998       0.975618       0.987258        1.01146       0.952998           1.05
        20.0408   -0.000203846   -0.000213907   -0.000252669   -0.000251198        7.02817        7.02757        7.19604        7.01039        1.04012        1.00998        1.02998        1.00996        1.01396       0.981456        0.96463       0.952959       0.975608       0.987256        1.01146       0.952959           1.05
        20.0608   -0.000205062   -0.000214964   -0.000250011    -0.00024887        7.02891        7.02797        7.19517        7.00958        1.04013        1.00999        1.02998        1.00996        1.01395       0.981447       0.964611       0.952923         0.9756       0.987255        1.01146       0.952923           1.05
        20.0809   -0.000206403   -0.000216085   -0.000247209   -0.000246405        7.02961        7.02833        7.19439        7.00885        1.04013        1.00999        1.02998        1.00996        1.01395       0.981439       0.964595       0.952891       0.975593       0.987253        1.01146       0.952891           1.05
        20.1009   -0.000207858   -0.000217263   -0.000244279   -0.000243818        7.03027        7.02865        7.19371        7.00819        1.04014           1.01        1.02998        1.00996        1.01395       0.981434       0.964582       0.952863       0.975587       0.987252        1.01146       0.952863           1.05
        20.1209    -0.00020942   -0.000218491    -0.00024124   -0.000241126        7.03087        7.02892        7.19313        7.00763        1.04015        1.01001        1.02998        1.00996        1.01395       0.981431       0.964572       0.952841       0.975582       0.987252        1.01147       0.952841           1.05
        20.1409   -0.000211079   -0.000219761    -0.00023811   -0.000238344        7.03141        7.02916        7.19265        7.00716        1.04015        1.01002        1.02997        1.00996        1.01396        0.98143       0.964566       0.952822       0.975579       0.987252        1.01147       0.952822           1.05
        20.1609   -0.000212826   -0.000221066   -0.000234909    -0.00023549        7.03189        7.02935        7.19227        7.00678        1.04016        1.01003        1.02997        1.00997        1.01396       0.981431       0.964562       0.952809       0.975577       0.987253        1.01147       0.952809           1.05
        20.1809   -0.000214648   -0.000222397   -0.000231656   -0.000232582        7.03232         7.0295          7.192        7.00649        1.04016        1.01004        1.02997        1.00997        1.01396       0.981434       0.964562         0.9528       0.975576       0.987254        1.01147         0.9528           1.05
        20.2009   -0.000216535   -0.000223745   -0.000228373   -0.000229638        7.03267        7.02959        7.19184         7.0063        1.04017        1.01005        1.02997        1.00997        1.01397       0.981439       0.964564       0.952796       0.975576       0.987255        1.01147       0.952796           1.05
        20.2209   -0.000218476   -0.000225104   -0.000225079   -0.000226675        7.03297        7.02965        7.19179        7.00621        1.04018        1.01007        1.02997        1.00997        1.01398       0.981447        0.96457       0.952797       0.975577       0.987257        1.01147       0.952797           1.05
        20.2409   -0.000220457   -0.000226464   -0.000221796   -0.000223712        7.03319        7.02965        7.19185        7.00621        1.04018        1.01008        1.02997        1.00997        1.01398       0.981456       0.964579       0.952803        0.97558       0.987259        1.01147       0.952803           1.05
        20.2609   -0.000222467   -0.000227817   -0.000218543   -0.000220766        7.03335        7.02961        7.19201        7.00632        1.04019        1.01009        1.02997        1.00998        1.01399       0.981467       0.964591       0.952814       0.975584       0.987262        1.01147       0.952814           1.05
        20.2809   -0.000224493   -0.000229155    -0.00021534   -0.000217857        7.03343        7.02952        7.19229        7.00651         1.0402         1.0101        1.02997        1.00998          1.014        0.98148       0.964605       0.952829       0.975589       0.987265        1.01147       0.952829           1.05
        20.3009   -0.000226523   -0.000230469   -0.000212206   -0.000215002        7.03344        7.02938        7.19267         7.0068         1.0402        1.01011        1.02997        1.00998        1.01401       0.981495       0.964623       0.952849       0.975596       0.987268        1.01147       0.952849           1.05
         20.321   -0.000228544   -0.000231753   -0.000209162   -0.000212217        7.03338         7.0292        7.19316        7.00719        1.04021        1.01013        1.02998        1.00998        1.01402       0.981512       0.964643       0.952874       0.975603       0.987272        1.01147       0.952874           1.05
         20.341   -0.000230543   -0.000232998   -0.000206226   -0.000209519        7.03326        7.02897        7.19375        7.00767        1.04021        1.01014        1.02998        1.00999        1.01403        0.98153       0.964666       0.952903       0.975612       0.987276        1.01147       0.952903           1.05
         20.361   -0.000232508   -0.000234196   -0.000203416   -0.000206925        7.03306        7.02871        7.19443        7.00823        1.04022        1.01015        1.02998        1.00999        1.01404       0.981549       0.964692       0.952936       0.975622        0.98728        1.01147       0.952936           1.05
         20.381   -0.000234427   -0.000235339   -0.000200749   -0.000204449         7.0328         7.0284        7.19521        7.00887        1.04023        1.01016        1.02998        1.00999        1.01406        0.98157       0.964719       0.952973       0.975632       0.987285        1.01148       0.952973           1.05
         20.401   -0.000236288   -0.000236421   -0.000198241   -0.000202108        7.03247        7.02805        7.19607         7.0096        1.04023        1.01017        1.02998           1.01        1.01407       0.981592       0.964749       0.953014       0.975644       0.987289        1.01148       0.953014           1.05
         20.421   -0.000238082   -0.000237435   -0.000195908   -0.000199916        7.03207        7.02766        7.19701        7.01041        1.04023        1.01018        1.02998           1.01        1.01408       0.981615       0.964781       0.953058       0.975656       0.987294        1.01148       0.953058           1.05
         20.441   -0.000239795   -0.000238374   -0.000193762   -0.000197886        7.03162        7.02724        7.19803        7.01128        1.04024        1.01019        1.02998           1.01         1.0141        0.98164       0.964814       0.953105       0.975669         0.9873        1.01148       0.953105           1.05
         20.461   -0.000241418   -0.000239233   -0.000191819    -0.00019603         7.0311        7.02679        7.19911        7.01222        1.04024         1.0102        1.02998           1.01        1.01411       0.981664       0.964849       0.953155       0.975682       0.987305        1.01148       0.953155           1.05
         20.481   -0.000242942   -0.000240007   -0.000190088   -0.000194359        7.03053         7.0263        7.20026        7.01322        1.04025        1.01021        1.02998        1.01001        1.01412        0.98169       0.964885       0.953208       0.975697        0.98731        1.01148       0.953208           1.05
         20.501   -0.000244357   -0.000240692   -0.000188579   -0.000192885        7.02991         7.0258        7.20146        7.01428        1.04025        1.01022        1.02998        1.01001        1.01414       0.981716       0.964923       0.953263       0.975711       0.987316        1.01148       0.953263           1.05
         20.521   -0.000245655   -0.000241282   -0.000187302   -0.000191613        7.02924        7.02526        7.20271        7.01538        1.04025        1.01023        1.02998        1.01001        1.01415       0.981742       0.964961        0.95332       0.975726       0.987321        1.01148        0.95332           1.05
         20.541   -0.000246827   -0.000241776   -0.000186264   -0.000190554        7.02853        7.02471        7.20399        7.01652        1.04025        1.01023        1.02998        1.01001        1.01416       0.981768       0.964999       0.953378       0.975742       0.987326        1.01148       0.953378           1.05
         20.561   -0.000247868   -0.000242169   -0.000185471   -0.000189712        7.02778        7.02414        7.20531        7.01769        1.04026        1.01024        1.02998        1.01002        1.01418       0.981795       0.965039       0.953437       0.975757       0.987332        1.01148       0.953437           1.05
        20.5811   -0.000248771    -0.00024246   -0.000184926   -0.000189093        7.02699        7.02356        7.20665        7.01889        1.04026        1.01025        1.02998        1.01002        1.01419       0.981821       0.965078       0.953497       0.975773       0.987337        1.01148       0.953497           1.05
        20.6011   -0.000249531   -0.000242647   -0.000184634     -0.0001887        7.02617        7.02297        7.20801         7.0201        1.04026        1.01025        1.02998        1.01002         1.0142       0.981847       0.965117       0.953558       0.975788       0.987342        1.01148       0.953558           1.05
        20.6211   -0.000250142   -0.000242729   -0.000184595   -0.000188534        7.02532        7.02238        7.20937        7.02133        1.04026        1.01025        1.02998        1.01002        1.01421       0.981872       0.965155       0.953618       0.975804       0.987347        1.01148       0.953618           1.05
        20.6411   -0.000250601   -0.000242706   -0.000184809   -0.000188598        7.02446        7.02178        7.21073        7.02256        1.04026        1.01026        1.02999        1.01002        1.01423       0.981896       0.965193       0.953678       0.975819       0.987352        1.01148       0.953678           1.05
        20.6611   -0.000250905   -0.000242578   -0.000185274   -0.000188889        7.02359        7.02118        7.21208        7.02378        1.04026        1.01026        1.02999        1.01003        1.01424        0.98192        0.96523       0.953738       0.975834       0.987357        1.01148       0.953738           1.05
        20.6811   -0.000251054   -0.000242345   -0.000185987   -0.000189406         7.0227        7.02059        7.21341          7.025        1.04026        1.01026        1.02999        1.01003        1.01425       0.981943       0.965266       0.953796       0.975848       0.987361        1.01148       0.953796           1.05
        20.7011   -0.000251046   -0.000242011   -0.000186942   -0.000190147        7.02181        7.02001        7.21471        7.02619        1.04026        1.01026        1.02999        1.01003        1.01426       0.981965       0.965301       0.953853       0.975863       0.987366        1.01148       0.953853           1.05
        20.7211   -0.000250881   -0.000241576   -0.000188134   -0.000191105        7.02092        7.01944        7.21598        7.02736        1.04025        1.01026        1.02999        1.01003        1.01426       0.981985       0.965335       0.953908       0.975876        0.98737        1.01148       0.953908           1.05
        20.7411   -0.000250561   -0.000241044   -0.000189554   -0.000192274        7.02004        7.01889         7.2172        7.02849        1.04025        1.01026        1.02999        1.01003        1.01427       0.982004       0.965366       0.953961       0.975889       0.987373        1.01148       0.953961           1.05
        20.7611   -0.000250089   -0.000240418   -0.000191194   -0.000193646        7.01918        7.01835        7.21838        7.02959        1.04025        1.01025        1.02999        1.01003        1.01428       0.982022       0.965396       0.954012       0.975901       0.987377        1.01148       0.954012           1.05
        20.7811   -0.000249467   -0.000239702   -0.000193043   -0.000195215        7.01833        7.01785         7.2195        7.03063        1.04024        1.01025        1.02999        1.01003        1.01429       0.982038       0.965423        0.95406       0.975913        0.98738        1.01148        0.95406           1.05
        20.8011   -0.000248699   -0.000238899    -0.00019509   -0.000196968         7.0175        7.01737        7.22055        7.03162        1.04024        1.01025        1.02999        1.01003        1.01429       0.982052       0.965449       0.954104       0.975923       0.987382        1.01148       0.954104           1.05
        20.8212   -0.000247789   -0.000238016    -0.00019732   -0.000198895        7.01671        7.01691        7.22153        7.03255        1.04024        1.01024        1.02999        1.01003        1.01429       0.982065       0.965472       0.954146       0.975933       0.987384        1.01148       0.954146           1.05
        20.8412   -0.000246744   -0.000237058    -0.00019972   -0.000200985        7.01594        7.01649        7.22244        7.03342        1.04023        1.01023        1.02999        1.01003         1.0143       0.982076       0.965492       0.954184       0.975942       0.987386        1.01148       0.954184           1.05
        20.8612   -0.000245571   -0.000236031   -0.000202275   -0.000203224        7.01522         7.0161        7.22327        7.03421        1.04023        1.01023        1.02999        1.01003         1.0143       0.982084        0.96551       0.954218        0.97595       0.987388        1.01148       0.954218           1.05
        20.8812   -0.000244277   -0.000234941   -0.000204969   -0.000205598        7.01454        7.01575        7.22401        7.03493        1.04022        1.01022        1.02999        1.01003         1.0143       0.982092       0.965526       0.954249       0.975956       0.987389        1.01148       0.954249           1.05
        20.9012    -0.00024287   -0.000233795   -0.000207785   -0.000208092         7.0139        7.01544        7.22466        7.03557        1.04022        1.01021        1.02999        1.01003         1.0143       0.982097       0.965538       0.954275       0.975962        0.98739        1.01147       0.954275           1.05
        20.9212    -0.00024136   -0.000232601   -0.000210705    -0.00021069        7.01332        7.01517        7.22522        7.03613        1.04021         1.0102        1.02999        1.01002         1.0143         0.9821       0.965547       0.954296       0.975966        0.98739        1.01147       0.954296           1.05
        20.9412   -0.000239756   -0.000231366   -0.000213711   -0.000213376        7.01279        7.01494        7.22568        7.03659         1.0402        1.01019        1.02999        1.01002         1.0143       0.982101       0.965554       0.954314        0.97597        0.98739        1.01147       0.954314           1.05
        20.9612   -0.000238068   -0.000230098   -0.000216785   -0.000216132        7.01232        7.01476        7.22603        7.03697         1.0402        1.01018        1.02999        1.01002        1.01429         0.9821       0.965557       0.954327       0.975972        0.98739        1.01147       0.954327           1.05
        20.9812   -0.000236306   -0.000228805   -0.000219909   -0.000218943        7.01191        7.01462        7.22629        7.03725        1.04019        1.01017        1.02999        1.01002        1.01429       0.982097       0.965557       0.954335       0.975973       0.987389        1.01147       0.954335           1.05
        21.0012   -0.000234482   -0.000227495   -0.000223062   -0.000221791        7.01156        7.01453        7.22644        7.03745        1.04019        1.01016        1.02999        1.01002        1.01428       0.982092       0.965555       0.954339       0.975973       0.987388        1.01147       0.954339           1.05
        21.0212   -0.000232605   -0.000226175   -0.000226225   -0.000224657        7.01127        7.01448        7.22649        7.03754        1.04018        1.01015        1.02999        1.01002        1.01428       0.982085       0.965549       0.954338       0.975971       0.987386        1.01147       0.954338           1.05
        21.0412   -0.000230689   -0.000224855   -0.000229377   -0.000227526        7.01106        7.01448        7.22643        7.03754        1.04017        1.01014        1.02999        1.01001        1.01427       0.982076       0.965541       0.954332       0.975969       0.987384        1.01147       0.954332           1.05
        21.0613   -0.000228745   -0.000223543   -0.000232501   -0.000230377        7.01091        7.01453        7.22626        7.03745        1.04017        1.01013        1.02999        1.01001        1.01426       0.982065        0.96553       0.954322       0.975965       0.987382        1.01147       0.954322           1.05
        21.0813   -0.000226787   -0.000222246   -0.000235576   -0.000233194        7.01082        7.01462          7.226        7.03726        1.04016        1.01012        1.02999        1.01001        1.01425       0.982052       0.965515       0.954307        0.97596       0.987379        1.01147       0.954307           1.05
        21.1013   -0.000224825   -0.000220973   -0.000238584    -0.00023596        7.01081        7.01476        7.22563        7.03697        1.04016        1.01011        1.02999        1.01001        1.01425       0.982038       0.965499       0.954288       0.975954       0.987376        1.01147       0.954288           1.05
        21.1213   -0.000222872   -0.000219731   -0.000241507   -0.000238657        7.01087        7.01494        7.22517         7.0366        1.04015         1.0101        1.02999           1.01        1.01424       0.982022       0.965479       0.954265       0.975947       0.987372        1.01147       0.954265           1.05
        21.1413   -0.000220941    -0.00021853   -0.000244327   -0.000241268        7.01099        7.01517        7.22461        7.03613        1.04014        1.01008        1.02999           1.01        1.01422       0.982005       0.965457       0.954237       0.975939       0.987369        1.01147       0.954237           1.05
        21.1613   -0.000219042   -0.000217376   -0.000247028   -0.000243779        7.01118        7.01543        7.22396        7.03558        1.04014        1.01007        1.02999           1.01        1.01421       0.981986       0.965433       0.954206        0.97593       0.987365        1.01147       0.954206           1.05
        21.1813   -0.000217189   -0.000216276   -0.000249592   -0.000246173        7.01144        7.01574        7.22323        7.03495        1.04013        1.01006        1.02999           1.01         1.0142       0.981966       0.965407       0.954171        0.97592       0.987361        1.01147       0.954171           1.05
        21.2013   -0.000215392   -0.000215236   -0.000252006   -0.000248436        7.01177        7.01608        7.22241        7.03423        1.04013        1.01005        1.02999        1.00999        1.01419       0.981945       0.965378       0.954132       0.975909       0.987356        1.01147       0.954132           1.05
        21.2213   -0.000213662   -0.000214264   -0.000254254   -0.000250555        7.01215        7.01646        7.22151        7.03345        1.04012        1.01004        1.02999        1.00999        1.01418       0.981923       0.965348        0.95409       0.975898       0.987351        1.01146        0.95409           1.05
        21.2413    -0.00021201   -0.000213364   -0.000256322   -0.000252516        7.01259        7.01688        7.22054        7.03259        1.04012        1.01003        1.02999        1.00999        1.01416         0.9819       0.965316       0.954044       0.975885       0.987347        1.01146       0.954044           1.05
        21.2613   -0.000210444   -0.000212542   -0.000258199   -0.000254307         7.0131        7.01732         7.2195        7.03168        1.04012        1.01002        1.02999        1.00999        1.01415       0.981876       0.965282       0.953997       0.975873       0.987342        1.01146       0.953997           1.05
        21.2813   -0.000208977   -0.000211803   -0.000259872   -0.000255918        7.01365        7.01779        7.21841        7.03069        1.04011        1.01001        1.02999        1.00998        1.01414       0.981851       0.965247       0.953946       0.975859       0.987337        1.01146       0.953946           1.05
        21.3013   -0.000207615   -0.000211151   -0.000261333   -0.000257338        7.01426        7.01828        7.21726        7.02967        1.04011           1.01        1.02999        1.00998        1.01412       0.981826       0.965212       0.953894       0.975845       0.987331        1.01146       0.953894           1.05
        21.3214   -0.000206367    -0.00021059   -0.000262573   -0.000258559        7.01491         7.0188        7.21607         7.0286        1.04011           1.01        1.02999        1.00998        1.01411       0.981801       0.965175       0.953839       0.975831       0.987326        1.01146       0.953839           1.05
        21.3414    -0.00020524   -0.000210123   -0.000263584   -0.000259575         7.0156        7.01933        7.21483        7.02749         1.0401        1.00999        1.02999        1.00998         1.0141       0.981776       0.965138       0.953783       0.975816       0.987321        1.01146       0.953783           1.05
        21.3614    -0.00020424   -0.000209753    -0.00026436   -0.000260379        7.01633        7.01988        7.21356        7.02635         1.0401        1.00998        1.02999        1.00997        1.01409       0.981751         0.9651       0.953726       0.975801       0.987316        1.01146       0.953726           1.05
        21.3814   -0.000203374   -0.000209481   -0.000264896   -0.000260968        7.01709        7.02044        7.21228        7.02519         1.0401        1.00998        1.02999        1.00997        1.01407       0.981726       0.965063       0.953668       0.975786       0.987311        1.01146       0.953668           1.05
        21.4014   -0.000202648    -0.00020931   -0.000265191   -0.000261337        7.01788        7.02101        7.21097        7.02401         1.0401        1.00997        1.02999        1.00997        1.01406       0.981701       0.965025        0.95361       0.975771       0.987305        1.01146        0.95361           1.05
        21.4214   -0.000202065    -0.00020924   -0.000265241   -0.000261486         7.0187        7.02158        7.20966        7.02282         1.0401        1.00997        1.02998        1.00997        1.01405       0.981676       0.964988       0.953552       0.975756         0.9873        1.01146       0.953552           1.05
        21.4414    -0.00020163    -0.00020927   -0.000265049   -0.000261414        7.01953        7.02216        7.20835        7.02163         1.0401        1.00997        1.02998        1.00997        1.01404       0.981653       0.964951       0.953494       0.975741       0.987296        1.01146       0.953494           1.05
        21.4614   -0.000201343   -0.000209402   -0.000264615   -0.000261121        7.02038        7.02272        7.20705        7.02045         1.0401        1.00997        1.02998        1.00996        1.01403       0.981629       0.964915       0.953436       0.975726       0.987291        1.01146       0.953436           1.05
        21.4814   -0.000201207   -0.000209632   -0.000263941   -0.000260612        7.02123        7.02329        7.20577        7.01928         1.0401        1.00997        1.02998        1.00996        1.01402       0.981607        0.96488        0.95338       0.975712       0.987286        1.01146        0.95338           1.05
        21.5014   -0.000201222   -0.000209961   -0.000263033   -0.000259888        7.02209        7.02384        7.20451        7.01813         1.0401        1.00997        1.02998        1.00996        1.01401       0.981586       0.964847       0.953325       0.975699       0.987282        1.01146       0.953325           1.05
        21.5214   -0.000201386   -0.000210385   -0.000261896   -0.000258954        7.02294        7.02438        7.20328        7.01701        1.04011        1.00997        1.02998        1.00996          1.014       0.981567       0.964814       0.953271       0.975685       0.987278        1.01146       0.953271           1.05
        21.5414     -0.0002017   -0.000210903   -0.000260538   -0.000257818        7.02378        7.02491        7.20209        7.01592        1.04011        1.00997        1.02998        1.00996        1.01399       0.981548       0.964784        0.95322       0.975672       0.987274        1.01146        0.95322           1.05
        21.5615   -0.000202161   -0.000211511   -0.000258968   -0.000256487        7.02461        7.02542        7.20095        7.01487        1.04011        1.00997        1.02998        1.00996        1.01399       0.981531       0.964755       0.953171        0.97566       0.987271        1.01146       0.953171           1.05
        21.5815   -0.000202766   -0.000212205   -0.000257194   -0.000254969        7.02543         7.0259        7.19987        7.01387        1.04011        1.00997        1.02998        1.00996        1.01398       0.981515       0.964728       0.953124       0.975649       0.987268        1.01146       0.953124           1.05
        21.6015   -0.000203512   -0.000212981   -0.000255229   -0.000253275        7.02622        7.02636        7.19884        7.01293        1.04012        1.00998        1.02998        1.00996        1.01397       0.981501       0.964703        0.95308       0.975639       0.987265        1.01146        0.95308           1.05
        21.6215   -0.000204392   -0.000213834   -0.000253085   -0.000251415        7.02698        7.02679        7.19788        7.01204        1.04012        1.00998        1.02998        1.00996        1.01397       0.981489       0.964681        0.95304       0.975629       0.987263        1.01146        0.95304           1.05
        21.6415   -0.000205402   -0.000214757   -0.000250775   -0.000249401        7.02771        7.02719          7.197        7.01122        1.04013        1.00999        1.02998        1.00996        1.01397       0.981478       0.964661       0.953003       0.975621       0.987261        1.01146       0.953003           1.05
        21.6615   -0.000206535   -0.000215747   -0.000248315   -0.000247245        7.02841        7.02756        7.19619        7.01046        1.04013           1.01        1.02998        1.00996        1.01397        0.98147       0.964644        0.95297       0.975613        0.98726        1.01146        0.95297           1.05
        21.6815   -0.000207784   -0.000216796   -0.000245719   -0.000244961        7.02906        7.02789        7.19547        7.00978        1.04014           1.01        1.02998        1.00996        1.01397       0.981463       0.964629        0.95294       0.975606       0.987258        1.01146        0.95294           1.05
        21.7015   -0.000209141   -0.000217897   -0.000243005   -0.000242563        7.02966        7.02819        7.19484        7.00918        1.04014        1.01001        1.02998        1.00996        1.01397       0.981458       0.964617       0.952915       0.975601       0.987257        1.01147       0.952915           1.05
        21.7215   -0.000210597   -0.000219045   -0.000240188   -0.000240067        7.03023        7.02844        7.19429        7.00864        1.04015        1.01002        1.02998        1.00996        1.01397       0.981455       0.964608       0.952893       0.975596       0.987257        1.01147       0.952893           1.05
        21.7415   -0.000212143   -0.000220231   -0.000237287   -0.000237486        7.03073        7.02866        7.19384        7.00821        1.04015        1.01003        1.02998        1.00997        1.01397       0.981454       0.964601       0.952876       0.975593       0.987257        1.01147       0.952876           1.05
        21.7615    -0.00021377    -0.00022145   -0.000234319    -0.00023484        7.03118        7.02884        7.19349        7.00785        1.04016        1.01004        1.02998        1.00997        1.01397       0.981455       0.964598       0.952864       0.975591       0.987258        1.01147       0.952864           1.05
        21.7815   -0.000215468   -0.000222693   -0.000231305   -0.000232143        7.03157        7.02897        7.19324        7.00759        1.04016        1.01005        1.02998        1.00997        1.01398       0.981458       0.964598       0.952856        0.97559       0.987259        1.01147       0.952856           1.05
        21.8015   -0.000217226   -0.000223952   -0.000228261   -0.000229412        7.03191        7.02906        7.19309        7.00742        1.04017        1.01006        1.02998        1.00997        1.01398       0.981463         0.9646       0.952852        0.97559        0.98726        1.01147       0.952852           1.05
        21.8216   -0.000219034    -0.00022522   -0.000225207   -0.000226665        7.03219        7.02911        7.19305        7.00733        1.04018        1.01007        1.02998        1.00997        1.01399        0.98147       0.964606       0.952853       0.975592       0.987262        1.01147       0.952853           1.05
        21.8416   -0.000220881   -0.000226489   -0.000222163   -0.000223917        7.03239        7.02911         7.1931        7.00734        1.04018        1.01008        1.02998        1.00998        1.01399       0.981478       0.964614       0.952859       0.975595       0.987264        1.01147       0.952859           1.05
        21.8616   -0.000222756   -0.000227752   -0.000219147   -0.000221186        7.03254        7.02907        7.19326        7.00743        1.04019        1.01009        1.02998        1.00998          1.014       0.981489       0.964625       0.952869       0.975598       0.987266        1.01147       0.952869           1.05
        21.8816   -0.000224644      -0.000229   -0.000216177   -0.000218489        7.03262        7.02898        7.19351        7.00762        1.04019         1.0101        1.02998        1.00998        1.01401       0.981501       0.964638       0.952883       0.975603       0.987269        1.01147       0.952883           1.05
        21.9016   -0.000226536   -0.000230227   -0.000213272   -0.000215841        7.03263        7.02886        7.19387        7.00789         1.0402        1.01011        1.02998        1.00998        1.01402       0.981515       0.964655       0.952902       0.975609       0.987272        1.01147       0.952902           1.05
        21.9216   -0.000228419   -0.000231425    -0.00021045   -0.000213259        7.03258        7.02869        7.19432        7.00825        1.04021        1.01012        1.02998        1.00999        1.01403        0.98153       0.964674       0.952925       0.975616       0.987276        1.01147       0.952925           1.05
        21.9416   -0.000230283   -0.000232586   -0.000207727   -0.000210759        7.03246        7.02848        7.19486         7.0087        1.04021        1.01014        1.02998        1.00999        1.01404       0.981547       0.964695       0.952951       0.975624       0.987279        1.01147       0.952951           1.05
        21.9616   -0.000232115   -0.000233703    -0.00020512   -0.000208355        7.03228        7.02823        7.19549        7.00922        1.04022        1.01015        1.02998        1.00999        1.01405       0.981565       0.964719       0.952982       0.975633       0.987283        1.01147       0.952982           1.05
        21.9816   -0.000233904   -0.000234769   -0.000202646   -0.000206062        7.03204        7.02794        7.19621        7.00983        1.04022        1.01016        1.02998        1.00999        1.01406       0.981585       0.964744       0.953016       0.975643       0.987287        1.01147       0.953016           1.05
        22.0016    -0.00023564   -0.000235777   -0.000200318   -0.000203895        7.03173        7.02761        7.19701         7.0105        1.04023        1.01017        1.02998           1.01        1.01407       0.981605       0.964772       0.953054       0.975653       0.987292        1.01148       0.953054           1.05
        22.0216   -0.000237313   -0.000236722   -0.000198151   -0.000201867        7.03137        7.02725        7.19788        7.01125        1.04023        1.01018        1.02998           1.01        1.01409       0.981627       0.964801       0.953095       0.975665       0.987296        1.01148       0.953095           1.05
        22.0416   -0.000238911   -0.000237598    -0.00019616   -0.000199988        7.03094        7.02686        7.19882        7.01206        1.04023        1.01019        1.02998           1.01         1.0141       0.981649       0.964832       0.953139       0.975677       0.987301        1.01148       0.953139           1.05
        22.0617   -0.000240426     -0.0002384   -0.000194355   -0.000198271        7.03046        7.02644        7.19983        7.01293        1.04024         1.0102        1.02998           1.01        1.01411       0.981672       0.964865       0.953186       0.975689       0.987306        1.01148       0.953186           1.05
        22.0817   -0.000241849   -0.000239122   -0.000192748   -0.000196726        7.02994        7.02599         7.2009        7.01386        1.04024         1.0102        1.02998        1.01001        1.01412       0.981696       0.964898       0.953234       0.975702       0.987311        1.01148       0.953234           1.05
        22.1017   -0.000243171    -0.00023976   -0.000191348   -0.000195362        7.02936        7.02552        7.20201        7.01484        1.04024        1.01021        1.02998        1.01001        1.01414        0.98172       0.964933       0.953285       0.975716       0.987316        1.01148       0.953285           1.05
        22.1217   -0.000244384   -0.000240312   -0.000190162   -0.000194186        7.02874        7.02502        7.20318        7.01586        1.04025        1.01022        1.02998        1.01001        1.01415       0.981744       0.964968       0.953338        0.97573       0.987321        1.01148       0.953338           1.05
        22.1417    -0.00024548   -0.000240773   -0.000189199   -0.000193207        7.02807        7.02451        7.20437        7.01691        1.04025        1.01022        1.02998        1.01001        1.01416       0.981768       0.965004       0.953392       0.975744       0.987326        1.01148       0.953392           1.05
        22.1617   -0.000246454   -0.000241141   -0.000188465    -0.00019243        7.02737        7.02398         7.2056          7.018        1.04025        1.01023        1.02998        1.01001        1.01417       0.981793        0.96504       0.953447       0.975758       0.987331        1.01148       0.953447           1.05
        22.1817     -0.0002473   -0.000241414   -0.000187962   -0.000191859        7.02664        7.02344        7.20685        7.01911        1.04025        1.01024        1.02998        1.01002        1.01419       0.981817       0.965077       0.953503       0.975773       0.987336        1.01148       0.953503           1.05
        22.2017   -0.000248011    -0.00024159   -0.000187693   -0.000191499        7.02588        7.02289        7.20811        7.02024        1.04025        1.01024        1.02998        1.01002         1.0142       0.981841       0.965113       0.953559       0.975787       0.987341        1.01148       0.953559           1.05
        22.2217   -0.000248585    -0.00024167    -0.00018766    -0.00019135        7.02509        7.02234        7.20937        7.02138        1.04025        1.01024        1.02998        1.01002        1.01421       0.981865       0.965149       0.953616       0.975802       0.987346        1.01148       0.953616           1.05
        22.2417   -0.000249017   -0.000241652   -0.000187861   -0.000191413        7.02429        7.02179        7.21064        7.02252        1.04025        1.01025        1.02999        1.01002        1.01422       0.981887       0.965184       0.953672       0.975816        0.98735        1.01148       0.953672           1.05
        22.2617   -0.000249305   -0.000241536   -0.000188296   -0.000191688        7.02347        7.02124        7.21189        7.02366        1.04025        1.01025        1.02999        1.01002        1.01423       0.981909       0.965219       0.953727        0.97583       0.987355        1.01148       0.953727           1.05
        22.2817   -0.000249448   -0.000241324   -0.000188963   -0.000192174        7.02264        7.02069        7.21313        7.02478        1.04025        1.01025        1.02999        1.01002        1.01424       0.981931       0.965252       0.953781       0.975844       0.987359        1.01148       0.953781           1.05
        22.3018   -0.000249445   -0.000241018   -0.000189854   -0.000192866        7.02182        7.02016        7.21435         7.0259        1.04025        1.01025        1.02999        1.01003        1.01425       0.981951       0.965285       0.953834       0.975857       0.987363        1.01148       0.953834           1.05
        22.3218   -0.000249296   -0.000240619   -0.000190966    -0.00019376        7.02099        7.01963        7.21552        7.02698        1.04025        1.01025        1.02999        1.01003        1.01426        0.98197       0.965316       0.953885       0.975869       0.987366        1.01148       0.953885           1.05
        22.3418   -0.000249003   -0.000240131    -0.00019229    -0.00019485        7.02017        7.01912        7.21666        7.02803        1.04025        1.01025        1.02999        1.01003        1.01426       0.981988       0.965345       0.953935       0.975881        0.98737        1.01148       0.953935           1.05
        22.3618   -0.000248568   -0.000239554   -0.000193818   -0.000196129        7.01937        7.01862        7.21776        7.02905        1.04024        1.01024        1.02999        1.01003        1.01427       0.982004       0.965373       0.953982       0.975893       0.987373        1.01148       0.953982           1.05
        22.3818   -0.000247994   -0.000238894   -0.000195541   -0.000197589        7.01857        7.01815        7.21879        7.03001        1.04024        1.01024        1.02999        1.01003        1.01427       0.982019       0.965398       0.954026       0.975903       0.987376        1.01148       0.954026           1.05
        22.4018   -0.000247283   -0.000238154   -0.000197447   -0.000199219        7.01781        7.01771        7.21978        7.03093        1.04024        1.01024        1.02999        1.01003        1.01428       0.982032       0.965422       0.954068       0.975913       0.987378        1.01148       0.954068           1.05
        22.4218   -0.000246441   -0.000237339   -0.000199524   -0.000201012        7.01707        7.01728        7.22069         7.0318        1.04023        1.01023        1.02999        1.01003        1.01428       0.982044       0.965443       0.954106       0.975922        0.98738        1.01148       0.954106           1.05
        22.4418   -0.000245473   -0.000236454    -0.00020176   -0.000202955        7.01636        7.01689        7.22154         7.0326        1.04023        1.01023        1.02999        1.01003        1.01429       0.982054       0.965463       0.954142        0.97593       0.987382        1.01148       0.954142           1.05
        22.4618   -0.000244386   -0.000235506   -0.000204139   -0.000205037        7.01569        7.01653         7.2223        7.03334        1.04022        1.01022        1.02999        1.01003        1.01429       0.982063       0.965479       0.954173       0.975938       0.987383        1.01148       0.954173           1.05
        22.4818   -0.000243187   -0.000234499   -0.000206647   -0.000207245        7.01506        7.01621        7.22299        7.03401        1.04022        1.01021        1.02999        1.01002        1.01429       0.982069       0.965493       0.954201       0.975944       0.987385        1.01148       0.954201           1.05
        22.5018   -0.000241883    -0.00023344   -0.000209269   -0.000209564        7.01446        7.01592         7.2236        7.03461        1.04021         1.0102        1.02999        1.01002        1.01429       0.982074       0.965505       0.954226       0.975949       0.987385        1.01147       0.954226           1.05
        22.5218   -0.000240483   -0.000232336   -0.000211988   -0.000211981        7.01392        7.01567        7.22412        7.03512        1.04021         1.0102        1.02999        1.01002        1.01429       0.982077       0.965513       0.954246       0.975953       0.987386        1.01147       0.954246           1.05
        22.5418   -0.000238995   -0.000231195   -0.000214787    -0.00021448        7.01343        7.01546        7.22454        7.03556         1.0402        1.01019        1.02999        1.01002        1.01429       0.982077       0.965519       0.954262       0.975956       0.987386        1.01147       0.954262           1.05
        22.5619   -0.000237429   -0.000230022   -0.000217649   -0.000217045          7.013        7.01528        7.22487        7.03591         1.0402        1.01018        1.02999        1.01002        1.01428       0.982076       0.965523       0.954274       0.975958       0.987385        1.01147       0.954274           1.05
        22.5819   -0.000235796   -0.000228825   -0.000220555    -0.00021966        7.01261        7.01515        7.22511        7.03617        1.04019        1.01017        1.02999        1.01002        1.01428       0.982074       0.965523       0.954282       0.975959       0.987384        1.01147       0.954282           1.05
        22.6019   -0.000234103   -0.000227613   -0.000223489   -0.000222309        7.01229        7.01507        7.22525        7.03635        1.04019        1.01016        1.02999        1.01002        1.01427       0.982069       0.965521       0.954285       0.975959       0.987383        1.01147       0.954285           1.05
        22.6219   -0.000232362   -0.000226392   -0.000226431   -0.000224976        7.01203        7.01502        7.22529        7.03643        1.04018        1.01015        1.02999        1.01001        1.01427       0.982063       0.965516       0.954284       0.975958       0.987382        1.01147       0.954284           1.05
        22.6419   -0.000230585   -0.000225169   -0.000229365   -0.000227643        7.01182        7.01502        7.22524        7.03643        1.04017        1.01014        1.02999        1.01001        1.01426       0.982054       0.965508       0.954279       0.975955        0.98738        1.01147       0.954279           1.05
        22.6619   -0.000228783   -0.000223954   -0.000232271   -0.000230295        7.01169        7.01507        7.22509        7.03634        1.04017        1.01013        1.02999        1.01001        1.01425       0.982044       0.965497        0.95427       0.975952       0.987378        1.01147        0.95427           1.05
        22.6819   -0.000226966   -0.000222753   -0.000235134   -0.000232915        7.01161        7.01515        7.22485        7.03616        1.04016        1.01012        1.02999        1.01001        1.01425       0.982033       0.965484       0.954256       0.975947       0.987375        1.01147       0.954256           1.05
        22.7019   -0.000225147   -0.000221573   -0.000237935   -0.000235486         7.0116        7.01528        7.22451         7.0359        1.04016        1.01011        1.02999        1.01001        1.01424       0.982019       0.965468       0.954238       0.975942       0.987372        1.01147       0.954238           1.05
        22.7219   -0.000223336   -0.000220423   -0.000240656   -0.000237994        7.01165        7.01545        7.22408        7.03555        1.04015         1.0101        1.02999           1.01        1.01423       0.982005        0.96545       0.954217       0.975935       0.987369        1.01147       0.954217           1.05
        22.7419   -0.000221546    -0.00021931   -0.000243283   -0.000240423        7.01177        7.01566        7.22356        7.03512        1.04015        1.01009        1.02999           1.01        1.01422       0.981989        0.96543       0.954191       0.975928       0.987366        1.01147       0.954191           1.05
        22.7619   -0.000219786    -0.00021824   -0.000245799   -0.000242758        7.01195         7.0159        7.22296         7.0346        1.04014        1.01008        1.02999           1.01        1.01421       0.981971       0.965407       0.954162       0.975919       0.987362        1.01147       0.954162           1.05
        22.7819   -0.000218067    -0.00021722   -0.000248188   -0.000244984        7.01219        7.01619        7.22227        7.03402        1.04014        1.01006        1.02999           1.01         1.0142       0.981953       0.965383       0.954129        0.97591       0.987358        1.01147       0.954129           1.05
         22.802     -0.0002164   -0.000216257   -0.000250436   -0.000247089        7.01248        7.01651         7.2215        7.03335        1.04013        1.01006        1.02999        1.00999        1.01418       0.981933       0.965356       0.954093         0.9759       0.987354        1.01147       0.954093           1.05
         22.822   -0.000214796   -0.000215356   -0.000252529   -0.000249059        7.01284        7.01686        7.22067        7.03263        1.04013        1.01005        1.02999        1.00999        1.01417       0.981912       0.965328       0.954054       0.975889       0.987349        1.01147       0.954054           1.05
         22.842   -0.000213264   -0.000214523   -0.000254456   -0.000250882        7.01326        7.01724        7.21977        7.03183        1.04012        1.01004        1.02999        1.00999        1.01416       0.981891       0.965298       0.954012       0.975878       0.987345        1.01146       0.954012           1.05
         22.862   -0.000211812   -0.000213761   -0.000256203   -0.000252547        7.01372        7.01765         7.2188        7.03099        1.04012        1.01003        1.02999        1.00999        1.01415       0.981869       0.965267       0.953967       0.975866        0.98734        1.01146       0.953967           1.05
         22.882   -0.000210451   -0.000213077   -0.000257761   -0.000254045        7.01424        7.01809        7.21778        7.03008        1.04012        1.01002        1.02999        1.00998        1.01414       0.981846       0.965235        0.95392       0.975853       0.987336        1.01146        0.95392           1.05
         22.902   -0.000209188   -0.000212473   -0.000259121   -0.000255368         7.0148        7.01855        7.21671        7.02913        1.04011        1.01001        1.02999        1.00998        1.01412       0.981823       0.965201       0.953872        0.97584       0.987331        1.01146       0.953872           1.05
         22.922    -0.00020803   -0.000211955   -0.000260275   -0.000256506         7.0154        7.01903         7.2156        7.02814        1.04011        1.01001        1.02999        1.00998        1.01411       0.981799       0.965168       0.953821       0.975827       0.987326        1.01146       0.953821           1.05
         22.942   -0.000206985   -0.000211524   -0.000261215   -0.000257454        7.01605        7.01953        7.21445        7.02711        1.04011           1.01        1.02999        1.00998         1.0141       0.981776       0.965133       0.953769       0.975813       0.987321        1.01146       0.953769           1.05
         22.962   -0.000206059   -0.000211183   -0.000261937   -0.000258206        7.01672        7.02003        7.21327        7.02606        1.04011        1.00999        1.02999        1.00997        1.01409       0.981752       0.965098       0.953716         0.9758       0.987316        1.01146       0.953716           1.05
         22.982   -0.000205257   -0.000210933   -0.000262436   -0.000258757        7.01743        7.02055        7.21207        7.02498        1.04011        1.00999        1.02999        1.00997        1.01408       0.981729       0.965063       0.953662       0.975785       0.987311        1.01146       0.953662           1.05
         23.002   -0.000204584   -0.000210776    -0.00026271   -0.000259105        7.01817        7.02108        7.21086        7.02388        1.04011        1.00998        1.02999        1.00997        1.01407       0.981706       0.965028       0.953608       0.975772       0.987307        1.01146       0.953608           1.05
         23.022   -0.000204045   -0.000210714   -0.000262757   -0.000259248        7.01893        7.02161        7.20964        7.02279        1.04011        1.00998        1.02999        1.00997        1.01405       0.981683       0.964994       0.953554       0.975758       0.987302        1.01146       0.953554           1.05
        23.0421   -0.000203642   -0.000210745   -0.000262577   -0.000259185         7.0197        7.02214        7.20842        7.02168        1.04011        1.00998        1.02998        1.00997        1.01404       0.981661       0.964959         0.9535       0.975744       0.987298        1.01146         0.9535           1.05
        23.0621   -0.000203378   -0.000210869   -0.000262173   -0.000258919        7.02048        7.02267        7.20721        7.02058        1.04011        1.00998        1.02998        1.00997        1.01403       0.981639       0.964926       0.953447        0.97573       0.987293        1.01146       0.953447           1.05
        23.0821   -0.000203253   -0.000211085   -0.000261546   -0.000258451        7.02128         7.0232        7.20601        7.01949        1.04011        1.00998        1.02998        1.00997        1.01403       0.981619       0.964893       0.953394       0.975717       0.987289        1.01146       0.953394           1.05
        23.1021   -0.000203268   -0.000211393   -0.000260701   -0.000257783        7.02207        7.02371        7.20484        7.01843        1.04011        1.00998        1.02998        1.00996        1.01402       0.981599       0.964862       0.953343       0.975704       0.987285        1.01146       0.953343           1.05
        23.1221   -0.000203423   -0.000211789   -0.000259643   -0.000256921        7.02287        7.02422         7.2037        7.01738        1.04011        1.00998        1.02998        1.00996        1.01401       0.981581       0.964832       0.953293       0.975692       0.987282        1.01146       0.953293           1.05
        23.1421   -0.000203717   -0.000212271   -0.000258379   -0.000255869        7.02365        7.02471         7.2026        7.01638        1.04011        1.00998        1.02998        1.00996          1.014       0.981564       0.964804       0.953246        0.97568       0.987278        1.01146       0.953246           1.05
        23.1621   -0.000204147   -0.000212838   -0.000256919   -0.000254637        7.02443        7.02518        7.20154         7.0154        1.04012        1.00998        1.02998        1.00996          1.014       0.981548       0.964777         0.9532       0.975669       0.987275        1.01146         0.9532           1.05
        23.1821   -0.000204711   -0.000213484   -0.000255271   -0.000253231        7.02518        7.02563        7.20053        7.01447        1.04012        1.00998        1.02998        1.00996        1.01399       0.981534       0.964752       0.953157       0.975658       0.987272        1.01146       0.953157           1.05
        23.2021   -0.000205405   -0.000214207   -0.000253444    -0.00025166        7.02592        7.02605        7.19958        7.01359        1.04012        1.00999        1.02998        1.00996        1.01399       0.981521       0.964729       0.953116       0.975649        0.98727        1.01146       0.953116           1.05
        23.2221   -0.000206225      -0.000215   -0.000251452   -0.000249935        7.02663        7.02645        7.19869        7.01276        1.04013        1.00999        1.02998        1.00996        1.01398       0.981509       0.964708       0.953079        0.97564       0.987267        1.01146       0.953079           1.05
        23.2421   -0.000207166    -0.00021586   -0.000249306   -0.000248066        7.02731        7.02682        7.19788        7.01199        1.04013           1.01        1.02998        1.00996        1.01398       0.981499        0.96469       0.953044       0.975632       0.987266        1.01146       0.953044           1.05
        23.2621   -0.000208221    -0.00021678    -0.00024702   -0.000246064        7.02795        7.02717        7.19713        7.01129        1.04013           1.01        1.02998        1.00996        1.01398       0.981491       0.964674       0.953013       0.975625       0.987264        1.01146       0.953013           1.05
        23.2821   -0.000209384   -0.000217756   -0.000244609   -0.000243943        7.02856        7.02747        7.19646        7.01065        1.04014        1.01001        1.02998        1.00996        1.01398       0.981485        0.96466       0.952986       0.975619       0.987263        1.01147       0.952986           1.05
        23.3022   -0.000210647   -0.000218781   -0.000242088   -0.000241716        7.02912        7.02775        7.19588        7.01009        1.04014        1.01002        1.02998        1.00997        1.01398        0.98148       0.964649       0.952962       0.975614       0.987262        1.01147       0.952962           1.05
        23.3222   -0.000212003   -0.000219849   -0.000239472   -0.000239397        7.02964        7.02799        7.19537         7.0096        1.04015        1.01003        1.02998        1.00997        1.01398       0.981478        0.96464       0.952942       0.975609       0.987262        1.01147       0.952942           1.05
        23.3422   -0.000213442   -0.000220953   -0.000236778      -0.000237        7.03011        7.02819        7.19496        7.00919        1.04015        1.01003        1.02998        1.00997        1.01398       0.981477       0.964635       0.952927       0.975606       0.987262        1.01147       0.952927           1.05
        23.3622   -0.000214956   -0.000222086   -0.000234023   -0.000234541        7.03053        7.02835        7.19464        7.00886        1.04016        1.01004        1.02998        1.00997        1.01398       0.981478       0.964632       0.952915       0.975604       0.987262        1.01147       0.952915           1.05
        23.3822   -0.000216535   -0.000223242   -0.000231224   -0.000232034         7.0309        7.02847        7.19441        7.00861        1.04017        1.01005        1.02998        1.00997        1.01399        0.98148       0.964631       0.952908       0.975604       0.987263        1.01147       0.952908           1.05
        23.4022   -0.000218172   -0.000224413   -0.000228399   -0.000229495        7.03121        7.02856        7.19427        7.00844        1.04017        1.01006        1.02998        1.00997        1.01399       0.981485       0.964633       0.952904       0.975604       0.987264        1.01147       0.952904           1.05
        23.4222   -0.000219854   -0.000225593   -0.000225564    -0.00022694        7.03147         7.0286        7.19422        7.00836        1.04018        1.01007        1.02998        1.00997          1.014       0.981491       0.964638       0.952905       0.975605       0.987266        1.01147       0.952905           1.05
        23.4422   -0.000221571   -0.000226774   -0.000222738   -0.000224384        7.03166         7.0286        7.19428        7.00836        1.04018        1.01008        1.02998        1.00998          1.014       0.981499       0.964646        0.95291       0.975608       0.987268        1.01147        0.95291           1.05
        23.4622   -0.000223313   -0.000227948   -0.000219939   -0.000221843        7.03179        7.02856        7.19443        7.00845        1.04019        1.01009        1.02998        1.00998        1.01401       0.981509       0.964656       0.952919       0.975611        0.98727        1.01147       0.952919           1.05
        23.4822   -0.000225068   -0.000229109   -0.000217183   -0.000219332        7.03187        7.02849        7.19466        7.00862        1.04019         1.0101        1.02998        1.00998        1.01402        0.98152       0.964669       0.952933       0.975616       0.987273        1.01147       0.952933           1.05
        23.5022   -0.000226826   -0.000230251   -0.000214487   -0.000216868        7.03188        7.02837          7.195        7.00888         1.0402        1.01011        1.02998        1.00998        1.01403       0.981533       0.964684        0.95295       0.975621       0.987276        1.01147        0.95295           1.05
        23.5222   -0.000228576   -0.000231365   -0.000211867   -0.000214465        7.03183        7.02821        7.19541        7.00921         1.0402        1.01012        1.02998        1.00999        1.01404       0.981547       0.964702       0.952971       0.975628       0.987279        1.01147       0.952971           1.05
        23.5423   -0.000230308   -0.000232444    -0.00020934   -0.000212139        7.03172        7.02801        7.19592        7.00963        1.04021        1.01013        1.02998        1.00999        1.01405       0.981563       0.964722       0.952996       0.975635       0.987282        1.01147       0.952996           1.05
        23.5623    -0.00023201   -0.000233482   -0.000206921   -0.000209904        7.03155        7.02778         7.1965        7.01012        1.04021        1.01014        1.02998        1.00999        1.01406        0.98158       0.964744       0.953025       0.975643       0.987286        1.01147       0.953025           1.05
        23.5823   -0.000233673   -0.000234473   -0.000204624   -0.000207773        7.03132        7.02751        7.19717        7.01068        1.04022        1.01015        1.02998        1.00999        1.01407       0.981598       0.964767       0.953057       0.975652        0.98729        1.01147       0.953057           1.05
        23.6023   -0.000235286    -0.00023541   -0.000202463   -0.000205759        7.03104        7.02721        7.19791        7.01131        1.04022        1.01016        1.02998           1.01        1.01408       0.981617       0.964793       0.953092       0.975662       0.987294        1.01148       0.953092           1.05
        23.6223   -0.000236841   -0.000236288   -0.000200453   -0.000203874         7.0307        7.02687        7.19872        7.01201        1.04023        1.01017        1.02998           1.01        1.01409       0.981637        0.96482        0.95313       0.975673       0.987298        1.01148        0.95313           1.05
        23.6423   -0.000238327   -0.000237102   -0.000198604   -0.000202129        7.03031        7.02651        7.19959        7.01276        1.04023        1.01018        1.02998           1.01         1.0141       0.981658       0.964849       0.953171       0.975684       0.987303        1.01148       0.953171           1.05
        23.6623   -0.000239735   -0.000237846   -0.000196929   -0.000200535        7.02986        7.02612        7.20052        7.01359        1.04023        1.01019        1.02998           1.01        1.01411       0.981679       0.964879       0.953214       0.975696       0.987307        1.01148       0.953214           1.05
        23.6823   -0.000241057   -0.000238517   -0.000195435   -0.000199103        7.02937         7.0257        7.20151        7.01445        1.04024         1.0102        1.02998        1.01001        1.01412       0.981701       0.964911       0.953259       0.975708       0.987312        1.01148       0.953259           1.05
        23.7023   -0.000242285   -0.000239111   -0.000194134   -0.000197839        7.02883        7.02526        7.20255        7.01536        1.04024         1.0102        1.02998        1.01001        1.01414       0.981723       0.964943       0.953307       0.975721       0.987317        1.01148       0.953307           1.05
        23.7223   -0.000243412   -0.000239623   -0.000193032    -0.00019675        7.02825        7.02481        7.20362        7.01631        1.04024        1.01021        1.02998        1.01001        1.01415       0.981746       0.964976       0.953356       0.975734       0.987321        1.01148       0.953356           1.05
        23.7423   -0.000244431   -0.000240052   -0.000192136   -0.000195844        7.02764        7.02433        7.20473        7.01729        1.04024        1.01022        1.02998        1.01001        1.01416       0.981769       0.965009       0.953406       0.975747       0.987326        1.01148       0.953406           1.05
        23.7623   -0.000245336   -0.000240394   -0.000191452   -0.000195126        7.02699        7.02384        7.20587         7.0183        1.04025        1.01022        1.02998        1.01001        1.01417       0.981791       0.965043       0.953457        0.97576       0.987331        1.01148       0.953457           1.05
        23.7824   -0.000246122   -0.000240649   -0.000190983     -0.0001946         7.0263        7.02334        7.20703        7.01933        1.04025        1.01023        1.02998        1.01002        1.01418       0.981814       0.965076       0.953509       0.975774       0.987335        1.01148       0.953509           1.05
        23.8024   -0.000246783   -0.000240814   -0.000190733   -0.000194268         7.0256        7.02283         7.2082        7.02038        1.04025        1.01023        1.02998        1.01002        1.01419       0.981836        0.96511       0.953561       0.975787        0.98734        1.01148       0.953561           1.05
        23.8224   -0.000247316   -0.000240888   -0.000190701   -0.000194133        7.02487        7.02232        7.20938        7.02144        1.04025        1.01023        1.02998        1.01002         1.0142       0.981858       0.965144       0.953614         0.9758       0.987344        1.01148       0.953614           1.05
        23.8424   -0.000247718   -0.000240872   -0.000190888   -0.000194195        7.02412         7.0218        7.21056         7.0225        1.04025        1.01024        1.02999        1.01002        1.01421       0.981879       0.965176       0.953666       0.975813       0.987348        1.01148       0.953666           1.05
        23.8624   -0.000247986   -0.000240765   -0.000191291   -0.000194452        7.02337        7.02129        7.21172        7.02355        1.04025        1.01024        1.02999        1.01002        1.01422         0.9819       0.965208       0.953717       0.975827       0.987352        1.01148       0.953717           1.05
        23.8824   -0.000248119   -0.000240569    -0.00019191   -0.000194905         7.0226        7.02078        7.21287         7.0246        1.04025        1.01024        1.02999        1.01002        1.01423       0.981919        0.96524       0.953767       0.975839       0.987356        1.01148       0.953767           1.05
        23.9024   -0.000248116   -0.000240285   -0.000192738   -0.000195549        7.02183        7.02028          7.214        7.02563        1.04024        1.01024        1.02999        1.01002        1.01424       0.981938        0.96527       0.953817       0.975851        0.98736        1.01148       0.953817           1.05
        23.9224   -0.000247978   -0.000239915   -0.000193771    -0.00019638        7.02106         7.0198         7.2151        7.02663        1.04024        1.01024        1.02999        1.01002        1.01425       0.981956       0.965298       0.953864       0.975863       0.987363        1.01148       0.953864           1.05
        23.9424   -0.000247706   -0.000239461   -0.000195002   -0.000197394         7.0203        7.01932        7.21616        7.02761        1.04024        1.01024        1.02999        1.01002        1.01425       0.981972       0.965326        0.95391       0.975874       0.987366        1.01148        0.95391           1.05
        23.9624   -0.000247301   -0.000238926   -0.000196422   -0.000198584        7.01955        7.01886        7.21718        7.02855        1.04024        1.01023        1.02999        1.01002        1.01426       0.981988       0.965351       0.953954       0.975885       0.987369        1.01148       0.953954           1.05
        23.9824   -0.000246767   -0.000238313   -0.000198023    -0.00019994        7.01882        7.01843        7.21814        7.02945        1.04024        1.01023        1.02999        1.01002        1.01426       0.982002       0.965375       0.953995       0.975895       0.987372        1.01148       0.953995           1.05
        24.0024   -0.000246107   -0.000237626   -0.000199794   -0.000201456         7.0181        7.01801        7.21906         7.0303        1.04023        1.01023        1.02999        1.01002        1.01427       0.982014       0.965397       0.954034       0.975904       0.987374        1.01148       0.954034           1.05
        24.0224   -0.000245324   -0.000236869   -0.000201725   -0.000203121        7.01741        7.01762        7.21991        7.03111        1.04023        1.01022        1.02999        1.01002        1.01427       0.982025       0.965417       0.954069       0.975912       0.987376        1.01148       0.954069           1.05
        24.0425   -0.000244425   -0.000236047   -0.000203803   -0.000204925        7.01675        7.01726        7.22069        7.03185        1.04022        1.01022        1.02999        1.01002        1.01427       0.982034       0.965435       0.954102        0.97592       0.987378        1.01148       0.954102           1.05
        24.0625   -0.000243414   -0.000235166   -0.000206015   -0.000206857        7.01613        7.01692        7.22141        7.03254        1.04022        1.01021        1.02999        1.01002        1.01428       0.982042        0.96545       0.954132       0.975926       0.987379        1.01148       0.954132           1.05
        24.0825   -0.000242299    -0.00023423   -0.000208347   -0.000208906        7.01554        7.01662        7.22205        7.03316        1.04022         1.0102        1.02999        1.01002        1.01428       0.982048       0.965463       0.954158       0.975932        0.98738        1.01147       0.954158           1.05
        24.1025   -0.000241086   -0.000233246   -0.000210785   -0.000211058        7.01499        7.01635        7.22261        7.03371        1.04021         1.0102        1.02999        1.01002        1.01428       0.982052       0.965474       0.954181       0.975937       0.987381        1.01147       0.954181           1.05
        24.1225   -0.000239784    -0.00023222   -0.000213313   -0.000213301        7.01449        7.01612        7.22309        7.03419        1.04021        1.01019        1.02999        1.01002        1.01428       0.982055       0.965482       0.954199       0.975941       0.987381        1.01147       0.954199           1.05
        24.1425   -0.000238401   -0.000231159   -0.000215916    -0.00021562        7.01403        7.01592        7.22349         7.0346         1.0402        1.01018        1.02999        1.01002        1.01427       0.982056       0.965488       0.954215       0.975944       0.987381        1.01147       0.954215           1.05
        24.1625   -0.000236946   -0.000230069   -0.000218577   -0.000218001        7.01363        7.01576         7.2238        7.03492         1.0402        1.01017        1.02999        1.01002        1.01427       0.982055       0.965491       0.954226       0.975946       0.987381        1.01147       0.954226           1.05
        24.1825   -0.000235426   -0.000228956   -0.000221279    -0.00022043        7.01327        7.01564        7.22401        7.03517        1.04019        1.01016        1.02999        1.01002        1.01427       0.982052       0.965491       0.954233       0.975947        0.98738        1.01147       0.954233           1.05
        24.2025   -0.000233853   -0.000227829   -0.000224007    -0.00022289        7.01297        7.01556        7.22414        7.03534        1.04018        1.01016        1.02999        1.01001        1.01426       0.982048       0.965489       0.954236       0.975946       0.987379        1.01147       0.954236           1.05
        24.2225   -0.000232235   -0.000226694   -0.000226743   -0.000225367        7.01273        7.01552        7.22418        7.03542        1.04018        1.01015        1.02999        1.01001        1.01426       0.982042       0.965484       0.954235       0.975945       0.987378        1.01147       0.954235           1.05
        24.2425   -0.000230584   -0.000225557   -0.000229471   -0.000227845        7.01254        7.01551        7.22413        7.03542        1.04017        1.01014        1.02999        1.01001        1.01425       0.982034       0.965477        0.95423       0.975943       0.987376        1.01147        0.95423           1.05
        24.2625    -0.00022891   -0.000224426   -0.000232173   -0.000230309        7.01241        7.01555        7.22399        7.03534        1.04017        1.01013        1.02999        1.01001        1.01425       0.982025       0.965467       0.954222        0.97594       0.987374        1.01147       0.954222           1.05
        24.2826   -0.000227222   -0.000223309   -0.000234834   -0.000232743        7.01234        7.01563        7.22376        7.03517        1.04016        1.01012        1.02999        1.01001        1.01424       0.982014       0.965455       0.954209       0.975936       0.987371        1.01147       0.954209           1.05
        24.3026   -0.000225532   -0.000222212   -0.000237437   -0.000235132        7.01233        7.01575        7.22344        7.03493        1.04016        1.01011        1.02999           1.01        1.01423       0.982002        0.96544       0.954192        0.97593       0.987369        1.01147       0.954192           1.05
        24.3226    -0.00022385   -0.000221142   -0.000239966   -0.000237461        7.01238        7.01591        7.22304        7.03461        1.04015         1.0101        1.02999           1.01        1.01422       0.981988       0.965423       0.954172       0.975924       0.987366        1.01147       0.954172           1.05
        24.3426   -0.000222186   -0.000220106   -0.000242407   -0.000239716        7.01249         7.0161        7.22256         7.0342        1.04015        1.01009        1.02999           1.01        1.01421       0.981973       0.965404       0.954148       0.975917       0.987363        1.01147       0.954148           1.05
        24.3626    -0.00022055   -0.000219111   -0.000244744   -0.000241883        7.01265        7.01633        7.22199        7.03373        1.04014        1.01008        1.02999           1.01         1.0142       0.981957       0.965383       0.954121       0.975909       0.987359        1.01147       0.954121           1.05
        24.3826   -0.000218953   -0.000218163   -0.000246963    -0.00024395        7.01287         7.0166        7.22135        7.03319        1.04014        1.01007        1.02999           1.01        1.01419        0.98194       0.965361       0.954091       0.975901       0.987356        1.01147       0.954091           1.05
        24.4026   -0.000217403   -0.000217267    -0.00024905   -0.000245904        7.01315         7.0169        7.22064        7.03258        1.04014        1.01006        1.02999        1.00999        1.01418       0.981922       0.965336       0.954057       0.975892       0.987352        1.01147       0.954057           1.05
        24.4226   -0.000215912    -0.00021643   -0.000250992   -0.000247732        7.01348        7.01723        7.21986         7.0319        1.04013        1.01005        1.02999        1.00999        1.01417       0.981902        0.96531       0.954021       0.975882       0.987348        1.01147       0.954021           1.05
        24.4426   -0.000214486   -0.000215655   -0.000252779   -0.000249425        7.01387        7.01758        7.21902        7.03117        1.04013        1.01004        1.02999        1.00999        1.01416       0.981882       0.965282       0.953982       0.975871       0.987343        1.01147       0.953982           1.05
        24.4626   -0.000213137   -0.000214947   -0.000254399   -0.000250971         7.0143        7.01796        7.21813        7.03038        1.04012        1.01003        1.02999        1.00999        1.01415       0.981862       0.965253        0.95394        0.97586       0.987339        1.01146        0.95394           1.05
        24.4826   -0.000211871   -0.000214311   -0.000255843   -0.000252363        7.01478        7.01837        7.21717        7.02954        1.04012        1.01003        1.02999        1.00998        1.01414       0.981841       0.965223       0.953897       0.975848       0.987335        1.01146       0.953897           1.05
        24.5026   -0.000210695    -0.00021375   -0.000257102   -0.000253591         7.0153         7.0188        7.21618        7.02866        1.04012        1.01002        1.02999        1.00998        1.01413       0.981819       0.965192       0.953852       0.975836        0.98733        1.01146       0.953852           1.05
        24.5226   -0.000209618   -0.000213267    -0.00025817   -0.000254648        7.01586        7.01924        7.21514        7.02774        1.04012        1.01001        1.02999        1.00998        1.01411       0.981797       0.965161       0.953805       0.975824       0.987326        1.01146       0.953805           1.05
        24.5427   -0.000208645   -0.000212866   -0.000259039   -0.000255529        7.01646         7.0197        7.21408        7.02678        1.04011        1.01001        1.02999        1.00998         1.0141       0.981775       0.965128       0.953756       0.975811       0.987321        1.01146       0.953756           1.05
        24.5627   -0.000207782   -0.000212548   -0.000259704   -0.000256226        7.01709        7.02018        7.21298         7.0258        1.04011           1.01        1.02999        1.00998        1.01409       0.981754       0.965096       0.953707       0.975798       0.987317        1.01146       0.953707           1.05
        24.5827   -0.000207035   -0.000212316   -0.000260163   -0.000256738        7.01775        7.02066        7.21187         7.0248        1.04011           1.01        1.02999        1.00997        1.01408       0.981732       0.965064       0.953657       0.975785       0.987312        1.01146       0.953657           1.05
        24.6027   -0.000206407    -0.00021217   -0.000260413    -0.00025706        7.01843        7.02115        7.21074        7.02378        1.04011        1.00999        1.02999        1.00997        1.01407        0.98171       0.965031       0.953607       0.975772       0.987308        1.01146       0.953607           1.05
        24.6227   -0.000205904   -0.000212111   -0.000260452   -0.000257192        7.01913        7.02164        7.20961        7.02276        1.04011        1.00999        1.02998        1.00997        1.01406       0.981689       0.964999       0.953556       0.975759       0.987304        1.01146       0.953556           1.05
        24.6427   -0.000205527   -0.000212138   -0.000260282   -0.000257133        7.01985        7.02213        7.20849        7.02173        1.04011        1.00999        1.02998        1.00997        1.01405       0.981669       0.964967       0.953506       0.975747       0.987299        1.01146       0.953506           1.05
        24.6627    -0.00020528   -0.000212253   -0.000259902   -0.000256883        7.02059        7.02262        7.20736        7.02071        1.04011        1.00999        1.02998        1.00997        1.01404       0.981649       0.964936       0.953457       0.975734       0.987295        1.01146       0.953457           1.05
        24.6827   -0.000205162   -0.000212453   -0.000259316   -0.000256446        7.02132        7.02311        7.20625         7.0197        1.04011        1.00999        1.02998        1.00997        1.01403        0.98163       0.964906       0.953408       0.975722       0.987292        1.01146       0.953408           1.05
        24.7027   -0.000205174   -0.000212738   -0.000258528   -0.000255823        7.02206        7.02359        7.20517         7.0187        1.04011        1.00999        1.02998        1.00997        1.01402       0.981612       0.964877        0.95336        0.97571       0.987288        1.01146        0.95336           1.05
        24.7227   -0.000205317   -0.000213104   -0.000257542   -0.000255019         7.0228        7.02406        7.20411        7.01773        1.04012        1.00999        1.02998        1.00997        1.01402       0.981595       0.964849       0.953314       0.975698       0.987284        1.01146       0.953314           1.05
        24.7427   -0.000205588   -0.000213551   -0.000256366    -0.00025404        7.02353        7.02451        7.20308        7.01679        1.04012        1.00999        1.02998        1.00996        1.01401       0.981579       0.964823        0.95327       0.975687       0.987281        1.01146        0.95327           1.05
        24.7627   -0.000205986   -0.000214075   -0.000255006   -0.000252892        7.02425        7.02495         7.2021        7.01589        1.04012        1.00999        1.02998        1.00996        1.01401       0.981564       0.964798       0.953228       0.975677       0.987278        1.01146       0.953228           1.05
        24.7828   -0.000206508   -0.000214673   -0.000253473   -0.000251582        7.02495        7.02537        7.20117        7.01502        1.04012        1.00999        1.02998        1.00996          1.014       0.981551       0.964775       0.953187       0.975667       0.987276        1.01146       0.953187           1.05
        24.8028   -0.000207151   -0.000215342   -0.000251774   -0.000250119        7.02564        7.02576        7.20029        7.01421        1.04013           1.01        1.02998        1.00996          1.014       0.981539       0.964754        0.95315       0.975658       0.987273        1.01146        0.95315           1.05
        24.8228    -0.00020791   -0.000216078   -0.000249921   -0.000248514         7.0263        7.02613        7.19946        7.01344        1.04013           1.01        1.02998        1.00996        1.01399       0.981528       0.964734       0.953115        0.97565       0.987271        1.01146       0.953115           1.05
        24.8428   -0.000208782   -0.000216874   -0.000247926   -0.000246775        7.02693        7.02647         7.1987        7.01272        1.04013        1.01001        1.02998        1.00996        1.01399       0.981519       0.964717       0.953083       0.975642        0.98727        1.01146       0.953083           1.05
        24.8628   -0.000209761   -0.000217727   -0.000245801   -0.000244914        7.02753        7.02679        7.19801        7.01206        1.04014        1.01001        1.02998        1.00997        1.01399       0.981511       0.964702       0.953054       0.975636       0.987268        1.01147       0.953054           1.05
        24.8828    -0.00021084   -0.000218631    -0.00024356   -0.000242942        7.02809        7.02708        7.19739        7.01148        1.04014        1.01002        1.02998        1.00997        1.01399       0.981506       0.964689       0.953029        0.97563       0.987267        1.01147       0.953029           1.05
        24.9028   -0.000212012   -0.000219581   -0.000241215   -0.000240872        7.02862        7.02733        7.19684        7.01096        1.04015        1.01002        1.02998        1.00997        1.01399       0.981501       0.964679       0.953007       0.975625       0.987267        1.01147       0.953007           1.05
        24.9228    -0.00021327    -0.00022057   -0.000238783   -0.000238716         7.0291        7.02755        7.19638         7.0105        1.04015        1.01003        1.02998        1.00997        1.01399       0.981499       0.964671       0.952989       0.975622       0.987266        1.01147       0.952989           1.05
        24.9428   -0.000214606   -0.000221593   -0.000236278   -0.000236488        7.02954        7.02774        7.19599        7.01012        1.04016        1.01004        1.02998        1.00997        1.01399       0.981498       0.964666       0.952974       0.975619       0.987266        1.01147       0.952974           1.05
        24.9628   -0.000216012   -0.000222643   -0.000233717   -0.000234202        7.02993        7.02789        7.19569        7.00981        1.04016        1.01005        1.02998        1.00997        1.01399       0.981499       0.964663       0.952963       0.975617       0.987267        1.01147       0.952963           1.05
        24.9828   -0.000217479   -0.000223714   -0.000231114   -0.000231873        7.03027          7.028        7.19548        7.00958        1.04017        1.01006        1.02998        1.00997          1.014       0.981501       0.964663       0.952956       0.975616       0.987268        1.01147       0.952956           1.05
        25.0028   -0.000218997   -0.000224799   -0.000228487   -0.000229512        7.03056        7.02808        7.19535        7.00943        1.04017        1.01007        1.02998        1.00997          1.014       0.981506       0.964665       0.952953       0.975617       0.987269        1.01147       0.952953           1.05
        25.0229   -0.000220558   -0.000225891   -0.000225852   -0.000227136         7.0308        7.02812        7.19531        7.00935        1.04018        1.01007        1.02998        1.00998        1.01401       0.981511       0.964669       0.952954       0.975618        0.98727        1.01147       0.952954           1.05
        25.0429   -0.000222151   -0.000226985   -0.000223224   -0.000224759        7.03098        7.02812        7.19537        7.00935        1.04018        1.01008        1.02998        1.00998        1.01401       0.981519       0.964676       0.952959        0.97562       0.987272        1.01147       0.952959           1.05
        25.0629   -0.000223766   -0.000228073   -0.000220621   -0.000222395         7.0311        7.02808         7.1955        7.00943        1.04019        1.01009        1.02998        1.00998        1.01402       0.981528       0.964686       0.952967       0.975623       0.987274        1.01147       0.952967           1.05
        25.0829   -0.000225395   -0.000229149   -0.000218059    -0.00022006        7.03117        7.02801        7.19573        7.00959        1.04019         1.0101        1.02998        1.00998        1.01403       0.981538       0.964698       0.952979       0.975627       0.987276        1.01147       0.952979           1.05
        25.1029   -0.000227026   -0.000230206   -0.000215552   -0.000217769        7.03118         7.0279        7.19603        7.00982         1.0402        1.01011        1.02998        1.00998        1.01403        0.98155       0.964712       0.952996       0.975632       0.987279        1.01147       0.952996           1.05
        25.1229   -0.000228649   -0.000231238   -0.000213116   -0.000215536        7.03114        7.02775        7.19642        7.01013         1.0402        1.01012        1.02998        1.00999        1.01404       0.981563       0.964728       0.953015       0.975639       0.987282        1.01147       0.953015           1.05
        25.1429   -0.000230256   -0.000232237   -0.000210766   -0.000213374        7.03104        7.02757        7.19689        7.01052        1.04021        1.01013        1.02998        1.00999        1.01405       0.981578       0.964747       0.953039       0.975645       0.987285        1.01147       0.953039           1.05
        25.1629   -0.000231836   -0.000233198   -0.000208517   -0.000211296        7.03087        7.02736        7.19744        7.01097        1.04021        1.01014        1.02998        1.00999        1.01406       0.981594       0.964767       0.953065       0.975653       0.987289        1.01147       0.953065           1.05
        25.1829   -0.000233378   -0.000234115   -0.000206382   -0.000209314        7.03066        7.02711        7.19805         7.0115        1.04022        1.01015        1.02998        1.00999        1.01407        0.98161       0.964789       0.953095       0.975662       0.987292        1.01147       0.953095           1.05
        25.2029   -0.000234875   -0.000234983   -0.000204375   -0.000207441         7.0304        7.02683        7.19874        7.01208        1.04022        1.01016        1.02998           1.01        1.01408       0.981628       0.964813       0.953127       0.975671       0.987296        1.01147       0.953127           1.05
        25.2229   -0.000236316   -0.000235796   -0.000202507   -0.000205688        7.03008        7.02652        7.19949        7.01273        1.04022        1.01017        1.02998           1.01        1.01409       0.981647       0.964838       0.953163        0.97568         0.9873        1.01148       0.953163           1.05
        25.2429   -0.000237693   -0.000236549    -0.00020079   -0.000204065        7.02971        7.02618        7.20031        7.01343        1.04023        1.01018        1.02998           1.01         1.0141       0.981666       0.964865       0.953201       0.975691       0.987304        1.01148       0.953201           1.05
        25.2629   -0.000238999   -0.000237239   -0.000199234   -0.000202581         7.0293        7.02582        7.20118        7.01418        1.04023        1.01018        1.02998           1.01        1.01411       0.981686       0.964893       0.953241       0.975702       0.987308        1.01148       0.953241           1.05
         25.283   -0.000240224    -0.00023786   -0.000197848   -0.000201246        7.02884        7.02543         7.2021        7.01499        1.04023        1.01019        1.02998           1.01        1.01412       0.981706       0.964922       0.953283       0.975713       0.987313        1.01148       0.953283           1.05
         25.303   -0.000241362   -0.000238409   -0.000196641   -0.000200067        7.02834        7.02502        7.20306        7.01583        1.04024         1.0102        1.02998        1.01001        1.01414       0.981727       0.964952       0.953327       0.975725       0.987317        1.01148       0.953327           1.05
         25.323   -0.000242406   -0.000238882   -0.000195619   -0.000199052         7.0278         7.0246        7.20406        7.01672        1.04024         1.0102        1.02998        1.01001        1.01415       0.981748       0.964983       0.953372       0.975737       0.987321        1.01148       0.953372           1.05
         25.343   -0.000243349   -0.000239279   -0.000194789   -0.000198206        7.02723        7.02416        7.20509        7.01763        1.04024        1.01021        1.02998        1.01001        1.01416       0.981769       0.965014       0.953419       0.975749       0.987326        1.01148       0.953419           1.05
         25.363   -0.000244187   -0.000239595   -0.000194155   -0.000197535        7.02662         7.0237        7.20615        7.01857        1.04024        1.01021        1.02998        1.01001        1.01417        0.98179       0.965045       0.953467       0.975761        0.98733        1.01148       0.953467           1.05
         25.383   -0.000244913    -0.00023983   -0.000193721   -0.000197043        7.02599        7.02324        7.20722        7.01953        1.04024        1.01022        1.02998        1.01001        1.01418       0.981811       0.965076       0.953515       0.975774       0.987334        1.01148       0.953515           1.05
         25.403   -0.000245523   -0.000239981   -0.000193489   -0.000196732        7.02533        7.02277        7.20831         7.0205        1.04024        1.01022        1.02998        1.01002        1.01419       0.981832       0.965108       0.953563       0.975787       0.987339        1.01148       0.953563           1.05
         25.423   -0.000246014   -0.000240048    -0.00019346   -0.000196604        7.02465        7.02229         7.2094        7.02149        1.04024        1.01023        1.02998        1.01002         1.0142       0.981852       0.965138       0.953612       0.975799       0.987343        1.01148       0.953612           1.05
         25.443   -0.000246383   -0.000240032   -0.000193632    -0.00019666        7.02396        7.02182        7.21048        7.02248        1.04024        1.01023        1.02999        1.01002        1.01421       0.981872       0.965169        0.95366       0.975811       0.987347        1.01148        0.95366           1.05
         25.463   -0.000246627   -0.000239932   -0.000194006   -0.000196898        7.02326        7.02134        7.21157        7.02346        1.04024        1.01023        1.02999        1.01002        1.01422       0.981891       0.965199       0.953708       0.975823        0.98735        1.01148       0.953708           1.05
         25.483   -0.000246747   -0.000239748   -0.000194579   -0.000197316        7.02255        7.02086        7.21264        7.02443        1.04024        1.01023        1.02999        1.01002        1.01422       0.981909       0.965228       0.953755       0.975835       0.987354        1.01148       0.953755           1.05
         25.503   -0.000246741   -0.000239483   -0.000195346   -0.000197914        7.02184         7.0204        7.21368        7.02539        1.04024        1.01023        1.02999        1.01002        1.01423       0.981926       0.965255         0.9538       0.975846       0.987357        1.01148         0.9538           1.05
        25.5231    -0.00024661   -0.000239137   -0.000196304   -0.000198685        7.02112        7.01994         7.2147        7.02632        1.04024        1.01023        1.02999        1.01002        1.01424       0.981943       0.965282       0.953844       0.975857       0.987361        1.01148       0.953844           1.05
        25.5431   -0.000246354   -0.000238713   -0.000197444   -0.000199626        7.02042         7.0195        7.21568        7.02723        1.04024        1.01023        1.02999        1.01002        1.01424       0.981958       0.965308       0.953887       0.975867       0.987363        1.01148       0.953887           1.05
        25.5631   -0.000245976   -0.000238214    -0.00019876    -0.00020073        7.01972        7.01907        7.21662        7.02811        1.04023        1.01023        1.02999        1.01002        1.01425       0.981972       0.965331       0.953927       0.975877       0.987366        1.01148       0.953927           1.05
        25.5831   -0.000245478   -0.000237642   -0.000200243   -0.000201991        7.01904        7.01867        7.21751        7.02895        1.04023        1.01022        1.02999        1.01002        1.01425       0.981985       0.965353       0.953966       0.975887       0.987369        1.01148       0.953966           1.05
        25.6031   -0.000244863      -0.000237   -0.000201883     -0.0002034        7.01838        7.01828        7.21836        7.02974        1.04023        1.01022        1.02999        1.01002        1.01426       0.981997       0.965374       0.954002       0.975895       0.987371        1.01148       0.954002           1.05
        25.6231   -0.000244134   -0.000236295   -0.000203669   -0.000204949        7.01774        7.01792        7.21914        7.03049        1.04022        1.01021        1.02999        1.01002        1.01426       0.982007       0.965392       0.954035       0.975903       0.987372        1.01148       0.954035           1.05
        25.6431   -0.000243297   -0.000235528   -0.000205591   -0.000206627        7.01713        7.01758        7.21987        7.03119        1.04022        1.01021        1.02999        1.01002        1.01426       0.982016       0.965409       0.954066        0.97591       0.987374        1.01148       0.954066           1.05
        25.6631   -0.000242357   -0.000234706   -0.000207638   -0.000208425        7.01656        7.01727        7.22054        7.03183        1.04022         1.0102        1.02999        1.01002        1.01427       0.982023       0.965423       0.954093       0.975916       0.987375        1.01148       0.954093           1.05
        25.6831    -0.00024132   -0.000233834   -0.000209796    -0.00021033        7.01601        7.01698        7.22113         7.0324        1.04021         1.0102        1.02999        1.01002        1.01427       0.982028       0.965435       0.954117       0.975921       0.987376        1.01147       0.954117           1.05
        25.7031   -0.000240192   -0.000232917   -0.000212053   -0.000212331         7.0155        7.01674        7.22165        7.03291        1.04021        1.01019        1.02999        1.01002        1.01427       0.982032       0.965445       0.954138       0.975926       0.987377        1.01147       0.954138           1.05
        25.7231   -0.000238982   -0.000231961   -0.000214393   -0.000214417        7.01504        7.01652         7.2221        7.03336         1.0402        1.01018        1.02999        1.01002        1.01427       0.982035       0.965453       0.954156        0.97593       0.987377        1.01147       0.954156           1.05
        25.7431   -0.000237697   -0.000230971   -0.000216804   -0.000216573        7.01461        7.01634        7.22247        7.03373         1.0402        1.01018        1.02999        1.01002        1.01426       0.982036       0.965458        0.95417       0.975932       0.987377        1.01147        0.95417           1.05
        25.7632   -0.000236344   -0.000229955   -0.000219269   -0.000218786        7.01424        7.01619        7.22276        7.03403        1.04019        1.01017        1.02999        1.01002        1.01426       0.982035       0.965461        0.95418       0.975934       0.987377        1.01147        0.95418           1.05
        25.7832   -0.000234932   -0.000228918   -0.000221773   -0.000221041         7.0139        7.01608        7.22296        7.03425        1.04019        1.01016        1.02999        1.01001        1.01426       0.982032       0.965461       0.954187       0.975935       0.987376        1.01147       0.954187           1.05
        25.8032   -0.000233471   -0.000227868   -0.000224302   -0.000223326        7.01363          7.016        7.22309         7.0344        1.04018        1.01015        1.02999        1.01001        1.01425       0.982028       0.965459        0.95419       0.975935       0.987375        1.01147        0.95419           1.05
        25.8232   -0.000231968   -0.000226809   -0.000226839   -0.000225626         7.0134        7.01596        7.22313        7.03448        1.04018        1.01014        1.02999        1.01001        1.01425       0.982023       0.965454       0.954189       0.975933       0.987374        1.01147       0.954189           1.05
        25.8432   -0.000230435    -0.00022575   -0.000229369   -0.000227926        7.01323        7.01596        7.22308        7.03447        1.04017        1.01013        1.02999        1.01001        1.01424       0.982016       0.965448       0.954184       0.975931       0.987372        1.01147       0.954184           1.05
        25.8632   -0.000228879   -0.000224697   -0.000231876   -0.000230212        7.01311          7.016        7.22295        7.03439        1.04017        1.01013        1.02999        1.01001        1.01424       0.982007       0.965439       0.954176       0.975928        0.98737        1.01147       0.954176           1.05
        25.8832   -0.000227312   -0.000223655   -0.000234343   -0.000232469        7.01304        7.01607        7.22274        7.03424        1.04016        1.01012        1.02999        1.01001        1.01423       0.981997       0.965427       0.954164       0.975924       0.987368        1.01147       0.954164           1.05
        25.9032   -0.000225742   -0.000222632   -0.000236757   -0.000234683        7.01303        7.01618        7.22245          7.034        1.04016        1.01011        1.02999           1.01        1.01422       0.981986       0.965414       0.954149       0.975919       0.987365        1.01147       0.954149           1.05
        25.9232   -0.000224179   -0.000221635   -0.000239103   -0.000236842        7.01307        7.01633        7.22208         7.0337        1.04016         1.0101        1.02999           1.01        1.01421       0.981973       0.965398        0.95413       0.975914       0.987363        1.01147        0.95413           1.05
        25.9432   -0.000222633   -0.000220671   -0.000241366   -0.000238931        7.01317        7.01652        7.22164        7.03332        1.04015        1.01009        1.02999           1.01        1.01421       0.981959       0.965381       0.954108       0.975907        0.98736        1.01147       0.954108           1.05
        25.9632   -0.000221112   -0.000219745   -0.000243532   -0.000240938        7.01332        7.01673        7.22112        7.03288        1.04015        1.01008        1.02999           1.01         1.0142       0.981944       0.965361       0.954083         0.9759       0.987356        1.01147       0.954083           1.05
        25.9832   -0.000219627   -0.000218862   -0.000245589    -0.00024285        7.01353        7.01698        7.22053        7.03237        1.04014        1.01007        1.02999           1.01        1.01419       0.981928        0.96534       0.954055       0.975892       0.987353        1.01147       0.954055           1.05
        26.0032   -0.000218186   -0.000218028   -0.000247525   -0.000244658        7.01379        7.01725        7.21987        7.03181        1.04014        1.01006        1.02999        1.00999        1.01418       0.981911       0.965317       0.954024       0.975884        0.98735        1.01147       0.954024           1.05
        26.0233   -0.000216798   -0.000217248   -0.000249327   -0.000246349        7.01409        7.01756        7.21915        7.03117        1.04013        1.01005        1.02999        1.00999        1.01417       0.981893       0.965293        0.95399       0.975874       0.987346        1.01147        0.95399           1.05
        26.0433   -0.000215472   -0.000216527   -0.000250985   -0.000247914        7.01445        7.01789        7.21837        7.03049        1.04013        1.01005        1.02999        1.00999        1.01416       0.981875       0.965267       0.953954       0.975864       0.987342        1.01147       0.953954           1.05
        26.0633   -0.000214215   -0.000215869   -0.000252489   -0.000249342        7.01484        7.01825        7.21754        7.02975        1.04013        1.01004        1.02999        1.00999        1.01415       0.981855        0.96524       0.953915       0.975854       0.987338        1.01147       0.953915           1.05
        26.0833   -0.000213036   -0.000215277   -0.000253831   -0.000250627        7.01529        7.01863        7.21667        7.02897        1.04013        1.01003        1.02999        1.00998        1.01414       0.981836       0.965212       0.953875       0.975843       0.987334        1.01146       0.953875           1.05
        26.1033   -0.000211941   -0.000214756   -0.000255001   -0.000251759        7.01577        7.01902        7.21575        7.02815        1.04012        1.01003        1.02999        1.00998        1.01413       0.981816       0.965184       0.953833       0.975832        0.98733        1.01146       0.953833           1.05
        26.1233   -0.000210936   -0.000214307   -0.000255994   -0.000252733        7.01629        7.01944        7.21478         7.0273        1.04012        1.01002        1.02999        1.00998        1.01411       0.981796       0.965154       0.953789        0.97582       0.987326        1.01146       0.953789           1.05
        26.1433   -0.000210029   -0.000213934   -0.000256803   -0.000253543        7.01684        7.01987        7.21379        7.02641        1.04012        1.01001        1.02999        1.00998         1.0141       0.981775       0.965125       0.953744       0.975809       0.987321        1.01146       0.953744           1.05
        26.1633   -0.000209223   -0.000213639   -0.000257422   -0.000254183        7.01743        7.02031        7.21278         7.0255        1.04012        1.01001        1.02999        1.00998        1.01409       0.981755       0.965094       0.953698       0.975797       0.987317        1.01146       0.953698           1.05
        26.1833   -0.000208525   -0.000213423   -0.000257849    -0.00025465        7.01804        7.02076        7.21174        7.02457        1.04012        1.01001        1.02999        1.00998        1.01408       0.981735       0.965064       0.953652       0.975785       0.987313        1.01146       0.953652           1.05
        26.2033   -0.000207939   -0.000213287   -0.000258082   -0.000254943        7.01867        7.02121        7.21069        7.02363        1.04012           1.01        1.02999        1.00997        1.01407       0.981715       0.965034       0.953605       0.975773       0.987309        1.01146       0.953605           1.05
        26.2233   -0.000207468   -0.000213232   -0.000258119   -0.000255059        7.01933        7.02167        7.20964        7.02269        1.04012           1.01        1.02999        1.00997        1.01407       0.981695       0.965004       0.953559       0.975761       0.987305        1.01146       0.953559           1.05
        26.2433   -0.000207115   -0.000213256    -0.00025796   -0.000254999        7.01999        7.02212        7.20858        7.02174        1.04012           1.01        1.02998        1.00997        1.01406       0.981676       0.964975       0.953512       0.975749       0.987301        1.01146       0.953512           1.05
        26.2634   -0.000206882   -0.000213361   -0.000257607   -0.000254764        7.02067        7.02258        7.20754         7.0208        1.04012           1.01        1.02998        1.00997        1.01405       0.981658       0.964946       0.953466       0.975737       0.987297        1.01146       0.953466           1.05
        26.2834   -0.000206769   -0.000213546   -0.000257062   -0.000254355        7.02136        7.02303        7.20651        7.01986        1.04012        1.00999        1.02998        1.00997        1.01404        0.98164       0.964918       0.953421       0.975726       0.987294        1.01146       0.953421           1.05
        26.3034   -0.000206778   -0.000213808   -0.000256328   -0.000253774        7.02205        7.02347         7.2055        7.01894        1.04012        1.00999        1.02998        1.00997        1.01403       0.981623       0.964891       0.953377       0.975715        0.98729        1.01146       0.953377           1.05
        26.3234   -0.000206907   -0.000214147    -0.00025541   -0.000253026        7.02273        7.02391        7.20451        7.01804        1.04012           1.01        1.02998        1.00997        1.01403       0.981608       0.964865       0.953334       0.975704       0.987287        1.01146       0.953334           1.05
        26.3434   -0.000207156    -0.00021456   -0.000254315   -0.000252116        7.02341        7.02432        7.20356        7.01717        1.04012           1.01        1.02998        1.00997        1.01402       0.981593       0.964841       0.953293       0.975694       0.987284        1.01146       0.953293           1.05
        26.3634   -0.000207523   -0.000215044   -0.000253049   -0.000251049        7.02408        7.02473        7.20264        7.01634        1.04012           1.01        1.02998        1.00997        1.01401       0.981579       0.964818       0.953253       0.975684       0.987282        1.01146       0.953253           1.05
        26.3834   -0.000208005   -0.000215597   -0.000251621   -0.000249833        7.02474        7.02512        7.20177        7.01554        1.04013           1.01        1.02998        1.00997        1.01401       0.981567       0.964796       0.953216       0.975675       0.987279        1.01146       0.953216           1.05
        26.4034   -0.000208601   -0.000216216   -0.000250041   -0.000248475        7.02537        7.02548        7.20095        7.01478        1.04013           1.01        1.02998        1.00997        1.01401       0.981555       0.964777       0.953181       0.975667       0.987277        1.01146       0.953181           1.05
        26.4234   -0.000209305   -0.000216896   -0.000248317   -0.000246985        7.02599        7.02583        7.20019        7.01407        1.04013        1.01001        1.02998        1.00997          1.014       0.981546       0.964759       0.953149       0.975659       0.987275        1.01146       0.953149           1.05
        26.4434   -0.000210113   -0.000217633   -0.000246462   -0.000245372        7.02657        7.02615        7.19948        7.01341        1.04014        1.01001        1.02998        1.00997          1.014       0.981537       0.964743        0.95312       0.975653       0.987274        1.01147        0.95312           1.05
        26.4634   -0.000211021   -0.000218423   -0.000244486   -0.000243646        7.02713        7.02644        7.19883        7.01281        1.04014        1.01002        1.02998        1.00997          1.014        0.98153       0.964729       0.953093       0.975646       0.987272        1.01147       0.953093           1.05
        26.4834   -0.000212021    -0.00021926   -0.000242401   -0.000241817        7.02765         7.0267        7.19826        7.01225        1.04014        1.01002        1.02998        1.00997          1.014       0.981525       0.964717       0.953069       0.975641       0.987271        1.01147       0.953069           1.05
        26.5035   -0.000213109   -0.000220139   -0.000240221   -0.000239897        7.02814        7.02694        7.19775        7.01177        1.04015        1.01003        1.02998        1.00997          1.014       0.981521       0.964707       0.953049       0.975637       0.987271        1.01147       0.953049           1.05
        26.5235   -0.000214276   -0.000221056   -0.000237959   -0.000237897        7.02859        7.02715        7.19732        7.01135        1.04015        1.01004        1.02998        1.00997          1.014       0.981518         0.9647       0.953032       0.975633       0.987271        1.01147       0.953032           1.05
        26.5435   -0.000215515   -0.000222003    -0.00023563    -0.00023583        7.02899        7.02732        7.19696          7.011        1.04016        1.01004        1.02998        1.00997          1.014       0.981518       0.964695       0.953018       0.975631       0.987271        1.01147       0.953018           1.05
        26.5635   -0.000216819   -0.000222976   -0.000233248   -0.000233708        7.02936        7.02746        7.19669        7.01071        1.04016        1.01005        1.02998        1.00997          1.014       0.981519       0.964692       0.953008       0.975629       0.987271        1.01147       0.953008           1.05
        26.5835    -0.00021818   -0.000223969   -0.000230829   -0.000231545        7.02967        7.02756        7.19649        7.01049        1.04017        1.01006        1.02998        1.00997        1.01401       0.981521       0.964692       0.953002       0.975628       0.987272        1.01147       0.953002           1.05
        26.6035   -0.000219588   -0.000224974   -0.000228387   -0.000229354        7.02994        7.02764        7.19637        7.01035        1.04017        1.01007        1.02998        1.00998        1.01401       0.981525       0.964694       0.952999       0.975628       0.987273        1.01147       0.952999           1.05
        26.6235   -0.000221036   -0.000225988   -0.000225936   -0.000227148        7.03016        7.02768        7.19634        7.01028        1.04018        1.01008        1.02998        1.00998        1.01402        0.98153       0.964698          0.953        0.97563       0.987274        1.01147          0.953           1.05
        26.6435   -0.000222514   -0.000227002   -0.000223493   -0.000224942        7.03033        7.02768        7.19638        7.01028        1.04018        1.01009        1.02998        1.00998        1.01402       0.981537       0.964705       0.953004       0.975631       0.987276        1.01147       0.953004           1.05
        26.6635   -0.000224013   -0.000228011   -0.000221073   -0.000222749        7.03044        7.02764        7.19651        7.01035        1.04019        1.01009        1.02998        1.00998        1.01403       0.981545       0.964714       0.953012       0.975635       0.987278        1.01147       0.953012           1.05
        26.6835   -0.000225523    -0.00022901   -0.000218691   -0.000220583         7.0305        7.02758        7.19672         7.0105        1.04019         1.0101        1.02998        1.00998        1.01403       0.981555       0.964725       0.953023       0.975638        0.98728        1.01147       0.953023           1.05
        26.7035   -0.000227037    -0.00022999   -0.000216363   -0.000218456        7.03052        7.02747          7.197        7.01071         1.0402        1.01011        1.02998        1.00998        1.01404       0.981566       0.964738       0.953038       0.975643       0.987282        1.01147       0.953038           1.05
        26.7235   -0.000228543   -0.000230946   -0.000214101   -0.000216383        7.03047        7.02734        7.19736          7.011         1.0402        1.01012        1.02998        1.00999        1.01405       0.981579       0.964753       0.953057       0.975649       0.987285        1.01147       0.953057           1.05
        26.7435   -0.000230034   -0.000231872    -0.00021192   -0.000214376        7.03038        7.02717         7.1978        7.01136        1.04021        1.01013        1.02998        1.00999        1.01406       0.981592        0.96477       0.953078       0.975655       0.987288        1.01147       0.953078           1.05
        26.7636   -0.000231499   -0.000232763   -0.000209833   -0.000212446        7.03023        7.02697        7.19831        7.01178        1.04021        1.01014        1.02998        1.00999        1.01407       0.981607       0.964789       0.953103       0.975662       0.987291        1.01147       0.953103           1.05
        26.7836   -0.000232931   -0.000233612   -0.000207853   -0.000210605        7.03003        7.02673        7.19889        7.01226        1.04021        1.01015        1.02998        1.00999        1.01408       0.981622        0.96481        0.95313        0.97567       0.987295        1.01147        0.95313           1.05
        26.8036   -0.000234319   -0.000234415   -0.000205992   -0.000208865        7.02979        7.02647        7.19952         7.0128        1.04022        1.01016        1.02998           1.01        1.01408       0.981638       0.964832       0.953161       0.975679       0.987298        1.01147       0.953161           1.05
        26.8236   -0.000235657   -0.000235168    -0.00020426   -0.000207236        7.02949        7.02619        7.20023         7.0134        1.04022        1.01016        1.02998           1.01        1.01409       0.981656       0.964855       0.953193       0.975688       0.987302        1.01147       0.953193           1.05
        26.8436   -0.000236935   -0.000235865    -0.00020267   -0.000205727        7.02915        7.02587        7.20099        7.01405        1.04022        1.01017        1.02998           1.01         1.0141       0.981674        0.96488       0.953229       0.975697       0.987306        1.01148       0.953229           1.05
        26.8636   -0.000238145   -0.000236503   -0.000201228   -0.000204347        7.02877        7.02553        7.20179        7.01475        1.04023        1.01018        1.02998           1.01        1.01411       0.981692       0.964906       0.953266       0.975707        0.98731        1.01148       0.953266           1.05
        26.8836    -0.00023928   -0.000237077   -0.000199945   -0.000203106        7.02835        7.02518        7.20265         7.0155        1.04023        1.01019        1.02998           1.01        1.01412       0.981711       0.964933       0.953305       0.975718       0.987314        1.01148       0.953305           1.05
        26.9036   -0.000240333   -0.000237585   -0.000198827   -0.000202009        7.02788         7.0248        7.20354        7.01628        1.04023        1.01019        1.02998        1.01001        1.01413        0.98173       0.964961       0.953346       0.975729       0.987318        1.01148       0.953346           1.05
        26.9236   -0.000241297   -0.000238024    -0.00019788   -0.000201065        7.02738         7.0244        7.20446        7.01711        1.04023         1.0102        1.02998        1.01001        1.01415        0.98175       0.964989       0.953388        0.97574       0.987322        1.01148       0.953388           1.05
        26.9436   -0.000242168    -0.00023839   -0.000197111   -0.000200278        7.02685          7.024        7.20542        7.01795        1.04024         1.0102        1.02998        1.01001        1.01416       0.981769       0.965018       0.953431       0.975751       0.987326        1.01148       0.953431           1.05
        26.9636    -0.00024294   -0.000238682   -0.000196525   -0.000199653        7.02628        7.02357         7.2064        7.01882        1.04024        1.01021        1.02998        1.01001        1.01416       0.981789       0.965047       0.953475       0.975763        0.98733        1.01148       0.953475           1.05
        26.9836   -0.000243607   -0.000238898   -0.000196123   -0.000199194         7.0257        7.02314         7.2074        7.01972        1.04024        1.01021        1.02998        1.01001        1.01417       0.981808       0.965076        0.95352       0.975774       0.987334        1.01148        0.95352           1.05
        27.0037   -0.000244168   -0.000239036   -0.000195909   -0.000198904        7.02509         7.0227         7.2084        7.02063        1.04024        1.01021        1.02998        1.01001        1.01418       0.981828       0.965105       0.953565       0.975786       0.987338        1.01148       0.953565           1.05
        27.0237   -0.000244617   -0.000239097   -0.000195883   -0.000198784        7.02446        7.02226        7.20941        7.02154        1.04024        1.01022        1.02998        1.01001        1.01419       0.981846       0.965134        0.95361       0.975798       0.987341        1.01148        0.95361           1.05
        27.0437   -0.000244954   -0.000239079   -0.000196043   -0.000198834        7.02381        7.02182        7.21042        7.02246        1.04024        1.01022        1.02999        1.01002         1.0142       0.981865       0.965162       0.953655       0.975809       0.987345        1.01148       0.953655           1.05
        27.0637   -0.000245175   -0.000238984    -0.00019639   -0.000199054        7.02317        7.02137        7.21142        7.02337        1.04024        1.01022        1.02999        1.01002        1.01421       0.981882        0.96519       0.953699        0.97582       0.987348        1.01148       0.953699           1.05
        27.0837   -0.000245281   -0.000238811   -0.000196921   -0.000199441        7.02251        7.02094        7.21241        7.02428        1.04024        1.01022        1.02999        1.01002        1.01422       0.981899       0.965216       0.953743       0.975831       0.987352        1.01148       0.953743           1.05
        27.1037   -0.000245271   -0.000238562   -0.000197633   -0.000199995        7.02185         7.0205        7.21337        7.02516        1.04024        1.01022        1.02999        1.01002        1.01422       0.981915       0.965242       0.953785       0.975841       0.987355        1.01148       0.953785           1.05
        27.1237   -0.000245145   -0.000238238    -0.00019852   -0.000200711        7.02119        7.02007        7.21432        7.02603        1.04023        1.01022        1.02999        1.01002        1.01423        0.98193       0.965267       0.953826       0.975852       0.987358        1.01148       0.953826           1.05
        27.1437   -0.000244904   -0.000237841   -0.000199576   -0.000201584        7.02054        7.01967        7.21522        7.02688        1.04023        1.01022        1.02999        1.01002        1.01424       0.981945        0.96529       0.953865       0.975861       0.987361        1.01148       0.953865           1.05
        27.1637   -0.000244549   -0.000237375   -0.000200795   -0.000202609         7.0199        7.01927         7.2161        7.02769        1.04023        1.01022        1.02999        1.01002        1.01424       0.981958       0.965312       0.953903        0.97587       0.987363        1.01148       0.953903           1.05
        27.1837   -0.000244084   -0.000236841    -0.00020217   -0.000203779        7.01927        7.01889        7.21693        7.02847        1.04023        1.01021        1.02999        1.01002        1.01425        0.98197       0.965333       0.953938       0.975879       0.987365        1.01148       0.953938           1.05
        27.2037    -0.00024351   -0.000236243    -0.00020369   -0.000205087        7.01865        7.01853        7.21771        7.02921        1.04022        1.01021        1.02999        1.01002        1.01425        0.98198       0.965352       0.953972       0.975887       0.987367        1.01148       0.953972           1.05
        27.2237   -0.000242832   -0.000235585   -0.000205346   -0.000206523        7.01806        7.01819        7.21844        7.02989        1.04022        1.01021        1.02999        1.01002        1.01425        0.98199       0.965369       0.954003       0.975894       0.987369        1.01148       0.954003           1.05
        27.2437   -0.000242053    -0.00023487   -0.000207129   -0.000208079         7.0175        7.01788        7.21912        7.03053        1.04022         1.0102        1.02999        1.01002        1.01425       0.981998       0.965384       0.954031       0.975901        0.98737        1.01148       0.954031           1.05
        27.2638    -0.00024118   -0.000234103   -0.000209026   -0.000209745        7.01697        7.01759        7.21974        7.03113        1.04021         1.0102        1.02999        1.01002        1.01426       0.982004       0.965398       0.954056       0.975906       0.987372        1.01147       0.954056           1.05
        27.2838   -0.000240216   -0.000233289   -0.000211028   -0.000211511        7.01646        7.01732        7.22029        7.03166        1.04021        1.01019        1.02999        1.01002        1.01426        0.98201       0.965409       0.954079       0.975911       0.987373        1.01147       0.954079           1.05
        27.3038    -0.00023917   -0.000232433    -0.00021312   -0.000213367        7.01599        7.01709        7.22077        7.03214        1.04021        1.01019        1.02999        1.01002        1.01426       0.982013       0.965418       0.954098       0.975915       0.987373        1.01147       0.954098           1.05
        27.3238   -0.000238046   -0.000231541    -0.00021529     -0.0002153        7.01556        7.01689        7.22118        7.03255         1.0402        1.01018        1.02999        1.01002        1.01426       0.982016       0.965425       0.954114       0.975919       0.987373        1.01147       0.954114           1.05
        27.3438   -0.000236852   -0.000230619   -0.000217524   -0.000217299        7.01517        7.01672        7.22152        7.03289         1.0402        1.01017        1.02999        1.01002        1.01425       0.982016        0.96543       0.954127       0.975921       0.987373        1.01147       0.954127           1.05
        27.3638   -0.000235596   -0.000229672    -0.00021981   -0.000219351        7.01482        7.01659        7.22179        7.03317        1.04019        1.01016        1.02999        1.01001        1.01425       0.982016       0.965432       0.954137       0.975923       0.987373        1.01147       0.954137           1.05
        27.3838   -0.000234285   -0.000228706   -0.000222131   -0.000221442        7.01451        7.01648        7.22198        7.03338        1.04019        1.01016        1.02999        1.01001        1.01425       0.982013       0.965433       0.954143       0.975924       0.987372        1.01147       0.954143           1.05
        27.4038   -0.000232928   -0.000227728   -0.000224475    -0.00022356        7.01425        7.01642         7.2221        7.03351        1.04018        1.01015        1.02999        1.01001        1.01424        0.98201       0.965431       0.954146       0.975923       0.987371        1.01147       0.954146           1.05
        27.4238   -0.000231533   -0.000226743   -0.000226827   -0.000225692        7.01404        7.01639        7.22213        7.03358        1.04018        1.01014        1.02999        1.01001        1.01424       0.982004       0.965427       0.954145       0.975922        0.98737        1.01147       0.954145           1.05
        27.4438   -0.000230109   -0.000225758   -0.000229171   -0.000227823        7.01388        7.01639        7.22208        7.03357        1.04017        1.01013        1.02999        1.01001        1.01424       0.981998        0.96542       0.954141        0.97592       0.987369        1.01147       0.954141           1.05
        27.4638   -0.000228664   -0.000224778   -0.000231494   -0.000229941        7.01377        7.01642        7.22197         7.0335        1.04017        1.01012        1.02999        1.01001        1.01423        0.98199       0.965412       0.954133       0.975917       0.987367        1.01147       0.954133           1.05
        27.4838   -0.000227207    -0.00022381    -0.00023378   -0.000232032        7.01371         7.0165        7.22177        7.03335        1.04017        1.01012        1.02999           1.01        1.01422        0.98198       0.965401       0.954122       0.975914       0.987364        1.01147       0.954122           1.05
        27.5039   -0.000225748    -0.00022286   -0.000236015   -0.000234084        7.01369         7.0166        7.22149        7.03314        1.04016        1.01011        1.02999           1.01        1.01422        0.98197       0.965388       0.954108       0.975909       0.987362        1.01147       0.954108           1.05
        27.5239   -0.000224295   -0.000221935   -0.000238187   -0.000236083        7.01373        7.01674        7.22115        7.03285        1.04016         1.0101        1.02999           1.01        1.01421       0.981958       0.965374        0.95409       0.975904        0.98736        1.01147        0.95409           1.05
        27.5439   -0.000222857   -0.000221039   -0.000240282   -0.000238018        7.01383        7.01691        7.22074        7.03251        1.04015        1.01009        1.02999           1.01         1.0142       0.981945       0.965358        0.95407       0.975898       0.987357        1.01147        0.95407           1.05
        27.5639   -0.000221443    -0.00022018   -0.000242288   -0.000239877        7.01397        7.01711        7.22026         7.0321        1.04015        1.01008        1.02999           1.01        1.01419       0.981931        0.96534       0.954046       0.975891       0.987354        1.01147       0.954046           1.05
        27.5839   -0.000220063    -0.00021936   -0.000244193   -0.000241649        7.01416        7.01734        7.21971        7.03162        1.04014        1.01007        1.02999           1.01        1.01418       0.981916        0.96532        0.95402       0.975884       0.987351        1.01147        0.95402           1.05
        27.6039   -0.000218723   -0.000218587   -0.000245984   -0.000243323        7.01439         7.0176         7.2191        7.03109        1.04014        1.01007        1.02999        1.00999        1.01417         0.9819       0.965299       0.953991       0.975876       0.987348        1.01147       0.953991           1.05
        27.6239   -0.000217433   -0.000217864   -0.000247652   -0.000244888        7.01468        7.01788        7.21843         7.0305        1.04014        1.01006        1.02999        1.00999        1.01416       0.981884       0.965276        0.95396       0.975867       0.987344        1.01147        0.95396           1.05
        27.6439   -0.000216202   -0.000217195   -0.000249187   -0.000246335        7.01501        7.01819        7.21771        7.02987        1.04013        1.01005        1.02999        1.00999        1.01415       0.981867       0.965252       0.953926       0.975858        0.98734        1.01147       0.953926           1.05
        27.6639   -0.000215036   -0.000216584   -0.000250578   -0.000247656        7.01538        7.01852        7.21694        7.02918        1.04013        1.01004        1.02999        1.00999        1.01415       0.981849       0.965227        0.95389       0.975848       0.987337        1.01147        0.95389           1.05
        27.6839   -0.000213942   -0.000216035   -0.000251819   -0.000248844        7.01579        7.01887        7.21612        7.02846        1.04013        1.01004        1.02999        1.00999        1.01414       0.981831       0.965201       0.953853       0.975838       0.987333        1.01147       0.953853           1.05
        27.7039   -0.000212928   -0.000215552   -0.000252901   -0.000249891        7.01624        7.01924        7.21527         7.0277        1.04013        1.01003        1.02999        1.00998        1.01413       0.981812       0.965175       0.953814       0.975828       0.987329        1.01146       0.953814           1.05
        27.7239   -0.000211999   -0.000215135   -0.000253818    -0.00025079        7.01672        7.01962        7.21438         7.0269        1.04012        1.01003        1.02999        1.00998        1.01412       0.981793       0.965148       0.953773       0.975817       0.987325        1.01146       0.953773           1.05
         27.744    -0.00021116   -0.000214789   -0.000254564   -0.000251538        7.01723        7.02002        7.21345        7.02609        1.04012        1.01002        1.02999        1.00998        1.01411       0.981775        0.96512       0.953732       0.975806       0.987321        1.01146       0.953732           1.05
         27.764   -0.000210417   -0.000214515   -0.000255135   -0.000252128        7.01777        7.02043        7.21251        7.02524        1.04012        1.01002        1.02999        1.00998         1.0141       0.981756       0.965092       0.953689       0.975795       0.987318        1.01146       0.953689           1.05
         27.784   -0.000209774   -0.000214315   -0.000255527   -0.000252558        7.01834        7.02085        7.21155        7.02438        1.04012        1.01001        1.02999        1.00998        1.01409       0.981737       0.965064       0.953646       0.975784       0.987314        1.01146       0.953646           1.05
         27.804   -0.000209235   -0.000214189   -0.000255739   -0.000252826        7.01893        7.02127        7.21058        7.02351        1.04012        1.01001        1.02999        1.00998        1.01408       0.981719       0.965036       0.953603       0.975773        0.98731        1.01146       0.953603           1.05
         27.824   -0.000208803   -0.000214138   -0.000255769   -0.000252931        7.01954        7.02169         7.2096        7.02263        1.04012        1.01001        1.02999        1.00997        1.01407         0.9817       0.965008       0.953559       0.975762       0.987306        1.01146       0.953559           1.05
         27.844    -0.00020848   -0.000214162   -0.000255617   -0.000252872        7.02016        7.02212        7.20862        7.02175        1.04012           1.01        1.02998        1.00997        1.01406       0.981683       0.964981       0.953516       0.975751       0.987303        1.01146       0.953516           1.05
         27.864   -0.000208267    -0.00021426   -0.000255286    -0.00025265        7.02079        7.02254        7.20765        7.02087        1.04012           1.01        1.02998        1.00997        1.01405       0.981666       0.964954       0.953474        0.97574       0.987299        1.01146       0.953474           1.05
         27.884   -0.000208167   -0.000214433   -0.000254776   -0.000252268        7.02142        7.02296         7.2067        7.02001        1.04012           1.01        1.02998        1.00997        1.01405        0.98165       0.964929       0.953432        0.97573       0.987296        1.01146       0.953432           1.05
         27.904   -0.000208178   -0.000214678   -0.000254091   -0.000251726        7.02205        7.02338        7.20576        7.01916        1.04012           1.01        1.02998        1.00997        1.01404       0.981634       0.964904       0.953391       0.975719       0.987293        1.01146       0.953391           1.05
         27.924   -0.000208301   -0.000214995   -0.000253236    -0.00025103        7.02269        7.02378        7.20485        7.01833        1.04012           1.01        1.02998        1.00997        1.01403       0.981619        0.96488       0.953351       0.975709        0.98729        1.01146       0.953351           1.05
         27.944   -0.000208535    -0.00021538   -0.000252217   -0.000250183        7.02332        7.02417        7.20397        7.01752        1.04013           1.01        1.02998        1.00997        1.01403       0.981606       0.964857       0.953313         0.9757       0.987287        1.01146       0.953313           1.05
         27.964   -0.000208878   -0.000215831   -0.000251039   -0.000249191        7.02394        7.02454        7.20312        7.01675        1.04013        1.01001        1.02998        1.00997        1.01402       0.981593       0.964836       0.953277       0.975691       0.987285        1.01146       0.953277           1.05
         27.984   -0.000209327   -0.000216346   -0.000249711   -0.000248061        7.02454         7.0249        7.20231          7.016        1.04013        1.01001        1.02998        1.00997        1.01402       0.981581       0.964816       0.953242       0.975683       0.987282        1.01146       0.953242           1.05
        28.0041   -0.000209881   -0.000216922   -0.000248242     -0.0002468        7.02513        7.02524        7.20155         7.0153        1.04013        1.01001        1.02998        1.00997        1.01401       0.981571       0.964797        0.95321       0.975675        0.98728        1.01147        0.95321           1.05
        28.0241   -0.000210535   -0.000217555    -0.00024664   -0.000245416        7.02569        7.02556        7.20085        7.01464        1.04014        1.01002        1.02998        1.00997        1.01401       0.981562       0.964781        0.95318       0.975668       0.987279        1.01147        0.95318           1.05
        28.0441   -0.000211286   -0.000218241   -0.000244917   -0.000243917        7.02624        7.02586        7.20019        7.01403        1.04014        1.01002        1.02998        1.00997        1.01401       0.981554       0.964766       0.953153       0.975662       0.987277        1.01147       0.953153           1.05
        28.0641   -0.000212129   -0.000218976   -0.000243082   -0.000242313        7.02676        7.02613         7.1996        7.01346        1.04014        1.01003        1.02998        1.00997        1.01401       0.981548       0.964753       0.953128       0.975656       0.987276        1.01147       0.953128           1.05
        28.0841   -0.000213057   -0.000219756   -0.000241148   -0.000240614        7.02724        7.02638        7.19906        7.01296        1.04015        1.01003        1.02998        1.00997        1.01401       0.981543       0.964742       0.953106       0.975651       0.987275        1.01147       0.953106           1.05
        28.1041   -0.000214066   -0.000220574   -0.000239125    -0.00023883        7.02769         7.0266         7.1986        7.01251        1.04015        1.01004        1.02998        1.00997        1.01401       0.981539       0.964734       0.953087       0.975647       0.987275        1.01147       0.953087           1.05
        28.1241   -0.000215149   -0.000221428   -0.000237027   -0.000236973        7.02811        7.02679         7.1982        7.01212        1.04016        1.01004        1.02998        1.00997        1.01401       0.981537       0.964727       0.953072       0.975644       0.987274        1.01147       0.953072           1.05
        28.1441     -0.0002163    -0.00022231   -0.000234866   -0.000235054        7.02848        7.02695        7.19787        7.01179        1.04016        1.01005        1.02998        1.00997        1.01401       0.981536       0.964722       0.953059       0.975641       0.987275        1.01147       0.953059           1.05
        28.1641   -0.000217509   -0.000223216   -0.000232657   -0.000233085        7.02882        7.02707        7.19761        7.01153        1.04016        1.01006        1.02998        1.00997        1.01401       0.981537        0.96472        0.95305        0.97564       0.987275        1.01147        0.95305           1.05
        28.1841   -0.000218772   -0.000224139   -0.000230412   -0.000231078        7.02911        7.02717        7.19743        7.01134        1.04017        1.01006        1.02998        1.00998        1.01402       0.981539        0.96472       0.953044       0.975639       0.987276        1.01147       0.953044           1.05
        28.2041   -0.000220078   -0.000225075   -0.000228147   -0.000229045        7.02936        7.02724        7.19733         7.0112        1.04017        1.01007        1.02998        1.00998        1.01402       0.981543       0.964722       0.953042        0.97564       0.987277        1.01147       0.953042           1.05
        28.2241   -0.000221421   -0.000226017   -0.000225874   -0.000226999        7.02956        7.02727        7.19729        7.01114        1.04018        1.01008        1.02998        1.00998        1.01402       0.981548       0.964726       0.953042       0.975641       0.987278        1.01147       0.953042           1.05
        28.2442   -0.000222792    -0.00022696   -0.000223609   -0.000224953        7.02971        7.02727        7.19734        7.01114        1.04018        1.01009        1.02998        1.00998        1.01403       0.981554       0.964732       0.953047       0.975642       0.987279        1.01147       0.953047           1.05
        28.2642   -0.000224183   -0.000227898   -0.000221366    -0.00022292        7.02982        7.02724        7.19745        7.01121        1.04019         1.0101        1.02998        1.00998        1.01403       0.981562        0.96474       0.953054       0.975645       0.987281        1.01147       0.953054           1.05
        28.2842   -0.000225584   -0.000228824   -0.000219158   -0.000220912        7.02988        7.02717        7.19765        7.01135        1.04019         1.0101        1.02998        1.00998        1.01404       0.981571        0.96475       0.953065       0.975649       0.987283        1.01147       0.953065           1.05
        28.3042   -0.000226988   -0.000229734   -0.000216999   -0.000218942        7.02989        7.02708        7.19791        7.01156        1.04019        1.01011        1.02998        1.00999        1.01405       0.981582       0.964763       0.953079       0.975653       0.987285        1.01147       0.953079           1.05
        28.3242   -0.000228385   -0.000230621   -0.000214902   -0.000217021        7.02985        7.02695        7.19825        7.01182         1.0402        1.01012        1.02998        1.00999        1.01406       0.981593       0.964777       0.953096       0.975658       0.987288        1.01147       0.953096           1.05
        28.3442   -0.000229768   -0.000231479    -0.00021288   -0.000215162        7.02976        7.02678        7.19865        7.01215         1.0402        1.01013        1.02998        1.00999        1.01406       0.981605       0.964792       0.953116       0.975664       0.987291        1.01147       0.953116           1.05
        28.3642   -0.000231127   -0.000232304   -0.000210946   -0.000213374        7.02962         7.0266        7.19913        7.01254        1.04021        1.01014        1.02998        1.00999        1.01407       0.981619        0.96481       0.953138       0.975671       0.987293        1.01147       0.953138           1.05
        28.3842   -0.000232454   -0.000233091   -0.000209112    -0.00021167        7.02944        7.02638        7.19967        7.01299        1.04021        1.01014        1.02998        1.00999        1.01408       0.981633       0.964829       0.953164       0.975678       0.987297        1.01147       0.953164           1.05
        28.4042   -0.000233742   -0.000233835   -0.000207388   -0.000210059        7.02921        7.02614        7.20027        7.01349        1.04021        1.01015        1.02998           1.01        1.01409       0.981649        0.96485       0.953192       0.975686         0.9873        1.01147       0.953192           1.05
        28.4242   -0.000234982   -0.000234531   -0.000205786    -0.00020855        7.02894        7.02587        7.20092        7.01405        1.04022        1.01016        1.02998           1.01         1.0141       0.981665       0.964872       0.953223       0.975695       0.987303        1.01147       0.953223           1.05
        28.4442   -0.000236166   -0.000235176   -0.000204314   -0.000207154        7.02862        7.02557        7.20162        7.01466        1.04022        1.01017        1.02998           1.01        1.01411       0.981681       0.964895       0.953255       0.975704       0.987307        1.01147       0.953255           1.05
        28.4642   -0.000237287   -0.000235766   -0.000202981   -0.000205878        7.02826        7.02526        7.20238        7.01531        1.04022        1.01017        1.02998           1.01        1.01412       0.981699       0.964919        0.95329       0.975713       0.987311        1.01148        0.95329           1.05
        28.4843   -0.000238338   -0.000236297   -0.000201795    -0.00020473        7.02787        7.02493        7.20317          7.016        1.04023        1.01018        1.02998           1.01        1.01413       0.981716       0.964944       0.953327       0.975723       0.987314        1.01148       0.953327           1.05
        28.5043   -0.000239314   -0.000236765   -0.000200763   -0.000203716        7.02744        7.02458          7.204        7.01673        1.04023        1.01019        1.02998           1.01        1.01413       0.981734        0.96497       0.953364       0.975733       0.987318        1.01148       0.953364           1.05
        28.5243   -0.000240207   -0.000237169    -0.00019989   -0.000202843        7.02698        7.02421        7.20486        7.01749        1.04023        1.01019        1.02998        1.01001        1.01414       0.981752       0.964996       0.953404       0.975743       0.987322        1.01148       0.953404           1.05
        28.5443   -0.000241014   -0.000237506   -0.000199183   -0.000202117        7.02648        7.02382        7.20575        7.01828        1.04023         1.0102        1.02998        1.01001        1.01415        0.98177       0.965023       0.953444       0.975754       0.987326        1.01148       0.953444           1.05
        28.5643   -0.000241729   -0.000237773   -0.000198645   -0.000201541        7.02596        7.02343        7.20666        7.01909        1.04023         1.0102        1.02998        1.01001        1.01416       0.981788       0.965049       0.953485       0.975765       0.987329        1.01148       0.953485           1.05
        28.5843   -0.000242348   -0.000237969   -0.000198278   -0.000201119        7.02542        7.02303        7.20758        7.01992        1.04023         1.0102        1.02998        1.01001        1.01417       0.981806       0.965076       0.953526       0.975775       0.987333        1.01148       0.953526           1.05
        28.6043   -0.000242868   -0.000238093   -0.000198086   -0.000200853        7.02485        7.02262        7.20852        7.02076        1.04023        1.01021        1.02998        1.01001        1.01418       0.981824       0.965103       0.953568       0.975786       0.987337        1.01148       0.953568           1.05
        28.6243   -0.000243284   -0.000238146   -0.000198067   -0.000200746        7.02427        7.02222        7.20945        7.02161        1.04023        1.01021        1.02998        1.01001        1.01419       0.981842        0.96513        0.95361       0.975797        0.98734        1.01148        0.95361           1.05
        28.6443   -0.000243595   -0.000238126   -0.000198222   -0.000200796        7.02367        7.02181        7.21039        7.02246        1.04023        1.01021        1.02999        1.01001         1.0142       0.981858       0.965156       0.953651       0.975807       0.987343        1.01148       0.953651           1.05
        28.6643   -0.000243799   -0.000238034   -0.000198549   -0.000201003        7.02306        7.02139        7.21132        7.02331        1.04023        1.01021        1.02999        1.01002         1.0142       0.981875       0.965182       0.953692       0.975817       0.987347        1.01148       0.953692           1.05
        28.6843   -0.000243895    -0.00023787   -0.000199047   -0.000201366        7.02245        7.02099        7.21223        7.02414        1.04023        1.01021        1.02999        1.01002        1.01421        0.98189       0.965207       0.953732       0.975827        0.98735        1.01148       0.953732           1.05
        28.7043   -0.000243883   -0.000237636   -0.000199712   -0.000201883        7.02183        7.02059        7.21313        7.02497        1.04023        1.01021        1.02999        1.01002        1.01422       0.981905        0.96523       0.953772       0.975837       0.987353        1.01148       0.953772           1.05
        28.7243   -0.000243763   -0.000237334   -0.000200539    -0.00020255        7.02123         7.0202        7.21399        7.02578        1.04023        1.01021        1.02999        1.01002        1.01422       0.981919       0.965253        0.95381       0.975847       0.987355        1.01148        0.95381           1.05
        28.7444   -0.000243536   -0.000236964   -0.000201524   -0.000203363        7.02062        7.01982        7.21484        7.02656        1.04023        1.01021        1.02999        1.01002        1.01423       0.981933       0.965275       0.953846       0.975856       0.987358        1.01148       0.953846           1.05
        28.7644   -0.000243204   -0.000236531   -0.000202659   -0.000204317        7.02002        7.01946        7.21565        7.02732        1.04023        1.01021        1.02999        1.01002        1.01423       0.981945       0.965296       0.953881       0.975864        0.98736        1.01148       0.953881           1.05
        28.7844   -0.000242769   -0.000236035   -0.000203938   -0.000205406        7.01944         7.0191        7.21641        7.02804        1.04022        1.01021        1.02999        1.01002        1.01424       0.981956       0.965315       0.953914       0.975872       0.987362        1.01148       0.953914           1.05
        28.8044   -0.000242235    -0.00023548   -0.000205352   -0.000206623        7.01887        7.01877        7.21714        7.02872        1.04022         1.0102        1.02999        1.01002        1.01424       0.981966       0.965332       0.953945       0.975879       0.987364        1.01148       0.953945           1.05
        28.8244   -0.000241602   -0.000234869   -0.000206891    -0.00020796        7.01832        7.01846        7.21781        7.02936        1.04022         1.0102        1.02999        1.01002        1.01424       0.981975       0.965348       0.953973       0.975886       0.987366        1.01148       0.953973           1.05
        28.8444   -0.000240877   -0.000234206   -0.000208547   -0.000209408         7.0178        7.01817        7.21843        7.02996        1.04021         1.0102        1.02999        1.01002        1.01425       0.981982       0.965362          0.954       0.975892       0.987367        1.01147          0.954           1.05
        28.8644   -0.000240064   -0.000233495   -0.000210308   -0.000210959         7.0173         7.0179          7.219        7.03051        1.04021        1.01019        1.02999        1.01002        1.01425       0.981988       0.965374       0.954023       0.975897       0.987368        1.01147       0.954023           1.05
        28.8844   -0.000239166   -0.000232741   -0.000212164   -0.000212602        7.01684        7.01766        7.21951        7.03101        1.04021        1.01019        1.02999        1.01002        1.01425       0.981993       0.965385       0.954044       0.975902       0.987369        1.01147       0.954044           1.05
        28.9044   -0.000238192   -0.000231948   -0.000214105   -0.000214329         7.0164        7.01745        7.21996        7.03145         1.0402        1.01018        1.02999        1.01002        1.01425       0.981996       0.965393       0.954062       0.975906        0.98737        1.01147       0.954062           1.05
        28.9244   -0.000237147   -0.000231122   -0.000216119   -0.000216128          7.016        7.01726        7.22034        7.03183         1.0402        1.01017        1.02999        1.01002        1.01425       0.981998         0.9654       0.954077       0.975909        0.98737        1.01147       0.954077           1.05
        28.9444   -0.000236036   -0.000230267   -0.000218192   -0.000217987        7.01564        7.01711        7.22065        7.03215         1.0402        1.01017        1.02999        1.01001        1.01425       0.981999       0.965404       0.954089       0.975911        0.98737        1.01147       0.954089           1.05
        28.9644   -0.000234868    -0.00022939   -0.000220312   -0.000219896        7.01531        7.01698         7.2209         7.0324        1.04019        1.01016        1.02999        1.01001        1.01424       0.981998       0.965406       0.954098       0.975913        0.98737        1.01147       0.954098           1.05
        28.9845   -0.000233649   -0.000228495   -0.000222466    -0.00022184        7.01503        7.01689        7.22108        7.03259        1.04019        1.01015        1.02999        1.01001        1.01424       0.981996       0.965407       0.954103       0.975913       0.987369        1.01147       0.954103           1.05
        29.0045   -0.000232388   -0.000227588    -0.00022464   -0.000223809        7.01479        7.01683        7.22118        7.03271        1.04018        1.01015        1.02999        1.01001        1.01424       0.981992       0.965405       0.954106       0.975913       0.987368        1.01147       0.954106           1.05
        29.0245   -0.000231091   -0.000226676   -0.000226821   -0.000225789         7.0146        7.01679        7.22121        7.03277        1.04018        1.01014        1.02999        1.01001        1.01423       0.981987       0.965401       0.954105       0.975912       0.987367        1.01147       0.954105           1.05
        29.0445   -0.000229768   -0.000225762   -0.000228995   -0.000227768        7.01445         7.0168        7.22117        7.03275        1.04017        1.01013        1.02999        1.01001        1.01423       0.981981       0.965395       0.954101        0.97591       0.987365        1.01147       0.954101           1.05
        29.0645   -0.000228426   -0.000224853   -0.000231148   -0.000229732        7.01435        7.01683        7.22106        7.03268        1.04017        1.01012        1.02999        1.01001        1.01422       0.981974       0.965387       0.954093       0.975907       0.987363        1.01147       0.954093           1.05
        29.0845   -0.000227073   -0.000223956   -0.000233268   -0.000231672        7.01429         7.0169        7.22088        7.03254        1.04017        1.01012        1.02999           1.01        1.01422       0.981965       0.965377       0.954083       0.975904       0.987361        1.01147       0.954083           1.05
        29.1045   -0.000225718   -0.000223076    -0.00023534   -0.000233573        7.01429        7.01699        7.22062        7.03234        1.04016        1.01011        1.02999           1.01        1.01421       0.981955       0.965365        0.95407         0.9759       0.987359        1.01147        0.95407           1.05
        29.1245    -0.00022437   -0.000222218   -0.000237354   -0.000235426        7.01433        7.01712         7.2203        7.03207        1.04016         1.0101        1.02999           1.01         1.0142       0.981944       0.965352       0.954053       0.975895       0.987357        1.01147       0.954053           1.05
        29.1445   -0.000223037   -0.000221388   -0.000239297   -0.000237218        7.01441        7.01728        7.21992        7.03174        1.04015        1.01009        1.02999           1.01        1.01419       0.981932       0.965336       0.954034       0.975889       0.987354        1.01147       0.954034           1.05
        29.1645   -0.000221725   -0.000220592   -0.000241157   -0.000238938        7.01455        7.01746        7.21947        7.03135        1.04015        1.01008        1.02999           1.01        1.01419       0.981919        0.96532       0.954012       0.975883       0.987352        1.01147       0.954012           1.05
        29.1845   -0.000220445   -0.000219833   -0.000242922   -0.000240578        7.01472        7.01768        7.21896        7.03091        1.04015        1.01008        1.02999           1.01        1.01418       0.981905       0.965301       0.953988       0.975876       0.987349        1.01147       0.953988           1.05
        29.2045   -0.000219204   -0.000219116   -0.000244584   -0.000242125        7.01495        7.01791         7.2184        7.03042        1.04014        1.01007        1.02999        1.00999        1.01417       0.981891       0.965281       0.953961       0.975869       0.987346        1.01147       0.953961           1.05
        29.2246    -0.00021801   -0.000218445    -0.00024613   -0.000243572        7.01522        7.01818        7.21778        7.02987        1.04014        1.01006        1.02999        1.00999        1.01416       0.981875       0.965261       0.953932       0.975861       0.987342        1.01147       0.953932           1.05
        29.2446    -0.00021687   -0.000217825   -0.000247552   -0.000244911        7.01552        7.01846        7.21711        7.02929        1.04014        1.01006        1.02999        1.00999        1.01415       0.981859       0.965238       0.953901       0.975852       0.987339        1.01147       0.953901           1.05
        29.2646   -0.000215791   -0.000217259   -0.000248841   -0.000246132        7.01587        7.01877        7.21639        7.02865        1.04013        1.01005        1.02999        1.00999        1.01414       0.981843       0.965215       0.953867       0.975843       0.987336        1.01147       0.953867           1.05
        29.2846   -0.000214779   -0.000216751   -0.000249989   -0.000247229        7.01625         7.0191        7.21563        7.02798        1.04013        1.01004        1.02999        1.00999        1.01413       0.981826       0.965191       0.953833       0.975834       0.987332        1.01147       0.953833           1.05
        29.3046   -0.000213842   -0.000216303   -0.000250991   -0.000248196        7.01667        7.01944        7.21484        7.02727        1.04013        1.01004        1.02999        1.00998        1.01413       0.981809       0.965167       0.953796       0.975824       0.987329        1.01147       0.953796           1.05
        29.3246   -0.000212983   -0.000215918   -0.000251839   -0.000249026        7.01712         7.0198        7.21401        7.02654        1.04013        1.01003        1.02999        1.00998        1.01412       0.981791       0.965141       0.953759       0.975814       0.987325        1.01147       0.953759           1.05
        29.3446   -0.000212209   -0.000215599   -0.000252529   -0.000249714         7.0176        7.02017        7.21315        7.02577        1.04013        1.01003        1.02999        1.00998        1.01411       0.981774       0.965116        0.95372       0.975804       0.987321        1.01146        0.95372           1.05
        29.3646   -0.000211524   -0.000215346   -0.000253055   -0.000250257         7.0181        7.02054        7.21227        7.02499        1.04013        1.01002        1.02999        1.00998         1.0141       0.981757        0.96509       0.953681       0.975794       0.987318        1.01146       0.953681           1.05
        29.3846   -0.000210931   -0.000215161   -0.000253416   -0.000250652        7.01863        7.02093        7.21138        7.02419        1.04013        1.01002        1.02999        1.00998        1.01409       0.981739       0.965064       0.953641       0.975784       0.987314        1.01146       0.953641           1.05
        29.4046   -0.000210435   -0.000215045   -0.000253609   -0.000250896        7.01917        7.02132        7.21048        7.02338        1.04012        1.01002        1.02999        1.00998        1.01408       0.981722       0.965038         0.9536       0.975773       0.987311        1.01146         0.9536           1.05
        29.4246   -0.000210039   -0.000214998   -0.000253633   -0.000250988        7.01974        7.02171        7.20957        7.02257        1.04012        1.01001        1.02999        1.00998        1.01407       0.981705       0.965012        0.95356       0.975763       0.987307        1.01146        0.95356           1.05
        29.4446   -0.000209743   -0.000215021   -0.000253488   -0.000250929        7.02031        7.02211        7.20866        7.02176        1.04012        1.01001        1.02998        1.00997        1.01407       0.981689       0.964987        0.95352       0.975753       0.987304        1.01146        0.95352           1.05
        29.4646   -0.000209551   -0.000215113   -0.000253177   -0.000250721        7.02089         7.0225        7.20776        7.02095        1.04013        1.01001        1.02998        1.00997        1.01406       0.981673       0.964962       0.953481       0.975743       0.987301        1.01146       0.953481           1.05
        29.4847   -0.000209462   -0.000215273   -0.000252699   -0.000250363        7.02148        7.02289        7.20687        7.02014        1.04013        1.01001        1.02998        1.00997        1.01405       0.981658       0.964938       0.953442       0.975733       0.987298        1.01146       0.953442           1.05
        29.5047   -0.000209477   -0.000215501    -0.00025206   -0.000249858        7.02207        7.02327          7.206        7.01936        1.04013        1.01001        1.02998        1.00997        1.01405       0.981643       0.964915       0.953404       0.975723       0.987295        1.01146       0.953404           1.05
        29.5247   -0.000209595   -0.000215796   -0.000251262   -0.000249209        7.02266        7.02365        7.20516        7.01859        1.04013        1.01001        1.02998        1.00997        1.01404        0.98163       0.964893       0.953367       0.975714       0.987292        1.01146       0.953367           1.05
        29.5447   -0.000209816   -0.000216153   -0.000250312   -0.000248421        7.02324        7.02401        7.20434        7.01784        1.04013        1.01001        1.02998        1.00997        1.01403       0.981617       0.964872       0.953332       0.975706        0.98729        1.01146       0.953332           1.05
        29.5647   -0.000210138   -0.000216572   -0.000249216   -0.000247499        7.02381        7.02436        7.20356        7.01712        1.04013        1.01001        1.02998        1.00997        1.01403       0.981605       0.964852       0.953298       0.975697       0.987287        1.01146       0.953298           1.05
        29.5847   -0.000210558   -0.000217049    -0.00024798   -0.000246449        7.02437        7.02469         7.2028        7.01644        1.04013        1.01002        1.02998        1.00997        1.01403       0.981595       0.964833       0.953266        0.97569       0.987285        1.01147       0.953266           1.05
        29.6047   -0.000211075   -0.000217584   -0.000246612   -0.000245277        7.02492        7.02501         7.2021        7.01579        1.04014        1.01002        1.02998        1.00997        1.01402       0.981585       0.964817       0.953236       0.975682       0.987284        1.01147       0.953236           1.05
        29.6247   -0.000211686   -0.000218171   -0.000245123   -0.000243991        7.02544         7.0253        7.20145        7.01517        1.04014        1.01002        1.02998        1.00997        1.01402       0.981577       0.964801       0.953209       0.975676       0.987282        1.01147       0.953209           1.05
        29.6447   -0.000212385   -0.000218809   -0.000243521   -0.000242599        7.02595        7.02558        7.20085         7.0146        1.04014        1.01003        1.02998        1.00997        1.01402        0.98157       0.964788       0.953183        0.97567       0.987281        1.01147       0.953183           1.05
        29.6647    -0.00021317   -0.000219492   -0.000241816   -0.000241109        7.02642        7.02584        7.20029        7.01408        1.04015        1.01003        1.02998        1.00997        1.01402       0.981564       0.964776       0.953161       0.975665        0.98728        1.01147       0.953161           1.05
        29.6847   -0.000214034   -0.000220216   -0.000240019   -0.000239532        7.02687        7.02607         7.1998        7.01361        1.04015        1.01004        1.02998        1.00997        1.01402       0.981559       0.964766        0.95314        0.97566       0.987279        1.01147        0.95314           1.05
        29.7047   -0.000214973   -0.000220977   -0.000238139   -0.000237877        7.02729        7.02627        7.19937         7.0132        1.04015        1.01004        1.02998        1.00997        1.01402       0.981556       0.964758       0.953123       0.975657       0.987278        1.01147       0.953123           1.05
        29.7248    -0.00021598   -0.000221771    -0.00023619   -0.000236153        7.02767        7.02645          7.199        7.01284        1.04016        1.01005        1.02998        1.00997        1.01402       0.981554       0.964752       0.953109       0.975654       0.987278        1.01147       0.953109           1.05
        29.7448   -0.000217049   -0.000222591   -0.000234183   -0.000234371        7.02802        7.02659         7.1987        7.01253        1.04016        1.01005        1.02998        1.00997        1.01402       0.981553       0.964747       0.953097       0.975652       0.987278        1.01147       0.953097           1.05
        29.7648   -0.000218173   -0.000223433   -0.000232132   -0.000232543        7.02833        7.02672        7.19846        7.01229        1.04017        1.01006        1.02998        1.00998        1.01402       0.981554       0.964745       0.953088        0.97565       0.987278        1.01147       0.953088           1.05
        29.7848   -0.000219346   -0.000224292   -0.000230048    -0.00023068        7.02859        7.02681        7.19829        7.01211        1.04017        1.01007        1.02998        1.00998        1.01402       0.981556       0.964745       0.953083       0.975649       0.987279        1.01147       0.953083           1.05
        29.8048   -0.000220559   -0.000225163   -0.000227944   -0.000228793        7.02882        7.02687         7.1982        7.01199        1.04017        1.01007        1.02998        1.00998        1.01403        0.98156       0.964747       0.953081        0.97565        0.98728        1.01147       0.953081           1.05
        29.8248   -0.000221806   -0.000226039   -0.000225835   -0.000226895        7.02901         7.0269        7.19817        7.01193        1.04018        1.01008        1.02998        1.00998        1.01403       0.981564       0.964751       0.953082       0.975651       0.987281        1.01147       0.953082           1.05
        29.8448   -0.000223078   -0.000226917   -0.000223734   -0.000224998        7.02915         7.0269        7.19821        7.01194        1.04018        1.01009        1.02998        1.00998        1.01404        0.98157       0.964756       0.953086       0.975652       0.987282        1.01147       0.953086           1.05
        29.8648   -0.000224368   -0.000227789   -0.000221653   -0.000223112        7.02925        7.02687        7.19832          7.012        1.04019         1.0101        1.02998        1.00998        1.01404       0.981578       0.964764       0.953093       0.975655       0.987284        1.01147       0.953093           1.05
        29.8848   -0.000225668   -0.000228651   -0.000219606    -0.00022125         7.0293         7.0268        7.19851        7.01213        1.04019        1.01011        1.02998        1.00998        1.01405       0.981586       0.964774       0.953103       0.975658       0.987286        1.01147       0.953103           1.05
        29.9048   -0.000226971   -0.000229497   -0.000217605   -0.000219422        7.02931        7.02671        7.19876        7.01232        1.04019        1.01011        1.02998        1.00999        1.01405       0.981596       0.964785       0.953116       0.975662       0.987288        1.01147       0.953116           1.05
        29.9248   -0.000228267   -0.000230321   -0.000215662   -0.000217641        7.02927        7.02659        7.19907        7.01257         1.0402        1.01012        1.02998        1.00999        1.01406       0.981606       0.964798       0.953131       0.975667       0.987291        1.01147       0.953131           1.05
        29.9448   -0.000229549   -0.000231118    -0.00021379   -0.000215916        7.02919        7.02645        7.19946        7.01288         1.0402        1.01013        1.02998        1.00999        1.01407       0.981618       0.964813        0.95315       0.975673       0.987293        1.01147        0.95315           1.05
        29.9648    -0.00023081   -0.000231885   -0.000211999   -0.000214259        7.02906        7.02627         7.1999        7.01324        1.04021        1.01014        1.02998        1.00999        1.01408       0.981631       0.964829       0.953172       0.975679       0.987296        1.01147       0.953172           1.05
        29.9849   -0.000232041   -0.000232616   -0.000210301   -0.000212679        7.02889        7.02606         7.2004        7.01366        1.04021        1.01014        1.02998        1.00999        1.01408       0.981644       0.964847       0.953195       0.975686       0.987299        1.01147       0.953195           1.05
        30.0009   -0.000232999   -0.000233172   -0.000209016   -0.000211477        7.02872        7.02588        7.20083        7.01403        1.04021        1.01015        1.02998        1.00999        1.01409       0.981655       0.964862       0.953216       0.975692       0.987301        1.01147       0.953216           1.05
